Date,Event Description,Country,Country ISO,Admin 1,Latitude,Longitude,Geo Precision,Sector Affected,Provider,Launch Type,Explosive Weapon Type,Reported Perpetrator,Reported Perpetrator Name,Affected,Aid Workers Killed,Health Workers Killed,Aid Health Workers Killed,Educators Killed,Students Killed,Food Security,SiND Event ID
2025-06-29,,OPT,PSE,Gaza Strip,,,censored,Protection,IDP/Refugee Service,Air-Launched: Plane,Aerial Bomb,Host Government: Military,Israeli Defence Forces,Protection Infrastructure,,,,,,,109025
2025-06-27,,OPT,PSE,Gaza Strip,,,censored,Protection,IDP/Refugee Service,Air-Launched: Plane,Aerial Bomb,Host Government: Military,Israeli Defence Forces,Protection Infrastructure,,,,,,,108980
2025-06-27,,OPT,PSE,Gaza Strip,,,censored,Protection,IDP/Refugee Service,Air-Launched: Plane,Aerial Bomb,Host Government: Military,Israeli Defence Forces,Protection Infrastructure,,,,,,,108979
2025-06-27,,OPT,PSE,Gaza Strip,,,censored,Protection,IDP/Refugee Service,Air-Launched: Plane,Aerial Bomb,Host Government: Military,Israeli Defence Forces,Protection Infrastructure,,,,,,,109023
2025-06-27,,OPT,PSE,Gaza Strip,,,censored,Protection,IDP/Refugee Service,Air-Launched: Plane,Aerial Bomb,Host Government: Military,Israeli Defence Forces,Protection Infrastructure,,,,,,,108981
2025-06-27,,OPT,PSE,Gaza Strip,,,censored,Protection,IDP/Refugee Service,Ground-Launched,Artillery,Host Government: Military,Israeli Defence Forces,Protection Infrastructure,,,,,,,109024
2025-06-26,,OPT,PSE,Gaza Strip,,,censored,Protection,IDP/Refugee Service,Ground-Launched,Artillery,Host Government: Military,Israeli Defence Forces,Protection Infrastructure,,,,,,,108978
2025-06-26,,OPT,PSE,Gaza Strip,,,censored,"Health Care, Aid Operations, Food Security",National Red Cross Society,Air-Launched: Plane,Aerial Bomb,Host Government: Military,Israeli Defence Forces,Health Worker,,,1,,,,108863
2025-06-25,,OPT,PSE,Gaza Strip,,,censored,Protection,IDP/Refugee Service,Ground-Launched,Shelling,Host Government: Military,Israeli Defence Forces,Protection Infrastructure,,,,,,,108977
2025-06-25,,OPT,PSE,Gaza Strip,,,censored,Protection,IDP/Refugee Service,Air-Launched: Plane,Aerial Bomb,Host Government: Military,Israeli Defence Forces,Protection Infrastructure,,,,,,,109022
2025-06-25,,OPT,PSE,Gaza Strip,,,censored,Protection,IDP/Refugee Service,Air-Launched: Drone,Aerial Bomb,Host Government: Military,Israeli Defence Forces,Protection Infrastructure,,,,,,,109021
2025-06-25,,OPT,PSE,Gaza Strip,,,censored,Protection,IDP/Refugee Service,Air-Launched: Drone,Aerial Bomb,Host Government: Military,Israeli Defence Forces,Protection Infrastructure,,,,,,,109020
2025-06-25,,OPT,PSE,Gaza Strip,,,censored,Protection,IDP/Refugee Service,Air-Launched: Plane,Aerial Bomb,Host Government: Military,Israeli Defence Forces,Protection Infrastructure,,,,,,,109019
2025-06-25,,OPT,PSE,Gaza Strip,,,censored,Protection,IDP/Refugee Service,Air-Launched: Plane,Aerial Bomb,Host Government: Military,Israeli Defence Forces,Protection Infrastructure,,,,,,,109018
2025-06-24,,OPT,PSE,Gaza Strip,,,censored,Protection,IDP/Refugee Service,Ground-Launched,Shelling,Host Government: Military,Israeli Defence Forces,Protection Infrastructure,,,,,,,108976
2025-06-23,,Iran,IRN,No Information,32.6,54.5,(6) Country,"Health Care, Aid Operations",National Red Cross Society,Air-Launched: Plane,Aerial Bomb,Foreign Forces: Military,Israeli Defence Forces,Health Worker,,,,,,,108929
2025-06-23,,Iran,IRN,Tehran Province,35.7,51.4,(2) 25 km Precision ,Health Care,Local Health Care Provider,Air-Launched: Plane,Aerial Bomb,Foreign Forces: Military,Israeli Defence Forces,Health Infrastructure,,,,,,,104361
2025-06-23,,Iran,IRN,Tehran Province,35.7,51.3,(2) 25 km Precision ,Health Care,Local Health Care Provider,Air-Launched: Plane,Aerial Bomb,Foreign Forces: Military,Israeli Defence Forces,Health Infrastructure,,1,,,,,104360
2025-06-23,,Iran,IRN,Tehran Province,35.6,51.3,(2) 25 km Precision ,"Health Care, Aid Operations",National Red Cross Society,Air-Launched: Plane,Aerial Bomb,Foreign Forces: Military,Israeli Defence Forces,Aid Infrastructure,,,,,,,104367
2025-06-23,,OPT,PSE,Gaza Strip,,,censored,Protection,IDP/Refugee Service,Air-Launched: Plane,Aerial Bomb,Host Government: Military,Israeli Defence Forces,Protection Infrastructure,,,,,,,109017
2025-06-23,,OPT,PSE,Gaza Strip,,,censored,Protection,IDP/Refugee Service,Air-Launched: Plane,Aerial Bomb,Host Government: Military,Israeli Defence Forces,Protection Infrastructure,,,,,,,109016
2025-06-23,,Iran,IRN,Tehran Province,35.7,51.4,(2) 25 km Precision ,Health Care,Local Health Care Provider,Air-Launched: Plane,Aerial Bomb,Foreign Forces: Military,Israeli Defence Forces,Health Infrastructure,,,,,,,104362
2025-06-22,,Iran,IRN,Isfahan Province,32.6,51.3,(2) 25 km Precision ,Health Care,Local Health Care Provider,Air-Launched: Drone,Aerial Bomb,Foreign Forces: Military,Israeli Defence Forces,Health Infrastructure,,1,,,,,104377
2025-06-22,,OPT,PSE,Gaza Strip,,,censored,Protection,IDP/Refugee Service,Air-Launched: Plane,Aerial Bomb,Host Government: Military,Israeli Defence Forces,Protection Infrastructure,,,,,,,109015
2025-06-21,,Iran,IRN,Khuzestan Province,31.4,48.0,(2) 25 km Precision ,Health Care,Local Health Care Provider,Air-Launched: Plane,Aerial Bomb,Foreign Forces: Military,Israeli Defence Forces,Health Infrastructure,,,,,,,104366
2025-06-21,,Iran,IRN,Lorestan Province,33.4,48.3,(2) 25 km Precision ,"Health Care, Aid Operations",NGO,Air-Launched: Drone,Aerial Bomb,Foreign Forces: Military,Israeli Defence Forces,Health Worker,,,,,,,108930
2025-06-20,,OPT,PSE,Gaza Strip,,,censored,Food Security,None,Air-Launched: Drone,Aerial Bomb,Host Government: Military,Israeli Defence Forces,Other,,,,,,,105775
2025-06-20,,Iran,IRN,Kurdistan Province,34.7,46.9,(2) 25 km Precision ,Health Care,Local Health Care Provider,Air-Launched: Plane,Aerial Bomb,Foreign Forces: Military,Israeli Defence Forces,Health Infrastructure,,,,,,,104357
2025-06-20,,Iran,IRN,Tehran Province,35.6,51.3,(2) 25 km Precision ,Health Care,Local Health Care Provider,Air-Launched: Drone,Aerial Bomb,Foreign Forces: Military,Israeli Defence Forces,Health Infrastructure,,,,,,,104358
2025-06-20,,OPT,PSE,Gaza Strip,,,censored,"Protection, Aid Operations, Food Security","IDP/Refugee Service, NGO",Ground-Launched,Shelling,Host Government: Military,Israeli Defence Forces,Food Infrastructure,,,,,,,107509
2025-06-19,,OPT,PSE,Gaza Strip,,,censored,Protection,IDP/Refugee Service,Air-Launched: Plane,Aerial Bomb,Host Government: Military,Israeli Defence Forces,Protection Infrastructure,,,,,,,108999
2025-06-19,,OPT,PSE,Gaza Strip,,,censored,Protection,IDP/Refugee Service,Air-Launched: Plane,Aerial Bomb,Host Government: Military,Israeli Defence Forces,Protection Infrastructure,,,,,,,109000
2025-06-19,,Lebanon,LBN,Nabatieh Governorate,,,censored by HDX,Food Security,None,Directly-Emplaced,Hand Grenade,Foreign Forces: Military,Israeli Defence Forces,Other,,,,,,,105768
2025-06-19,,OPT,PSE,Gaza Strip,,,censored,"Aid Operations, Food Security",NGO,Air-Launched: Drone,Aerial Bomb,Host Government: Military,Israeli Defence Forces,Food Infrastructure,,,,,,,105769
2025-06-18,,OPT,PSE,Gaza Strip,,,censored,"Aid Operations, Food Security",NGO,Air-Launched: Drone,Aerial Bomb,Host Government: Military,Israeli Defence Forces,Food Infrastructure,,,,,,,105760
2025-06-18,,OPT,PSE,Gaza Strip,,,censored,Protection,IDP/Refugee Service,Air-Launched: Drone,Aerial Bomb,Host Government: Military,Israeli Defence Forces,Protection Infrastructure,,,,,,,108922
2025-06-17,,Iran,IRN,Tehran Province,35.7,51.4,(2) 25 km Precision ,"Health Care, Aid Operations",National Red Cross Society,Air-Launched: Plane,Aerial Bomb,Foreign Forces: Military,Israeli Defence Forces,Aid Infrastructure,,,,,,,104368
2025-06-17,,OPT,PSE,Gaza Strip,,,censored,"Protection, Aid Operations, Food Security","IDP/Refugee Service, NGO",Air-Launched: Plane,Aerial Bomb,Host Government: Military,Israeli Defence Forces,Food Infrastructure,,,,,,,107508
2025-06-17,,Lebanon,LBN,South Governorate,,,censored by HDX,Food Security,None,Directly-Emplaced,Hand Grenade,Foreign Forces: Military,Israeli Defence Forces,Other,,,,,,,105752
2025-06-17,,OPT,PSE,Gaza Strip,,,censored,Protection,IDP/Refugee Service,Air-Launched: Plane,Aerial Bomb,Host Government: Military,Israeli Defence Forces,Protection Infrastructure,,,,,,,108920
2025-06-17,,Iran,IRN,Tehran Province,35.7,51.4,(2) 25 km Precision ,Health Care,Local Health Care Provider,Air-Launched: Plane,Aerial Bomb,Foreign Forces: Military,Israeli Defence Forces,Other,,,,,,,104372
2025-06-17,,Iran,IRN,Tehran Province,35.7,51.4,(2) 25 km Precision ,Health Care,Local Health Care Provider,Air-Launched: Plane,Aerial Bomb,Foreign Forces: Military,Israeli Defence Forces,Health Infrastructure,,,,,,,104365
2025-06-17,,Iran,IRN,Tehran Province,35.7,51.4,(2) 25 km Precision ,Health Care,Local Health Care Provider,Air-Launched: Plane,Aerial Bomb,Foreign Forces: Military,Israeli Defence Forces,Health Infrastructure,,,,,,,104364
2025-06-17,,Iran,IRN,Tehran Province,35.7,51.4,(2) 25 km Precision ,Health Care,Local Health Care Provider,Air-Launched: Plane,Aerial Bomb,Foreign Forces: Military,Israeli Defence Forces,Health Infrastructure,,,,,,,104363
2025-06-17,,OPT,PSE,Gaza Strip,,,censored,Protection,IDP/Refugee Service,Air-Launched: Plane,Aerial Bomb,Host Government: Military,Israeli Defence Forces,Protection Infrastructure,,,,,,,108921
2025-06-16,,Iran,IRN,Tehran Province,35.4,51.4,"(4) Province, State, Governorate ","Health Care, Aid Operations",National Red Cross Society,Air-Launched: Plane,Aerial Bomb,Foreign Forces: Military,Israeli Defence Forces,Health Infrastructure,,,2,,,,104376
2025-06-16,,Iran,IRN,Tehran Province,35.7,51.5,(2) 25 km Precision ,"Health Care, Aid Operations",National Red Cross Society,Air-Launched: Plane,Aerial Bomb,Foreign Forces: Military,Israeli Defence Forces,Health Worker,,,,,,,104371
2025-06-15,,Iran,IRN,Tehran Province,35.8,51.4,(2) 25 km Precision ,Health Care,Local Health Care Provider,Air-Launched: Plane,Aerial Bomb,Foreign Forces: Military,Israeli Defence Forces,Health Infrastructure,,1,,,,,104375
2025-06-15,,OPT,PSE,Gaza Strip,,,censored,"Aid Operations, Food Security",NGO,Air-Launched: Plane,Aerial Bomb,Host Government: Military,Israeli Defence Forces,Food Infrastructure,,,,,,,105734
2025-06-15,,OPT,PSE,Gaza Strip,,,censored,Protection,IDP/Refugee Service,Ground-Launched,Artillery,Host Government: Military,Israeli Defence Forces,Protection Infrastructure,,,,,,,108917
2025-06-15,,OPT,PSE,Gaza Strip,,,censored,"Protection, Aid Operations, Food Security","IDP/Refugee Service, NGO",Air-Launched: Plane,Aerial Bomb,Host Government: Military,Israeli Defence Forces,Food Infrastructure,,,,,,,107506
2025-06-15,,OPT,PSE,Gaza Strip,,,censored,Protection,IDP/Refugee Service,Air-Launched: Plane,Aerial Bomb,Host Government: Military,Israeli Defence Forces,Protection Infrastructure,,,,,,,108918
2025-06-15,,Iran,IRN,Kermanshah Province,34.3,47.0,(2) 25 km Precision ,Health Care,Local Health Care Provider,Air-Launched: Plane,Aerial Bomb,Foreign Forces: Military,Israeli Defence Forces,Health Infrastructure,,,,,,,104355
2025-06-15,,OPT,PSE,Gaza Strip,,,censored,"Aid Operations, Food Security",INGO,Ground-Launched,Artillery,Host Government: Military,Israeli Defence Forces,Food Infrastructure,,,,,,,105731
2025-06-14,,OPT,PSE,Gaza Strip,,,censored,Protection,IDP/Refugee Service,Ground-Launched,Shelling,Host Government: Military,Israeli Defence Forces,Protection Infrastructure,,,,,,,108998
2025-06-14,,Iran,IRN,Hamadan Province,34.7,48.1,(2) 25 km Precision ,"Health Care, Aid Operations",National Red Cross Society,Air-Launched: Drone,Aerial Bomb,Foreign Forces: Military,Israeli Defence Forces,Health Worker,,,,,,,104383
2025-06-14,,Iran,IRN,West Azerbaijan Province,37.5,45.0,(2) 25 km Precision ,"Health Care, Aid Operations",National Red Cross Society,Air-Launched: Plane,Aerial Bomb,Foreign Forces: Military,Israeli Defence Forces,Health Infrastructure,,,2,,,,104369
2025-06-14,,OPT,PSE,Gaza Strip,,,censored,"Aid Operations, Food Security",NGO,Air-Launched: Drone,Aerial Bomb,Host Government: Military,Israeli Defence Forces,Food Infrastructure,,,,,,,105726
2025-06-13,,Iran,IRN,Tehran Province,35.7,51.3,(2) 25 km Precision ,Health Care,Local Health Care Provider,Air-Launched: Plane,Aerial Bomb,Foreign Forces: Military,Israeli Defence Forces,Health Worker,,1,,,,,104373
2025-06-13,,OPT,PSE,Gaza Strip,,,censored,Protection,IDP/Refugee Service,Ground-Launched,Shelling,Host Government: Military,Israeli Defence Forces,Protection Infrastructure,,,,,,,108997
2025-06-13,,OPT,PSE,Gaza Strip,,,censored,Protection,IDP/Refugee Service,Air-Launched: Plane,Aerial Bomb,Host Government: Military,Israeli Defence Forces,Protection Infrastructure,,,,,,,108916
2025-06-13,,OPT,PSE,Gaza Strip,,,censored,"Protection, Aid Operations, Food Security","IDP/Refugee Service, NGO",Air-Launched: Plane,Aerial Bomb,Host Government: Military,Israeli Defence Forces,Food Infrastructure,,,,,,,107504
2025-06-13,,Iran,IRN,Tehran Province,35.6,51.3,(2) 25 km Precision ,Health Care,Local Health Care Provider,Air-Launched: Drone,Aerial Bomb,Foreign Forces: Military,Israeli Defence Forces,Health Infrastructure,,,,,,,104354
2025-06-13,,Iran,IRN,Kermanshah Province,34.5,45.5,(2) 25 km Precision ,Health Care,Local Health Care Provider,Air-Launched: Plane,Aerial Bomb,Foreign Forces: Military,Israeli Defence Forces,Health Worker,,1,,,,,104356
2025-06-13,,Iran,IRN,Tehran Province,35.6,51.3,(2) 25 km Precision ,Health Care,Local Health Care Provider,Air-Launched: Plane,Aerial Bomb,Foreign Forces: Military,Israeli Defence Forces,Health Worker,,1,,,,,104374
2025-06-13,,OPT,PSE,Gaza Strip,,,censored,"Aid Operations, Food Security",NGO,Air-Launched: Plane,Aerial Bomb,Host Government: Military,Israeli Defence Forces,Food Infrastructure,,,,,,,105717
2025-06-13,,OPT,PSE,Gaza Strip,,,censored,"Protection, Aid Operations, Food Security","IDP/Refugee Service, NGO",Air-Launched: Plane,Aerial Bomb,Host Government: Military,Israeli Defence Forces,Food Infrastructure,,,,,,,105716
2025-06-13,,Lebanon,LBN,South Governorate,,,censored by HDX,Food Security,None,Directly-Emplaced,Hand Grenade,Foreign Forces: Military,Israeli Defence Forces,Other,,,,,,,105709
2025-06-13,,Iran,IRN,East Azerbaijan Province,38.0,46.2,(2) 25 km Precision ,"Health Care, Aid Operations",National Red Cross Society,Air-Launched: Plane,Aerial Bomb,Foreign Forces: Military,Israeli Defence Forces,Health Infrastructure,,,,,,,104378
2025-06-13,,Iran,IRN,Tehran Province,35.6,51.3,(2) 25 km Precision ,"Education, Health Care","Local Education Provider, Local Health Care Provider",Air-Launched: Plane,Aerial Bomb,Foreign Forces: Military,Israeli Defence Forces,Health Worker,,1,,1,,,104379
2025-06-12,,OPT,PSE,Gaza Strip,,,censored,"Protection, Aid Operations, Food Security","IDP/Refugee Service, NGO",Air-Launched: Plane,Aerial Bomb,Host Government: Military,Israeli Defence Forces,Food Infrastructure,,,,,,,105703
2025-06-12,,OPT,PSE,Gaza Strip,,,censored,Protection,IDP/Refugee Service,Air-Launched: Plane,Aerial Bomb,Host Government: Military,Israeli Defence Forces,Protection Infrastructure,,,,,,,108996
2025-06-12,,Lebanon,LBN,Nabatieh Governorate,,,censored by HDX,Food Security,None,Unspecified Launch Method,Unspecified Explosive,Foreign Forces: Military,Israeli Defence Forces,Other,,,,,,Food Production and Storage,105698
2025-06-12,,OPT,PSE,Gaza Strip,,,censored,"Aid Operations, Food Security",NGO,Air-Launched: Drone,Aerial Bomb,Host Government: Military,Israeli Defence Forces,Food Infrastructure,,,,,,,105702
2025-06-12,,Lebanon,LBN,South Governorate,,,censored by HDX,Food Security,None,Directly-Emplaced,Hand Grenade,Foreign Forces: Military,Israeli Defence Forces,Other,,,,,,Food Production and Storage,105699
2025-06-12,,OPT,PSE,Gaza Strip,,,censored,Protection,IDP/Refugee Service,Ground-Launched,Artillery,Host Government: Military,Israeli Defence Forces,Protection Infrastructure,,,,,,,108995
2025-06-11,,OPT,PSE,Gaza Strip,,,censored,Protection,IDP/Refugee Service,Ground-Launched,Artillery,Host Government: Military,Israeli Defence Forces,Protection Infrastructure,,,,,,,108914
2025-06-11,,OPT,PSE,Gaza Strip,,,censored,Protection,IDP/Refugee Service,Ground-Launched,Unspecified Explosive,Host Government: Military,Israeli Defence Forces,Protection Infrastructure,,,,,,,108915
2025-06-11,,OPT,PSE,Gaza Strip,,,censored,Health Care,Local Health Care Provider,Air-Launched: Plane,Aerial Bomb,Host Government: Military,Israeli Defence Forces,Health Infrastructure,,,,,,,108876
2025-06-11,,Lebanon,LBN,Nabatieh Governorate,,,censored by HDX,Food Security,None,Directly-Emplaced,Hand Grenade,Foreign Forces: Military,Israeli Defence Forces,Other,,,,,,Food Production and Storage,105684
2025-06-11,,OPT,PSE,Gaza Strip,,,censored,"Protection, Aid Operations, Food Security","IDP/Refugee Service, NGO",Air-Launched: Drone,Aerial Bomb,Host Government: Military,Israeli Defence Forces,Food Infrastructure,,,,,,,107501
2025-06-11,,Lebanon,LBN,Nabatieh Governorate,,,censored by HDX,Food Security,None,Directly-Emplaced,Hand Grenade,Foreign Forces: Military,Israeli Defence Forces,Other,,,,,,,105685
2025-06-11,,OPT,PSE,Gaza Strip,,,censored,"Aid Operations, Food Security",NGO,Air-Launched: Drone,Aerial Bomb,Host Government: Military,Israeli Defence Forces,Food Infrastructure,,,,,,,105690
2025-06-10,,OPT,PSE,Gaza Strip,,,censored,"Protection, Aid Operations, Food Security","IDP/Refugee Service, NGO",Air-Launched: Drone,Aerial Bomb,Host Government: Military,Israeli Defence Forces,Food Infrastructure,,,,,,,107492
2025-06-10,,OPT,PSE,Gaza Strip,,,censored,"Protection, Aid Operations, Food Security","IDP/Refugee Service, NGO",Air-Launched: Drone,Aerial Bomb,Host Government: Military,Israeli Defence Forces,Food Infrastructure,,,,,,,107500
2025-06-10,,Lebanon,LBN,Nabatieh Governorate,,,censored by HDX,Food Security,None,Air-Launched: Drone,Aerial Bomb,Foreign Forces: Military,Israeli Defence Forces,Other,,,,,,,105669
2025-06-10,,OPT,PSE,Gaza Strip,,,censored,Protection,IDP/Refugee Service,Ground-Launched,Shelling,Host Government: Military,Israeli Defence Forces,Protection Infrastructure,,,,,,,108994
2025-06-10,,OPT,PSE,Gaza Strip,,,censored,Protection,IDP/Refugee Service,Ground-Launched,Shelling,Host Government: Military,Israeli Defence Forces,Protection Infrastructure,,,,,,,108912
2025-06-10,,OPT,PSE,Judäa und Samaria,,,censored,Health Care,Local Health Care Provider,Air-Launched: Plane,Aerial Bomb,Host Government: Military,Israeli Defence Forces,Health Worker,,,,,,,106847
2025-06-10,,OPT,PSE,Gaza Strip,,,censored,Protection,IDP/Refugee Service,Air-Launched: Plane,Aerial Bomb,Host Government: Military,Israeli Defence Forces,Protection Infrastructure,,,,,,,108913
2025-06-10,,OPT,PSE,Gaza Strip,,,censored,Protection,IDP/Refugee Service,Air-Launched: Plane,Aerial Bomb,Host Government: Military,Israeli Defence Forces,Protection Infrastructure,,,,,,,108993
2025-06-10,,OPT,PSE,Gaza Strip,,,censored,"Aid Operations, Food Security",NGO,Air-Launched: Drone,Aerial Bomb,Host Government: Military,Israeli Defence Forces,Food Infrastructure,,,,,,,105672
2025-06-09,,OPT,PSE,Gaza Strip,,,censored,Protection,IDP/Refugee Service,Air-Launched: Plane,Aerial Bomb,Host Government: Military,Israeli Defence Forces,Protection Infrastructure,,,,,,,108992
2025-06-09,,OPT,PSE,Gaza Strip,,,censored,Protection,IDP/Refugee Service,Ground-Launched,Artillery,Host Government: Military,Israeli Defence Forces,Protection Infrastructure,,,,,,,108991
2025-06-09,,OPT,PSE,Gazastreifen,,,censored,Health Care,Local Health Care Provider,Air-Launched: Plane,Aerial Bomb,Host Government: Military,Israeli Defence Forces,Health Worker,,3,,,,,106848
2025-06-09,,OPT,PSE,Gaza Strip,,,censored,Protection,IDP/Refugee Service,Ground-Launched,Shelling,Host Government: Military,Israeli Defence Forces,Protection Infrastructure,,,,,,,108911
2025-06-09,,OPT,PSE,Gaza Strip,,,censored,Protection,IDP/Refugee Service,Ground-Launched,Shelling,Host Government: Military,Israeli Defence Forces,Protection Infrastructure,,,,,,,108910
2025-06-09,,OPT,PSE,Gaza Strip,,,censored,"Aid Operations, Food Security",NGO,Air-Launched: Plane,Aerial Bomb,Host Government: Military,Israeli Defence Forces,Food Infrastructure,3,,,,,,107474
2025-06-09,,OPT,PSE,Gaza Strip,,,censored,"Protection, Aid Operations, Food Security","IDP/Refugee Service, NGO",Air-Launched: Drone,Aerial Bomb,Host Government: Military,Israeli Defence Forces,Food Infrastructure,,,,,,,105659
2025-06-09,,OPT,PSE,Gaza Strip,,,censored,"Aid Operations, Food Security",NGO,Air-Launched: Drone,Aerial Bomb,Host Government: Military,Israeli Defence Forces,Food Infrastructure,,,,,,,105660
2025-06-09,,OPT,PSE,Gaza Strip,,,censored,Food Security,None,Air-Launched: Plane,Aerial Bomb,Host Government: Military,Israeli Defence Forces,Other,,,,,,Food Supply,105661
2025-06-08,,OPT,PSE,Gaza Strip,,,censored,Food Security,None,Ground-Launched,Artillery,Host Government: Military,Israeli Defence Forces,Other,,,,,,Food Production and Storage,105651
2025-06-08,,OPT,PSE,Gaza Strip,,,censored,Protection,IDP/Refugee Service,Ground-Launched,Artillery,Host Government: Military,Israeli Defence Forces,Protection Infrastructure,,,,,,,108909
2025-06-07,,OPT,PSE,Gaza Strip,,,censored,Food Security,None,Air-Launched: Drone,Aerial Bomb,Host Government: Military,Israeli Defence Forces,Other,,,,,,Food Production and Storage,105644
2025-06-07,,OPT,PSE,Gaza Strip,,,censored,Protection,IDP/Refugee Service,Ground-Launched,Artillery,Host Government: Military,Israeli Defence Forces,Protection Infrastructure,,,,,,,108990
2025-06-07,,Lebanon,LBN,Nabatieh Governorate,,,censored by HDX,Food Security,None,Directly-Emplaced,Hand Grenade,Foreign Forces: Military,Israeli Defence Forces,Other,,,,,,,105641
2025-06-07,,OPT,PSE,Gaza Strip,,,censored,Food Security,None,Air-Launched: Plane,Aerial Bomb,Host Government: Military,Israeli Defence Forces,Other,,,,,,Food Supply,105647
2025-06-07,,OPT,PSE,Gaza Strip,,,censored,Protection,IDP/Refugee Service,Ground-Launched,Artillery,Host Government: Military,Israeli Defence Forces,Protection Infrastructure,,,,,,,108907
2025-06-07,,OPT,PSE,Gaza Strip,,,censored,Protection,IDP/Refugee Service,Air-Launched: Drone,Aerial Bomb,Host Government: Military,Israeli Defence Forces,Protection Infrastructure,,,,,,,108908
2025-06-07,,OPT,PSE,Gaza Strip,,,censored,Protection,IDP/Refugee Service,Air-Launched: Plane,Aerial Bomb,Host Government: Military,Israeli Defence Forces,Protection Infrastructure,,,,,,,109014
2025-06-06,,OPT,PSE,Gaza Strip,,,censored,Health Care,Local Health Care Provider,Air-Launched: Plane,Aerial Bomb,Host Government: Military,Israeli Defence Forces,Health Worker,,1,,,,,107419
2025-06-05,,OPT,PSE,Gazastreifen,,,censored,"Health Care, Aid Operations",INGO,Air-Launched: Plane,Aerial Bomb,Host Government: Military,Israeli Defence Forces,Health Infrastructure,,,,,,,107421
2025-06-05,,OPT,PSE,None,,,censored,Food Security,None,Air-Launched: Plane,Aerial Bomb,Host Government: Military,Israeli Defence Forces,Other,,,,,,Food Production and Storage,105634
2025-06-05,,OPT,PSE,Gaza Strip,,,censored,Protection,IDP/Refugee Service,Ground-Launched,Artillery,Host Government: Military,Israeli Defence Forces,Protection Infrastructure,,,,,,,108989
2025-06-04,,OPT,PSE,Gaza Strip,,,censored,Protection,IDP/Refugee Service,Air-Launched: Plane,Aerial Bomb,Host Government: Military,Israeli Defence Forces,Protection Infrastructure,,,,,,,108988
2025-06-03,,OPT,PSE,Gaza Strip,,,censored,Food Security,None,Air-Launched: Plane,Aerial Bomb,Host Government: Military,Israeli Defence Forces,Other,,,,,,Food Supply,105613
2025-06-03,,OPT,PSE,Gaza Strip,,,censored,Protection,IDP/Refugee Service,Air-Launched: Plane,Aerial Bomb,Host Government: Military,Israeli Defence Forces,Protection Infrastructure,,,,,,,108906
2025-06-03,,Syria,SYR,Dar'a Governorate,32.7,35.8,(2) 25 km Precision ,Food Security,None,Ground-Launched,Artillery,Foreign Forces: Military,Israeli Defence Forces,Other,,,,,,Agricultural Land,105615
2025-06-02,,OPT,PSE,Gaza Strip,,,censored,Protection,IDP/Refugee Service,Air-Launched: Plane,Aerial Bomb,Host Government: Military,Israeli Defence Forces,Protection Infrastructure,,,,,,,108987
2025-06-02,,OPT,PSE,Gaza Strip,,,censored,Protection,IDP/Refugee Service,Ground-Launched,Shelling,Host Government: Military,Israeli Defence Forces,Protection Infrastructure,,,,,,,108904
2025-06-02,,OPT,PSE,Gaza Strip,,,censored,Protection,IDP/Refugee Service,Air-Launched: Drone,Aerial Bomb,Host Government: Military,Israeli Defence Forces,Protection Infrastructure,,,,,,,108905
2025-06-01,,OPT,PSE,Gaza Strip,,,censored,Protection,IDP/Refugee Service,Ground-Launched,Artillery,Host Government: Military,Israeli Defence Forces,Protection Infrastructure,,,,,,,109028
2025-06-01,,OPT,PSE,Gaza Strip,,,censored,Protection,IDP/Refugee Service,Air-Launched: Plane,Aerial Bomb,Host Government: Military,Israeli Defence Forces,Protection Infrastructure,,,,,,,108985
2025-06-01,,OPT,PSE,Gaza Strip,,,censored,Protection,IDP/Refugee Service,Ground-Launched,Artillery,Host Government: Military,Israeli Defence Forces,Protection Infrastructure,,,,,,,108986
2025-06-01,,OPT,PSE,Gaza Strip,,,censored,Protection,IDP/Refugee Service,Ground-Launched,Shelling,Host Government: Military,Israeli Defence Forces,Protection Infrastructure,,,,,,,108902
2025-06-01,,OPT,PSE,Gaza Strip,,,censored,Protection,IDP/Refugee Service,Air-Launched: Plane,Aerial Bomb,Host Government: Military,Israeli Defence Forces,Protection Infrastructure,,,,,,,108983
2025-06-01,,OPT,PSE,Gaza Strip,,,censored,Protection,IDP/Refugee Service,Ground-Launched,Artillery,Host Government: Military,Israeli Defence Forces,Protection Infrastructure,,,,,,,108901
2025-06-01,,OPT,PSE,Gaza Strip,,,censored,Protection,IDP/Refugee Service,Air-Launched: Plane,Aerial Bomb,Host Government: Military,Israeli Defence Forces,Protection Infrastructure,,,,,,,108984
2025-06-01,,OPT,PSE,Gaza Strip,,,censored,Health Care,Local Health Care Provider,None,Unspecified Explosive,Host Government: Military,Israeli Defence Forces,Health Infrastructure,,,,,,,107057
2025-05-31,,OPT,PSE,Gaza Strip,,,censored,Protection,IDP/Refugee Service,Air-Launched: Drone,Aerial Bomb,Host Government: Military,Israeli Defence Forces,Protection Infrastructure,,,,,,,101879
2025-05-31,,OPT,PSE,Gaza Strip,,,censored,Protection,IDP/Refugee Service,Air-Launched: Plane,Aerial Bomb,Host Government: Military,Israeli Defence Forces,Protection Infrastructure,,,,,,,108982
2025-05-31,,OPT,PSE,Gaza Strip,,,censored,Protection,IDP/Refugee Service,Ground-Launched,Unspecified Explosive,Host Government: Military,Israeli Defence Forces,Protection Infrastructure,,,,,,,108900
2025-05-31,,OPT,PSE,Gazastreifen,,,censored,Health Care,Local Health Care Provider,Air-Launched: Plane,Aerial Bomb,Host Government: Military,Israeli Defence Forces,Health Worker,,1,,,,,106843
2025-05-30,,OPT,PSE,Gaza Strip,,,censored,Protection,IDP/Refugee Service,Air-Launched: Plane,Aerial Bomb,Host Government: Military,Israeli Defence Forces,Protection Infrastructure,,,,,,,100761
2025-05-30,,OPT,PSE,Gaza Strip,,,censored,Protection,IDP/Refugee Service,Air-Launched: Drone,Aerial Bomb,Host Government: Military,Israeli Defence Forces,Protection Infrastructure,,,,,,,101877
2025-05-30,,OPT,PSE,Gaza Strip,,,censored,Protection,IDP/Refugee Service,Air-Launched: Plane,Aerial Bomb,Host Government: Military,Israeli Defence Forces,Protection Infrastructure,,,,,,,101876
2025-05-30,,OPT,PSE,Gaza Strip,,,censored,Protection,IDP/Refugee Service,Air-Launched: Plane,Aerial Bomb,Host Government: Military,Israeli Defence Forces,Protection Infrastructure,,,,,,,101058
2025-05-30,,OPT,PSE,Gaza Strip,,,censored,Protection,IDP/Refugee Service,Air-Launched: Plane,Aerial Bomb,Host Government: Military,Israeli Defence Forces,Protection Infrastructure,,,,,,,100759
2025-05-30,,OPT,PSE,Gazastreifen,,,censored,Health Care,Local Health Care Provider,Air-Launched: Plane,Aerial Bomb,Host Government: Military,Israeli Defence Forces,Health Worker,,1,,,,,105813
2025-05-30,,OPT,PSE,Gaza Strip,,,censored,Protection,IDP/Refugee Service,Air-Launched: Plane,Aerial Bomb,Host Government: Military,Israeli Defence Forces,Protection Infrastructure,,,,,,,100276
2025-05-30,,OPT,PSE,Gaza Strip,,,censored,Protection,IDP/Refugee Service,Ground-Launched,Shelling,Host Government: Military,Israeli Defence Forces,Protection Infrastructure,,,,,,,100275
2025-05-30,,OPT,PSE,Gaza Strip,,,censored,Protection,IDP/Refugee Service,Air-Launched: Plane,Aerial Bomb,Host Government: Military,Israeli Defence Forces,Protection Infrastructure,,,,,,,101878
2025-05-30,,OPT,PSE,Gaza Strip,,,censored,Protection,IDP/Refugee Service,Ground-Launched,Shelling,Host Government: Military,Israeli Defence Forces,Protection Infrastructure,,,,,,,100308
2025-05-30,,OPT,PSE,Gaza Strip,,,censored,Protection,IDP/Refugee Service,Air-Launched: Plane,Aerial Bomb,Host Government: Military,Israeli Defence Forces,Protection Infrastructure,,,,,,,100307
2025-05-30,,OPT,PSE,Gaza Strip,,,censored,Protection,IDP/Refugee Service,Air-Launched: Plane,Aerial Bomb,Host Government: Military,Israeli Defence Forces,Protection Infrastructure,,,,,,,100309
2025-05-29,,OPT,PSE,Gaza Strip,,,censored,"Education, Protection","IDP/Refugee Service, Local Education Provider",Air-Launched: Plane,Aerial Bomb,Host Government: Military,Israeli Defence Forces,Education Infrastructure,,,,,,,108974
2025-05-29,,OPT,PSE,Gaza Strip,,,censored,Protection,IDP/Refugee Service,Air-Launched: Plane,Aerial Bomb,Host Government: Military,Israeli Defence Forces,Protection Infrastructure,,,,,,,100273
2025-05-29,,OPT,PSE,Gaza Strip,,,censored,Protection,IDP/Refugee Service,Air-Launched: Drone,Aerial Bomb,Host Government: Military,Israeli Defence Forces,Protection Infrastructure,,,,,,,101056
2025-05-29,,OPT,PSE,Gaza Strip,,,censored,Food Security,None,Air-Launched: Plane,Aerial Bomb,Host Government: Military,Israeli Defence Forces,Other,,,,,,Food Supply,100195
2025-05-29,,OPT,PSE,Gaza Strip,,,censored,Protection,IDP/Refugee Service,Air-Launched: Drone,Aerial Bomb,Host Government: Military,Israeli Defence Forces,Protection Infrastructure,,,,,,,100306
2025-05-29,,OPT,PSE,Gaza Strip,,,censored,Protection,IDP/Refugee Service,Air-Launched: Plane,Aerial Bomb,Host Government: Military,Israeli Defence Forces,Protection Infrastructure,,,,,,,100305
2025-05-29,,OPT,PSE,Gaza Strip,,,censored,Protection,IDP/Refugee Service,Air-Launched: Plane,Aerial Bomb,Host Government: Military,Israeli Defence Forces,Protection Infrastructure,,,,,,,101875
2025-05-28,,OPT,PSE,Gaza Strip,,,censored,Protection,IDP/Refugee Service,Air-Launched: Plane,Aerial Bomb,Host Government: Military,Israeli Defence Forces,Protection Infrastructure,,,,,,,101874
2025-05-28,,OPT,PSE,Gaza Strip,,,censored,Protection,IDP/Refugee Service,Air-Launched: Drone,Aerial Bomb,Host Government: Military,Israeli Defence Forces,Protection Infrastructure,,,,,,,101873
2025-05-28,,OPT,PSE,Gaza Strip,,,censored,Protection,IDP/Refugee Service,Air-Launched: Plane,Aerial Bomb,Host Government: Military,Israeli Defence Forces,Protection Infrastructure,,,,,,,101872
2025-05-28,,OPT,PSE,Gaza Strip,,,censored,Protection,IDP/Refugee Service,Air-Launched: Plane,Aerial Bomb,Host Government: Military,Israeli Defence Forces,Protection Infrastructure,,,,,,,100355
2025-05-28,,OPT,PSE,Gaza Strip,,,censored,Protection,IDP/Refugee Service,Air-Launched: Plane,Aerial Bomb,Host Government: Military,Israeli Defence Forces,Protection Infrastructure,,,,,,,101053
2025-05-28,,OPT,PSE,Gaza Strip,,,censored,Protection,IDP/Refugee Service,Ground-Launched,Shelling,Host Government: Military,Israeli Defence Forces,Protection Infrastructure,,,,,,,100755
2025-05-28,,OPT,PSE,Gaza Strip,,,censored,Protection,IDP/Refugee Service,Directly-emplaced,Unspecified Explosive,Host Government: Military,Israeli Defence Forces,Protection Infrastructure,,,,,,,100756
2025-05-28,,OPT,PSE,Gaza Strip,,,censored,Protection,IDP/Refugee Service,Air-Launched: Plane,Aerial Bomb,Host Government: Military,Israeli Defence Forces,Protection Infrastructure,,,,,,,100758
2025-05-28,,OPT,PSE,Gaza Strip,,,censored,Health Care,Local Health Care Provider,Air-Launched: Plane,Aerial Bomb,Host Government: Military,Israeli Defence Forces,Health Worker,,,,,,,105806
2025-05-27,,OPT,PSE,Gaza Strip,,,censored,Protection,IDP/Refugee Service,Air-Launched: Plane,Aerial Bomb,Host Government: Military,Israeli Defence Forces,Protection Infrastructure,,,,,,,100304
2025-05-27,,OPT,PSE,Gaza Strip,,,censored,Protection,IDP/Refugee Service,Air-Launched: Plane,Aerial Bomb,Host Government: Military,Israeli Defence Forces,Protection Infrastructure,,,,,,,101871
2025-05-27,,OPT,PSE,Gaza Strip,,,censored,Protection,IDP/Refugee Service,Air-Launched: Plane,Aerial Bomb,Host Government: Military,Israeli Defence Forces,Protection Infrastructure,,,,,,,100754
2025-05-27,,OPT,PSE,Gaza Strip,,,censored,Protection,IDP/Refugee Service,Ground-Launched,Shelling,Host Government: Military,Israeli Defence Forces,Protection Infrastructure,,,,,,,100300
2025-05-27,,OPT,PSE,Gaza Strip,,,censored,"Health Care, Protection","IDP/Refugee Service, Local Health Care Provider",Air-Launched: Plane,Aerial Bomb,Host Government: Military,Israeli Defence Forces,Multiple,,,,,,,100301
2025-05-27,,OPT,PSE,Gaza Strip,,,censored,Protection,IDP/Refugee Service,Air-Launched: Drone,Aerial Bomb,Host Government: Military,Israeli Defence Forces,Protection Infrastructure,,,,,,,100302
2025-05-27,,OPT,PSE,Gaza Strip,,,censored,"Aid Operations, Food Security",NGO,Air-Launched: No Information on Platform Type,Aerial Bomb,Host Government: Military,Israeli Defence Forces,Food Infrastructure,,,,,,,99611
2025-05-27,,OPT,PSE,Gaza Strip,,,censored,Protection,IDP/Refugee Service,Air-Launched: Plane,Aerial Bomb,Host Government: Military,Israeli Defence Forces,Protection Infrastructure,,,,,,,100303
2025-05-27,,OPT,PSE,Gaza Strip,,,censored,Protection,IDP/Refugee Service,Air-Launched: Plane,Aerial Bomb,Host Government: Military,Israeli Defence Forces,Protection Infrastructure,,,,,,,100753
2025-05-26,,OPT,PSE,Gaza Strip,,,censored,"Education, Protection","IDP/Refugee Service, Local Education Provider",Air-Launched: Drone,Aerial Bomb,Host Government: Military,Israeli Defence Forces,Education Infrastructure,,,,,,,100332
2025-05-26,,OPT,PSE,Gaza Strip,,,censored,Protection,IDP/Refugee Service,Ground-Launched,Shelling,Host Government: Military,Israeli Defence Forces,Protection Infrastructure,,,,,,,100272
2025-05-26,,OPT,PSE,Gaza Strip,,,censored,Protection,IDP/Refugee Service,Air-Launched: Plane,Aerial Bomb,Host Government: Military,Israeli Defence Forces,Protection Infrastructure,,,,,,,100299
2025-05-26,,OPT,PSE,Gaza Strip,,,censored,Protection,IDP/Refugee Service,Air-Launched: Drone,Aerial Bomb,Host Government: Military,Israeli Defence Forces,Protection Infrastructure,,,,,,,101870
2025-05-26,,OPT,PSE,Gaza Strip,,,censored,Protection,IDP/Refugee Service,Air-Launched: Plane,Aerial Bomb,Host Government: Military,Israeli Defence Forces,Protection Infrastructure,,,,,,,101790
2025-05-26,,OPT,PSE,Gaza Strip,,,censored,Protection,IDP/Refugee Service,Air-Launched: Plane,Aerial Bomb,Host Government: Military,Israeli Defence Forces,Protection Infrastructure,,,,,,,100751
2025-05-26,,OPT,PSE,Gaza Strip,,,censored,Protection,IDP/Refugee Service,Air-Launched: Plane,Aerial Bomb,Host Government: Military,Israeli Defence Forces,Protection Infrastructure,,,,,,,100752
2025-05-25,,OPT,PSE,Gaza Strip,,,censored,Protection,IDP/Refugee Service,Air-Launched: Drone,Aerial Bomb,Host Government: Military,Israeli Defence Forces,Protection Infrastructure,,,,,,,100298
2025-05-25,,OPT,PSE,Gaza Strip,,,censored,Protection,IDP/Refugee Service,Air-Launched: Drone,Aerial Bomb,Host Government: Military,Israeli Defence Forces,Protection Infrastructure,,,,,,,100297
2025-05-25,,OPT,PSE,Gaza Strip,,,censored,Protection,IDP/Refugee Service,Air-Launched: Drone,Aerial Bomb,Host Government: Military,Israeli Defence Forces,Protection Infrastructure,,,,,,,101705
2025-05-25,,OPT,PSE,Gaza Strip,,,censored,Protection,IDP/Refugee Service,Air-Launched: Plane,Aerial Bomb,Host Government: Military,Israeli Defence Forces,Protection Infrastructure,,,,,,,100750
2025-05-25,,OPT,PSE,Gaza Strip,,,censored,Protection,IDP/Refugee Service,Air-Launched: Plane,Aerial Bomb,Host Government: Military,Israeli Defence Forces,Protection Infrastructure,,,,,,,101706
2025-05-25,,OPT,PSE,Gaza Strip,,,censored,Protection,IDP/Refugee Service,Air-Launched: Plane,Aerial Bomb,Host Government: Military,Israeli Defence Forces,Protection Infrastructure,,,,,,,101708
2025-05-25,,OPT,PSE,Gaza Strip,,,censored,"Education, Protection","IDP/Refugee Service, Local Education Provider",Air-Launched: Drone,Aerial Bomb,Host Government: Military,Israeli Defence Forces,Education Infrastructure,,,,,,,109009
2025-05-25,,OPT,PSE,Gaza Strip,,,censored,"Education, Protection","IDP/Refugee Service, Local Education Provider",Ground-Launched,Artillery,Host Government: Military,Israeli Defence Forces,Education Infrastructure,,,,,,,108973
2025-05-25,,OPT,PSE,Gaza Strip,,,censored,Protection,IDP/Refugee Service,Air-Launched: Plane,Aerial Bomb,Host Government: Military,Israeli Defence Forces,Protection Infrastructure,,,,,,,101703
2025-05-24,,OPT,PSE,Gaza Strip,,,censored,Protection,IDP/Refugee Service,Air-Launched: Plane,Aerial Bomb,Host Government: Military,Israeli Defence Forces,Protection Infrastructure,,,,,,,100813
2025-05-24,,OPT,PSE,Gaza Strip,,,censored,Protection,IDP/Refugee Service,Ground-Launched,Shelling,Host Government: Military,Israeli Defence Forces,Protection Infrastructure,,,,,,,100271
2025-05-24,,OPT,PSE,Gaza Strip,,,censored,Protection,IDP/Refugee Service,Air-Launched: Plane,Aerial Bomb,Host Government: Military,Israeli Defence Forces,Protection Infrastructure,,,,,,,100354
2025-05-24,,OPT,PSE,Gaza Strip,,,censored,"Health Care, Aid Operations",Red Cross (ICRC or IFRC),Air-Launched: Plane,Aerial Bomb,Host Government: Military,Israeli Defence Forces,Aid Infrastructure,,,,,,,99608
2025-05-24,,OPT,PSE,Gaza Strip,,,censored,Protection,IDP/Refugee Service,Air-Launched: Plane,Aerial Bomb,Host Government: Military,Israeli Defence Forces,Protection Infrastructure,,,,,,,100822
2025-05-24,,OPT,PSE,Gaza Strip,,,censored,Protection,IDP/Refugee Service,Air-Launched: Plane,Aerial Bomb,Host Government: Military,Israeli Defence Forces,Protection Infrastructure,,,,,,,100823
2025-05-24,,OPT,PSE,Gaza Strip,,,censored,Protection,IDP/Refugee Service,Air-Launched: Drone,Aerial Bomb,Host Government: Military,Israeli Defence Forces,Protection Infrastructure,,,,,,,101626
2025-05-24,,OPT,PSE,Gaza Strip,,,censored,Protection,IDP/Refugee Service,Air-Launched: Plane,Aerial Bomb,Host Government: Military,Israeli Defence Forces,Protection Infrastructure,,,,,,,100748
2025-05-24,,OPT,PSE,Gaza Strip,,,censored,Protection,IDP/Refugee Service,Directly-emplaced,Unspecified Explosive,Host Government: Military,Israeli Defence Forces,Protection Infrastructure,,,,,,,100749
2025-05-24,,OPT,PSE,West Bank,,,censored,Food Security,None,Directly-Emplaced,Hand Grenade,Civilian,Israeli settlers,Other,,,,,,,100149
2025-05-24,,OPT,PSE,Gaza Strip,,,censored,Protection,IDP/Refugee Service,Air-Launched: Plane,Aerial Bomb,Host Government: Military,Israeli Defence Forces,Protection Infrastructure,,,,,,,101701
2025-05-24,,OPT,PSE,Gaza Strip,,,censored,Protection,IDP/Refugee Service,Ground-Launched,Shelling,Host Government: Military,Israeli Defence Forces,Protection Infrastructure,,,,,,,100296
2025-05-24,,OPT,PSE,Gaza Strip,,,censored,Protection,IDP/Refugee Service,Air-Launched: Plane,Aerial Bomb,Host Government: Military,Israeli Defence Forces,Protection Infrastructure,,,,,,,101702
2025-05-23,,OPT,PSE,Gaza Strip,,,censored,Protection,IDP/Refugee Service,Air-Launched: Plane,Aerial Bomb,Host Government: Military,Israeli Defence Forces,Protection Infrastructure,,,,,,,100270
2025-05-23,,OPT,PSE,Gaza Strip,,,censored,Health Care,Local Health Care Provider,Air-Launched: Plane,Aerial Bomb,Host Government: Military,Israeli Defence Forces,Health Worker,,1,,,,,105032
2025-05-23,,OPT,PSE,Gaza Strip,,,censored,"Education, Protection","IDP/Refugee Service, Local Education Provider",Air-Launched: Plane,Aerial Bomb,Host Government: Military,Israeli Defence Forces,Education Infrastructure,,,,,,,108972
2025-05-23,,OPT,PSE,Gaza Strip,,,censored,"Health Care, Protection, Aid Operations","IDP/Refugee Service, INGO",Directly-Emplaced,Unspecified IED,Host Government: Military,Israeli Defence Forces,Multiple,,,,,,,99605
2025-05-23,,OPT,PSE,Gaza Strip,,,censored,Protection,IDP/Refugee Service,Air-Launched: Plane,Aerial Bomb,Host Government: Military,Israeli Defence Forces,Protection Infrastructure,,,,,,,100353
2025-05-23,,OPT,PSE,Gaza Strip,,,censored,"Health Care, Protection, Aid Operations","IDP/Refugee Service, INGO",Air-Launched: Drone,Aerial Bomb,Host Government: Military,Israeli Defence Forces,Health Infrastructure,,,,,,,99606
2025-05-23,,OPT,PSE,Gaza Strip,,,censored,"Health Care, Aid Operations","Local Health Care Provider, NGO",Air-Launched: Drone,Aerial Bomb,Host Government: Military,Israeli Defence Forces,Health Worker,1,1,,,,,99607
2025-05-23,,OPT,PSE,Gaza Strip,,,censored,Protection,IDP/Refugee Service,Air-Launched: Plane,Aerial Bomb,Host Government: Military,Israeli Defence Forces,Protection Infrastructure,,,,,,,100765
2025-05-23,,OPT,PSE,Gaza Strip,,,censored,Protection,IDP/Refugee Service,Directly-emplaced,Unspecified Explosive,Host Government: Military,Israeli Defence Forces,Protection Infrastructure,,,,,,,100747
2025-05-23,,OPT,PSE,Gaza Strip,,,censored,Protection,IDP/Refugee Service,Air-Launched: Drone,Aerial Bomb,Host Government: Military,Israeli Defence Forces,Protection Infrastructure,,,,,,,101625
2025-05-23,,OPT,PSE,Gaza Strip,,,censored,Protection,IDP/Refugee Service,Air-Launched: Plane,Aerial Bomb,Host Government: Military,Israeli Defence Forces,Protection Infrastructure,,,,,,,101624
2025-05-23,,OPT,PSE,Gaza Strip,,,censored,Protection,IDP/Refugee Service,Air-Launched: Plane,Aerial Bomb,Host Government: Military,Israeli Defence Forces,Protection Infrastructure,,,,,,,101623
2025-05-22,,Lebanon,LBN,South Governorate,,,censored by HDX,Food Security,None,Directly-Emplaced,Hand Grenade,Foreign Forces: Military,Israeli Defence Forces,Other,,,,,,Food Production and Storage,100133
2025-05-22,,OPT,PSE,Gaza Strip,,,censored,Protection,IDP/Refugee Service,Air-Launched: Plane,Aerial Bomb,Host Government: Military,Israeli Defence Forces,Protection Infrastructure,,,,,,,101622
2025-05-22,,OPT,PSE,Gaza Strip,,,censored,Protection,IDP/Refugee Service,Air-Launched: Plane,Aerial Bomb,Host Government: Military,Israeli Defence Forces,Protection Infrastructure,,,,,,,100812
2025-05-22,,OPT,PSE,Gaza Strip,,,censored,"Protection, Food Security",IDP/Refugee Service,Air-Launched: Plane,Aerial Bomb,Host Government: Military,Israeli Defence Forces,Protection Infrastructure,,,,,,Water Structures,101618
2025-05-22,,OPT,PSE,Gaza Strip,,,censored,Protection,IDP/Refugee Service,Air-Launched: Plane,Aerial Bomb,Host Government: Military,Israeli Defence Forces,Protection Infrastructure,,,,,,,101619
2025-05-22,,OPT,PSE,Gaza Strip,,,censored,Protection,IDP/Refugee Service,Air-Launched: Plane,Aerial Bomb,Host Government: Military,Israeli Defence Forces,Protection Infrastructure,,,,,,,100331
2025-05-22,,OPT,PSE,Gaza Strip,,,censored,Protection,IDP/Refugee Service,Air-Launched: Plane,Aerial Bomb,Host Government: Military,Israeli Defence Forces,Protection Infrastructure,,,,,,,100810
2025-05-22,,OPT,PSE,Gaza Strip,,,censored,Protection,IDP/Refugee Service,Directly-emplaced,Unspecified Explosive,Host Government: Military,Israeli Defence Forces,Protection Infrastructure,,,,,,,100295
2025-05-22,,OPT,PSE,Gaza Strip,,,censored,"Health Care, Protection, Aid Operations","IDP/Refugee Service, INGO",Air-Launched: Plane,Aerial Bomb,Host Government: Military,Israeli Defence Forces,Multiple,,,,,,,99591
2025-05-22,,OPT,PSE,Gaza Strip,,,censored,"Health Care, Protection, Aid Operations","IDP/Refugee Service, INGO",Unspecified Launch Method,Unspecified Explosive,Host Government: Military,Israeli Defence Forces,Health Infrastructure,,,,,,,99592
2025-05-22,,OPT,PSE,Gaza Strip,,,censored,Protection,IDP/Refugee Service,Air-Launched: Plane,Aerial Bomb,Host Government: Military,Israeli Defence Forces,Protection Infrastructure,,,,,,,101620
2025-05-22,,OPT,PSE,Gaza Strip,,,censored,Protection,IDP/Refugee Service,Air-Launched: Plane,Aerial Bomb,Host Government: Military,Israeli Defence Forces,Protection Infrastructure,,,,,,,100134
2025-05-22,,OPT,PSE,Gaza Strip,,,censored,Protection,IDP/Refugee Service,Air-Launched: Plane,Aerial Bomb,Host Government: Military,Israeli Defence Forces,Protection Infrastructure,,,,,,,100643
2025-05-22,,OPT,PSE,Gaza Strip,,,censored,Protection,IDP/Refugee Service,Air-Launched: Plane,Aerial Bomb,Host Government: Military,Israeli Defence Forces,Protection Infrastructure,,,,,,,101621
2025-05-21,,OPT,PSE,Gaza Strip,,,censored,"Education, Protection","IDP/Refugee Service, Local Education Provider",Air-Launched: Plane,Aerial Bomb,Host Government: Military,Israeli Defence Forces,Education Infrastructure,,,,,,,108968
2025-05-21,,OPT,PSE,Gaza Strip,,,censored,Health Care,Local Health Care Provider,Air-Launched: Plane,Aerial Bomb,Host Government: Military,Israeli Defence Forces,Health Infrastructure,,,,,,,104396
2025-05-21,,OPT,PSE,Gaza Strip,,,censored,"Protection, Aid Operations","IDP/Refugee Service, NGO",Air-Launched: No Information on Platform Type,Aerial Bomb,Host Government: Military,Israeli Defence Forces,Aid Infrastructure,,,,,,,99587
2025-05-21,,OPT,PSE,Gaza Strip,,,censored,Protection,IDP/Refugee Service,Air-Launched: Plane,Aerial Bomb,Host Government: Military,Israeli Defence Forces,Protection Infrastructure,,,,,,,100293
2025-05-21,,OPT,PSE,Gaza Strip,,,censored,Protection,IDP/Refugee Service,Directly-emplaced,Unspecified Explosive,Host Government: Military,Israeli Defence Forces,Protection Infrastructure,,,,,,,100294
2025-05-21,,OPT,PSE,Gaza Strip,,,censored,Food Security,None,Air-Launched: Plane,Aerial Bomb,Host Government: Military,Israeli Defence Forces,Other,,,,,,Food Supply,100127
2025-05-21,,OPT,PSE,Gaza Strip,,,censored,Protection,IDP/Refugee Service,Air-Launched: Drone,Aerial Bomb,Host Government: Military,Israeli Defence Forces,Protection Infrastructure,,,,,,,100809
2025-05-21,,OPT,PSE,Gaza Strip,,,censored,Protection,IDP/Refugee Service,Air-Launched: Plane,Aerial Bomb,Host Government: Military,Israeli Defence Forces,Protection Infrastructure,,,,,,,100641
2025-05-21,,OPT,PSE,Gaza Strip,,,censored,Protection,IDP/Refugee Service,Air-Launched: Plane,Aerial Bomb,Host Government: Military,Israeli Defence Forces,Protection Infrastructure,,,,,,,100642
2025-05-21,,OPT,PSE,Gaza Strip,,,censored,Protection,IDP/Refugee Service,Ground-Launched,Shelling,Host Government: Military,Israeli Defence Forces,Protection Infrastructure,,,,,,,100808
2025-05-21,,OPT,PSE,Gaza Strip,,,censored,"Education, Protection","IDP/Refugee Service, Local Education Provider",Air-Launched: Plane,Aerial Bomb,Host Government: Military,Israeli Defence Forces,Education Infrastructure,,,,,,,108966
2025-05-21,,OPT,PSE,Gaza Strip,,,censored,"Health Care, Protection, Aid Operations, Food Security","IDP/Refugee Service, INGO",Ground-Launched,Artillery,Host Government: Military,Israeli Defence Forces,Health Infrastructure,,,,,,Water Structures,99589
2025-05-21,,OPT,PSE,Gaza Strip,,,censored,Protection,IDP/Refugee Service,Air-Launched: Plane,Aerial Bomb,Host Government: Military,Israeli Defence Forces,Protection Infrastructure,,,,,,,101617
2025-05-21,,OPT,PSE,West Bank,,,censored,Protection,IDP/Refugee Service,Unspecified Launch Method,Unspecified Explosive,Host Government: Military,Israeli Defence Forces,Protection Infrastructure,,,,,,,104343
2025-05-21,,OPT,PSE,Gaza Strip,,,censored,"Protection, Aid Operations","IDP/Refugee Service, NGO",Air-Launched: Drone,Aerial Bomb,Host Government: Military,Israeli Defence Forces,Aid Infrastructure,1,,,,,,99588
2025-05-20,,OPT,PSE,Gaza Strip,,,censored,"Education, Protection","IDP/Refugee Service, Local Education Provider",Air-Launched: Plane,Aerial Bomb,Host Government: Military,Israeli Defence Forces,Education Infrastructure,,,,,,,108963
2025-05-20,,OPT,PSE,Gaza Strip,,,censored,Health Care,Local Health Care Provider,Air-Launched: Plane,Aerial Bomb,Host Government: Military,Israeli Defence Forces,Multiple,,,,,,,104393
2025-05-20,,OPT,PSE,Gaza Strip,,,censored,Protection,IDP/Refugee Service,Air-Launched: Plane,Aerial Bomb,Host Government: Military,Israeli Defence Forces,Protection Infrastructure,,,,,,,100292
2025-05-20,,OPT,PSE,Gaza Strip,,,censored,Protection,IDP/Refugee Service,Air-Launched: Plane,Aerial Bomb,Host Government: Military,Israeli Defence Forces,Protection Infrastructure,,,,,,,100348
2025-05-20,,OPT,PSE,Gaza Strip,,,censored,Protection,IDP/Refugee Service,Air-Launched: Plane,Aerial Bomb,Host Government: Military,Israeli Defence Forces,Protection Infrastructure,,,,,,,100352
2025-05-20,,OPT,PSE,Gaza Strip,,,censored,Protection,IDP/Refugee Service,Air-Launched: Plane,Aerial Bomb,Host Government: Military,Israeli Defence Forces,Protection Infrastructure,,,,,,,101616
2025-05-20,,OPT,PSE,Gaza Strip,,,censored,Protection,IDP/Refugee Service,Air-Launched: Plane,Aerial Bomb,Host Government: Military,Israeli Defence Forces,Protection Infrastructure,,,,,,,101615
2025-05-20,,OPT,PSE,Gaza Strip,,,censored,Protection,IDP/Refugee Service,Air-Launched: Plane,Aerial Bomb,Host Government: Military,Israeli Defence Forces,Protection Infrastructure,,,,,,,101614
2025-05-20,,OPT,PSE,Gaza Strip,,,censored,Protection,IDP/Refugee Service,Air-Launched: Plane,Aerial Bomb,Host Government: Military,Israeli Defence Forces,Protection Infrastructure,,,,,,,101613
2025-05-20,,OPT,PSE,Gaza Strip,,,censored,Protection,IDP/Refugee Service,Air-Launched: Plane,Aerial Bomb,Host Government: Military,Israeli Defence Forces,Protection Infrastructure,,,,,,,100637
2025-05-20,,OPT,PSE,Gaza Strip,,,censored,Protection,IDP/Refugee Service,Air-Launched: Plane,Aerial Bomb,Host Government: Military,Israeli Defence Forces,Protection Infrastructure,,,,,,,100638
2025-05-20,,OPT,PSE,Gaza Strip,,,censored,Protection,IDP/Refugee Service,Air-Launched: Plane,Aerial Bomb,Host Government: Military,Israeli Defence Forces,Protection Infrastructure,,,,,,,100639
2025-05-20,,OPT,PSE,Gaza Strip,,,censored,"Education, Protection","IDP/Refugee Service, Local Education Provider",Air-Launched: Plane,Aerial Bomb,Host Government: Military,Israeli Defence Forces,Education Infrastructure,,,,,,,108893
2025-05-20,,Lebanon,LBN,South Governorate,,,censored by HDX,Food Security,None,Directly-Emplaced,Hand Grenade,Foreign Forces: Military,Israeli Defence Forces,Other,,,,,,,100120
2025-05-20,,OPT,PSE,Gaza Strip,,,censored,Protection,IDP/Refugee Service,Ground-Launched,Shelling,Host Government: Military,Israeli Defence Forces,Protection Infrastructure,,,,,,,108898
2025-05-20,,OPT,PSE,Gaza Strip,,,censored,Protection,IDP/Refugee Service,Ground-Launched,Shelling,Host Government: Military,Israeli Defence Forces,Protection Infrastructure,,,,,,,108899
2025-05-20,,OPT,PSE,Gaza Strip,,,censored,"Education, Protection","IDP/Refugee Service, Local Education Provider",Air-Launched: Plane,Aerial Bomb,Host Government: Military,Israeli Defence Forces,Education Infrastructure,,,,,,,108961
2025-05-20,,OPT,PSE,Gaza Strip,,,censored,"Education, Protection","IDP/Refugee Service, Local Education Provider",Air-Launched: Drone,Aerial Bomb,Host Government: Military,Israeli Defence Forces,Education Infrastructure,,,,,,,108965
2025-05-20,,OPT,PSE,Gaza Strip,,,censored,"Health Care, Protection, Aid Operations","IDP/Refugee Service, INGO",Air-Launched: Drone,Aerial Bomb,Host Government: Military,Israeli Defence Forces,Multiple,,,,,,,99577
2025-05-20,,OPT,PSE,Gaza Strip,,,censored,Protection,IDP/Refugee Service,Ground-Launched,Artillery,Host Government: Military,Israeli Defence Forces,Protection Infrastructure,,,,,,,100806
2025-05-19,,OPT,PSE,Gaza Strip,,,censored,Protection,IDP/Refugee Service,Air-Launched: Plane,Aerial Bomb,Host Government: Military,Israeli Defence Forces,Protection Infrastructure,,,,,,,101608
2025-05-19,,OPT,PSE,Gaza Strip,,,censored,Protection,IDP/Refugee Service,Air-Launched: Plane,Aerial Bomb,Host Government: Military,Israeli Defence Forces,Protection Infrastructure,,,,,,,101609
2025-05-19,,OPT,PSE,Gaza Strip,,,censored,Health Care,Local Health Care Provider,Air-Launched: Plane,Aerial Bomb,Host Government: Military,Israeli Defence Forces,Health Infrastructure,,,,,,,101627
2025-05-19,,OPT,PSE,Gaza Strip,,,censored,Protection,IDP/Refugee Service,Air-Launched: Plane,Aerial Bomb,Host Government: Military,Israeli Defence Forces,Protection Infrastructure,,,,,,,101605
2025-05-19,,OPT,PSE,Gaza Strip,,,censored,Protection,IDP/Refugee Service,Air-Launched: Plane,Aerial Bomb,Host Government: Military,Israeli Defence Forces,Protection Infrastructure,,,,,,,101606
2025-05-19,,OPT,PSE,Gaza Strip,,,censored,Protection,IDP/Refugee Service,Air-Launched: Plane,Aerial Bomb,Host Government: Military,Israeli Defence Forces,Protection Infrastructure,,,,,,,100805
2025-05-19,,OPT,PSE,Gaza Strip,,,censored,Health Care,Local Health Care Provider,Air-Launched: Plane,Aerial Bomb,Host Government: Military,Israeli Defence Forces,Health Infrastructure,,,,,,,105026
2025-05-19,,OPT,PSE,Gaza Strip,,,censored,Protection,IDP/Refugee Service,Air-Launched: Plane,Aerial Bomb,Host Government: Military,Israeli Defence Forces,Protection Infrastructure,,,,,,,101607
2025-05-19,,OPT,PSE,Gaza Strip,,,censored,Protection,IDP/Refugee Service,Air-Launched: Plane,Aerial Bomb,Host Government: Military,Israeli Defence Forces,Protection Infrastructure,,,,,,,101604
2025-05-19,,OPT,PSE,Gaza Strip,,,censored,Protection,IDP/Refugee Service,Air-Launched: Drone,Aerial Bomb,Host Government: Military,Israeli Defence Forces,Protection Infrastructure,,,,,,,100802
2025-05-19,,OPT,PSE,Gaza Strip,,,censored,Protection,IDP/Refugee Service,Air-Launched: Plane,Aerial Bomb,Host Government: Military,Israeli Defence Forces,Protection Infrastructure,,,,,,,100804
2025-05-19,,OPT,PSE,Gaza Strip,,,censored,Health Care,Local Health Care Provider,Air-Launched: Plane,Aerial Bomb,Host Government: Military,Israeli Defence Forces,Multiple,,,,,,,105025
2025-05-19,,OPT,PSE,Gaza Strip,,,censored,"Education, Protection, Aid Operations","IDP/Refugee Service, UN Agency",Air-Launched: Plane,Aerial Bomb,Host Government: Military,Israeli Defence Forces,Education Infrastructure,,,,2,,,99586
2025-05-19,,OPT,PSE,Gaza Strip,,,censored,Food Security,None,Air-Launched: Drone,Aerial Bomb,Host Government: Military,Israeli Defence Forces,Other,,,,,,Food Supply,100108
2025-05-19,,OPT,PSE,Gaza Strip,,,censored,Protection,IDP/Refugee Service,Air-Launched: Plane,Aerial Bomb,Host Government: Military,Israeli Defence Forces,Protection Infrastructure,,,,,,,100634
2025-05-19,,OPT,PSE,Gaza Strip,,,censored,"Protection, Food Security",IDP/Refugee Service,Air-Launched: Drone,Aerial Bomb,Host Government: Military,Israeli Defence Forces,Protection Infrastructure,,,,,,Food Supply,100635
2025-05-19,,OPT,PSE,Gaza Strip,,,censored,Protection,IDP/Refugee Service,Air-Launched: Plane,Aerial Bomb,Host Government: Military,Israeli Defence Forces,Protection Infrastructure,,,,,,,100803
2025-05-19,,OPT,PSE,Gaza Strip,,,censored,Protection,IDP/Refugee Service,Ground-Launched,Shelling,Host Government: Military,Israeli Defence Forces,Protection Infrastructure,,,,,,,100636
2025-05-19,,OPT,PSE,Gaza Strip,,,censored,Health Care,Local Health Care Provider,Air-Launched: Plane,Aerial Bomb,Host Government: Military,Israeli Defence Forces,Health Infrastructure,,,,,,,101707
2025-05-18,,OPT,PSE,Gaza Strip,,,censored,Protection,IDP/Refugee Service,Ground-Launched,Shelling,Host Government: Military,Israeli Defence Forces,Protection Infrastructure,,,,,,,100630
2025-05-18,,OPT,PSE,Gaza Strip,,,censored,Protection,IDP/Refugee Service,Air-Launched: Plane,Aerial Bomb,Host Government: Military,Israeli Defence Forces,Protection Infrastructure,,,,,,,100631
2025-05-18,,OPT,PSE,Gaza Strip,,,censored,Protection,IDP/Refugee Service,Air-Launched: Plane,Aerial Bomb,Host Government: Military,Israeli Defence Forces,Protection Infrastructure,,,,,,,100633
2025-05-18,,OPT,PSE,Gaza Strip,,,censored,"Health Care, Protection, Aid Operations","IDP/Refugee Service, INGO",Ground-Launched,Artillery,Host Government: Military,Israeli Defence Forces,Health Infrastructure,,,,,,,99353
2025-05-18,,OPT,PSE,Gaza Strip,,,censored,Health Care,Local Health Care Provider,Air-Launched: Plane,Aerial Bomb,Host Government: Military,Israeli Defence Forces,Health Infrastructure,,,,,,,101628
2025-05-18,,OPT,PSE,Gaza Strip,,,censored,Protection,IDP/Refugee Service,Air-Launched: Drone,Aerial Bomb,Host Government: Military,Israeli Defence Forces,Protection Infrastructure,,,,,,,100801
2025-05-18,,OPT,PSE,Gaza Strip,,,censored,"Health Care, Aid Operations",National Red Cross Society,Air-Launched: Plane,Aerial Bomb,Host Government: Military,Israeli Defence Forces,Health Infrastructure,,,,,,,105803
2025-05-18,,OPT,PSE,Gaza Strip,,,censored,Health Care,Local Health Care Provider,Air-Launched: Plane,Aerial Bomb,Host Government: Military,Israeli Defence Forces,Health Infrastructure,,,,,,,104389
2025-05-18,,OPT,PSE,Gaza Strip,,,censored,"Health Care, Protection, Aid Operations","IDP/Refugee Service, NGO",Air-Launched: Helicopter,Cluster Bomb,Host Government: Military,Israeli Defence Forces,Multiple,,,,,,,99352
2025-05-18,,OPT,PSE,Gaza Strip,,,censored,Food Security,None,Air-Launched: Plane,Aerial Bomb,Host Government: Military,Israeli Defence Forces,Other,,,,,,Agricultural Land,100099
2025-05-18,,OPT,PSE,Gaza Strip,,,censored,Protection,IDP/Refugee Service,Air-Launched: Plane,Aerial Bomb,Host Government: Military,Israeli Defence Forces,Protection Infrastructure,,,,,,,100389
2025-05-18,,OPT,PSE,Gaza Strip,,,censored,Protection,IDP/Refugee Service,Air-Launched: Plane,Aerial Bomb,Host Government: Military,Israeli Defence Forces,Protection Infrastructure,,,,,,,100347
2025-05-18,,OPT,PSE,Gaza Strip,,,censored,Protection,IDP/Refugee Service,Ground-Launched,Shelling,Host Government: Military,Israeli Defence Forces,Protection Infrastructure,,,,,,,100346
2025-05-18,,OPT,PSE,Gaza Strip,,,censored,Protection,IDP/Refugee Service,Ground-Launched,Shelling,Host Government: Military,Israeli Defence Forces,Protection Infrastructure,,,,,,,100345
2025-05-18,,OPT,PSE,Gaza Strip,,,censored,Health Care,Local Health Care Provider,Air-Launched: Plane,Aerial Bomb,Host Government: Military,Israeli Defence Forces,Health Infrastructure,,,,,,,104397
2025-05-18,,OPT,PSE,Gaza Strip,,,censored,Health Care,Local Health Care Provider,Ground-Launched,Artillery,Host Government: Military,Israeli Defence Forces,Health Infrastructure,,,,,,,105028
2025-05-18,,OPT,PSE,Gaza Strip,,,censored,Protection,IDP/Refugee Service,Air-Launched: Plane,Aerial Bomb,Host Government: Military,Israeli Defence Forces,Protection Infrastructure,,,,,,,101603
2025-05-18,,OPT,PSE,Gaza Strip,,,censored,Protection,IDP/Refugee Service,Air-Launched: Plane,Aerial Bomb,Host Government: Military,Israeli Defence Forces,Protection Infrastructure,,,,,,,101602
2025-05-18,,OPT,PSE,Gaza Strip,,,censored,Protection,IDP/Refugee Service,Air-Launched: Plane,Aerial Bomb,Host Government: Military,Israeli Defence Forces,Protection Infrastructure,,,,,,,101601
2025-05-18,,OPT,PSE,Gaza Strip,,,censored,Protection,IDP/Refugee Service,Air-Launched: Plane,Aerial Bomb,Host Government: Military,Israeli Defence Forces,Protection Infrastructure,,,,,,,101600
2025-05-18,,OPT,PSE,Gaza Strip,,,censored,Protection,IDP/Refugee Service,Air-Launched: Plane,Aerial Bomb,Host Government: Military,Israeli Defence Forces,Protection Infrastructure,,,,,,,101599
2025-05-17,,OPT,PSE,Gaza Strip,,,censored,Protection,IDP/Refugee Service,Directly-emplaced,Unspecified Explosive,Host Government: Military,Israeli Defence Forces,Protection Infrastructure,,,,,,,100289
2025-05-17,,OPT,PSE,Gaza Strip,,,censored,Protection,IDP/Refugee Service,Air-Launched: Plane,Aerial Bomb,Host Government: Military,Israeli Defence Forces,Protection Infrastructure,,,,,,,100291
2025-05-17,,OPT,PSE,Gaza Strip,,,censored,Protection,IDP/Refugee Service,Ground-Launched,Shelling,Host Government: Military,Israeli Defence Forces,Protection Infrastructure,,,,,,,100290
2025-05-17,,OPT,PSE,Gaza Strip,,,censored,Protection,IDP/Refugee Service,Air-Launched: Drone,Aerial Bomb,Host Government: Military,Israeli Defence Forces,Protection Infrastructure,,,,,,,101196
2025-05-17,,OPT,PSE,Gaza Strip,,,censored,Protection,IDP/Refugee Service,Air-Launched: Plane,Aerial Bomb,Host Government: Military,Israeli Defence Forces,Protection Infrastructure,,,,,,,100629
2025-05-17,,OPT,PSE,Gaza Strip,,,censored,Protection,IDP/Refugee Service,Air-Launched: Plane,Aerial Bomb,Host Government: Military,Israeli Defence Forces,Protection Infrastructure,,,,,,,100628
2025-05-17,,OPT,PSE,Gaza Strip,,,censored,Protection,IDP/Refugee Service,Air-Launched: Plane,Aerial Bomb,Host Government: Military,Israeli Defence Forces,Protection Infrastructure,,,,,,,101193
2025-05-17,,OPT,PSE,Gaza Strip,,,censored,Health Care,Local Health Care Provider,Air-Launched: Plane,Aerial Bomb,Host Government: Military,Israeli Defence Forces,Health Worker,,1,,,,,107521
2025-05-17,,OPT,PSE,Gaza Strip,,,censored,Protection,IDP/Refugee Service,Air-Launched: Drone,Aerial Bomb,Host Government: Military,Israeli Defence Forces,Protection Infrastructure,,,,,,,100344
2025-05-17,,OPT,PSE,Gaza Strip,,,censored,Protection,IDP/Refugee Service,Directly-emplaced,Unspecified Explosive,Host Government: Military,Israeli Defence Forces,Protection Infrastructure,,,,,,,100341
2025-05-17,,OPT,PSE,Gaza Strip,,,censored,Protection,IDP/Refugee Service,Ground-Launched,Shelling,Host Government: Military,Israeli Defence Forces,Protection Infrastructure,,,,,,,100343
2025-05-17,,OPT,PSE,Gaza Strip,,,censored,Protection,IDP/Refugee Service,Air-Launched: Helicopter,Unspecified Explosive,Host Government: Military,Israeli Defence Forces,Protection Infrastructure,,,,,,,101192
2025-05-17,,OPT,PSE,Gaza Strip,,,censored,Protection,IDP/Refugee Service,Air-Launched: Plane,Aerial Bomb,Host Government: Military,Israeli Defence Forces,Protection Infrastructure,,,,,,,100627
2025-05-17,,OPT,PSE,Gaza Strip,,,censored,Protection,IDP/Refugee Service,Air-Launched: Plane,Aerial Bomb,Host Government: Military,Israeli Defence Forces,Protection Infrastructure,,,,,,,100544
2025-05-17,,OPT,PSE,Gaza Strip,,,censored,Protection,IDP/Refugee Service,Ground-Launched,Shelling,Host Government: Military,Israeli Defence Forces,Protection Infrastructure,,,,,,,100402
2025-05-17,,OPT,PSE,Gaza Strip,,,censored,Protection,IDP/Refugee Service,Air-Launched: Plane,Aerial Bomb,Host Government: Military,Israeli Defence Forces,Protection Infrastructure,,,,,,,101191
2025-05-17,,OPT,PSE,Gaza Strip,,,censored,Protection,IDP/Refugee Service,Air-Launched: Drone,Aerial Bomb,Host Government: Military,Israeli Defence Forces,Protection Infrastructure,,,,,,,100762
2025-05-17,,Lebanon,LBN,Nabatieh Governorate,,,censored by HDX,Health Care,Local Health Care Provider,Air-Launched: Plane,Aerial Bomb,Foreign Forces: Military,Israeli Defence Forces,Other,,,,,,,102004
2025-05-17,,OPT,PSE,Gaza Strip,,,censored,Protection,IDP/Refugee Service,Air-Launched: Plane,Aerial Bomb,Host Government: Military,Israeli Defence Forces,Protection Infrastructure,,,,,,,100342
2025-05-16,,OPT,PSE,Gaza Strip,,,censored,"Health Care, Protection, Aid Operations","IDP/Refugee Service, National Red Cross Society",Air-Launched: Plane,Aerial Bomb,Host Government: Military,Israeli Defence Forces,Health Infrastructure,,,,,,,99351
2025-05-16,,Yemen,YEM,Al Hudaydah Governorate,15.3,42.6,(2) 25 km Precision ,Food Security,None,Air-Launched: Plane,Aerial Bomb,Foreign Forces: Military,Israeli Defence Forces,Other,,,,,,,100088
2025-05-16,,Yemen,YEM,Al Hudaydah Governorate,14.8,42.9,(2) 25 km Precision ,Food Security,None,Air-Launched: Plane,Aerial Bomb,Foreign Forces: Military,Israeli Defence Forces,Other,,,,,,,100087
2025-05-16,,OPT,PSE,Gaza Strip,,,censored,Food Security,None,Air-Launched: Plane,Aerial Bomb,Host Government: Military,Israeli Defence Forces,Other,,,,,,,100084
2025-05-16,,OPT,PSE,Gaza Strip,,,censored,Health Care,Local Health Care Provider,Air-Launched: Plane,Aerial Bomb,Host Government: Military,Israeli Defence Forces,Health Infrastructure,,,,,,,99877
2025-05-16,,OPT,PSE,Gaza Strip,,,censored,Protection,IDP/Refugee Service,Ground-Launched,Shelling,Host Government: Military,Israeli Defence Forces,Protection Infrastructure,,,,,,,100395
2025-05-16,,OPT,PSE,Gaza Strip,,,censored,Protection,IDP/Refugee Service,Ground-Launched,Artillery,Host Government: Military,Israeli Defence Forces,Protection Infrastructure,,,,,,,100394
2025-05-16,,OPT,PSE,Gaza Strip,,,censored,Protection,IDP/Refugee Service,Air-Launched: Drone,Aerial Bomb,Host Government: Military,Israeli Defence Forces,Protection Infrastructure,,,,,,,101188
2025-05-16,,OPT,PSE,Gaza Strip,,,censored,Protection,IDP/Refugee Service,Air-Launched: Drone,Aerial Bomb,Host Government: Military,Israeli Defence Forces,Protection Infrastructure,,,,,,,100400
2025-05-16,,OPT,PSE,Gaza Strip,,,censored,Protection,IDP/Refugee Service,Air-Launched: Drone,Aerial Bomb,Host Government: Military,Israeli Defence Forces,Protection Infrastructure,,,,,,,100340
2025-05-16,,OPT,PSE,Gaza Strip,,,censored,Protection,IDP/Refugee Service,Air-Launched: Helicopter,Unspecified Explosive,Host Government: Military,Israeli Defence Forces,Protection Infrastructure,,,,,,,101190
2025-05-16,,OPT,PSE,Gaza Strip,,,censored,Protection,IDP/Refugee Service,Air-Launched: Plane,Aerial Bomb,Host Government: Military,Israeli Defence Forces,Protection Infrastructure,,,,,,,100398
2025-05-16,,OPT,PSE,Gaza Strip,,,censored,Protection,IDP/Refugee Service,Air-Launched: Drone,Aerial Bomb,Host Government: Military,Israeli Defence Forces,Protection Infrastructure,,,,,,,100288
2025-05-16,,OPT,PSE,Gaza Strip,,,censored,Protection,IDP/Refugee Service,Air-Launched: Plane,Aerial Bomb,Host Government: Military,Israeli Defence Forces,Protection Infrastructure,,,,,,,100399
2025-05-16,,OPT,PSE,Gaza Strip,,,censored,Protection,IDP/Refugee Service,Air-Launched: Plane,Aerial Bomb,Host Government: Military,Israeli Defence Forces,Protection Infrastructure,,,,,,,101185
2025-05-16,,OPT,PSE,Gaza Strip,,,censored,Protection,IDP/Refugee Service,Air-Launched: Plane,Aerial Bomb,Host Government: Military,Israeli Defence Forces,Protection Infrastructure,,,,,,,101187
2025-05-16,,OPT,PSE,Gaza Strip,,,censored,Protection,IDP/Refugee Service,Ground-Launched,Unspecified Explosive,Host Government: Military,Israeli Defence Forces,Protection Infrastructure,,,,,,,100287
2025-05-16,,OPT,PSE,Gaza Strip,,,censored,Protection,IDP/Refugee Service,Air-Launched: Plane,Aerial Bomb,Host Government: Military,Israeli Defence Forces,Protection Infrastructure,,,,,,,100401
2025-05-16,,OPT,PSE,Gaza Strip,,,censored,Protection,IDP/Refugee Service,Ground-Launched,Artillery,Host Government: Military,Israeli Defence Forces,Protection Infrastructure,,,,,,,101183
2025-05-16,,OPT,PSE,Gaza Strip,,,censored,Protection,IDP/Refugee Service,Air-Launched: Plane,Aerial Bomb,Host Government: Military,Israeli Defence Forces,Protection Infrastructure,,,,,,,100396
2025-05-16,,OPT,PSE,Gaza Strip,,,censored,Protection,IDP/Refugee Service,Air-Launched: Plane,Aerial Bomb,Host Government: Military,Israeli Defence Forces,Protection Infrastructure,,,,,,,101184
2025-05-15,,OPT,PSE,Gaza Strip,,,censored,Protection,IDP/Refugee Service,Air-Launched: Helicopter,Unspecified Explosive,Host Government: Military,Israeli Defence Forces,Protection Infrastructure,,,,,,,100339
2025-05-15,,OPT,PSE,Gaza Strip,,,censored,Health Care,Local Health Care Provider,Air-Launched: Plane,Aerial Bomb,Host Government: Military,Israeli Defence Forces,Health Worker,,1,,,,,107520
2025-05-15,,OPT,PSE,Gaza Strip,,,censored,Protection,IDP/Refugee Service,Air-Launched: Plane,Aerial Bomb,Host Government: Military,Israeli Defence Forces,Protection Infrastructure,,,,,,,101182
2025-05-15,,OPT,PSE,Gaza Strip,,,censored,Protection,IDP/Refugee Service,Air-Launched: Plane,Aerial Bomb,Host Government: Military,Israeli Defence Forces,Protection Infrastructure,,,,,,,101181
2025-05-15,,OPT,PSE,Gaza Strip,,,censored,Protection,IDP/Refugee Service,Air-Launched: Plane,Aerial Bomb,Host Government: Military,Israeli Defence Forces,Protection Infrastructure,,,,,,,100393
2025-05-15,,OPT,PSE,Gaza Strip,,,censored,Protection,IDP/Refugee Service,Air-Launched: Plane,Aerial Bomb,Host Government: Military,Israeli Defence Forces,Protection Infrastructure,,,,,,,100392
2025-05-15,,OPT,PSE,Gaza Strip,,,censored,Health Care,Local Health Care Provider,Air-Launched: Plane,Aerial Bomb,Host Government: Military,Israeli Defence Forces,Health Worker,,1,,,,,100387
2025-05-15,,OPT,PSE,Gaza Strip,,,censored,"Health Care, Protection","IDP/Refugee Service, Local Health Care Provider",Air-Launched: Plane,Aerial Bomb,Host Government: Military,Israeli Defence Forces,Protection Infrastructure,,1,,,,,100386
2025-05-15,,OPT,PSE,Gaza Strip,,,censored,"Health Care, Protection","IDP/Refugee Service, Local Health Care Provider",Unspecified Launch Method,Unspecified Explosive,Host Government: Military,Israeli Defence Forces,Health Infrastructure,,,,,,,100385
2025-05-15,,OPT,PSE,Gaza Strip,,,censored,Protection,IDP/Refugee Service,Air-Launched: Plane,Aerial Bomb,Host Government: Military,Israeli Defence Forces,Protection Infrastructure,,,,,,,100330
2025-05-15,,OPT,PSE,Gaza Strip,,,censored,Protection,IDP/Refugee Service,Air-Launched: Helicopter,Unspecified Explosive,Host Government: Military,Israeli Defence Forces,Protection Infrastructure,,,,,,,100286
2025-05-15,,OPT,PSE,Gaza Strip,,,censored,Food Security,None,Ground-Launched,Shelling,Host Government: Military,Israeli Defence Forces,Other,,,,,,,100081
2025-05-15,,OPT,PSE,Gaza Strip,,,censored,"Health Care, Protection, Aid Operations","IDP/Refugee Service, INGO",Air-Launched: Plane,Aerial Bomb,Host Government: Military,Israeli Defence Forces,Health Infrastructure,,,,,,,99878
2025-05-15,,OPT,PSE,Gaza Strip,,,censored,"Health Care, Protection, Aid Operations","IDP/Refugee Service, INGO",Air-Launched: Plane,Aerial Bomb,Host Government: Military,Israeli Defence Forces,Health Infrastructure,,,,,,,99350
2025-05-14,,OPT,PSE,Gaza Strip,,,censored,Protection,IDP/Refugee Service,Air-Launched: Drone,Aerial Bomb,Host Government: Military,Israeli Defence Forces,Protection Infrastructure,,,,,,,101175
2025-05-14,,OPT,PSE,Gaza Strip,,,censored,Protection,IDP/Refugee Service,Air-Launched: Plane,Aerial Bomb,Host Government: Military,Israeli Defence Forces,Protection Infrastructure,,,,,,,100366
2025-05-14,,OPT,PSE,Gaza Strip,,,censored,Protection,IDP/Refugee Service,Ground-Launched,Shelling,Host Government: Military,Israeli Defence Forces,Protection Infrastructure,,,,,,,101172
2025-05-14,,OPT,PSE,Gaza Strip,,,censored,Protection,IDP/Refugee Service,Ground-Launched,Unspecified Explosive,Host Government: Military,Israeli Defence Forces,Protection Infrastructure,,,,,,,101169
2025-05-14,,OPT,PSE,Gaza Strip,,,censored,Protection,IDP/Refugee Service,Ground-Launched,Artillery,Host Government: Military,Israeli Defence Forces,Protection Infrastructure,,,,,,,100329
2025-05-14,,OPT,PSE,Gaza Strip,,,censored,Protection,IDP/Refugee Service,Air-Launched: Plane,Aerial Bomb,Host Government: Military,Israeli Defence Forces,Protection Infrastructure,,,,,,,100390
2025-05-14,,OPT,PSE,Gaza Strip,,,censored,Protection,IDP/Refugee Service,Air-Launched: Plane,Aerial Bomb,Host Government: Military,Israeli Defence Forces,Protection Infrastructure,,,,,,,100391
2025-05-14,,OPT,PSE,Gaza Strip,,,censored,"Education, Protection, Aid Operations","IDP/Refugee Service, UN Agency",Air-Launched: Plane,Aerial Bomb,Host Government: Military,Israeli Defence Forces,Education Infrastructure,,,,,,,99349
2025-05-14,,OPT,PSE,Gaza Strip,,,censored,Health Care,Local Health Care Provider,Air-Launched: Plane,Aerial Bomb,Host Government: Military,Israeli Defence Forces,Health Infrastructure,,,,,,,101597
2025-05-14,,OPT,PSE,Gaza Strip,,,censored,Protection,IDP/Refugee Service,Ground-Launched,Artillery,Host Government: Military,Israeli Defence Forces,Protection Infrastructure,,,,,,,100269
2025-05-14,,OPT,PSE,Gaza Strip,,,censored,Protection,IDP/Refugee Service,Air-Launched: Plane,Aerial Bomb,Host Government: Military,Israeli Defence Forces,Protection Infrastructure,,,,,,,100285
2025-05-14,,OPT,PSE,Gaza Strip,,,censored,"Health Care, Protection","IDP/Refugee Service, Local Health Care Provider",Air-Launched: Plane,Aerial Bomb,Host Government: Military,Israeli Defence Forces,Protection Infrastructure,,4,,,,,101594
2025-05-14,,OPT,PSE,Gaza Strip,,,censored,Protection,IDP/Refugee Service,Air-Launched: Plane,Aerial Bomb,Host Government: Military,Israeli Defence Forces,Protection Infrastructure,,,,,,,101179
2025-05-13,,OPT,PSE,Gaza Strip,,,censored,Protection,IDP/Refugee Service,Air-Launched: Plane,Aerial Bomb,Host Government: Military,Israeli Defence Forces,Protection Infrastructure,,,,,,,100283
2025-05-13,,OPT,PSE,Gaza Strip,,,censored,Health Care,Local Health Care Provider,Air-Launched: Drone,Aerial Bomb,Host Government: Military,Israeli Defence Forces,Health Worker,,,,,,,99663
2025-05-13,,OPT,PSE,Gaza Strip,,,censored,Food Security,None,Air-Launched: Plane,Aerial Bomb,Host Government: Military,Israeli Defence Forces,Other,,,,,,Food Supply,100059
2025-05-13,,OPT,PSE,Gaza Strip,,,censored,Protection,IDP/Refugee Service,Air-Launched: Plane,Aerial Bomb,Host Government: Military,Israeli Defence Forces,Protection Infrastructure,,,,,,,101166
2025-05-13,,OPT,PSE,Gaza Strip,,,censored,Protection,IDP/Refugee Service,Air-Launched: Plane,Aerial Bomb,Host Government: Military,Israeli Defence Forces,Protection Infrastructure,,,,,,,101168
2025-05-13,,OPT,PSE,Gaza Strip,,,censored,Protection,IDP/Refugee Service,Ground-Launched,Artillery,Host Government: Military,Israeli Defence Forces,Protection Infrastructure,,,,,,,100365
2025-05-13,,OPT,PSE,Gaza Strip,,,censored,Protection,IDP/Refugee Service,Air-Launched: Plane,Aerial Bomb,Host Government: Military,Israeli Defence Forces,Protection Infrastructure,,,,,,,100364
2025-05-13,,OPT,PSE,Gaza Strip,,,censored,Health Care,Local Health Care Provider,Air-Launched: Plane,Aerial Bomb,Host Government: Military,Israeli Defence Forces,Health Infrastructure,,,,,,,99659
2025-05-13,,OPT,PSE,Gaza Strip,,,censored,"Health Care, Aid Operations","Local Health Care Provider, UN Agency",Air-Launched: Plane,Aerial Bomb,Host Government: Military,Israeli Defence Forces,Health Infrastructure,,,,,,,99662
2025-05-12,,OPT,PSE,Gaza Strip,,,censored,Protection,IDP/Refugee Service,Air-Launched: Drone,Aerial Bomb,Host Government: Military,Israeli Defence Forces,Protection Infrastructure,,,,,,,100800
2025-05-12,,OPT,PSE,Gaza Strip,,,censored,Protection,IDP/Refugee Service,Air-Launched: Plane,Aerial Bomb,Host Government: Military,Israeli Defence Forces,Protection Infrastructure,,,,,,,101165
2025-05-12,,OPT,PSE,Gaza Strip,,,censored,Protection,IDP/Refugee Service,Ground-Launched,Shelling,Host Government: Military,Israeli Defence Forces,Protection Infrastructure,,,,,,,100268
2025-05-12,,OPT,PSE,Gaza Strip,,,censored,Protection,IDP/Refugee Service,Ground-Launched,Shelling,Host Government: Military,Israeli Defence Forces,Protection Infrastructure,,,,,,,100338
2025-05-12,,OPT,PSE,Gaza Strip,,,censored,"Education, Protection","IDP/Refugee Service, Local Education Provider",Air-Launched: Plane,Aerial Bomb,Host Government: Military,Israeli Defence Forces,Education Infrastructure,,,,,,,108884
2025-05-12,,OPT,PSE,Gaza Strip,,,censored,Food Security,None,Air-Launched: Drone,Aerial Bomb,Host Government: Military,Israeli Defence Forces,Other,,,,,,Food Supply,100052
2025-05-12,,OPT,PSE,Gaza Strip,,,censored,Food Security,None,Air-Launched: No Information on Platform Type,Aerial Bomb,Host Government: Military,Israeli Defence Forces,Other,,,,,,Food Supply,100053
2025-05-12,,OPT,PSE,Gaza Strip,,,censored,"Education, Protection","IDP/Refugee Service, Local Education Provider",Ground-Launched,Artillery,Host Government: Military,Israeli Defence Forces,Education Infrastructure,,,,,,,108881
2025-05-11,,OPT,PSE,Gaza Strip,,,censored,Protection,IDP/Refugee Service,Air-Launched: Drone,Aerial Bomb,Host Government: Military,Israeli Defence Forces,Protection Infrastructure,,,,,,,101162
2025-05-11,,OPT,PSE,Gaza Strip,,,censored,Protection,IDP/Refugee Service,Air-Launched: Drone,Aerial Bomb,Host Government: Military,Israeli Defence Forces,Protection Infrastructure,,,,,,,101163
2025-05-11,,OPT,PSE,Gaza Strip,,,censored,Protection,IDP/Refugee Service,Air-Launched: Plane,Aerial Bomb,Host Government: Military,Israeli Defence Forces,Protection Infrastructure,,,,,,,101157
2025-05-11,,OPT,PSE,Gaza Strip,,,censored,Protection,IDP/Refugee Service,Ground-Launched,Artillery,Host Government: Military,Israeli Defence Forces,Protection Infrastructure,,,,,,,100328
2025-05-11,,OPT,PSE,Gaza Strip,,,censored,Protection,IDP/Refugee Service,Air-Launched: Drone,Aerial Bomb,Host Government: Military,Israeli Defence Forces,Protection Infrastructure,,,,,,,101158
2025-05-11,,OPT,PSE,Gaza Strip,,,censored,Protection,IDP/Refugee Service,Air-Launched: Drone,Aerial Bomb,Host Government: Military,Israeli Defence Forces,Protection Infrastructure,,,,,,,101160
2025-05-11,,OPT,PSE,Gaza Strip,,,censored,Protection,IDP/Refugee Service,Air-Launched: Drone,Aerial Bomb,Host Government: Military,Israeli Defence Forces,Protection Infrastructure,,,,,,,101161
2025-05-11,,OPT,PSE,Gaza Strip,,,censored,Protection,IDP/Refugee Service,Ground-Launched,Artillery,Host Government: Military,Israeli Defence Forces,Protection Infrastructure,,,,,,,100267
2025-05-10,,OPT,PSE,Gaza Strip,,,censored,Protection,IDP/Refugee Service,Air-Launched: Plane,Aerial Bomb,Host Government: Military,Israeli Defence Forces,Protection Infrastructure,,,,,,,101156
2025-05-10,,OPT,PSE,Gaza Strip,,,censored,Protection,IDP/Refugee Service,Air-Launched: Drone,Aerial Bomb,Host Government: Military,Israeli Defence Forces,Protection Infrastructure,,,,,,,100797
2025-05-10,,OPT,PSE,Gaza Strip,,,censored,"Education, Protection","IDP/Refugee Service, Local Education Provider",Air-Launched: Plane,Aerial Bomb,Host Government: Military,Israeli Defence Forces,Education Infrastructure,,,,,,,107497
2025-05-10,,OPT,PSE,Gaza Strip,,,censored,Protection,IDP/Refugee Service,Air-Launched: Plane,Aerial Bomb,Host Government: Military,Israeli Defence Forces,Protection Infrastructure,,,,,,,100796
2025-05-09,,OPT,PSE,Gaza Strip,,,censored,"Health Care, Protection, Aid Operations","IDP/Refugee Service, UN Agency",Air-Launched: Plane,Aerial Bomb,Host Government: Military,Israeli Defence Forces,Health Infrastructure,,,,,,,99047
2025-05-08,,OPT,PSE,Gaza Strip,,,censored,Food Security,None,Ground-Launched,Unspecified Explosive,Host Government: Military,Israeli Defence Forces,Other,,,,,,Food Production and Storage,100026
2025-05-08,,OPT,PSE,Gaza Strip,,,censored,Protection,IDP/Refugee Service,Ground-Launched,Shelling,Host Government: Military,Israeli Defence Forces,Protection Infrastructure,,,,,,,100284
2025-05-08,,OPT,PSE,Gaza Strip,,,censored,Protection,IDP/Refugee Service,Air-Launched: Drone,Aerial Bomb,Host Government: Military,Israeli Defence Forces,Protection Infrastructure,,,,,,,100778
2025-05-08,,Lebanon,LBN,Nabatieh Governorate,,,censored by HDX,"Education, Health Care","Local Education Provider, Local Health Care Provider",Air-Launched: Plane,Aerial Bomb,Foreign Forces: Military,Israeli Defence Forces,Other,,,,,,,100256
2025-05-08,,OPT,PSE,Gaza Strip,,,censored,Protection,IDP/Refugee Service,Ground-Launched,Shelling,Host Government: Military,Israeli Defence Forces,Protection Infrastructure,,,,,,,101149
2025-05-08,,OPT,PSE,Gaza Strip,,,censored,Protection,IDP/Refugee Service,Air-Launched: Plane,Aerial Bomb,Host Government: Military,Israeli Defence Forces,Protection Infrastructure,,,,,,,101151
2025-05-08,,OPT,PSE,Gaza Strip,,,censored,Protection,IDP/Refugee Service,Air-Launched: Plane,Aerial Bomb,Host Government: Military,Israeli Defence Forces,Protection Infrastructure,,,,,,,101153
2025-05-08,,OPT,PSE,Gaza Strip,,,censored,Protection,IDP/Refugee Service,Air-Launched: Plane,Aerial Bomb,Host Government: Military,Israeli Defence Forces,Protection Infrastructure,,,,,,,101154
2025-05-08,,OPT,PSE,Gaza Strip,,,censored,Protection,IDP/Refugee Service,Ground-Launched,Shelling,Host Government: Military,Israeli Defence Forces,Protection Infrastructure,,,,,,,100363
2025-05-08,,OPT,PSE,Gaza Strip,,,censored,"Health Care, Aid Operations",Government Aid Agency,Unspecified Launch Method,Unspecified Explosive,Host Government: Military,Israeli Defence Forces,Health Worker,,,,,,,99657
2025-05-08,,OPT,PSE,Gaza Strip,,,censored,Protection,IDP/Refugee Service,Air-Launched: Plane,Aerial Bomb,Host Government: Military,Israeli Defence Forces,Protection Infrastructure,,,,,,,100265
2025-05-08,,OPT,PSE,Gaza Strip,,,censored,Food Security,None,Air-Launched: Plane,Aerial Bomb,Host Government: Military,Israeli Defence Forces,Other,,,,,,,100027
2025-05-07,,OPT,PSE,Gaza Strip,,,censored,Protection,IDP/Refugee Service,Air-Launched: Plane,Aerial Bomb,Host Government: Military,Israeli Defence Forces,Protection Infrastructure,,,,,,,101148
2025-05-07,,OPT,PSE,Gaza Strip,,,censored,Protection,IDP/Refugee Service,Air-Launched: Drone,Aerial Bomb,Host Government: Military,Israeli Defence Forces,Protection Infrastructure,,,,,,,101140
2025-05-07,,OPT,PSE,Gaza Strip,,,censored,"Education, Protection","IDP/Refugee Service, Local Education Provider",Air-Launched: Plane,Aerial Bomb,Host Government: Military,Israeli Defence Forces,Education Infrastructure,,,,,,,107496
2025-05-07,,OPT,PSE,Gaza Strip,,,censored,"Health Care, Aid Operations",INGO,Air-Launched: Plane,Aerial Bomb,Host Government: Military,Israeli Defence Forces,Health Infrastructure,,,,,,,98562
2025-05-07,,OPT,PSE,Gaza Strip,,,censored,"Health Care, Protection, Aid Operations","IDP/Refugee Service, NGO",Air-Launched: Plane,Aerial Bomb,Host Government: Military,Israeli Defence Forces,Health Worker,,,1,,,,99229
2025-05-07,,OPT,PSE,Gaza Strip,,,censored,Health Care,Local Health Care Provider,Air-Launched: Plane,Aerial Bomb,Host Government: Military,Israeli Defence Forces,Health Worker,,1,,,,,105164
2025-05-07,,OPT,PSE,Gaza Strip,,,censored,Food Security,None,Air-Launched: Drone,Aerial Bomb,Host Government: Military,Israeli Defence Forces,Other,,,,,,Food Supply,100012
2025-05-07,,OPT,PSE,Gaza Strip,,,censored,Food Security,None,Air-Launched: Plane,Aerial Bomb,Host Government: Military,Israeli Defence Forces,Other,,,,,,Food Supply,100013
2025-05-07,,OPT,PSE,Gaza Strip,,,censored,Protection,IDP/Refugee Service,Air-Launched: Plane,Aerial Bomb,Host Government: Military,Israeli Defence Forces,Protection Infrastructure,,,,,,,100282
2025-05-07,,OPT,PSE,Gaza Strip,,,censored,Food Security,None,Air-Launched: Plane,Aerial Bomb,Host Government: Military,Israeli Defence Forces,Other,,,,,,Agricultural Land,100014
2025-05-07,,OPT,PSE,Gaza Strip,,,censored,Protection,IDP/Refugee Service,Air-Launched: Drone,Aerial Bomb,Host Government: Military,Israeli Defence Forces,Protection Infrastructure,,,,,,,100281
2025-05-06,,OPT,PSE,Gaza Strip,,,censored,Protection,IDP/Refugee Service,Air-Launched: Plane,Aerial Bomb,Host Government: Military,Israeli Defence Forces,Protection Infrastructure,,,,,,,101137
2025-05-06,,OPT,PSE,Gaza Strip,,,censored,Protection,IDP/Refugee Service,Air-Launched: Drone,Aerial Bomb,Host Government: Military,Israeli Defence Forces,Protection Infrastructure,,,,,,,101138
2025-05-06,,OPT,PSE,Gaza Strip,,,censored,Protection,IDP/Refugee Service,Unspecified Launch Method,Missile,Host Government: Military,Israeli Defence Forces,Protection Infrastructure,,,,,,,101139
2025-05-06,,OPT,PSE,Gaza Strip,,,censored,Health Care,Local Health Care Provider,Air-Launched: Drone,Unspecified Explosive,Host Government: Military,Israeli Defence Forces,Health Infrastructure,,,,,,,99864
2025-05-06,,OPT,PSE,Gaza Strip,,,censored,Protection,IDP/Refugee Service,Air-Launched: Plane,Aerial Bomb,Host Government: Military,Israeli Defence Forces,Protection Infrastructure,,,,,,,100337
2025-05-06,,OPT,PSE,Gaza Strip,,,censored,Food Security,None,Ground-Launched,Unspecified Explosive,Host Government: Military,Israeli Defence Forces,Other,,,,,,,99998
2025-05-06,,OPT,PSE,Gaza Strip,,,censored,Protection,IDP/Refugee Service,Ground-Launched,Shelling,Host Government: Military,Israeli Defence Forces,Protection Infrastructure,,,,,,,100263
2025-05-06,,OPT,PSE,Gaza Strip,,,censored,"Education, Protection","IDP/Refugee Service, Local Education Provider",Air-Launched: Plane,Aerial Bomb,Host Government: Military,Israeli Defence Forces,Education Infrastructure,,,,,,,100261
2025-05-06,,OPT,PSE,Gaza Strip,,,censored,"Education, Protection","IDP/Refugee Service, Local Education Provider",Unspecified Launch Method,Unspecified Explosive,Host Government: Military,Israeli Defence Forces,Education Infrastructure,,,,,,,107495
2025-05-05,,OPT,PSE,Gaza Strip,,,censored,Food Security,None,Ground-Launched,Artillery,Host Government: Military,Israeli Defence Forces,Other,,,,,,Water Structures,99984
2025-05-05,,OPT,PSE,Gaza Strip,,,censored,Protection,IDP/Refugee Service,Air-Launched: Plane,Aerial Bomb,Host Government: Military,Israeli Defence Forces,Protection Infrastructure,,,,,,,100771
2025-05-05,,OPT,PSE,Gaza Strip,,,censored,Food Security,None,Ground-Launched,Artillery,Host Government: Military,Israeli Defence Forces,Other,,,,,,,99983
2025-05-05,,OPT,PSE,Gaza Strip,,,censored,Food Security,None,Air-Launched: Plane,Aerial Bomb,Host Government: Military,Israeli Defence Forces,Other,,,,,,,99977
2025-05-05,,OPT,PSE,Gaza Strip,,,censored,Protection,IDP/Refugee Service,Air-Launched: Plane,Aerial Bomb,Host Government: Military,Israeli Defence Forces,Protection Infrastructure,,,,,,,100775
2025-05-05,,OPT,PSE,Gaza Strip,,,censored,Protection,IDP/Refugee Service,Air-Launched: Plane,Aerial Bomb,Host Government: Military,Israeli Defence Forces,Protection Infrastructure,,,,,,,100777
2025-05-05,,OPT,PSE,Gaza Strip,,,censored,Health Care,Local Health Care Provider,Air-Launched: Plane,Aerial Bomb,Host Government: Military,Israeli Defence Forces,Health Worker,,2,,,,,99226
2025-05-05,,OPT,PSE,Gaza Strip,,,censored,Protection,IDP/Refugee Service,Air-Launched: Plane,Aerial Bomb,Host Government: Military,Israeli Defence Forces,Protection Infrastructure,,,,,,,100280
2025-05-04,,OPT,PSE,Gaza Strip,,,censored,Protection,IDP/Refugee Service,Air-Launched: Plane,Aerial Bomb,Host Government: Military,Israeli Defence Forces,Protection Infrastructure,,,,,,,100770
2025-05-04,,OPT,PSE,Gaza Strip,,,censored,Protection,IDP/Refugee Service,Air-Launched: Plane,Aerial Bomb,Host Government: Military,Israeli Defence Forces,Protection Infrastructure,,,,,,,101136
2025-05-04,,OPT,PSE,Gaza Strip,,,censored,Protection,IDP/Refugee Service,Air-Launched: Plane,Aerial Bomb,Host Government: Military,Israeli Defence Forces,Protection Infrastructure,,,,,,,101135
2025-05-04,,OPT,PSE,Gaza Strip,,,censored,Food Security,None,Air-Launched: Plane,Rocket,Host Government: Military,Israeli Defence Forces,Other,,,,,,,99968
2025-05-04,,OPT,PSE,Gaza Strip,,,censored,Protection,IDP/Refugee Service,Air-Launched: Plane,Aerial Bomb,Host Government: Military,Israeli Defence Forces,Protection Infrastructure,,,,,,,101134
2025-05-03,,OPT,PSE,Gaza Strip,,,censored,Protection,IDP/Refugee Service,Air-Launched: Plane,Aerial Bomb,Host Government: Military,Israeli Defence Forces,Protection Infrastructure,,,,,,,101130
2025-05-03,,OPT,PSE,Gaza Strip,,,censored,Protection,IDP/Refugee Service,Air-Launched: Plane,Aerial Bomb,Host Government: Military,Israeli Defence Forces,Protection Infrastructure,,,,,,,101131
2025-05-03,,OPT,PSE,Gaza Strip,,,censored,Protection,IDP/Refugee Service,Air-Launched: Plane,Aerial Bomb,Host Government: Military,Israeli Defence Forces,Protection Infrastructure,,,,,,,101132
2025-05-03,,OPT,PSE,Gaza Strip,,,censored,Protection,IDP/Refugee Service,Air-Launched: Plane,Aerial Bomb,Host Government: Military,Israeli Defence Forces,Protection Infrastructure,,,,,,,101133
2025-05-03,,OPT,PSE,Gaza Strip,,,censored,Protection,IDP/Refugee Service,Ground-Launched,Shelling,Host Government: Military,Israeli Defence Forces,Protection Infrastructure,,,,,,,100362
2025-05-03,,OPT,PSE,Gaza Strip,,,censored,Food Security,None,Ground-Launched,Unspecified Explosive,Host Government: Military,Israeli Defence Forces,Other,,,,,,,99960
2025-05-02,,OPT,PSE,Gaza Strip,,,censored,Protection,IDP/Refugee Service,Ground-Launched,Artillery,Host Government: Military,Israeli Defence Forces,Protection Infrastructure,,,,,,,108897
2025-05-02,,OPT,PSE,Gaza Strip,,,censored,Protection,IDP/Refugee Service,Air-Launched: Drone,Aerial Bomb,Host Government: Military,Israeli Defence Forces,Protection Infrastructure,,,,,,,101129
2025-05-02,,OPT,PSE,Gaza Strip,,,censored,Protection,IDP/Refugee Service,Air-Launched: Drone,Aerial Bomb,Host Government: Military,Israeli Defence Forces,Protection Infrastructure,,,,,,,101128
2025-05-02,,OPT,PSE,Gaza Strip,,,censored,Protection,IDP/Refugee Service,Air-Launched: Plane,Aerial Bomb,Host Government: Military,Israeli Defence Forces,Protection Infrastructure,,,,,,,100258
2025-05-02,,OPT,PSE,Gaza Strip,,,censored,Food Security,None,Air-Launched: Plane,Aerial Bomb,Host Government: Military,Israeli Defence Forces,Other,,,,,,Agricultural Land,99949
2025-05-02,,OPT,PSE,Gaza Strip,,,censored,Food Security,None,Ground-Launched,Shelling,Host Government: Military,Israeli Defence Forces,Other,,,,,,Food Production and Storage,99950
2025-05-02,,Syria,SYR,As-Suweida Governorate,32.6,36.5,(2) 25 km Precision ,Food Security,None,Air-Launched: Drone,Aerial Bomb,Foreign Forces: Military,Israeli Defence Forces,Other,,,,,,,99952
2025-05-02,,OPT,PSE,Gaza Strip,,,censored,Food Security,None,Air-Launched: Plane,Aerial Bomb,Host Government: Military,Israeli Defence Forces,Other,,,,,,Agricultural Land,99951
2025-05-02,,OPT,PSE,Gaza Strip,,,censored,Protection,IDP/Refugee Service,Air-Launched: Plane,Aerial Bomb,Host Government: Military,Israeli Defence Forces,Protection Infrastructure,,,,,,,100260
2025-05-01,,OPT,PSE,Gaza Strip,,,censored,Protection,IDP/Refugee Service,Air-Launched: Plane,Aerial Bomb,Host Government: Military,Israeli Defence Forces,Protection Infrastructure,,,,,,,101074
2025-05-01,,OPT,PSE,Gaza Strip,,,censored,Protection,IDP/Refugee Service,Ground-Launched,Shelling,Host Government: Military,Israeli Defence Forces,Protection Infrastructure,,,,,,,100336
2025-05-01,,OPT,PSE,Gaza Strip,,,censored,Protection,IDP/Refugee Service,Ground-Launched,Shelling,Host Government: Military,Israeli Defence Forces,Protection Infrastructure,,,,,,,100360
2025-05-01,,Lebanon,LBN,Nabatieh Governorate,,,censored by HDX,Food Security,None,Ground-Launched,Artillery,Foreign Forces: Military,Israeli Defence Forces,Other,,,,,,,99937
2025-05-01,,OPT,PSE,Gaza Strip,,,censored,Food Security,None,Air-Launched: Drone,Aerial Bomb,Host Government: Military,Israeli Defence Forces,Other,,,,,,,99942
2025-05-01,,OPT,PSE,Gaza Strip,,,censored,Food Security,None,None,Artillery,Host Government: Military,Israeli Defence Forces,Other,,,,,,,99943
2025-05-01,,OPT,PSE,Gaza Strip,,,censored,Food Security,None,Air-Launched: Plane,Aerial Bomb,Host Government: Military,Israeli Defence Forces,Other,,,,,,,99944
2025-04-30,,OPT,PSE,Gaza Strip,,,censored,Food Security,None,Ground-Launched,Unspecified Explosive,Host Government: Military,Israeli Defence Forces,Other,,,,,,Food Production and Storage,99931
2025-04-30,,OPT,PSE,Gaza Strip,,,censored,Protection,IDP/Refugee Service,Air-Launched: Plane,Aerial Bomb,Host Government: Military,Israeli Defence Forces,Protection Infrastructure,,,,,,,100769
2025-04-30,,OPT,PSE,Gaza Strip,,,censored,Protection,IDP/Refugee Service,Ground-Launched,Artillery,Host Government: Military,Israeli Defence Forces,Protection Infrastructure,,,,,,,100333
2025-04-30,,OPT,PSE,Gaza Strip,,,censored,Protection,IDP/Refugee Service,Air-Launched: Plane,Aerial Bomb,Host Government: Military,Israeli Defence Forces,Protection Infrastructure,,,,,,,101073
2025-04-30,,OPT,PSE,Gaza Strip,,,censored,Protection,IDP/Refugee Service,Ground-Launched,Artillery,Host Government: Military,Israeli Defence Forces,Protection Infrastructure,,,,,,,101072
2025-04-30,,OPT,PSE,Gaza Strip,,,censored,Protection,IDP/Refugee Service,Air-Launched: Plane,Aerial Bomb,Host Government: Military,Israeli Defence Forces,Protection Infrastructure,,,,,,,100357
2025-04-30,,OPT,PSE,Gaza Strip,,,censored,Protection,IDP/Refugee Service,Air-Launched: Plane,Aerial Bomb,Host Government: Military,Israeli Defence Forces,Protection Infrastructure,,,,,,,98721
2025-04-30,,OPT,PSE,Gaza Strip,,,censored,Protection,IDP/Refugee Service,Unspecified Launch Method,Unspecified Explosive,Host Government: Military,Israeli Defence Forces,Protection Infrastructure,,,,,,,108896
2025-04-29,,OPT,PSE,Gaza Strip,,,censored,Protection,IDP/Refugee Service,Air-Launched: Plane,Aerial Bomb,Host Government: Military,Israeli Defence Forces,Protection Infrastructure,,,,,,,100264
2025-04-29,,OPT,PSE,Gaza Strip,,,censored,Protection,IDP/Refugee Service,Ground-Launched,Shelling,Host Government: Military,Israeli Defence Forces,Protection Infrastructure,,,,,,,100251
2025-04-29,,OPT,PSE,Gaza Strip,,,censored,Food Security,None,Air-Launched: Drone,Aerial Bomb,Host Government: Military,Israeli Defence Forces,Other,,,,,,Food Supply,99915
2025-04-29,,OPT,PSE,Gaza Strip,,,censored,Food Security,None,Ground-Launched,Shelling,Host Government: Military,Israeli Defence Forces,Other,,,,,,Agricultural Land,99916
2025-04-29,,OPT,PSE,Gaza Strip,,,censored,Protection,IDP/Refugee Service,Air-Launched: Plane,Aerial Bomb,Host Government: Military,Israeli Defence Forces,Protection Infrastructure,,,,,,,98468
2025-04-29,,OPT,PSE,Gaza Strip,,,censored,Protection,IDP/Refugee Service,Air-Launched: Drone,Aerial Bomb,Host Government: Military,Israeli Defence Forces,Protection Infrastructure,,,,,,,100257
2025-04-29,,OPT,PSE,Gaza Strip,,,censored,Protection,IDP/Refugee Service,Air-Launched: Plane,Aerial Bomb,Host Government: Military,Israeli Defence Forces,Protection Infrastructure,,,,,,,101071
2025-04-29,,OPT,PSE,Gaza Strip,,,censored,Protection,IDP/Refugee Service,Air-Launched: Plane,Aerial Bomb,Host Government: Military,Israeli Defence Forces,Protection Infrastructure,,,,,,,99258
2025-04-29,,OPT,PSE,Gaza Strip,,,censored,Protection,IDP/Refugee Service,Air-Launched: Drone,Aerial Bomb,Host Government: Military,Israeli Defence Forces,Protection Infrastructure,,,,,,,100768
2025-04-28,,OPT,PSE,Gaza Strip,,,censored,Protection,IDP/Refugee Service,Air-Launched: Plane,Aerial Bomb,Host Government: Military,Israeli Defence Forces,Protection Infrastructure,,,,,,,99257
2025-04-28,,OPT,PSE,Gaza Strip,,,censored,Aid Operations,NGO,Unspecified Launch Method,Unspecified Explosive,Host Government: Military,Israeli Defence Forces,Food Infrastructure,,,,,,,96367
2025-04-28,,OPT,PSE,Gaza Strip,,,censored,Protection,IDP/Refugee Service,Ground-Launched,Artillery,Host Government: Military,Israeli Defence Forces,Protection Infrastructure,,,,,,,108895
2025-04-28,,OPT,PSE,Gaza Strip,,,censored,Protection,IDP/Refugee Service,Air-Launched: Plane,Aerial Bomb,Host Government: Military,Israeli Defence Forces,Protection Infrastructure,,,,,,,100327
2025-04-28,,OPT,PSE,Gaza Strip,,,censored,Protection,IDP/Refugee Service,Air-Launched: Plane,Aerial Bomb,Host Government: Military,Israeli Defence Forces,Protection Infrastructure,,,,,,,101069
2025-04-28,,OPT,PSE,Gaza Strip,,,censored,Protection,IDP/Refugee Service,Air-Launched: Plane,Aerial Bomb,Host Government: Military,Israeli Defence Forces,Protection Infrastructure,,,,,,,101070
2025-04-28,,OPT,PSE,Gaza Strip,,,censored,Health Care,Local Health Care Provider,Air-Launched: Plane,Aerial Bomb,Host Government: Military,Israeli Defence Forces,Health Infrastructure,,,,,,,99863
2025-04-28,,OPT,PSE,Gaza Strip,,,censored,Protection,IDP/Refugee Service,Ground-Launched,Shelling,Host Government: Military,Israeli Defence Forces,Protection Infrastructure,,,,,,,100766
2025-04-28,,OPT,PSE,Gaza Strip,,,censored,Protection,IDP/Refugee Service,Air-Launched: Plane,Aerial Bomb,Host Government: Military,Israeli Defence Forces,Protection Infrastructure,,,,,,,98467
2025-04-28,,OPT,PSE,Gaza Strip,,,censored,Protection,IDP/Refugee Service,Air-Launched: Plane,Aerial Bomb,Host Government: Military,Israeli Defence Forces,Protection Infrastructure,,,,,,,109026
2025-04-28,,OPT,PSE,Gaza Strip,,,censored,Protection,IDP/Refugee Service,Ground-Launched,Artillery,Host Government: Military,Israeli Defence Forces,Protection Infrastructure,,,,,,,109027
2025-04-27,,OPT,PSE,Gaza Strip,,,censored,Protection,IDP/Refugee Service,Air-Launched: Plane,Aerial Bomb,Host Government: Military,Israeli Defence Forces,Protection Infrastructure,,,,,,,100250
2025-04-27,,OPT,PSE,Gaza Strip,,,censored,Protection,IDP/Refugee Service,Air-Launched: Drone,Aerial Bomb,Host Government: Military,Israeli Defence Forces,Protection Infrastructure,,,,,,,99255
2025-04-27,,OPT,PSE,Gaza Strip,,,censored,Protection,IDP/Refugee Service,Air-Launched: Plane,Aerial Bomb,Host Government: Military,Israeli Defence Forces,Protection Infrastructure,,,,,,,108894
2025-04-27,,OPT,PSE,Gaza Strip,,,censored,Protection,IDP/Refugee Service,Air-Launched: Drone,Aerial Bomb,Host Government: Military,Israeli Defence Forces,Protection Infrastructure,,,,,,,101062
2025-04-27,,OPT,PSE,Gaza Strip,,,censored,Food Security,None,Air-Launched: Plane,Aerial Bomb,Host Government: Military,Israeli Defence Forces,Other,,,,,,Agricultural Land,99906
2025-04-27,,OPT,PSE,Gaza Strip,,,censored,Food Security,None,Directly-Emplaced,SVIED,Host Government: Military,Israeli Defence Forces,Other,,,,,,Food Production and Storage,99905
2025-04-27,,Lebanon,LBN,Nabatieh Governorate,,,censored by HDX,Food Security,None,Air-Launched: Drone,Aerial Bomb,Foreign Forces: Military,Israeli Defence Forces,Other,,,,,,Food Production and Storage,99901
2025-04-27,,OPT,PSE,Gaza Strip,,,censored,Protection,IDP/Refugee Service,Air-Launched: Plane,Aerial Bomb,Host Government: Military,Israeli Defence Forces,Protection Infrastructure,,,,,,,100326
2025-04-27,,OPT,PSE,Gaza Strip,,,censored,Protection,IDP/Refugee Service,Air-Launched: Plane,Aerial Bomb,Host Government: Military,Israeli Defence Forces,Protection Infrastructure,,,,,,,101068
2025-04-27,,OPT,PSE,Gaza Strip,,,censored,Protection,IDP/Refugee Service,Air-Launched: Plane,Aerial Bomb,Host Government: Military,Israeli Defence Forces,Protection Infrastructure,,,,,,,99256
2025-04-27,,OPT,PSE,Gaza Strip,,,censored,Protection,IDP/Refugee Service,Air-Launched: Plane,Aerial Bomb,Host Government: Military,Israeli Defence Forces,Protection Infrastructure,,,,,,,101063
2025-04-27,,OPT,PSE,Gaza Strip,,,censored,Food Security,None,Air-Launched: Plane,Aerial Bomb,Host Government: Military,Israeli Defence Forces,Other,,,,,,,99907
2025-04-27,,OPT,PSE,Gaza Strip,,,censored,Protection,IDP/Refugee Service,Air-Launched: Plane,Aerial Bomb,Host Government: Military,Israeli Defence Forces,Protection Infrastructure,,,,,,,100279
2025-04-26,,OPT,PSE,Gaza Strip,,,censored,Food Security,None,Ground-Launched,Unspecified Explosive,Host Government: Military,Israeli Defence Forces,Other,,,,,,Food Production and Storage,99892
2025-04-26,,OPT,PSE,Gaza Strip,,,censored,Food Security,None,Air-Launched: Drone,Aerial Bomb,Host Government: Military,Israeli Defence Forces,Other,,,,,,Food Production and Storage,99891
2025-04-26,,OPT,PSE,Gaza Strip,,,censored,Food Security,None,Ground-Launched,Unspecified Explosive,Host Government: Military,Israeli Defence Forces,Other,,,,,,Food Production and Storage,99890
2025-04-26,,OPT,PSE,Gaza Strip,,,censored,Protection,IDP/Refugee Service,Air-Launched: Plane,Aerial Bomb,Host Government: Military,Israeli Defence Forces,Protection Infrastructure,,,,,,,100249
2025-04-26,,OPT,PSE,Gaza Strip,,,censored,Protection,IDP/Refugee Service,Air-Launched: Plane,Aerial Bomb,Host Government: Military,Israeli Defence Forces,Protection Infrastructure,,,,,,,100278
2025-04-26,,OPT,PSE,Gaza Strip,,,censored,Protection,IDP/Refugee Service,Ground-Launched,Shelling,Host Government: Military,Israeli Defence Forces,Protection Infrastructure,,,,,,,100248
2025-04-26,,OPT,PSE,Gaza Strip,,,censored,Protection,IDP/Refugee Service,Air-Launched: Plane,Aerial Bomb,Host Government: Military,Israeli Defence Forces,Protection Infrastructure,,,,,,,100356
2025-04-26,,OPT,PSE,Gaza Strip,,,censored,Protection,IDP/Refugee Service,Air-Launched: Plane,Aerial Bomb,Host Government: Military,Israeli Defence Forces,Protection Infrastructure,,,,,,,101060
2025-04-26,,OPT,PSE,Gaza Strip,,,censored,Protection,IDP/Refugee Service,Ground-Launched,Shelling,Host Government: Military,Israeli Defence Forces,Protection Infrastructure,,,,,,,100794
2025-04-26,,OPT,PSE,Gaza Strip,,,censored,Protection,IDP/Refugee Service,Air-Launched: Plane,Aerial Bomb,Host Government: Military,Israeli Defence Forces,Protection Infrastructure,,,,,,,100325
2025-04-25,,OPT,PSE,Gaza Strip,,,censored,"Education, Protection","IDP/Refugee Service, Local Education Provider",Air-Launched: Plane,Aerial Bomb,Host Government: Military,Israeli Defence Forces,Education Infrastructure,,,,,,,99151
2025-04-25,,OPT,PSE,Gaza Strip,,,censored,Protection,IDP/Refugee Service,Air-Launched: Plane,Aerial Bomb,Host Government: Military,Israeli Defence Forces,Protection Infrastructure,,,,,,,99254
2025-04-25,,OPT,PSE,Gaza Strip,,,censored,Protection,IDP/Refugee Service,Air-Launched: Drone,Aerial Bomb,Host Government: Military,Israeli Defence Forces,Protection Infrastructure,,,,,,,98403
2025-04-25,,OPT,PSE,Gaza Strip,,,censored,Education,Local Education Provider,Air-Launched: Drone,Aerial Bomb,Host Government: Military,Israeli Defence Forces,Education Infrastructure,,,,,,,99067
2025-04-25,,OPT,PSE,Gaza Strip,,,censored,Protection,IDP/Refugee Service,Air-Launched: Plane,Aerial Bomb,Host Government: Military,Israeli Defence Forces,Protection Infrastructure,,,,,,,99253
2025-04-25,,OPT,PSE,Gaza Strip,,,censored,Protection,IDP/Refugee Service,Ground-Launched,Shelling,Host Government: Military,Israeli Defence Forces,Protection Infrastructure,,,,,,,98389
2025-04-25,,OPT,PSE,Gaza Strip,,,censored,Food Security,None,Air-Launched: Drone,Aerial Bomb,Host Government: Military,Israeli Defence Forces,Other,,,,,,,95729
2025-04-24,,OPT,PSE,Gaza Strip,,,censored,Protection,IDP/Refugee Service,Ground-Launched,Shelling,Host Government: Military,Israeli Defence Forces,Protection Infrastructure,,,,,,,98388
2025-04-24,,OPT,PSE,Gaza Strip,,,censored,"Health Care, Protection","IDP/Refugee Service, Local Health Care Provider",Air-Launched: Plane,Aerial Bomb,Host Government: Military,Israeli Defence Forces,Protection Infrastructure,,1,,,,,97274
2025-04-24,,Lebanon,LBN,Nabatieh Governorate,,,censored by HDX,"Health Care, Aid Operations",Government Aid Agency,Air-Launched: Drone,Aerial Bomb,Foreign Forces: Military,Israeli Defence Forces,Health Infrastructure,,,,,,,98464
2025-04-24,,OPT,PSE,Gaza Strip,,,censored,"Protection, Food Security",IDP/Refugee Service,Air-Launched: Plane,Aerial Bomb,Host Government: Military,Israeli Defence Forces,Protection Infrastructure,,,,,,Food Supply,98465
2025-04-24,,OPT,PSE,Gaza Strip,,,censored,Protection,IDP/Refugee Service,Air-Launched: Plane,Aerial Bomb,Host Government: Military,Israeli Defence Forces,Protection Infrastructure,,,,,,,99252
2025-04-24,,OPT,PSE,Gaza Strip,,,censored,Protection,IDP/Refugee Service,Air-Launched: Plane,Aerial Bomb,Host Government: Military,Israeli Defence Forces,Protection Infrastructure,,,,,,,98466
2025-04-24,,OPT,PSE,Gaza Strip,,,censored,Food Security,None,Directly-Emplaced,SVIED,Host Government: Military,Israeli Defence Forces,Other,,,,,,,95721
2025-04-24,,OPT,PSE,Gaza Strip,,,censored,Protection,IDP/Refugee Service,Air-Launched: Plane,Aerial Bomb,Host Government: Military,Israeli Defence Forces,Protection Infrastructure,,,,,,,98480
2025-04-24,,OPT,PSE,Gaza Strip,,,censored,Protection,IDP/Refugee Service,Air-Launched: Plane,Aerial Bomb,Host Government: Military,Israeli Defence Forces,Protection Infrastructure,,,,,,,98481
2025-04-24,,OPT,PSE,Gaza Strip,,,censored,Protection,IDP/Refugee Service,Air-Launched: Plane,Aerial Bomb,Host Government: Military,Israeli Defence Forces,Protection Infrastructure,,,,,,,98482
2025-04-24,,OPT,PSE,Gaza Strip,,,censored,Protection,IDP/Refugee Service,Air-Launched: Plane,Aerial Bomb,Host Government: Military,Israeli Defence Forces,Protection Infrastructure,,,,,,,98402
2025-04-24,,OPT,PSE,Gaza Strip,,,censored,Food Security,None,Air-Launched: Plane,Aerial Bomb,Host Government: Military,Israeli Defence Forces,Other,,,,,,Food Supply,95720
2025-04-24,,OPT,PSE,Gaza Strip,,,censored,Protection,IDP/Refugee Service,Air-Launched: Plane,Aerial Bomb,Host Government: Military,Israeli Defence Forces,Protection Infrastructure,,,,,,,99149
2025-04-24,,OPT,PSE,Gaza Strip,,,censored,Protection,IDP/Refugee Service,Air-Launched: Plane,Aerial Bomb,Host Government: Military,Israeli Defence Forces,Protection Infrastructure,,,,,,,99150
2025-04-23,,OPT,PSE,Gaza Strip,,,censored,Protection,IDP/Refugee Service,Air-Launched: Plane,Aerial Bomb,Host Government: Military,Israeli Defence Forces,Protection Infrastructure,,,,,,,97273
2025-04-23,,OPT,PSE,Gaza Strip,,,censored,Protection,IDP/Refugee Service,Air-Launched: Plane,Aerial Bomb,Host Government: Military,Israeli Defence Forces,Protection Infrastructure,,,,,,,99145
2025-04-23,,OPT,PSE,Gaza Strip,,,censored,Protection,IDP/Refugee Service,Air-Launched: Drone,Aerial Bomb,Host Government: Military,Israeli Defence Forces,Protection Infrastructure,,,,,,,99146
2025-04-23,,OPT,PSE,Gaza Strip,,,censored,Protection,IDP/Refugee Service,Air-Launched: Plane,Aerial Bomb,Host Government: Military,Israeli Defence Forces,Protection Infrastructure,,,,,,,99147
2025-04-23,,OPT,PSE,Gaza Strip,,,censored,Protection,IDP/Refugee Service,Air-Launched: Drone,Aerial Bomb,Host Government: Military,Israeli Defence Forces,Protection Infrastructure,,,,,,,99148
2025-04-23,,OPT,PSE,Gaza Strip,,,censored,"Education, Protection","IDP/Refugee Service, Local Education Provider",Air-Launched: Drone,Aerial Bomb,Host Government: Military,Israeli Defence Forces,Education Infrastructure,,,,,,,97268
2025-04-23,,OPT,PSE,Gaza Strip,,,censored,Protection,IDP/Refugee Service,Air-Launched: Plane,Aerial Bomb,Host Government: Military,Israeli Defence Forces,Protection Infrastructure,,,,,,,98401
2025-04-23,,OPT,PSE,Gaza Strip,,,censored,Protection,IDP/Refugee Service,Air-Launched: Plane,Aerial Bomb,Host Government: Military,Israeli Defence Forces,Protection Infrastructure,,,,,,,99144
2025-04-23,,OPT,PSE,Gaza Strip,,,censored,Health Care,Local Health Care Provider,Ground-Launched,Artillery,Host Government: Military,Israeli Defence Forces,Health Infrastructure,,,,,,,98713
2025-04-23,,OPT,PSE,Gaza Strip,,,censored,"Education, Protection","IDP/Refugee Service, Local Education Provider",Air-Launched: No Information on Platform Type,Aerial Bomb,Host Government: Military,Israeli Defence Forces,Education Infrastructure,,,,,,,99241
2025-04-23,,OPT,PSE,Gaza Strip,,,censored,Protection,IDP/Refugee Service,Ground-Launched,Shelling,Host Government: Military,Israeli Defence Forces,Protection Infrastructure,,,,,,,98417
2025-04-23,,OPT,PSE,Gaza Strip,,,censored,Protection,IDP/Refugee Service,Ground-Launched,Shelling,Host Government: Military,Israeli Defence Forces,Protection Infrastructure,,,,,,,98387
2025-04-23,,OPT,PSE,Gaza Strip,,,censored,Food Security,None,Air-Launched: Plane,Aerial Bomb,Host Government: Military,Israeli Defence Forces,Other,,,,,,,95716
2025-04-23,,OPT,PSE,Gaza Strip,,,censored,Protection,IDP/Refugee Service,Air-Launched: Plane,Aerial Bomb,Host Government: Military,Israeli Defence Forces,Protection Infrastructure,,,,,,,98439
2025-04-22,,OPT,PSE,Gaza Strip,,,censored,Protection,IDP/Refugee Service,Air-Launched: Plane,Aerial Bomb,Host Government: Military,Israeli Defence Forces,Protection Infrastructure,,,,,,,99142
2025-04-22,,OPT,PSE,North Gaza governorate,,,censored,Aid Operations,NGO,Air-Launched: Plane,Aerial Bomb,Host Government: Military,Israeli Defence Forces,Other,1,,,,,,105580
2025-04-22,,OPT,PSE,Gaza Strip,,,censored,"Health Care, Aid Operations","Local Health Care Provider, NGO",Unspecified Launch Method,Unspecified Explosive,Host Government: Military,Israeli Defence Forces,Multiple,,,,,,,96358
2025-04-22,,OPT,PSE,Gaza Strip,,,censored,"Protection, Food Security",IDP/Refugee Service,Air-Launched: Drone,Unspecified Explosive,Host Government: Military,Israeli Defence Forces,Protection Infrastructure,,,,,,Food Production and Storage,97267
2025-04-22,,OPT,PSE,Gaza Strip,,,censored,Protection,IDP/Refugee Service,Air-Launched: Plane,Aerial Bomb,Host Government: Military,Israeli Defence Forces,Protection Infrastructure,,,,,,,98438
2025-04-22,,OPT,PSE,Gaza Strip,,,censored,Protection,IDP/Refugee Service,Ground-Launched,Shelling,Host Government: Military,Israeli Defence Forces,Protection Infrastructure,,,,,,,98437
2025-04-22,,OPT,PSE,Gaza Strip,,,censored,Aid Operations,LNGO,Air-Launched: Plane,Aerial Bomb,Host Government: Military,Israeli Defence Forces,Other,,,,,,,98560
2025-04-22,,OPT,PSE,Gaza Strip,,,censored,Protection,IDP/Refugee Service,Air-Launched: Plane,Aerial Bomb,Host Government: Military,Israeli Defence Forces,Protection Infrastructure,,,,,,,98436
2025-04-22,,OPT,PSE,Gaza Strip,,,censored,Health Care,Local Health Care Provider,Air-Launched: Plane,Aerial Bomb,Host Government: Military,Israeli Defence Forces,Health Worker,,1,,,,,98674
2025-04-22,,OPT,PSE,Gaza Strip,,,censored,Protection,IDP/Refugee Service,Air-Launched: Drone,Aerial Bomb,Host Government: Military,Israeli Defence Forces,Protection Infrastructure,,,,,,,99143
2025-04-22,,OPT,PSE,Gaza Strip,,,censored,Protection,IDP/Refugee Service,Air-Launched: Plane,Aerial Bomb,Host Government: Military,Israeli Defence Forces,Protection Infrastructure,,,,,,,99141
2025-04-22,,OPT,PSE,Gaza Strip,,,censored,Protection,IDP/Refugee Service,Ground-Launched,Shelling,Host Government: Military,Israeli Defence Forces,Protection Infrastructure,,,,,,,99140
2025-04-22,,OPT,PSE,Gaza Strip,,,censored,"Education, Protection","IDP/Refugee Service, Local Education Provider",Air-Launched: Plane,Aerial Bomb,Host Government: Military,Israeli Defence Forces,Education Infrastructure,,,,,,,99139
2025-04-22,,OPT,PSE,Gaza Strip,,,censored,Protection,IDP/Refugee Service,Air-Launched: Plane,Missile,Host Government: Military,Israeli Defence Forces,Protection Infrastructure,,,,,,,98720
2025-04-21,,OPT,PSE,Gaza Strip,,,censored,Protection,IDP/Refugee Service,Air-Launched: Drone,Aerial Bomb,Host Government: Military,Israeli Defence Forces,Protection Infrastructure,,,,,,,99249
2025-04-21,,OPT,PSE,Gaza Strip,,,censored,Protection,IDP/Refugee Service,Ground-Launched,Shelling,Host Government: Military,Israeli Defence Forces,Protection Infrastructure,,,,,,,99251
2025-04-21,,OPT,PSE,Gaza Strip,,,censored,Protection,IDP/Refugee Service,Air-Launched: Drone,Aerial Bomb,Host Government: Military,Israeli Defence Forces,Protection Infrastructure,,,,,,,98614
2025-04-21,,OPT,PSE,Gaza Strip,,,censored,Protection,IDP/Refugee Service,Ground-Launched,Shelling,Host Government: Military,Israeli Defence Forces,Protection Infrastructure,,,,,,,99248
2025-04-21,,OPT,PSE,Gaza Strip,,,censored,Protection,IDP/Refugee Service,Air-Launched: Plane,Aerial Bomb,Host Government: Military,Israeli Defence Forces,Protection Infrastructure,,,,,,,98435
2025-04-21,,OPT,PSE,Gaza Strip,,,censored,Food Security,None,Air-Launched: Plane,Aerial Bomb,Host Government: Military,Israeli Defence Forces,Other,,,,,,Food Production and Storage,95699
2025-04-21,,OPT,PSE,Gaza Strip,,,censored,Protection,IDP/Refugee Service,Air-Launched: Plane,Aerial Bomb,Host Government: Military,Israeli Defence Forces,Protection Infrastructure,,,,,,,97266
2025-04-21,,OPT,PSE,Gaza Strip,,,censored,Protection,IDP/Refugee Service,Air-Launched: Plane,Aerial Bomb,Host Government: Military,Israeli Defence Forces,Protection Infrastructure,,,,,,,98400
2025-04-21,,OPT,PSE,Gaza Strip,,,censored,Food Security,None,Air-Launched: Plane,Aerial Bomb,Host Government: Military,Israeli Defence Forces,Other,,,,,,,95701
2025-04-21,,OPT,PSE,Gaza Strip,,,censored,Food Security,None,Air-Launched: Plane,Aerial Bomb,Host Government: Military,Israeli Defence Forces,Other,,,,,,,95700
2025-04-20,,OPT,PSE,Gaza Strip,,,censored,Protection,IDP/Refugee Service,Air-Launched: Plane,Aerial Bomb,Host Government: Military,Israeli Defence Forces,Protection Infrastructure,,,,,,,98399
2025-04-20,,OPT,PSE,Gaza Strip,,,censored,Protection,IDP/Refugee Service,Ground-Launched,Shelling,Host Government: Military,Israeli Defence Forces,Protection Infrastructure,,,,,,,99247
2025-04-20,,OPT,PSE,Gaza Strip,,,censored,Food Security,None,Air-Launched: Drone,Aerial Bomb,Host Government: Military,Israeli Defence Forces,Other,,,,,,,95695
2025-04-20,,OPT,PSE,Gaza Strip,,,censored,Food Security,None,Air-Launched: Plane,Aerial Bomb,Host Government: Military,Israeli Defence Forces,Other,,,,,,Food Production and Storage,95696
2025-04-20,,OPT,PSE,Gaza Strip,,,censored,Protection,IDP/Refugee Service,Air-Launched: Plane,Aerial Bomb,Host Government: Military,Israeli Defence Forces,Protection Infrastructure,,,,,,,98719
2025-04-20,,OPT,PSE,Gaza Strip,,,censored,Protection,IDP/Refugee Service,Ground-Launched,Shelling,Host Government: Military,Israeli Defence Forces,Protection Infrastructure,,,,,,Food Production and Storage,97270
2025-04-20,,OPT,PSE,Gaza Strip,,,censored,Protection,IDP/Refugee Service,Ground-Launched,Shelling,Host Government: Military,Israeli Defence Forces,Protection Infrastructure,,,,,,,98429
2025-04-20,,OPT,PSE,Gaza Strip,,,censored,Protection,IDP/Refugee Service,Ground-Launched,Unspecified Explosive,Host Government: Military,Israeli Defence Forces,Protection Infrastructure,,,,,,,98613
2025-04-19,,OPT,PSE,Gaza Strip,,,censored,Protection,IDP/Refugee Service,Air-Launched: Drone,Aerial Bomb,Host Government: Military,Israeli Defence Forces,Protection Infrastructure,,,,,,,98428
2025-04-19,,OPT,PSE,Gaza Strip,,,censored,Protection,IDP/Refugee Service,Ground-Launched,Shelling,Host Government: Military,Israeli Defence Forces,Protection Infrastructure,,,,,,,98611
2025-04-19,,OPT,PSE,Gaza Strip,,,censored,Protection,IDP/Refugee Service,Ground-Launched,Shelling,Host Government: Military,Israeli Defence Forces,Protection Infrastructure,,,,,,,98612
2025-04-19,,OPT,PSE,Gaza Strip,,,censored,Protection,IDP/Refugee Service,Air-Launched: Plane,Aerial Bomb,Host Government: Military,Israeli Defence Forces,Protection Infrastructure,,,,,,,98385
2025-04-19,,OPT,PSE,Gaza Strip,,,censored,Protection,IDP/Refugee Service,Air-Launched: Drone,Aerial Bomb,Host Government: Military,Israeli Defence Forces,Protection Infrastructure,,,,,,,99159
2025-04-19,,OPT,PSE,Gaza Strip,,,censored,Protection,IDP/Refugee Service,Air-Launched: Drone,Aerial Bomb,Host Government: Military,Israeli Defence Forces,Protection Infrastructure,,,,,,,99160
2025-04-19,,OPT,PSE,Gaza Strip,,,censored,Health Care,Local Health Care Provider,Air-Launched: Plane,Aerial Bomb,Host Government: Military,Israeli Defence Forces,Health Infrastructure,,,,,,,98677
2025-04-19,,OPT,PSE,Gaza Strip,,,censored,Food Security,None,Air-Launched: Plane,Aerial Bomb,Host Government: Military,Israeli Defence Forces,Other,,,,,,Agricultural Land,95693
2025-04-19,,OPT,PSE,Gaza Strip,,,censored,"Education, Protection","IDP/Refugee Service, Local Education Provider",Air-Launched: Plane,Aerial Bomb,Host Government: Military,Israeli Defence Forces,Multiple,,,,,,,98473
2025-04-19,,OPT,PSE,Gaza Strip,,,censored,Protection,IDP/Refugee Service,Air-Launched: Drone,Aerial Bomb,Host Government: Military,Israeli Defence Forces,Protection Infrastructure,,,,,,,99138
2025-04-19,,OPT,PSE,Gaza Strip,,,censored,Protection,IDP/Refugee Service,Air-Launched: Plane,Aerial Bomb,Host Government: Military,Israeli Defence Forces,Protection Infrastructure,,,,,,,99137
2025-04-19,,OPT,PSE,Gaza Strip,,,censored,Protection,IDP/Refugee Service,Air-Launched: Plane,Aerial Bomb,Host Government: Military,Israeli Defence Forces,Protection Infrastructure,,,,,,,98717
2025-04-19,,OPT,PSE,Gaza Strip,,,censored,Protection,IDP/Refugee Service,Air-Launched: Plane,Aerial Bomb,Host Government: Military,Israeli Defence Forces,Protection Infrastructure,,,,,,,98718
2025-04-19,,OPT,PSE,Gaza Strip,,,censored,Food Security,None,Air-Launched: Plane,Aerial Bomb,Host Government: Military,Israeli Defence Forces,Other,,,,,,Agricultural Land,95692
2025-04-19,,OPT,PSE,West Bank,,,censored,Protection,IDP/Refugee Service,None,Unspecified Explosive,Host Government: Military,Israeli Defence Forces,Protection Infrastructure,,,,,,,99326
2025-04-19,,OPT,PSE,Gaza Strip,,,censored,Protection,IDP/Refugee Service,Air-Launched: Plane,Aerial Bomb,Host Government: Military,Israeli Defence Forces,Protection Infrastructure,,,,,,,98470
2025-04-18,,OPT,PSE,Gaza Strip,,,censored,Protection,IDP/Refugee Service,Ground-Launched,Shelling,Host Government: Military,Israeli Defence Forces,Protection Infrastructure,,,,,,,98472
2025-04-18,,OPT,PSE,Gaza Strip,,,censored,Protection,IDP/Refugee Service,Air-Launched: Plane,Aerial Bomb,Host Government: Military,Israeli Defence Forces,Protection Infrastructure,,,,,,,99158
2025-04-18,,OPT,PSE,Gaza Strip,,,censored,Protection,IDP/Refugee Service,Air-Launched: Drone,Aerial Bomb,Host Government: Military,Israeli Defence Forces,Protection Infrastructure,,,,,,,99136
2025-04-18,,OPT,PSE,Gaza Strip,,,censored,Protection,IDP/Refugee Service,Ground-Launched,Shelling,Host Government: Military,Israeli Defence Forces,Protection Infrastructure,,,,,,,98610
2025-04-18,,OPT,PSE,Gaza Strip,,,censored,Protection,IDP/Refugee Service,Air-Launched: Drone,Missile,Host Government: Military,Israeli Defence Forces,Protection Infrastructure,,,,,,,98469
2025-04-18,,OPT,PSE,Gaza Strip,,,censored,Protection,IDP/Refugee Service,Ground-Launched,Shelling,Host Government: Military,Israeli Defence Forces,Protection Infrastructure,,,,,,,98416
2025-04-17,,OPT,PSE,Gaza Strip,,,censored,Protection,IDP/Refugee Service,Ground-Launched,Shelling,Host Government: Military,Israeli Defence Forces,Protection Infrastructure,,,,,,,99134
2025-04-17,,OPT,PSE,Gaza Strip,,,censored,Protection,IDP/Refugee Service,Air-Launched: Plane,Aerial Bomb,Host Government: Military,Israeli Defence Forces,Protection Infrastructure,,,,,,,99157
2025-04-17,,OPT,PSE,Gaza Strip,,,censored,Protection,IDP/Refugee Service,Air-Launched: Plane,Aerial Bomb,Host Government: Military,Israeli Defence Forces,Protection Infrastructure,,,,,,,99156
2025-04-17,,OPT,PSE,Gaza Strip,,,censored,Protection,IDP/Refugee Service,Air-Launched: Plane,Aerial Bomb,Host Government: Military,Israeli Defence Forces,Protection Infrastructure,,,,,,,99135
2025-04-17,,OPT,PSE,Gaza Strip,,,censored,Protection,IDP/Refugee Service,Air-Launched: Drone,Aerial Bomb,Host Government: Military,Israeli Defence Forces,Protection Infrastructure,,,,,,,98609
2025-04-17,,OPT,PSE,Gaza Strip,,,censored,Protection,IDP/Refugee Service,Air-Launched: Drone,Aerial Bomb,Host Government: Military,Israeli Defence Forces,Protection Infrastructure,,,,,,,98608
2025-04-17,,OPT,PSE,Gaza Strip,,,censored,Protection,IDP/Refugee Service,Air-Launched: Drone,Aerial Bomb,Host Government: Military,Israeli Defence Forces,Protection Infrastructure,,,,,,,98607
2025-04-17,,OPT,PSE,Gaza Strip,,,censored,"Protection, Food Security",IDP/Refugee Service,Air-Launched: Plane,Aerial Bomb,Host Government: Military,Israeli Defence Forces,Protection Infrastructure,,,,,,Food Supply,98427
2025-04-17,,OPT,PSE,Gaza Strip,,,censored,Protection,IDP/Refugee Service,Air-Launched: Plane,Aerial Bomb,Host Government: Military,Israeli Defence Forces,Protection Infrastructure,,,,,,,98426
2025-04-17,,OPT,PSE,Gaza Strip,,,censored,Protection,IDP/Refugee Service,Ground-Launched,Unspecified Explosive,Host Government: Military,Israeli Defence Forces,Protection Infrastructure,,,,,,,98397
2025-04-17,,OPT,PSE,Gaza Strip,,,censored,Protection,IDP/Refugee Service,Ground-Launched,Shelling,Host Government: Military,Israeli Defence Forces,Protection Infrastructure,,,,,,,98396
2025-04-17,,OPT,PSE,Gaza Strip,,,censored,"Education, Protection, Aid Operations","IDP/Refugee Service, UN Agency",Air-Launched: Plane,Aerial Bomb,Host Government: Military,Israeli Defence Forces,Education Infrastructure,,,,,,Food Production and Storage,97272
2025-04-17,,OPT,PSE,Gaza Strip,,,censored,Protection,IDP/Refugee Service,Air-Launched: Plane,Aerial Bomb,Host Government: Military,Israeli Defence Forces,Protection Infrastructure,,,,,,Food Production and Storage,97271
2025-04-17,,OPT,PSE,Gaza Strip,,,censored,"Education, Protection, Aid Operations","IDP/Refugee Service, United Nations",Air-Launched: No Information on Platform Type,Aerial Bomb,Host Government: Military,Israeli Defence Forces,Education Infrastructure,,,,,,,96344
2025-04-17,,OPT,PSE,Gaza Strip,,,censored,Food Security,None,Air-Launched: Plane,Aerial Bomb,Host Government: Military,Israeli Defence Forces,Other,,,,,,Food Production and Storage,95645
2025-04-16,,Lebanon,LBN,South Governorate,,,censored by HDX,Health Care,Other,Air-Launched: Drone,Aerial Bomb,Foreign Forces: Military,Israeli Defence Forces,Health Infrastructure,,,,,,,101572
2025-04-16,,OPT,PSE,Gaza Strip,,,censored,"Health Care, Aid Operations",Red Cross (ICRC or IFRC),Unspecified Launch Method,Unspecified Explosive,Host Government: Military,Israeli Defence Forces,Aid Infrastructure,,,,,,,96343
2025-04-16,,OPT,PSE,Gaza Strip,,,censored,Protection,IDP/Refugee Service,Air-Launched: Drone,Aerial Bomb,Host Government: Military,Israeli Defence Forces,Protection Infrastructure,,,,,,,98479
2025-04-16,,OPT,PSE,Gaza Strip,,,censored,Protection,IDP/Refugee Service,Air-Launched: Plane,Aerial Bomb,Host Government: Military,Israeli Defence Forces,Protection Infrastructure,,,,,,,99155
2025-04-16,,OPT,PSE,Gaza Strip,,,censored,Protection,IDP/Refugee Service,Ground-Launched,Shelling,Host Government: Military,Israeli Defence Forces,Protection Infrastructure,,,,,,,98605
2025-04-16,,OPT,PSE,Gaza Strip,,,censored,Protection,IDP/Refugee Service,Air-Launched: Drone,Aerial Bomb,Host Government: Military,Israeli Defence Forces,Protection Infrastructure,,,,,,,99133
2025-04-15,,OPT,PSE,Gaza Strip,,,censored,"Health Care, Aid Operations",NGO,Air-Launched: Plane,Aerial Bomb,Host Government: Military,Israeli Defence Forces,Health Infrastructure,,,1,,,,95743
2025-04-15,,OPT,PSE,Gaza Strip,,,censored,Food Security,None,Air-Launched: Plane,Aerial Bomb,Host Government: Military,Israeli Defence Forces,Other,,,,,,Agricultural Land,95632
2025-04-15,,OPT,PSE,Gaza Strip,,,censored,Food Security,None,Air-Launched: Plane,Aerial Bomb,Host Government: Military,Israeli Defence Forces,Other,,,,,,Agricultural Land,95633
2025-04-15,,OPT,PSE,Gaza Strip,,,censored,Food Security,None,Air-Launched: Drone,Aerial Bomb,Host Government: Military,Israeli Defence Forces,Other,,,,,,Food Production and Storage,95634
2025-04-15,,OPT,PSE,Gaza Strip,,,censored,Protection,IDP/Refugee Service,Air-Launched: Plane,Aerial Bomb,Host Government: Military,Israeli Defence Forces,Protection Infrastructure,,,,,,,99121
2025-04-15,,OPT,PSE,Gaza Strip,,,censored,"Health Care, Protection","IDP/Refugee Service, Local Health Care Provider",Air-Launched: Plane,Aerial Bomb,Host Government: Military,Israeli Defence Forces,Multiple,,,,,,,99123
2025-04-15,,OPT,PSE,Gaza Strip,,,censored,Health Care,Local Health Care Provider,Air-Launched: Plane,Aerial Bomb,Host Government: Military,Israeli Defence Forces,Health Infrastructure,,,,,,,98377
2025-04-15,,OPT,PSE,Gaza Strip,,,censored,Protection,IDP/Refugee Service,Air-Launched: Plane,Aerial Bomb,Host Government: Military,Israeli Defence Forces,Protection Infrastructure,,,,,,,99128
2025-04-15,,OPT,PSE,Gaza Strip,,,censored,Protection,IDP/Refugee Service,Air-Launched: Drone,Aerial Bomb,Host Government: Military,Israeli Defence Forces,Protection Infrastructure,,,,,,,99129
2025-04-15,,OPT,PSE,Gaza Strip,,,censored,Protection,IDP/Refugee Service,Air-Launched: Plane,Aerial Bomb,Host Government: Military,Israeli Defence Forces,Protection Infrastructure,,,,,,,99132
2025-04-15,,OPT,PSE,Gaza Strip,,,censored,Protection,IDP/Refugee Service,Air-Launched: Plane,Aerial Bomb,Host Government: Military,Israeli Defence Forces,Protection Infrastructure,,,,,,,99152
2025-04-15,,OPT,PSE,Gaza Strip,,,censored,Protection,IDP/Refugee Service,Air-Launched: Plane,Aerial Bomb,Host Government: Military,Israeli Defence Forces,Protection Infrastructure,,,,,,,99153
2025-04-15,,OPT,PSE,Gaza Strip,,,censored,Protection,IDP/Refugee Service,Air-Launched: Plane,Aerial Bomb,Host Government: Military,Israeli Defence Forces,Protection Infrastructure,,,,,,,99154
2025-04-14,,OPT,PSE,Gaza Strip,,,censored,Food Security,None,Air-Launched: Drone,Aerial Bomb,Host Government: Military,Israeli Defence Forces,Other,,,,,,Food Production and Storage,95623
2025-04-14,,OPT,PSE,Gaza Strip,,,censored,Protection,IDP/Refugee Service,Air-Launched: Plane,Aerial Bomb,Host Government: Military,Israeli Defence Forces,Protection Infrastructure,,,,,,,98477
2025-04-14,,OPT,PSE,Gaza Strip,,,censored,Protection,IDP/Refugee Service,Ground-Launched,Shelling,Host Government: Military,Israeli Defence Forces,Protection Infrastructure,,,,,,,98434
2025-04-14,,OPT,PSE,Gaza Strip,,,censored,Protection,IDP/Refugee Service,Air-Launched: Plane,Aerial Bomb,Host Government: Military,Israeli Defence Forces,Protection Infrastructure,,,,,,,99120
2025-04-14,,OPT,PSE,Gaza Strip,,,censored,Protection,IDP/Refugee Service,Air-Launched: Plane,Aerial Bomb,Host Government: Military,Israeli Defence Forces,Protection Infrastructure,,,,,,,99103
2025-04-14,,OPT,PSE,Gaza Strip,,,censored,Protection,IDP/Refugee Service,Ground-Launched,Shelling,Host Government: Military,Israeli Defence Forces,Protection Infrastructure,,,,,,,98478
2025-04-14,,OPT,PSE,Gaza Strip,,,censored,Food Security,None,Ground-Launched,Unspecified Explosive,Host Government: Military,Israeli Defence Forces,Other,,,,,,,95622
2025-04-13,,OPT,PSE,Gaza Strip,,,censored,Health Care,Local Health Care Provider,Air-Launched: Plane,Aerial Bomb,Host Government: Military,Israeli Defence Forces,Education Infrastructure,,1,,,,,96786
2025-04-13,,OPT,PSE,Gaza Strip,,,censored,"Health Care, Aid Operations",INGO,Air-Launched: Plane,Aerial Bomb,Host Government: Military,Israeli Defence Forces,Health Infrastructure,,,,,,,95739
2025-04-13,,OPT,PSE,Gaza Strip,,,censored,Food Security,None,Air-Launched: Plane,Aerial Bomb,Host Government: Military,Israeli Defence Forces,Other,,,,,,Agricultural Land,95617
2025-04-13,,OPT,PSE,Gaza Strip,,,censored,"Education, Protection","IDP/Refugee Service, Local Education Provider",Air-Launched: Plane,Aerial Bomb,Host Government: Military,Israeli Defence Forces,Education Infrastructure,,,,,,,99102
2025-04-13,,OPT,PSE,Gaza Strip,,,censored,"Education, Protection","IDP/Refugee Service, Local Education Provider",Air-Launched: Plane,Aerial Bomb,Host Government: Military,Israeli Defence Forces,Education Infrastructure,,,,,,,99101
2025-04-13,,OPT,PSE,Gaza Strip,,,censored,Food Security,None,Air-Launched: Plane,Aerial Bomb,Host Government: Military,Israeli Defence Forces,Other,,,,,,Food Supply,95618
2025-04-13,,OPT,PSE,Gaza Strip,,,censored,"Education, Protection, Aid Operations","IDP/Refugee Service, Local Education Provider, UN Agency",Air-Launched: No Information on Platform Type,Aerial Bomb,Host Government: Military,Israeli Defence Forces,Education Infrastructure,,,,,,,96342
2025-04-13,,OPT,PSE,Gaza Strip,,,censored,"Aid Operations, Food Security",UN Agency,Air-Launched: Plane,Aerial Bomb,Host Government: Military,Israeli Defence Forces,Aid Infrastructure,1,,,,,Food Production and Storage,95732
2025-04-13,,OPT,PSE,Gaza Strip,,,censored,Protection,IDP/Refugee Service,Air-Launched: Plane,Aerial Bomb,Host Government: Military,Israeli Defence Forces,Protection Infrastructure,,,,,,,99100
2025-04-13,,OPT,PSE,Gaza Strip,,,censored,"Aid Operations, Food Security",UN Agency,Air-Launched: Plane,Aerial Bomb,Host Government: Military,Israeli Defence Forces,Food Infrastructure,,,,,,Food Production and Storage,95733
2025-04-13,,OPT,PSE,Gaza Strip,,,censored,"Health Care, Protection","IDP/Refugee Service, Local Health Care Provider",Air-Launched: Plane,Aerial Bomb,Host Government: Military,Israeli Defence Forces,Health Infrastructure,,,,,,,98711
2025-04-12,,OPT,PSE,Gaza Strip,,,censored,Protection,IDP/Refugee Service,Ground-Launched,Shelling,Host Government: Military,Israeli Defence Forces,Protection Infrastructure,,,,,,,98415
2025-04-12,,OPT,PSE,Gaza Strip,,,censored,Protection,IDP/Refugee Service,Air-Launched: Plane,Aerial Bomb,Host Government: Military,Israeli Defence Forces,Protection Infrastructure,,,,,,,98414
2025-04-12,,OPT,PSE,Gaza Strip,,,censored,Protection,IDP/Refugee Service,Air-Launched: Plane,Aerial Bomb,Host Government: Military,Israeli Defence Forces,Protection Infrastructure,,,,,,,99099
2025-04-12,,OPT,PSE,Gaza Strip,,,censored,Protection,IDP/Refugee Service,Air-Launched: Plane,Aerial Bomb,Host Government: Military,Israeli Defence Forces,Protection Infrastructure,,,,,,,99098
2025-04-12,,OPT,PSE,Gaza Strip,,,censored,Food Security,None,Air-Launched: Plane,Aerial Bomb,Host Government: Military,Israeli Defence Forces,Other,,,,,,Agricultural Land,95611
2025-04-12,,OPT,PSE,Gaza Strip,,,censored,"Education, Protection, Aid Operations","IDP/Refugee Service, UN Agency",Air-Launched: Plane,Aerial Bomb,Host Government: Military,Israeli Defence Forces,Education Infrastructure,,,,,,,95730
2025-04-12,,OPT,PSE,Gaza Strip,,,censored,Food Security,None,Ground-Launched,Artillery,Host Government: Military,Israeli Defence Forces,Other,,,,,,Agricultural Land,95610
2025-04-12,,OPT,PSE,Gaza Strip,,,censored,Food Security,None,Air-Launched: Plane,Aerial Bomb,Host Government: Military,Israeli Defence Forces,Other,,,,,,Food Production and Storage,95609
2025-04-12,,OPT,PSE,Gaza Strip,,,censored,Food Security,None,Ground-Launched,Shelling,Host Government: Military,Israeli Defence Forces,Other,,,,,,Food Supply,95608
2025-04-12,,OPT,PSE,Gaza Strip,,,censored,Protection,IDP/Refugee Service,Air-Launched: Plane,Aerial Bomb,Host Government: Military,Israeli Defence Forces,Protection Infrastructure,,,,,,,99119
2025-04-11,,OPT,PSE,Gaza Strip,,,censored,Food Security,None,Air-Launched: Plane,Aerial Bomb,Host Government: Military,Israeli Defence Forces,Other,,,,,,Agricultural Land,95596
2025-04-11,,OPT,PSE,Gaza Strip,,,censored,Protection,IDP/Refugee Service,Air-Launched: Plane,Aerial Bomb,Host Government: Military,Israeli Defence Forces,Protection Infrastructure,,,,,,Food Production and Storage,97269
2025-04-11,,OPT,PSE,West Bank,,,censored,Protection,IDP/Refugee Service,Unspecified Launch Method,Unspecified Explosive,Host Government: Military,Israeli Defence Forces,Protection Infrastructure,,,,,,,99320
2025-04-11,,OPT,PSE,Gaza Strip,,,censored,Health Care,Local Health Care Provider,Air-Launched: Plane,Aerial Bomb,Host Government: Military,Israeli Defence Forces,Health Infrastructure,,,,,,,98372
2025-04-11,,OPT,PSE,Gaza Strip,,,censored,Protection,IDP/Refugee Service,Air-Launched: Drone,Aerial Bomb,Host Government: Military,Israeli Defence Forces,Protection Infrastructure,,,,,,,99096
2025-04-11,,OPT,PSE,Gaza Strip,,,censored,Protection,IDP/Refugee Service,Air-Launched: Plane,Aerial Bomb,Host Government: Military,Israeli Defence Forces,Protection Infrastructure,,,,,,,99097
2025-04-11,,OPT,PSE,Gaza Strip,,,censored,"Health Care, Protection","IDP/Refugee Service, Local Health Care Provider",Air-Launched: Plane,Aerial Bomb,Host Government: Military,Israeli Defence Forces,Multiple,,,,,,,98376
2025-04-11,,OPT,PSE,Gaza Strip,,,censored,"Education, Protection","IDP/Refugee Service, Local Education Provider",Air-Launched: Drone,Aerial Bomb,Host Government: Military,Israeli Defence Forces,Education Infrastructure,,,,,,,98424
2025-04-11,,OPT,PSE,Gaza Strip,,,censored,Protection,IDP/Refugee Service,Air-Launched: Plane,Aerial Bomb,Host Government: Military,Israeli Defence Forces,Protection Infrastructure,,,,,,,98425
2025-04-10,,OPT,PSE,Gaza Strip,,,censored,Protection,IDP/Refugee Service,Air-Launched: Plane,Aerial Bomb,Host Government: Military,Israeli Defence Forces,Protection Infrastructure,,,,,,,98433
2025-04-10,,OPT,PSE,Gaza Strip,,,censored,Protection,IDP/Refugee Service,Ground-Launched,Shelling,Host Government: Military,Israeli Defence Forces,Protection Infrastructure,,,,,,,99095
2025-04-10,,OPT,PSE,Gaza Strip,,,censored,Food Security,None,Air-Launched: Plane,Aerial Bomb,Host Government: Military,Israeli Defence Forces,Other,,,,,,Agricultural Land,95589
2025-04-10,,OPT,PSE,Gaza Strip,,,censored,Food Security,None,Air-Launched: Plane,Aerial Bomb,Host Government: Military,Israeli Defence Forces,Other,,,,,,Food Supply,95588
2025-04-10,,OPT,PSE,Gaza Strip,,,censored,Protection,IDP/Refugee Service,Air-Launched: Plane,Aerial Bomb,Host Government: Military,Israeli Defence Forces,Protection Infrastructure,,,,,,,98423
2025-04-10,,OPT,PSE,Gaza Strip,,,censored,"Health Care, Protection","IDP/Refugee Service, Local Health Care Provider",Air-Launched: Plane,Aerial Bomb,Host Government: Military,Israeli Defence Forces,Multiple,,,,,,,96785
2025-04-10,,OPT,PSE,Gaza Strip,,,censored,Protection,IDP/Refugee Service,Air-Launched: Plane,Aerial Bomb,Host Government: Military,Israeli Defence Forces,Protection Infrastructure,,,,,,,99094
2025-04-10,,OPT,PSE,Gaza Strip,,,censored,Protection,IDP/Refugee Service,Air-Launched: Plane,Aerial Bomb,Host Government: Military,Israeli Defence Forces,Protection Infrastructure,,,,,,,98604
2025-04-10,,OPT,PSE,Gaza Strip,,,censored,Protection,IDP/Refugee Service,Ground-Launched,Shelling,Host Government: Military,Israeli Defence Forces,Protection Infrastructure,,,,,,,98603
2025-04-10,,OPT,PSE,Gaza Strip,,,censored,Food Security,None,Ground-Launched,Artillery,Host Government: Military,Israeli Defence Forces,Other,,,,,,Food Supply,95587
2025-04-09,,OPT,PSE,Gaza Strip,,,censored,"Education, Protection","IDP/Refugee Service, Local Education Provider",Ground-Launched,Unspecified Explosive,Host Government: Military,Israeli Defence Forces,Education Infrastructure,,,,,,,99118
2025-04-09,,OPT,PSE,West Bank,,,censored,Protection,IDP/Refugee Service,"Directly-emplaced, NotAnswered","NotAnswered, Unspecified Explosive",Multiple,"Israeli Defence Forces, Palestinian Islamic Jihad",Protection Infrastructure,,,,,,,99172
2025-04-09,,OPT,PSE,Gaza Strip,,,censored,Protection,IDP/Refugee Service,Air-Launched: Drone,Aerial Bomb,Host Government: Military,Israeli Defence Forces,Protection Infrastructure,,,,,,,99117
2025-04-09,,OPT,PSE,Gaza Strip,,,censored,Protection,IDP/Refugee Service,Air-Launched: Plane,Aerial Bomb,Host Government: Military,Israeli Defence Forces,Protection Infrastructure,,,,,,,99093
2025-04-09,,OPT,PSE,Gaza Strip,,,censored,Protection,IDP/Refugee Service,Ground-Launched,Shelling,Host Government: Military,Israeli Defence Forces,Protection Infrastructure,,,,,,,98602
2025-04-09,,OPT,PSE,Gaza Strip,,,censored,Protection,IDP/Refugee Service,Air-Launched: Plane,Aerial Bomb,Host Government: Military,Israeli Defence Forces,Protection Infrastructure,,,,,,,98601
2025-04-09,,OPT,PSE,Gaza Strip,,,censored,Protection,IDP/Refugee Service,Air-Launched: Drone,Aerial Bomb,Host Government: Military,Israeli Defence Forces,Protection Infrastructure,,,,,,,98600
2025-04-09,,OPT,PSE,Gaza Strip,,,censored,Protection,IDP/Refugee Service,Air-Launched: Plane,Aerial Bomb,Host Government: Military,Israeli Defence Forces,Protection Infrastructure,,,,,,,98471
2025-04-09,,OPT,PSE,Gaza Strip,,,censored,Food Security,None,Air-Launched: Plane,Aerial Bomb,Host Government: Military,Israeli Defence Forces,Other,,,,,,Water Structures,95579
2025-04-09,,OPT,PSE,West Bank,,,censored,Protection,IDP/Refugee Service,Unspecified Launch Method,Unspecified Explosive,Host Government: Military,Israeli Defence Forces,Protection Infrastructure,,,,,,,99337
2025-04-09,,OPT,PSE,West Bank,,,censored,Protection,IDP/Refugee Service,Unspecified Launch Method,Unspecified Explosive,Host Government: Military,Israeli Defence Forces,Protection Infrastructure,,,,,,,99338
2025-04-08,,OPT,PSE,Gaza Strip,,,censored,Protection,IDP/Refugee Service,Air-Launched: Drone,Aerial Bomb,Host Government: Military,Israeli Defence Forces,Protection Infrastructure,,,,,,,98737
2025-04-08,,Lebanon,LBN,South Governorate,,,censored by HDX,Food Security,None,Air-Launched: Drone,Missile,Foreign Forces: Military,Israeli Defence Forces,Other,,,,,,,95576
2025-04-08,,OPT,PSE,Gaza Strip,,,censored,Protection,IDP/Refugee Service,Air-Launched: Plane,Aerial Bomb,Host Government: Military,Israeli Defence Forces,Protection Infrastructure,,,,,,,99092
2025-04-08,,OPT,PSE,West Bank,,,censored,Protection,IDP/Refugee Service,Unspecified Launch Method,Unspecified Explosive,Host Government: Military,Israeli Defence Forces,Protection Infrastructure,,,,,,,99328
2025-04-07,,OPT,PSE,Gaza Strip,,,censored,Protection,IDP/Refugee Service,Ground-Launched,Shelling,Host Government: Military,Israeli Defence Forces,Protection Infrastructure,,,,,,,98421
2025-04-07,,OPT,PSE,Gaza Strip,,,censored,"Health Care, Aid Operations","INGO, LNGO",Air-Launched: Plane,Aerial Bomb,Host Government: Military,Israeli Defence Forces,Health Worker,,,2,,,,95483
2025-04-07,,OPT,PSE,West Bank,,,censored,Protection,IDP/Refugee Service,Air-Launched: Drone,Unspecified Explosive,Host Government: Military,Israeli Defence Forces,Protection Infrastructure,,,,,,,99192
2025-04-07,,OPT,PSE,Gaza Strip,,,censored,"Health Care, Protection","IDP/Refugee Service, Local Health Care Provider",Air-Launched: Plane,Aerial Bomb,Host Government: Military,Israeli Defence Forces,Health Infrastructure,,,,,,,98710
2025-04-07,,OPT,PSE,Gaza Strip,,,censored,Protection,IDP/Refugee Service,Air-Launched: Plane,Aerial Bomb,Host Government: Military,Israeli Defence Forces,Protection Infrastructure,,,,,,,98395
2025-04-07,,OPT,PSE,Gaza Strip,,,censored,Food Security,Private Voluntary Aid,Air-Launched: Drone,Aerial Bomb,Host Government: Military,Israeli Defence Forces,Private/Voluntary Aid,,,,,,,95484
2025-04-06,,OPT,PSE,Gaza Strip,,,censored,Food Security,None,Air-Launched: Plane,Aerial Bomb,Host Government: Military,Israeli Defence Forces,Other,,,,,,Agricultural Land,95566
2025-04-06,,OPT,PSE,Gaza Strip,,,censored,Protection,IDP/Refugee Service,Ground-Launched,Shelling,Host Government: Military,Israeli Defence Forces,Protection Infrastructure,,,,,,,98420
2025-04-05,,OPT,PSE,Gaza Strip,,,censored,Protection,IDP/Refugee Service,Air-Launched: Plane,Aerial Bomb,Host Government: Military,Israeli Defence Forces,Protection Infrastructure,,,,,,,99116
2025-04-05,,OPT,PSE,Gaza Strip,,,censored,Health Care,Local Health Care Provider,Air-Launched: Plane,Aerial Bomb,Host Government: Military,Israeli Defence Forces,Health Worker,,1,,,,,99216
2025-04-05,,OPT,PSE,Gaza Strip,,,censored,"Aid Operations, Food Security",NGO,Air-Launched: Drone,Aerial Bomb,Host Government: Military,Israeli Defence Forces,Food Infrastructure,3,,3,,,Food Supply,95454
2025-04-05,,OPT,PSE,Gaza Strip,,,censored,Food Security,None,Air-Launched: Plane,Aerial Bomb,Host Government: Military,Israeli Defence Forces,Other,,,,,,,95560
2025-04-04,,OPT,PSE,Gaza Strip,,,censored,Protection,IDP/Refugee Service,Unspecified Launch Method,Unspecified Explosive,Host Government: Military,Israeli Defence Forces,Protection Infrastructure,,,,,,,98619
2025-04-04,,OPT,PSE,Gaza Strip,,,censored,Protection,IDP/Refugee Service,Air-Launched: Drone,Aerial Bomb,Host Government: Military,Israeli Defence Forces,Protection Infrastructure,,,,,,,98394
2025-04-04,,OPT,PSE,Gaza Strip,,,censored,Protection,IDP/Refugee Service,Air-Launched: Plane,Aerial Bomb,Host Government: Military,Israeli Defence Forces,Protection Infrastructure,,,,,,,99113
2025-04-04,,OPT,PSE,Gaza Strip,,,censored,Food Security,None,Air-Launched: Plane,Aerial Bomb,Host Government: Military,Israeli Defence Forces,Other,,,,,,Water Structures,95547
2025-04-04,,OPT,PSE,Gaza Strip,,,censored,Food Security,None,Air-Launched: Plane,Aerial Bomb,Host Government: Military,Israeli Defence Forces,Other,,,,,,Food Supply,95548
2025-04-04,,OPT,PSE,Gaza Strip,,,censored,Food Security,None,Air-Launched: Plane,Aerial Bomb,Host Government: Military,Israeli Defence Forces,Other,,,,,,Water Structures,95549
2025-04-04,,OPT,PSE,Gaza Strip,,,censored,Protection,IDP/Refugee Service,Air-Launched: Plane,Aerial Bomb,Host Government: Military,Israeli Defence Forces,Protection Infrastructure,,,,,,,99114
2025-04-04,,OPT,PSE,Gaza Strip,,,censored,Protection,IDP/Refugee Service,Air-Launched: Plane,Aerial Bomb,Host Government: Military,Israeli Defence Forces,Protection Infrastructure,,,,,,,99115
2025-04-04,,OPT,PSE,Gaza Strip,,,censored,Food Security,None,Ground-Launched,Artillery,Host Government: Military,Israeli Defence Forces,Other,,,,,,,95550
2025-04-03,,OPT,PSE,Gaza Strip,,,censored,Protection,IDP/Refugee Service,Ground-Launched,Shelling,Host Government: Military,Israeli Defence Forces,Protection Infrastructure,,,,,,,98384
2025-04-03,,OPT,PSE,Gaza Strip,,,censored,"Health Care, Aid Operations","Foundation, NGO",Air-Launched: Plane,Aerial Bomb,Host Government: Military,Israeli Defence Forces,Multiple,,,,,,,95452
2025-04-03,,OPT,PSE,Gaza Strip,,,censored,Protection,IDP/Refugee Service,Air-Launched: Plane,Aerial Bomb,Host Government: Military,Israeli Defence Forces,Protection Infrastructure,,,,,,,98491
2025-04-03,,OPT,PSE,Gaza Strip,,,censored,Protection,IDP/Refugee Service,Air-Launched: Plane,Aerial Bomb,Host Government: Military,Israeli Defence Forces,Protection Infrastructure,,,,,,,99131
2025-04-03,,OPT,PSE,Gaza Strip,,,censored,"Education, Protection","IDP/Refugee Service, Local Education Provider",Air-Launched: Plane,Aerial Bomb,Host Government: Military,Israeli Defence Forces,Education Infrastructure,,,,,,,98732
2025-04-03,,OPT,PSE,Gaza Strip,,,censored,Food Security,None,Air-Launched: Plane,Aerial Bomb,Host Government: Military,Israeli Defence Forces,Other,,,,,,Agricultural Land,95537
2025-04-03,,OPT,PSE,Gaza Strip,,,censored,Protection,IDP/Refugee Service,Air-Launched: Plane,Aerial Bomb,Host Government: Military,Israeli Defence Forces,Protection Infrastructure,,,,,,,99112
2025-04-03,,Lebanon,LBN,South Governorate,,,censored by HDX,Health Care,Other,Air-Launched: Plane,Aerial Bomb,Foreign Forces: Military,Israeli Defence Forces,Multiple,,,,,,,96303
2025-04-03,,OPT,PSE,Gaza Strip,,,censored,Protection,IDP/Refugee Service,Air-Launched: Plane,Aerial Bomb,Host Government: Military,Israeli Defence Forces,Protection Infrastructure,,,,,,,98383
2025-04-02,,OPT,PSE,Gaza Strip,,,censored,Protection,IDP/Refugee Service,Air-Launched: Plane,Aerial Bomb,Host Government: Military,Israeli Defence Forces,Protection Infrastructure,,,,,,,99111
2025-04-02,,OPT,PSE,Gaza Strip,,,censored,Food Security,None,Air-Launched: Plane,Aerial Bomb,Host Government: Military,Israeli Defence Forces,Other,,,,,,,95528
2025-04-02,,OPT,PSE,Gaza Strip,,,censored,Food Security,None,Air-Launched: Plane,Aerial Bomb,Host Government: Military,Israeli Defence Forces,Other,,,,,,Agricultural Land,95529
2025-04-02,,OPT,PSE,Gaza Strip,,,censored,Protection,IDP/Refugee Service,Air-Launched: Plane,Aerial Bomb,Host Government: Military,Israeli Defence Forces,Protection Infrastructure,,,,,,,99130
2025-04-02,,OPT,PSE,Gaza Strip,,,censored,"Health Care, Protection, Aid Operations","IDP/Refugee Service, UN Agency",Air-Launched: Plane,Aerial Bomb,Host Government: Military,Israeli Defence Forces,Health Infrastructure,,,,,,,95451
2025-04-02,,OPT,PSE,Gaza Strip,,,censored,Protection,IDP/Refugee Service,Air-Launched: Plane,Aerial Bomb,Host Government: Military,Israeli Defence Forces,Protection Infrastructure,,,,,,,99109
2025-04-02,,OPT,PSE,Gaza Strip,,,censored,Food Security,None,Ground-Launched,Artillery,Host Government: Military,Israeli Defence Forces,Other,,,,,,Agricultural Land,95527
2025-04-02,,OPT,PSE,Gaza Strip,,,censored,Protection,IDP/Refugee Service,Air-Launched: Plane,Aerial Bomb,Host Government: Military,Israeli Defence Forces,Protection Infrastructure,,,,,,,99110
2025-04-01,,OPT,PSE,Gaza Strip,,,censored,Protection,IDP/Refugee Service,Ground-Launched,Shelling,Host Government: Military,Israeli Defence Forces,Protection Infrastructure,,,,,,,98490
2025-04-01,,OPT,PSE,Gaza Strip,,,censored,Protection,IDP/Refugee Service,Ground-Launched,Shelling,Host Government: Military,Israeli Defence Forces,Protection Infrastructure,,,,,,,98412
2025-04-01,,OPT,PSE,Gaza Strip,,,censored,Protection,IDP/Refugee Service,Ground-Launched,Shelling,Host Government: Military,Israeli Defence Forces,Protection Infrastructure,,,,,,,98411
2025-04-01,,OPT,PSE,Gaza Strip,,,censored,Food Security,None,Ground-Launched,Artillery,Host Government: Military,Israeli Defence Forces,Other,,,,,,,95518
2025-04-01,,OPT,PSE,Gaza Strip,,,censored,Protection,IDP/Refugee Service,Air-Launched: Plane,Aerial Bomb,Host Government: Military,Israeli Defence Forces,Protection Infrastructure,,,,,,,98393
2025-04-01,,OPT,PSE,Gaza Strip,,,censored,Protection,IDP/Refugee Service,Air-Launched: Plane,Aerial Bomb,Host Government: Military,Israeli Defence Forces,Protection Infrastructure,,,,,,,99108
2025-04-01,,OPT,PSE,Gaza Strip,,,censored,"Health Care, Aid Operations",INGO,Air-Launched: Plane,Aerial Bomb,Host Government: Military,Israeli Defence Forces,Health Worker,,,1,,,,95448
2025-03-31,,OPT,PSE,Gaza Strip,,,censored,Protection,IDP/Refugee Service,Air-Launched: Plane,Aerial Bomb,Host Government: Military,Israeli Defence Forces,Protection Infrastructure,,,,,,,98476
2025-03-31,,OPT,PSE,Gaza Strip,,,censored,Protection,IDP/Refugee Service,Air-Launched: Drone,Aerial Bomb,Host Government: Military,Israeli Defence Forces,Protection Infrastructure,,,,,,,99107
2025-03-31,,OPT,PSE,Gaza Strip,,,censored,Protection,IDP/Refugee Service,Air-Launched: Plane,Aerial Bomb,Host Government: Military,Israeli Defence Forces,Protection Infrastructure,,,,,,,99105
2025-03-31,,OPT,PSE,Gaza Strip,,,censored,Food Security,None,Air-Launched: Plane,Aerial Bomb,Host Government: Military,Israeli Defence Forces,Other,,,,,,Food Supply,95515
2025-03-31,,OPT,PSE,Gaza Strip,,,censored,Food Security,None,Air-Launched: Drone,Aerial Bomb,Host Government: Military,Israeli Defence Forces,Other,,,,,,,95514
2025-03-31,,Lebanon,LBN,Nabatieh Governorate,,,censored by HDX,Food Security,None,Air-Launched: Plane,Aerial Bomb,Foreign Forces: Military,Israeli Defence Forces,Other,,,,,,,95511
2025-03-31,,OPT,PSE,Gaza Strip,,,censored,Protection,IDP/Refugee Service,Air-Launched: Plane,Aerial Bomb,Host Government: Military,Israeli Defence Forces,Protection Infrastructure,,,,,,,99106
2025-03-31,,OPT,PSE,Gaza Strip,,,censored,"Education, Protection, Aid Operations","IDP/Refugee Service, UN Agency",Air-Launched: Drone,Unspecified Explosive,Host Government: Military,Israeli Defence Forces,Education Infrastructure,,,,,,,95799
2025-03-31,,OPT,PSE,Gaza Strip,,,censored,"Education, Protection, Aid Operations","IDP/Refugee Service, UN Agency",Air-Launched: Drone,Aerial Bomb,Host Government: Military,Israeli Defence Forces,Education Infrastructure,,,,,,,98382
2025-03-31,,OPT,PSE,Gaza Strip,,,censored,Protection,IDP/Refugee Service,Air-Launched: Plane,Aerial Bomb,Host Government: Military,Israeli Defence Forces,Protection Infrastructure,,,,,,,98381
2025-03-30,,OPT,PSE,Gaza Strip,,,censored,Protection,IDP/Refugee Service,Air-Launched: Plane,Aerial Bomb,Host Government: Military,Israeli Defence Forces,Protection Infrastructure,,,,,,,98639
2025-03-30,,OPT,PSE,Gaza Strip,,,censored,Protection,IDP/Refugee Service,Ground-Launched,Shelling,Host Government: Military,Israeli Defence Forces,Protection Infrastructure,,,,,,,98419
2025-03-30,,OPT,PSE,Gaza Strip,,,censored,Protection,IDP/Refugee Service,Air-Launched: Plane,Aerial Bomb,Host Government: Military,Israeli Defence Forces,Protection Infrastructure,,,,,,,96334
2025-03-30,,OPT,PSE,Gaza Strip,,,censored,Protection,IDP/Refugee Service,Unspecified Launch Method,Unspecified Explosive,Host Government: Military,Israeli Defence Forces,Protection Infrastructure,,,,,,,98730
2025-03-30,,OPT,PSE,Gaza Strip,,,censored,Protection,IDP/Refugee Service,Air-Launched: Plane,Aerial Bomb,Host Government: Military,Israeli Defence Forces,Protection Infrastructure,,,,,,,99104
2025-03-30,,OPT,PSE,Gaza Strip,,,censored,Protection,IDP/Refugee Service,Air-Launched: Plane,Aerial Bomb,Host Government: Military,Israeli Defence Forces,Protection Infrastructure,,,,,,,98638
2025-03-29,,OPT,PSE,Gaza Strip,,,censored,Protection,IDP/Refugee Service,Air-Launched: Plane,Aerial Bomb,Host Government: Military,Israeli Defence Forces,Protection Infrastructure,,,,,,,96333
2025-03-29,,OPT,PSE,Gaza Strip,,,censored,Protection,IDP/Refugee Service,Air-Launched: Drone,Aerial Bomb,Host Government: Military,Israeli Defence Forces,Protection Infrastructure,,,,,,,98618
2025-03-29,,OPT,PSE,Gaza Strip,,,censored,Protection,IDP/Refugee Service,Ground-Launched,Shelling,Host Government: Military,Israeli Defence Forces,Protection Infrastructure,,,,,,,98392
2025-03-29,,OPT,PSE,Gaza Strip,,,censored,Food Security,None,Air-Launched: Plane,Aerial Bomb,Host Government: Military,Israeli Defence Forces,Other,,,,,,Food Production and Storage,95507
2025-03-29,,OPT,PSE,Gaza Strip,,,censored,Protection,IDP/Refugee Service,Air-Launched: Plane,Aerial Bomb,Host Government: Military,Israeli Defence Forces,Protection Infrastructure,,,,,,,98637
2025-03-29,,OPT,PSE,Gaza Strip,,,censored,Food Security,None,Air-Launched: Plane,Aerial Bomb,Host Government: Military,Israeli Defence Forces,Other,,,,,,Agricultural Land,95506
2025-03-29,,OPT,PSE,Gaza Strip,,,censored,Protection,IDP/Refugee Service,Air-Launched: Plane,Aerial Bomb,Host Government: Military,Israeli Defence Forces,Protection Infrastructure,,,,,,,98636
2025-03-28,,OPT,PSE,Gaza Strip,,,censored,Protection,IDP/Refugee Service,Air-Launched: Plane,Aerial Bomb,Host Government: Military,Israeli Defence Forces,Protection Infrastructure,,,,,,,98432
2025-03-28,,Lebanon,LBN,Nabatieh Governorate,,,censored by HDX,Education,Local Education Provider,Ground-Launched,Artillery,Foreign Forces: Military,Israeli Defence Forces,Education Infrastructure,,,,,,,99055
2025-03-28,,OPT,PSE,Gaza Strip,,,censored,Protection,IDP/Refugee Service,Air-Launched: Plane,Aerial Bomb,Host Government: Military,Israeli Defence Forces,Protection Infrastructure,,,,,,,98475
2025-03-28,,OPT,PSE,Gaza Strip,,,censored,Protection,IDP/Refugee Service,Ground-Launched,Shelling,Host Government: Military,Israeli Defence Forces,Protection Infrastructure,,,,,,,98380
2025-03-28,,OPT,PSE,Gaza Strip,,,censored,Food Security,None,Air-Launched: Drone,Aerial Bomb,Host Government: Military,Israeli Defence Forces,Other,,,,,,Food Production and Storage,93837
2025-03-27,,OPT,PSE,Gaza Strip,,,censored,Protection,IDP/Refugee Service,Air-Launched: Plane,Aerial Bomb,Host Government: Military,Israeli Defence Forces,Protection Infrastructure,,,,,,,98379
2025-03-27,,OPT,PSE,Gaza Strip,,,censored,Protection,IDP/Refugee Service,Air-Launched: Plane,Aerial Bomb,Host Government: Military,Israeli Defence Forces,Protection Infrastructure,,,,,,,98489
2025-03-27,,OPT,PSE,Gaza Strip,,,censored,"Aid Operations, Food Security",INGO,Air-Launched: Plane,Aerial Bomb,Host Government: Military,Israeli Defence Forces,Food Infrastructure,1,,,,,,95499
2025-03-27,,OPT,PSE,Gaza Strip,,,censored,Protection,IDP/Refugee Service,Air-Launched: Plane,Aerial Bomb,Host Government: Military,Israeli Defence Forces,Protection Infrastructure,,,,,,,98410
2025-03-26,,OPT,PSE,Gaza Strip,,,censored,"Protection, Aid Operations, Food Security","IDP/Refugee Service, NGO",Air-Launched: Drone,Aerial Bomb,Host Government: Military,Israeli Defence Forces,Food Infrastructure,1,,,,,,95347
2025-03-26,,OPT,PSE,Gaza Strip,,,censored,Protection,IDP/Refugee Service,Ground-Launched,Shelling,Host Government: Military,Israeli Defence Forces,Protection Infrastructure,,,,,,,98378
2025-03-26,,OPT,PSE,Gaza Strip,,,censored,Protection,IDP/Refugee Service,Air-Launched: Plane,Aerial Bomb,Host Government: Military,Israeli Defence Forces,Protection Infrastructure,,,,,,,98488
2025-03-26,,OPT,PSE,Gaza Strip,,,censored,Protection,IDP/Refugee Service,Air-Launched: Plane,Aerial Bomb,Host Government: Military,Israeli Defence Forces,Protection Infrastructure,,,,,,,95365
2025-03-26,,OPT,PSE,Gaza Strip,,,censored,Protection,IDP/Refugee Service,Air-Launched: Plane,Aerial Bomb,Host Government: Military,Israeli Defence Forces,Protection Infrastructure,,,,,,,95366
2025-03-25,,OPT,PSE,Gaza Strip,,,censored,Protection,IDP/Refugee Service,Air-Launched: Plane,Aerial Bomb,Host Government: Military,Israeli Defence Forces,Protection Infrastructure,,,,,,,95763
2025-03-25,,OPT,PSE,Gaza Strip,,,censored,Protection,IDP/Refugee Service,Air-Launched: Plane,Aerial Bomb,Host Government: Military,Israeli Defence Forces,Protection Infrastructure,,,,,,,98634
2025-03-25,,OPT,PSE,Gaza Strip,,,censored,Protection,IDP/Refugee Service,Air-Launched: Plane,Aerial Bomb,Host Government: Military,Israeli Defence Forces,Protection Infrastructure,,,,,,,96332
2025-03-25,,OPT,PSE,Gaza Strip,,,censored,Protection,IDP/Refugee Service,Air-Launched: Plane,Aerial Bomb,Host Government: Military,Israeli Defence Forces,Protection Infrastructure,,,,,,,98431
2025-03-25,,OPT,PSE,Gaza Strip,,,censored,Protection,IDP/Refugee Service,Air-Launched: Plane,Aerial Bomb,Host Government: Military,Israeli Defence Forces,Protection Infrastructure,,,,,,,95764
2025-03-25,,OPT,PSE,Gaza Strip,,,censored,Protection,IDP/Refugee Service,Air-Launched: Plane,Aerial Bomb,Host Government: Military,Israeli Defence Forces,Protection Infrastructure,,,,,,,98635
2025-03-25,,OPT,PSE,Gaza Strip,,,censored,Protection,IDP/Refugee Service,Air-Launched: Plane,Aerial Bomb,Host Government: Military,Israeli Defence Forces,Protection Infrastructure,,,,,,,95363
2025-03-25,,OPT,PSE,Gaza Strip,,,censored,Protection,IDP/Refugee Service,Air-Launched: Plane,Aerial Bomb,Host Government: Military,Israeli Defence Forces,Protection Infrastructure,,,,,,,95364
2025-03-24,,OPT,PSE,Gaza Strip,,,censored,Protection,IDP/Refugee Service,Air-Launched: Plane,Aerial Bomb,Host Government: Military,Israeli Defence Forces,Protection Infrastructure,,,,,,,98390
2025-03-24,,OPT,PSE,Gaza Strip,,,censored,Protection,IDP/Refugee Service,Air-Launched: Drone,Aerial Bomb,Host Government: Military,Israeli Defence Forces,Protection Infrastructure,,,,,,,98391
2025-03-24,,OPT,PSE,Gaza Strip,,,censored,Protection,IDP/Refugee Service,Air-Launched: Plane,Aerial Bomb,Host Government: Military,Israeli Defence Forces,Protection Infrastructure,,,,,,,98630
2025-03-24,,OPT,PSE,Gaza Strip,,,censored,Protection,IDP/Refugee Service,Air-Launched: Plane,Aerial Bomb,Host Government: Military,Israeli Defence Forces,Protection Infrastructure,,,,,,,98631
2025-03-24,,OPT,PSE,Gaza Strip,,,censored,"Education, Protection","IDP/Refugee Service, Local Education Provider",Air-Launched: Plane,Aerial Bomb,Host Government: Military,Israeli Defence Forces,Education Infrastructure,,,,,,,98735
2025-03-24,,OPT,PSE,Gaza Strip,,,censored,Protection,IDP/Refugee Service,Ground-Launched,Shelling,Host Government: Military,Israeli Defence Forces,Protection Infrastructure,,,,,,,98632
2025-03-24,,OPT,PSE,No Information,,,censored,"Education, Protection","IDP/Refugee Service, Local Education Provider",Air-Launched: Plane,Aerial Bomb,Host Government: Military,Israeli Defence Forces,Education Infrastructure,,,,,,,98722
2025-03-24,,OPT,PSE,Gaza Strip,,,censored,Protection,IDP/Refugee Service,Air-Launched: Plane,Aerial Bomb,Host Government: Military,Israeli Defence Forces,Protection Infrastructure,,,,,,,98430
2025-03-24,,OPT,PSE,Gaza Strip,,,censored,Food Security,None,Air-Launched: Plane,Aerial Bomb,Host Government: Military,Israeli Defence Forces,Other,,,,,,Agricultural Land,93824
2025-03-24,,OPT,PSE,Gaza Strip,,,censored,Protection,IDP/Refugee Service,Air-Launched: Plane,Aerial Bomb,Host Government: Military,Israeli Defence Forces,Protection Infrastructure,,,,,,,96331
2025-03-24,,OPT,PSE,Gaza Strip,,,censored,Protection,IDP/Refugee Service,Air-Launched: Plane,Aerial Bomb,Host Government: Military,Israeli Defence Forces,Protection Infrastructure,,,,,,,98487
2025-03-24,,OPT,PSE,Gaza Strip,,,censored,Protection,IDP/Refugee Service,Air-Launched: Plane,Aerial Bomb,Host Government: Military,Israeli Defence Forces,Protection Infrastructure,,,,,,,96329
2025-03-24,,OPT,PSE,Gaza Strip,,,censored,"Health Care, Aid Operations",Red Cross (ICRC or IFRC),Ground-Launched,Shelling,Host Government: Military,Israeli Defence Forces,Aid Infrastructure,,,,,,,94277
2025-03-24,,OPT,PSE,Gaza Strip,,,censored,Protection,IDP/Refugee Service,Air-Launched: Plane,Aerial Bomb,Host Government: Military,Israeli Defence Forces,Protection Infrastructure,,,,,,,98485
2025-03-24,,OPT,PSE,Gaza Strip,,,censored,Protection,IDP/Refugee Service,Ground-Launched,Shelling,Host Government: Military,Israeli Defence Forces,Protection Infrastructure,,,,,,,98633
2025-03-24,,OPT,PSE,Gaza Strip,,,censored,"Education, Protection, Aid Operations","IDP/Refugee Service, UN Agency",Air-Launched: Plane,Aerial Bomb,Host Government: Military,Israeli Defence Forces,Education Infrastructure,,,,,,,95762
2025-03-24,,OPT,PSE,Gaza Strip,,,censored,Protection,IDP/Refugee Service,Air-Launched: Plane,Aerial Bomb,Host Government: Military,Israeli Defence Forces,Protection Infrastructure,,,,,,,98486
2025-03-23,,OPT,PSE,Gaza Strip,,,censored,Protection,IDP/Refugee Service,Ground-Launched,Shelling,Host Government: Military,Israeli Defence Forces,Protection Infrastructure,,,,,,,98484
2025-03-23,,OPT,PSE,Gaza Strip,,,censored,"Health Care, Protection","IDP/Refugee Service, Local Health Care Provider",Air-Launched: Plane,Aerial Bomb,Host Government: Military,Israeli Defence Forces,Health Infrastructure,,,,,,,93625
2025-03-23,,Lebanon,LBN,Nabatieh Governorate,,,censored by HDX,Food Security,None,Ground-Launched,Shelling,Foreign Forces: Military,Israeli Defence Forces,Other,,,,,,,93814
2025-03-23,,OPT,PSE,Gaza Strip,,,censored,Food Security,None,Air-Launched: Plane,Aerial Bomb,Host Government: Military,Israeli Defence Forces,Other,,,,,,Agricultural Land,93816
2025-03-23,,OPT,PSE,Gaza Strip,,,censored,Protection,IDP/Refugee Service,Air-Launched: Drone,Aerial Bomb,Host Government: Military,Israeli Defence Forces,Protection Infrastructure,,,,,,,98617
2025-03-23,,OPT,PSE,Gaza Strip,,,censored,Protection,IDP/Refugee Service,Air-Launched: Plane,Aerial Bomb,Host Government: Military,Israeli Defence Forces,Protection Infrastructure,,,,,,,95475
2025-03-23,,OPT,PSE,Gaza Strip,,,censored,Protection,IDP/Refugee Service,Air-Launched: Plane,Aerial Bomb,Host Government: Military,Israeli Defence Forces,Protection Infrastructure,,,,,,,98628
2025-03-23,,OPT,PSE,Gaza Strip,,,censored,Protection,IDP/Refugee Service,Ground-Launched,Shelling,Host Government: Military,Israeli Defence Forces,Protection Infrastructure,,,,,,,98629
2025-03-23,,OPT,PSE,Gaza Strip,,,censored,Protection,IDP/Refugee Service,Air-Launched: Plane,Aerial Bomb,Host Government: Military,Israeli Defence Forces,Protection Infrastructure,,,,,,,96328
2025-03-22,,OPT,PSE,Gaza Strip,,,censored,Protection,IDP/Refugee Service,Air-Launched: Plane,Aerial Bomb,Host Government: Military,Israeli Defence Forces,Protection Infrastructure,,,,,,,98418
2025-03-22,,OPT,PSE,Gaza Strip,,,censored,Protection,IDP/Refugee Service,Ground-Launched,Shelling,Host Government: Military,Israeli Defence Forces,Protection Infrastructure,,,,,,,98616
2025-03-22,,OPT,PSE,Gaza Strip,,,censored,Protection,IDP/Refugee Service,Air-Launched: Plane,Aerial Bomb,Host Government: Military,Israeli Defence Forces,Protection Infrastructure,,,,,,,95473
2025-03-22,,OPT,PSE,Gaza Strip,,,censored,Protection,IDP/Refugee Service,Air-Launched: Plane,Aerial Bomb,Host Government: Military,Israeli Defence Forces,Protection Infrastructure,,,,,,,95466
2025-03-22,,OPT,PSE,Gaza Strip,,,censored,Protection,IDP/Refugee Service,Air-Launched: Plane,Aerial Bomb,Host Government: Military,Israeli Defence Forces,Protection Infrastructure,,,,,,,95474
2025-03-22,,OPT,PSE,Gaza Strip,,,censored,Health Care,Local Health Care Provider,Air-Launched: Plane,Aerial Bomb,Host Government: Military,Israeli Defence Forces,Health Worker,,1,,,,,94276
2025-03-22,,OPT,PSE,Gaza Strip,,,censored,Protection,IDP/Refugee Service,Air-Launched: Plane,Aerial Bomb,Host Government: Military,Israeli Defence Forces,Protection Infrastructure,,,,,,,98483
2025-03-21,,OPT,PSE,Gaza Strip,,,censored,Protection,IDP/Refugee Service,Air-Launched: Plane,Aerial Bomb,Host Government: Military,Israeli Defence Forces,Protection Infrastructure,,,,,,,95465
2025-03-21,,OPT,PSE,Gaza Strip,,,censored,Protection,IDP/Refugee Service,Ground-Launched,Artillery,Host Government: Military,Israeli Defence Forces,Protection Infrastructure,,,,,,,101059
2025-03-21,,OPT,PSE,Gaza Strip,,,censored,Protection,IDP/Refugee Service,Air-Launched: Plane,Aerial Bomb,Host Government: Military,Israeli Defence Forces,Protection Infrastructure,,,,,,,96326
2025-03-21,,OPT,PSE,Gaza Strip,,,censored,"Health Care, Protection","IDP/Refugee Service, Local Health Care Provider",Air-Launched: Plane,Aerial Bomb,Host Government: Military,Israeli Defence Forces,Health Infrastructure,,,,,,,93622
2025-03-21,,OPT,PSE,Gaza Strip,,,censored,"Education, Protection","IDP/Refugee Service, Local Education Provider",Air-Launched: Plane,Aerial Bomb,Host Government: Military,Israeli Defence Forces,Education Infrastructure,,,,,,,103333
2025-03-21,,OPT,PSE,Gaza Strip,,,censored,Health Care,Local Health Care Provider,Unspecified Launch Method,Unspecified Explosive,Host Government: Military,Israeli Defence Forces,Health Infrastructure,,,,,,,93620
2025-03-21,,OPT,PSE,Gaza Strip,,,censored,Protection,IDP/Refugee Service,Ground-Launched,Shelling,Host Government: Military,Israeli Defence Forces,Protection Infrastructure,,,,,,,95372
2025-03-21,,OPT,PSE,Gaza Strip,,,censored,Food Security,None,Air-Launched: Plane,Aerial Bomb,Host Government: Military,Israeli Defence Forces,Other,,,,,,Agricultural Land,93801
2025-03-21,,OPT,PSE,Gaza Strip,,,censored,Food Security,None,Air-Launched: Plane,Aerial Bomb,Host Government: Military,Israeli Defence Forces,Other,,,,,,Agricultural Land,93802
2025-03-21,,OPT,PSE,Gaza Strip,,,censored,Food Security,None,Air-Launched: Plane,Aerial Bomb,Host Government: Military,Israeli Defence Forces,Other,,,,,,Agricultural Land,93803
2025-03-21,,OPT,PSE,Gaza Strip,,,censored,Protection,IDP/Refugee Service,Air-Launched: Plane,Aerial Bomb,Host Government: Military,Israeli Defence Forces,Protection Infrastructure,,,,,,,96327
2025-03-20,,OPT,PSE,Gaza Strip,,,censored,Protection,IDP/Refugee Service,Air-Launched: Plane,Aerial Bomb,Host Government: Military,Israeli Defence Forces,Protection Infrastructure,,,,,,,101057
2025-03-20,,OPT,PSE,Gaza Strip,,,censored,Protection,IDP/Refugee Service,Ground-Launched,Shelling,Host Government: Military,Israeli Defence Forces,Protection Infrastructure,,,,,,,95765
2025-03-19,,OPT,PSE,Gaza Strip,,,censored,Education,Local Education Provider,Air-Launched: Drone,Aerial Bomb,Host Government: Military,Israeli Defence Forces,Education Infrastructure,,,,,,,108971
2025-03-19,,OPT,PSE,Gaza Strip,,,censored,Protection,IDP/Refugee Service,Ground-Launched,Artillery,Host Government: Military,Israeli Defence Forces,Protection Infrastructure,,,,,,,101052
2025-03-19,,OPT,PSE,Gaza Strip,,,censored,Protection,IDP/Refugee Service,Air-Launched: Plane,Aerial Bomb,Host Government: Military,Israeli Defence Forces,Protection Infrastructure,,,,,,,95472
2025-03-19,,OPT,PSE,Gaza Strip,,,censored,Protection,IDP/Refugee Service,Air-Launched: Plane,Aerial Bomb,Host Government: Military,Israeli Defence Forces,Protection Infrastructure,,,,,,,95471
2025-03-19,,OPT,PSE,Gaza Strip,,,censored,Protection,IDP/Refugee Service,Air-Launched: Helicopter,Unspecified Explosive,Host Government: Military,Israeli Defence Forces,Protection Infrastructure,,,,,,,103331
2025-03-19,,OPT,PSE,Gaza Strip,,,censored,Protection,IDP/Refugee Service,Air-Launched: Plane,Aerial Bomb,Host Government: Military,Israeli Defence Forces,Protection Infrastructure,,,,,,,103332
2025-03-19,,OPT,PSE,Gaza Strip,,,censored,Aid Operations,UN Agency,Ground-Launched,Artillery,Host Government: Military,Israeli Defence Forces,Aid Infrastructure,1,,,,,,93333
2025-03-19,,OPT,PSE,Gaza Strip,,,censored,Protection,IDP/Refugee Service,Air-Launched: Plane,Aerial Bomb,Host Government: Military,Israeli Defence Forces,Protection Infrastructure,,,,,,,95361
2025-03-19,,OPT,PSE,Gaza Strip,,,censored,Protection,IDP/Refugee Service,Ground-Launched,Shelling,Host Government: Military,Israeli Defence Forces,Protection Infrastructure,,,,,,,95362
2025-03-18,,OPT,PSE,Gaza Strip,,,censored,Protection,IDP/Refugee Service,Air-Launched: Helicopter,Artillery,Host Government: Military,Israeli Defence Forces,Protection Infrastructure,,,,,,,95359
2025-03-18,,OPT,PSE,Gaza Strip,,,censored,Protection,IDP/Refugee Service,Air-Launched: Plane,Aerial Bomb,Host Government: Military,Israeli Defence Forces,Protection Infrastructure,,,,,,,95468
2025-03-18,,OPT,PSE,Gaza Strip,,,censored,Protection,IDP/Refugee Service,Air-Launched: Plane,Aerial Bomb,Host Government: Military,Israeli Defence Forces,Protection Infrastructure,,,,,,,95464
2025-03-18,,OPT,PSE,Gaza Strip,,,censored,Protection,IDP/Refugee Service,Air-Launched: Plane,Aerial Bomb,Host Government: Military,Israeli Defence Forces,Protection Infrastructure,,,,,,,96324
2025-03-18,,OPT,PSE,Gaza Strip,,,censored,Protection,IDP/Refugee Service,Unspecified Launch Method,Unspecified Explosive,Host Government: Military,Israeli Defence Forces,Protection Infrastructure,,,,,,,96323
2025-03-18,,OPT,PSE,Gaza Strip,,,censored,Protection,IDP/Refugee Service,Air-Launched: Drone,Aerial Bomb,Host Government: Military,Israeli Defence Forces,Protection Infrastructure,,,,,,,96322
2025-03-18,,OPT,PSE,Gaza Strip,,,censored,Protection,IDP/Refugee Service,Air-Launched: Plane,Aerial Bomb,Host Government: Military,Israeli Defence Forces,Protection Infrastructure,,,,,,,95371
2025-03-18,,OPT,PSE,Gaza Strip,,,censored,Protection,IDP/Refugee Service,Air-Launched: Plane,Aerial Bomb,Host Government: Military,Israeli Defence Forces,Protection Infrastructure,,,,,,,95370
2025-03-18,,OPT,PSE,Gaza Strip,,,censored,Protection,IDP/Refugee Service,Air-Launched: Plane,Aerial Bomb,Host Government: Military,Israeli Defence Forces,Protection Infrastructure,,,,,,,95367
2025-03-18,,OPT,PSE,Gaza Strip,,,censored,Protection,IDP/Refugee Service,Air-Launched: Drone,Aerial Bomb,Host Government: Military,Israeli Defence Forces,Protection Infrastructure,,,,,,,95360
2025-03-18,,OPT,PSE,Gaza Strip,,,censored,"Health Care, Aid Operations",INGO,Unspecified Launch Method,Missile,Host Government: Military,Israeli Defence Forces,Aid Infrastructure,,,1,,,,95346
2025-03-18,,OPT,PSE,Gaza Strip,,,censored,Health Care,Local Health Care Provider,Air-Launched: Plane,Aerial Bomb,Host Government: Military,Israeli Defence Forces,Health Infrastructure,,,,,,,98375
2025-03-18,,OPT,PSE,Gaza Strip,,,censored,"Health Care, Aid Operations",INGO,Air-Launched: Plane,Aerial Bomb,Host Government: Military,Israeli Defence Forces,Health Worker,,,1,,,,93332
2025-03-18,,OPT,PSE,Gaza Strip,,,censored,"Education, Protection","IDP/Refugee Service, Local Education Provider",Air-Launched: Plane,Aerial Bomb,Host Government: Military,Israeli Defence Forces,Multiple,,,,,,,103330
2025-03-18,,OPT,PSE,Gaza Strip,,,censored,"Education, Protection","IDP/Refugee Service, Local Education Provider",Air-Launched: Plane,Aerial Bomb,Host Government: Military,Israeli Defence Forces,Multiple,,,,,,,103329
2025-03-18,,OPT,PSE,Gaza Strip,,,censored,Food Security,None,Air-Launched: Drone,Aerial Bomb,Host Government: Military,Israeli Defence Forces,Other,,,,,,Food Production and Storage,93773
2025-03-18,,OPT,PSE,Gaza Strip,,,censored,Protection,IDP/Refugee Service,Air-Launched: Plane,Aerial Bomb,Host Government: Military,Israeli Defence Forces,Protection Infrastructure,,,,,,,103328
2025-03-18,,OPT,PSE,Gaza Strip,,,censored,Protection,IDP/Refugee Service,Ground-Launched,Unspecified Explosive,Host Government: Military,Israeli Defence Forces,Protection Infrastructure,,,,,,,103327
2025-03-18,,OPT,PSE,Gaza Strip,,,censored,Protection,IDP/Refugee Service,Air-Launched: Plane,Aerial Bomb,Host Government: Military,Israeli Defence Forces,Protection Infrastructure,,,,,,,103326
2025-03-18,,OPT,PSE,Gaza Strip,,,censored,Protection,IDP/Refugee Service,Air-Launched: Plane,Aerial Bomb,Host Government: Military,Israeli Defence Forces,Protection Infrastructure,,,,,,,103325
2025-03-18,,OPT,PSE,Gaza Strip,,,censored,"Education, Protection","IDP/Refugee Service, Local Education Provider",Air-Launched: Plane,Aerial Bomb,Host Government: Military,Israeli Defence Forces,Education Infrastructure,,,,,,,103324
2025-03-18,,OPT,PSE,Gaza Strip,,,censored,Health Care,Local Health Care Provider,Air-Launched: Plane,Aerial Bomb,Host Government: Military,Israeli Defence Forces,Health Infrastructure,,,,,,,93619
2025-03-18,,OPT,PSE,Gaza Strip,,,censored,Education,Local Education Provider,Air-Launched: Plane,Aerial Bomb,Host Government: Military,Israeli Defence Forces,Education Infrastructure,,,,,,,108969
2025-03-18,,OPT,PSE,Gaza Strip,,,censored,Education,Private Education,Air-Launched: Plane,Aerial Bomb,Host Government: Military,Israeli Defence Forces,Education Infrastructure,,,,,,,108970
2025-03-18,,OPT,PSE,Gaza Strip,,,censored,Protection,IDP/Refugee Service,Unspecified Launch Method,Unspecified Explosive,Host Government: Military,Israeli Defence Forces,Protection Infrastructure,,,,,,,98728
2025-03-18,,OPT,PSE,Gaza Strip,,,censored,Protection,IDP/Refugee Service,Air-Launched: Plane,Aerial Bomb,Host Government: Military,Israeli Defence Forces,Protection Infrastructure,,,,,,,98729
2025-03-18,,OPT,PSE,Gaza Strip,,,censored,Protection,IDP/Refugee Service,Air-Launched: Plane,Aerial Bomb,Host Government: Military,Israeli Defence Forces,Protection Infrastructure,,,,,,,95469
2025-03-18,,OPT,PSE,Gaza Strip,,,censored,Protection,IDP/Refugee Service,Air-Launched: Plane,Aerial Bomb,Host Government: Military,Israeli Defence Forces,Protection Infrastructure,,,,,,,95470
2025-03-17,,OPT,PSE,Gaza Strip,,,censored,Protection,IDP/Refugee Service,Air-Launched: Drone,Aerial Bomb,Host Government: Military,Israeli Defence Forces,Protection Infrastructure,,,,,,,95357
2025-03-17,,OPT,PSE,Gaza Strip,,,censored,"Education, Protection, Aid Operations","IDP/Refugee Service, UN Agency",Air-Launched: Drone,Aerial Bomb,Host Government: Military,Israeli Defence Forces,Education Infrastructure,,,,,,,95358
2025-03-17,,OPT,PSE,West Bank,,,censored,Protection,IDP/Refugee Service,Unspecified Launch Method,Unspecified Explosive,Host Government: Military,Israeli Defence Forces,Protection Infrastructure,,,,,,,95772
2025-03-16,,OPT,PSE,Gaza Strip,,,censored,Food Security,None,Air-Launched: Drone,Aerial Bomb,Host Government: Military,Israeli Defence Forces,Other,,,,,,Agricultural Land,93752
2025-03-16,,OPT,PSE,Gaza Strip,,,censored,Protection,IDP/Refugee Service,Air-Launched: Drone,Aerial Bomb,Host Government: Military,Israeli Defence Forces,Protection Infrastructure,,,,,,,101054
2025-03-15,,OPT,PSE,Gaza Strip,,,censored,Aid Operations,NGO,Air-Launched: Plane,Aerial Bomb,Host Government: Military,Israeli Defence Forces,Other,8,,,,,,93330
2025-03-15,,OPT,PSE,Gaza Strip,,,censored,Protection,IDP/Refugee Service,Air-Launched: Plane,Aerial Bomb,Host Government: Military,Israeli Defence Forces,Protection Infrastructure,,,,,,,98726
2025-03-15,,OPT,PSE,Gaza Strip,,,censored,Protection,IDP/Refugee Service,Ground-Launched,Artillery,Host Government: Military,Israeli Defence Forces,Protection Infrastructure,,,,,,,101051
2025-03-14,,OPT,PSE,Gaza Strip,,,censored,Food Security,None,Ground-Launched,Shelling,Host Government: Military,Israeli Defence Forces,Other,,,,,,,93734
2025-03-14,,OPT,PSE,Gaza Strip,,,censored,Education,Local Education Provider,Ground-Launched,Artillery,Host Government: Military,Israeli Defence Forces,Education Infrastructure,,,,,,,108967
2025-03-13,,OPT,PSE,Gaza Strip,,,censored,Protection,IDP/Refugee Service,Air-Launched: Plane,Aerial Bomb,Host Government: Military,Israeli Defence Forces,Protection Infrastructure,,,,,,,98724
2025-03-13,,OPT,PSE,Gaza Strip,,,censored,Protection,IDP/Refugee Service,Ground-Launched,Artillery,Host Government: Military,Israeli Defence Forces,Protection Infrastructure,,,,,,,101050
2025-03-13,,OPT,PSE,West Bank,,,censored,Protection,IDP/Refugee Service,Unspecified Launch Method,Unspecified Explosive,Host Government: Military,Israeli Defence Forces,Protection Infrastructure,,,,,,,96288
2025-03-13,,OPT,PSE,West Bank,,,censored,Protection,IDP/Refugee Service,Unspecified Launch Method,Unspecified Explosive,Host Government: Military,Israeli Defence Forces,Protection Infrastructure,,,,,,,96279
2025-03-13,,OPT,PSE,Gaza Strip,,,censored,Protection,IDP/Refugee Service,Ground-Launched,Shelling,Host Government: Military,Israeli Defence Forces,Protection Infrastructure,,,,,,,95369
2025-03-13,,OPT,PSE,Gaza Strip,,,censored,Food Security,None,Air-Launched: Plane,Aerial Bomb,Host Government: Military,Israeli Defence Forces,Other,,,,,,Agricultural Land,93729
2025-03-13,,Lebanon,LBN,Nabatieh Governorate,,,censored by HDX,Food Security,None,Air-Launched: Plane,Aerial Bomb,Foreign Forces: Military,Israeli Defence Forces,Other,,,,,,,93726
2025-03-12,,OPT,PSE,Gaza Strip,,,censored,Protection,IDP/Refugee Service,Ground-Launched,Artillery,Host Government: Military,Israeli Defence Forces,Protection Infrastructure,,,,,,,101049
2025-03-11,,OPT,PSE,West Bank,,,censored,Protection,IDP/Refugee Service,Unspecified Launch Method,Unspecified Explosive,Host Government: Military,Israeli Defence Forces,Protection Infrastructure,,,,,,,96286
2025-03-10,,OPT,PSE,Gaza Strip,,,censored,Protection,IDP/Refugee Service,Air-Launched: Plane,Aerial Bomb,Host Government: Military,Israeli Defence Forces,Protection Infrastructure,,,,,,,95354
2025-03-09,,OPT,PSE,West Bank,,,censored,Protection,IDP/Refugee Service,Directly-emplaced,Unspecified Explosive,Host Government: Military,Israeli Defence Forces,Protection Infrastructure,,,,,,,101108
2025-03-09,,Lebanon,LBN,Nabatieh Governorate,,,censored by HDX,Food Security,None,Ground-Launched,Mortar,Foreign Forces: Military,Israeli Defence Forces,Other,,,,,,,93701
2025-03-07,,OPT,PSE,Gaza Strip,,,censored,Protection,IDP/Refugee Service,Air-Launched: Drone,Aerial Bomb,Host Government: Military,Israeli Defence Forces,Protection Infrastructure,,,,,,,103323
2025-03-05,,OPT,PSE,West Bank,,,censored,Food Security,None,Directly-Emplaced,Mine,Civilian,Israeli settlers,Other,,,,,,Agricultural Land,93681
2025-03-04,,OPT,PSE,Gaza Strip,,,censored,"Health Care, Aid Operations","National Red Cross Society, UN Agency",Ground-Launched,Shelling,Host Government: Military,Israeli Defence Forces,Health Infrastructure,,,,,,,93286
2025-03-03,,OPT,PSE,West Bank,,,censored,Education,Local Education Provider,Directly-Emplaced,Hand Grenade,Host Government: Military,Israeli Defence Forces,Education Infrastructure,,,,,,,98625
2025-02-27,,OPT,PSE,Gaza Strip,,,censored,Protection,IDP/Refugee Service,Air-Launched: Plane,Aerial Bomb,Host Government: Military,Israeli Defence Forces,Protection Infrastructure,,,,,,,93420
2025-02-26,,OPT,PSE,Gaza Strip,,,censored,Protection,IDP/Refugee Service,UXO,UXO,Host Government: Military,Israeli Defence Forces,Protection Infrastructure,,,,,,,95463
2025-02-25,,OPT,PSE,Gaza Strip,,,censored,Protection,IDP/Refugee Service,Ground-Launched,Artillery,Host Government: Military,Israeli Defence Forces,Protection Infrastructure,,,,,,,95353
2025-02-21,,OPT,PSE,Gaza Strip,,,censored,Protection,IDP/Refugee Service,Ground-Launched,Unspecified Explosive,Host Government: Military,Israeli Defence Forces,Protection Infrastructure,,,,,,,93393
2025-02-21,,Lebanon,LBN,No Information,,,censored by HDX,Health Care,Other,Air-Launched: Plane,Aerial Bomb,Foreign Forces: Military,Israeli Defence Forces,Health Worker,,1,,,,,98463
2025-02-20,,OPT,PSE,West Bank,,,censored,Protection,IDP/Refugee Service,Directly-Emplaced,Hand Grenade,Host Government: Military,Israeli Defence Forces,Protection Infrastructure,,,,,,,93592
2025-02-20,,OPT,PSE,West Bank,,,censored,Protection,IDP/Refugee Service,Directly-Emplaced,Hand Grenade,Host Government: Military,Israeli Defence Forces,Protection Infrastructure,,,,,,,93561
2025-02-19,,OPT,PSE,West Bank,,,censored,Protection,IDP/Refugee Service,Directly-Emplaced,Hand Grenade,Host Government: Military,Israeli Defence Forces,Protection Infrastructure,,,,,,,93560
2025-02-19,,OPT,PSE,West Bank,,,censored,Protection,IDP/Refugee Service,Ground-Launched,RPG,Host Government: Military,Israeli Defence Forces,Protection Infrastructure,,,,,,,93470
2025-02-19,,OPT,PSE,Gaza Strip,,,censored,Protection,IDP/Refugee Service,Air-Launched: Drone,Aerial Bomb,Host Government: Military,Israeli Defence Forces,Protection Infrastructure,,,,,,,93391
2025-02-18,,OPT,PSE,West Bank,,,censored,Protection,IDP/Refugee Service,Directly-Emplaced,Hand Grenade,Host Government: Military,Israeli Defence Forces,Protection Infrastructure,,,,,,,93558
2025-02-18,,OPT,PSE,West Bank,,,censored,Protection,IDP/Refugee Service,Directly-Emplaced,Hand Grenade,Host Government: Military,Israeli Defence Forces,Protection Infrastructure,,,,,,,93589
2025-02-17,,Lebanon,LBN,Nabatieh Governorate,,,censored by HDX,Education,Local Education Provider,Air-Launched: Drone,Aerial Bomb,Foreign Forces: Military,Israeli Defence Forces,Education Infrastructure,,,,,,,95412
2025-02-17,,OPT,PSE,West Bank,,,censored,Protection,IDP/Refugee Service,Directly-Emplaced,Hand Grenade,Host Government: Military,Israeli Defence Forces,Protection Infrastructure,,,,,,,93588
2025-02-17,,OPT,PSE,West Bank,,,censored,Protection,IDP/Refugee Service,Unspecified Launch Method,Unspecified Explosive,Host Government: Military,Israeli Defence Forces,Protection Infrastructure,,,,,,,93524
2025-02-17,,OPT,PSE,West Bank,,,censored,Protection,IDP/Refugee Service,Unspecified Launch Method,Unspecified Explosive,Host Government: Military,Israeli Defence Forces,Protection Infrastructure,,,,,,,93557
2025-02-17,,OPT,PSE,West Bank,,,censored,Protection,IDP/Refugee Service,Directly-Emplaced,Hand Grenade,Host Government: Military,Israeli Defence Forces,Protection Infrastructure,,,,,,,93556
2025-02-16,,OPT,PSE,Gaza Strip,,,censored,Protection,IDP/Refugee Service,Air-Launched: Drone,Aerial Bomb,Host Government: Military,Israeli Defence Forces,Protection Infrastructure,,,,,,,93390
2025-02-15,,OPT,PSE,Gaza Strip,,,censored,Protection,IDP/Refugee Service,Ground-Launched,Unspecified Explosive,Host Government: Military,Israeli Defence Forces,Protection Infrastructure,,,,,,,93392
2025-02-14,,OPT,PSE,West Bank,,,censored,Protection,IDP/Refugee Service,Air-Launched: Drone,Aerial Bomb,Host Government: Military,Israeli Defence Forces,Protection Infrastructure,,,,,,,93511
2025-02-13,,OPT,PSE,Gaza Strip,,,censored,Protection,IDP/Refugee Service,UXO,UXO,Host Government: Military,Israeli Defence Forces,Protection Infrastructure,,,,,,,93403
2025-02-13,,OPT,PSE,Gaza Strip,,,censored,Protection,IDP/Refugee Service,Air-Launched: Plane,Aerial Bomb,Host Government: Military,Israeli Defence Forces,Protection Infrastructure,,,,,,,93404
2025-02-11,,OPT,PSE,West Bank,,,censored,Protection,IDP/Refugee Service,Unspecified Launch Method,Unspecified Explosive,Host Government: Military,Israeli Defence Forces,Protection Infrastructure,,,,,,,93506
2025-02-11,,OPT,PSE,West Bank,,,censored,"Protection, Food Security",IDP/Refugee Service,Unspecified Launch Method,Unspecified Explosive,Host Government: Military,Israeli Defence Forces,Protection Infrastructure,,,,,,,93468
2025-02-10,,OPT,PSE,West Bank,,,censored,Protection,IDP/Refugee Service,Directly-Emplaced,Hand Grenade,Host Government: Military,Israeli Defence Forces,Protection Infrastructure,,,,,,,93580
2025-02-10,,OPT,PSE,West Bank,,,censored,Protection,IDP/Refugee Service,Unspecified Launch Method,Unspecified Explosive,Host Government: Military,Israeli Defence Forces,Protection Infrastructure,,,,,,,93458
2025-02-10,,OPT,PSE,West Bank,,,censored,"Protection, Food Security",IDP/Refugee Service,Unspecified Launch Method,Unspecified Explosive,Host Government: Military,Israeli Defence Forces,Protection Infrastructure,,,,,,Food Supply,93466
2025-02-10,,OPT,PSE,West Bank,,,censored,Protection,IDP/Refugee Service,Unspecified Launch Method,Unspecified Explosive,Host Government: Military,Israeli Defence Forces,Protection Infrastructure,,,,,,,93503
2025-02-09,,OPT,PSE,West Bank,,,censored,Protection,IDP/Refugee Service,Directly-Emplaced,Hand Grenade,Host Government: Military,Israeli Defence Forces,Protection Infrastructure,,,,,,,93579
2025-02-09,,OPT,PSE,West Bank,,,censored,Protection,IDP/Refugee Service,"NotAnswered, Unspecified Launch Method","NotAnswered, Unspecified Explosive",Multiple,"Israeli Defence Forces, Palestinian Islamic Jihad",Protection Infrastructure,,,,,,,93578
2025-02-08,,OPT,PSE,West Bank,,,censored,Protection,IDP/Refugee Service,Unspecified Launch Method,Unspecified Explosive,Host Government: Military,Israeli Defence Forces,Protection Infrastructure,,,,,,,93540
2025-02-07,,OPT,PSE,West Bank,,,censored,Protection,IDP/Refugee Service,Air-Launched: Drone,Aerial Bomb,Host Government: Military,Israeli Defence Forces,Protection Infrastructure,,,,,,,93509
2025-02-07,,OPT,PSE,West Bank,,,censored,"Health Care, Aid Operations",National Red Cross Society,Directly-Emplaced,Hand Grenade,Host Government: Military,Israeli Defence Forces,Health Infrastructure,,,,,,,89545
2025-02-05,,OPT,PSE,West Bank,,,censored,Protection,IDP/Refugee Service,Air-Launched: Drone,Aerial Bomb,Host Government: Military,Israeli Defence Forces,Protection Infrastructure,,,,,,,93502
2025-02-05,,OPT,PSE,West Bank,,,censored,Protection,IDP/Refugee Service,Directly-Emplaced,Hand Grenade,Host Government: Military,Israeli Defence Forces,Protection Infrastructure,,,,,,,93566
2025-02-05,,OPT,PSE,West Bank,,,censored,Protection,IDP/Refugee Service,Unspecified Launch Method,Unspecified Explosive,Host Government: Military,Israeli Defence Forces,Protection Infrastructure,,,,,,,93576
2025-02-04,,OPT,PSE,West Bank,,,censored,Protection,IDP/Refugee Service,Unspecified Launch Method,Unspecified Explosive,Host Government: Military,Israeli Defence Forces,Protection Infrastructure,,,,,,,93501
2025-02-03,,OPT,PSE,West Bank,,,censored,"Health Care, Protection","IDP/Refugee Service, Local Health Care Provider",Air-Launched: Plane,Aerial Bomb,Host Government: Military,Israeli Defence Forces,Health Infrastructure,,,,,,,88803
2025-02-02,,OPT,PSE,West Bank,,,censored,"Protection, Food Security",IDP/Refugee Service,Unspecified Launch Method,Unspecified Explosive,Host Government: Military,Israeli Defence Forces,Protection Infrastructure,,,,,,,93459
2025-02-02,,OPT,PSE,West Bank,,,censored,Protection,IDP/Refugee Service,"NotAnswered, Unspecified Launch Method","NotAnswered, Unspecified Explosive",Multiple,"al-Aqsa Martyrs' Brigades, Israeli Defence Forces, Palestinian Islamic Jihad",Protection Infrastructure,,,,,,,93461
2025-02-02,,OPT,PSE,West Bank,,,censored,Protection,IDP/Refugee Service,Unspecified Launch Method,Unspecified Explosive,Host Government: Military,Israeli Defence Forces,Protection Infrastructure,,,,,,,93495
2025-02-02,,OPT,PSE,West Bank,,,censored,Protection,IDP/Refugee Service,Unspecified Launch Method,Unspecified Explosive,Host Government: Military,Israeli Defence Forces,Protection Infrastructure,,,,,,,93498
2025-02-02,,OPT,PSE,Gaza Strip,,,censored,Protection,IDP/Refugee Service,Air-Launched: Plane,Aerial Bomb,Host Government: Military,Israeli Defence Forces,Protection Infrastructure,,,,,,,93402
2025-02-01,,OPT,PSE,West Bank,,,censored,Protection,IDP/Refugee Service,"NotAnswered, Unspecified Launch Method","NotAnswered, Unspecified Explosive",Multiple,"Israeli Defence Forces, Palestinian Islamic Jihad",Protection Infrastructure,,,,,,,93455
2025-02-01,,OPT,PSE,West Bank,,,censored,Protection,IDP/Refugee Service,Unspecified Launch Method,Unspecified Explosive,Host Government: Military,Israeli Defence Forces,Protection Infrastructure,,,,,,,93494
2025-02-01,,OPT,PSE,West Bank,,,censored,Protection,IDP/Refugee Service,"NotAnswered, Unspecified Launch Method","NotAnswered, Unspecified Explosive",Multiple,"al-Aqsa Martyrs' Brigades, Israeli Defence Forces, Palestinian Islamic Jihad",Protection Infrastructure,,,,,,,93432
2025-02-01,,OPT,PSE,West Bank,,,censored,Health Care,Local Health Care Provider,Air-Launched: Plane,Aerial Bomb,Host Government: Military,Israeli Defence Forces,Health Worker,,1,,,,,88797
2025-01-31,,OPT,PSE,West Bank,,,censored,Protection,IDP/Refugee Service,Unspecified Launch Method,Unspecified Explosive,Host Government: Military,Israeli Defence Forces,Protection Infrastructure,,,,,,,93354
2025-01-30,,OPT,PSE,West Bank,,,censored,Protection,IDP/Refugee Service,Unspecified Launch Method,Missile,Host Government: Military,Israeli Defence Forces,Protection Infrastructure,,,,,,,93314
2025-01-29,,OPT,PSE,West Bank,,,censored,Protection,IDP/Refugee Service,Unspecified Launch Method,Unspecified Explosive,Host Government: Military,Israeli Defence Forces,Protection Infrastructure,,,,,,,93353
2025-01-28,,OPT,PSE,Gaza Strip,,,censored,Protection,IDP/Refugee Service,Air-Launched: Plane,Aerial Bomb,Host Government: Military,Israeli Defence Forces,Protection Infrastructure,,,,,,,91384
2025-01-28,,OPT,PSE,West Bank,,,censored,Protection,IDP/Refugee Service,Directly-emplaced,Unspecified Explosive,Host Government: Military,Israeli Defence Forces,Protection Infrastructure,,,,,,,93313
2025-01-28,,OPT,PSE,West Bank,,,censored,Protection,IDP/Refugee Service,Unspecified Launch Method,Unspecified Explosive,Host Government: Military,Israeli Defence Forces,Protection Infrastructure,,,,,,,93352
2025-01-27,,OPT,PSE,Gaza Strip,,,censored,Protection,IDP/Refugee Service,Ground-Launched,Shelling,Host Government: Military,Israeli Defence Forces,Protection Infrastructure,,,,,,,92643
2025-01-27,,OPT,PSE,West Bank,,,censored,Protection,IDP/Refugee Service,Air-Launched: Drone,Aerial Bomb,Host Government: Military,Israeli Defence Forces,Protection Infrastructure,,,,,,,93269
2025-01-27,,OPT,PSE,West Bank,,,censored,Protection,IDP/Refugee Service,Air-Launched: Plane,Aerial Bomb,Host Government: Military,Israeli Defence Forces,Protection Infrastructure,,,,,,,93295
2025-01-26,,OPT,PSE,Gaza Strip,,,censored,Protection,IDP/Refugee Service,Ground-Launched,Artillery,Host Government: Military,Israeli Defence Forces,Protection Infrastructure,,,,,,,89923
2025-01-26,,OPT,PSE,West Bank,,,censored,Protection,IDP/Refugee Service,Air-Launched: Drone,Missile,Host Government: Military,Israeli Defence Forces,Protection Infrastructure,,,,,,,92687
2025-01-25,,OPT,PSE,Gaza Strip,,,censored,Protection,IDP/Refugee Service,Ground-Launched,Artillery,Host Government: Military,Israeli Defence Forces,Protection Infrastructure,,,,,,,89922
2025-01-22,,OPT,PSE,Gaza Strip,,,censored,Protection,IDP/Refugee Service,Air-Launched: Drone,Unspecified Explosive,Host Government: Military,Israeli Defence Forces,Protection Infrastructure,,,,,,,92645
2025-01-21,,OPT,PSE,West Bank,,,censored,Protection,IDP/Refugee Service,Air-Launched: Drone,Aerial Bomb,Host Government: Military,Israeli Defence Forces,Protection Infrastructure,,,,,,,92694
2025-01-21,,OPT,PSE,West Bank,,,censored,Health Care,Local Health Care Provider,Air-Launched: Plane,Aerial Bomb,Host Government: Military,Israeli Defence Forces,Other,,,,,,,88675
2025-01-21,,OPT,PSE,West Bank,,,censored,"Education, Protection","IDP/Refugee Service, Local Education Provider",Air-Launched: Drone,Aerial Bomb,Host Government: Military,Israeli Defence Forces,Multiple,,,,,,,92672
2025-01-21,,OPT,PSE,West Bank,,,censored,"Health Care, Protection, Aid Operations","IDP/Refugee Service, National Red Cross Society",Air-Launched: Drone,Aerial Bomb,Host Government: Military,Israeli Defence Forces,Aid Infrastructure,,,,,,,88162
2025-01-19,,OPT,PSE,Gaza Strip,,,censored,Protection,IDP/Refugee Service,Ground-Launched,Shelling,Host Government: Military,Israeli Defence Forces,Protection Infrastructure,,,,,,,91387
2025-01-19,,OPT,PSE,Gaza Strip,,,censored,"Health Care, Aid Operations",National Red Cross Society,Air-Launched: Plane,Aerial Bomb,Host Government: Military,Israeli Defence Forces,Health Infrastructure,,,,,,,88444
2025-01-19,,OPT,PSE,Gaza Strip,,,censored,Protection,IDP/Refugee Service,Air-Launched: Plane,Aerial Bomb,Host Government: Military,Israeli Defence Forces,Protection Infrastructure,,,,,,,91436
2025-01-19,,OPT,PSE,Gaza Strip,,,censored,Health Care,Local Health Care Provider,Air-Launched: Drone,Aerial Bomb,Host Government: Military,Israeli Defence Forces,Health Worker,,1,,,,,94360
2025-01-19,,OPT,PSE,Gaza Strip,,,censored,Protection,IDP/Refugee Service,Ground-Launched,Shelling,Host Government: Military,Israeli Defence Forces,Protection Infrastructure,,,,,,,91383
2025-01-19,,OPT,PSE,Gaza Strip,,,censored,Protection,IDP/Refugee Service,UXO,UXO,Host Government: Military,Israeli Defence Forces,Protection Infrastructure,,,,,,,89953
2025-01-18,,OPT,PSE,Gaza Strip,,,censored,Protection,IDP/Refugee Service,Air-Launched: Plane,Aerial Bomb,Host Government: Military,Israeli Defence Forces,Protection Infrastructure,,,,,,,91381
2025-01-18,,OPT,PSE,Gaza Strip,,,censored,Protection,IDP/Refugee Service,Air-Launched: Plane,Aerial Bomb,Host Government: Military,Israeli Defence Forces,Protection Infrastructure,,,,,,,91382
2025-01-18,,OPT,PSE,Gaza Strip,,,censored,Protection,IDP/Refugee Service,Unspecified Launch Method,Unspecified Explosive,Host Government: Military,Israeli Defence Forces,Protection Infrastructure,,,,,,,89952
2025-01-17,,OPT,PSE,Gaza Strip,,,censored,Protection,IDP/Refugee Service,Ground-Launched,Shelling,Host Government: Military,Israeli Defence Forces,Protection Infrastructure,,,,,,,91379
2025-01-17,,OPT,PSE,Gaza Strip,,,censored,Protection,IDP/Refugee Service,Air-Launched: Plane,Aerial Bomb,Host Government: Military,Israeli Defence Forces,Protection Infrastructure,,,,,,,91434
2025-01-17,,OPT,PSE,Gaza Strip,,,censored,"Health Care, Protection","IDP/Refugee Service, Local Health Care Provider",Air-Launched: Plane,Aerial Bomb,Host Government: Military,Israeli Defence Forces,Multiple,,,,,,,91435
2025-01-17,,OPT,PSE,Gaza Strip,,,censored,"Education, Protection","IDP/Refugee Service, Local Education Provider",Air-Launched: Plane,Aerial Bomb,Host Government: Military,Israeli Defence Forces,Multiple,,,,,,,92693
2025-01-17,,OPT,PSE,Gaza Strip,,,censored,Protection,IDP/Refugee Service,Air-Launched: Plane,Aerial Bomb,Host Government: Military,Israeli Defence Forces,Protection Infrastructure,,,,,,,91378
2025-01-17,,OPT,PSE,Gaza Strip,,,censored,Protection,IDP/Refugee Service,Air-Launched: Plane,Aerial Bomb,Host Government: Military,Israeli Defence Forces,Protection Infrastructure,,,,,,,91380
2025-01-17,,OPT,PSE,Gaza Strip,,,censored,Protection,IDP/Refugee Service,Air-Launched: Plane,Aerial Bomb,Host Government: Military,Israeli Defence Forces,Protection Infrastructure,,,,,,,91377
2025-01-17,,OPT,PSE,Gaza Strip,,,censored,Protection,IDP/Refugee Service,Air-Launched: Plane,Aerial Bomb,Host Government: Military,Israeli Defence Forces,Protection Infrastructure,,,,,,,89614
2025-01-16,,OPT,PSE,Gaza Strip,,,censored,"Education, Aid Operations",United Nations,Air-Launched: No Information on Platform Type,Aerial Bomb,Host Government: Military,Israeli Defence Forces,Education Infrastructure,,,,,,,89916
2025-01-16,,OPT,PSE,Gaza Strip,,,censored,Aid Operations,LNGO,Air-Launched: Plane,Aerial Bomb,Host Government: Military,Israeli Defence Forces,Other,1,,,,,,88785
2025-01-16,,OPT,PSE,Gaza Strip,,,censored,Protection,IDP/Refugee Service,Air-Launched: Plane,Aerial Bomb,Host Government: Military,Israeli Defence Forces,Protection Infrastructure,,,,,,,89591
2025-01-16,,OPT,PSE,Gaza Strip,,,censored,Health Care,Local Health Care Provider,Air-Launched: Plane,Aerial Bomb,Host Government: Military,Israeli Defence Forces,Health Worker,,1,,,,,88597
2025-01-16,,OPT,PSE,Gaza Strip,,,censored,Protection,IDP/Refugee Service,Air-Launched: Plane,Aerial Bomb,Host Government: Military,Israeli Defence Forces,Protection Infrastructure,,,,,,,91432
2025-01-16,,OPT,PSE,Gaza Strip,,,censored,Protection,IDP/Refugee Service,Air-Launched: Plane,Aerial Bomb,Host Government: Military,Israeli Defence Forces,Protection Infrastructure,,,,,,,91208
2025-01-16,,OPT,PSE,Gaza Strip,,,censored,Protection,IDP/Refugee Service,Ground-Launched,Shelling,Host Government: Military,Israeli Defence Forces,Protection Infrastructure,,,,,,,91210
2025-01-16,,OPT,PSE,Gaza Strip,,,censored,Protection,IDP/Refugee Service,Unspecified Launch Method,Unspecified Explosive,Host Government: Military,Israeli Defence Forces,Protection Infrastructure,,,,,,,91207
2025-01-16,,OPT,PSE,Gaza Strip,,,censored,"Education, Protection","IDP/Refugee Service, Local Education Provider",Unspecified Launch Method,Unspecified Explosive,Host Government: Military,Israeli Defence Forces,Education Infrastructure,,,,,,,91433
2025-01-15,,OPT,PSE,Gaza Strip,,,censored,"Aid Operations, Food Security",LNGO,Air-Launched: Plane,Aerial Bomb,Host Government: Military,Israeli Defence Forces,Other,1,,,,,,93326
2025-01-15,,OPT,PSE,Gaza Strip,,,censored,"Health Care, Aid Operations",INGO,Air-Launched: Plane,Aerial Bomb,Host Government: Military,Israeli Defence Forces,Aid Infrastructure,,,1,,,,88586
2025-01-15,,OPT,PSE,West Bank,,,censored,Protection,IDP/Refugee Service,Air-Launched: Plane,Aerial Bomb,Host Government: Military,Israeli Defence Forces,Protection Infrastructure,,,,,,,93306
2025-01-15,,OPT,PSE,Gaza Strip,,,censored,Protection,IDP/Refugee Service,Air-Launched: Drone,Aerial Bomb,Host Government: Military,Israeli Defence Forces,Protection Infrastructure,,,,,,,91372
2025-01-15,,OPT,PSE,Gaza Strip,,,censored,Protection,IDP/Refugee Service,Ground-Launched,Shelling,Host Government: Military,Israeli Defence Forces,Protection Infrastructure,,,,,,,89920
2025-01-15,,OPT,PSE,Gaza Strip,,,censored,"Education, Protection","IDP/Refugee Service, Local Education Provider",Air-Launched: Plane,Aerial Bomb,Host Government: Military,Israeli Defence Forces,Multiple,,,,,,,91205
2025-01-15,,OPT,PSE,Gaza Strip,,,censored,Protection,IDP/Refugee Service,Unspecified Launch Method,Unspecified Explosive,Host Government: Military,Israeli Defence Forces,Protection Infrastructure,,,,,,,91429
2025-01-15,,OPT,PSE,Gaza Strip,,,censored,"Education, Protection","IDP/Refugee Service, Local Education Provider",Ground-Launched,Shelling,Host Government: Military,Israeli Defence Forces,Education Infrastructure,,,,,,,91431
2025-01-15,,OPT,PSE,Gaza Strip,,,censored,"Education, Protection","IDP/Refugee Service, Local Education Provider",Air-Launched: Plane,Aerial Bomb,Host Government: Military,Israeli Defence Forces,Multiple,,,,,,,91204
2025-01-15,,OPT,PSE,Gaza Strip,,,censored,Protection,IDP/Refugee Service,Air-Launched: Plane,Aerial Bomb,Host Government: Military,Israeli Defence Forces,Protection Infrastructure,,,,,,,91203
2025-01-15,,OPT,PSE,Gaza Strip,,,censored,Protection,IDP/Refugee Service,Air-Launched: Plane,Aerial Bomb,Host Government: Military,Israeli Defence Forces,Protection Infrastructure,,,,,,,89589
2025-01-15,,OPT,PSE,Gaza Strip,,,censored,Protection,IDP/Refugee Service,Unspecified Launch Method,Unspecified Explosive,Host Government: Military,Israeli Defence Forces,Protection Infrastructure,,,,,,,89590
2025-01-15,,OPT,PSE,Gaza Strip,,,censored,Protection,IDP/Refugee Service,Air-Launched: Plane,Aerial Bomb,Host Government: Military,Israeli Defence Forces,Protection Infrastructure,,,,,,,89611
2025-01-15,,OPT,PSE,Gaza Strip,,,censored,Protection,IDP/Refugee Service,Air-Launched: Plane,Aerial Bomb,Host Government: Military,Israeli Defence Forces,Protection Infrastructure,,,,,,,89613
2025-01-14,,OPT,PSE,Gaza Strip,,,censored,Protection,IDP/Refugee Service,Air-Launched: Plane,Aerial Bomb,Host Government: Military,Israeli Defence Forces,Protection Infrastructure,,,,,,,91428
2025-01-14,,OPT,PSE,Gaza Strip,,,censored,"Health Care, Protection, Aid Operations","IDP/Refugee Service, INGO, NGO",Air-Launched: Plane,Aerial Bomb,Host Government: Military,Israeli Defence Forces,Aid Infrastructure,1,,1,,,,88451
2025-01-14,,OPT,PSE,Gaza Strip,,,censored,Protection,IDP/Refugee Service,Air-Launched: Plane,Aerial Bomb,Host Government: Military,Israeli Defence Forces,Protection Infrastructure,,,,,,,89588
2025-01-14,,OPT,PSE,Gaza Strip,,,censored,Protection,IDP/Refugee Service,Ground-Launched,Shelling,Host Government: Military,Israeli Defence Forces,Protection Infrastructure,,,,,,,91200
2025-01-14,,OPT,PSE,Gaza Strip,,,censored,Protection,IDP/Refugee Service,Air-Launched: Plane,Aerial Bomb,Host Government: Military,Israeli Defence Forces,Protection Infrastructure,,,,,,,91199
2025-01-14,,OPT,PSE,Gaza Strip,,,censored,Protection,IDP/Refugee Service,Ground-Launched,Shelling,Host Government: Military,Israeli Defence Forces,Protection Infrastructure,,,,,,,91198
2025-01-14,,OPT,PSE,Gaza Strip,,,censored,Protection,IDP/Refugee Service,Air-Launched: Plane,Aerial Bomb,Host Government: Military,Israeli Defence Forces,Protection Infrastructure,,,,,,,89610
2025-01-14,,OPT,PSE,West Bank,,,censored,Protection,IDP/Refugee Service,Air-Launched: Drone,Missile,Host Government: Military,Israeli Defence Forces,Protection Infrastructure,,,,,,,92690
2025-01-14,,OPT,PSE,Gaza Strip,,,censored,Protection,IDP/Refugee Service,Air-Launched: Plane,Aerial Bomb,Host Government: Military,Israeli Defence Forces,Protection Infrastructure,,,,,,,92640
2025-01-14,,OPT,PSE,West Bank,,,censored,Protection,IDP/Refugee Service,Air-Launched: No Information on Platform Type,Aerial Bomb,Host Government: Military,Israeli Defence Forces,Protection Infrastructure,,,,,,,88807
2025-01-14,,OPT,PSE,Gaza Strip,,,censored,Protection,IDP/Refugee Service,Unspecified Launch Method,Unspecified Explosive,Host Government: Military,Israeli Defence Forces,Protection Infrastructure,,,,,,,89950
2025-01-14,,OPT,PSE,Gaza Strip,,,censored,Protection,IDP/Refugee Service,Unspecified Launch Method,Unspecified Explosive,Host Government: Military,Israeli Defence Forces,Protection Infrastructure,,,,,,,89949
2025-01-13,,OPT,PSE,Gaza Strip,,,censored,"Education, Protection, Aid Operations","IDP/Refugee Service, UN Agency",Air-Launched: Plane,Aerial Bomb,Host Government: Military,Israeli Defence Forces,Education Infrastructure,,,,,,,91427
2025-01-13,,OPT,PSE,Gaza Strip,,,censored,Protection,IDP/Refugee Service,Ground-Launched,Shelling,Host Government: Military,Israeli Defence Forces,Protection Infrastructure,,,,,,,91197
2025-01-13,,OPT,PSE,Gaza Strip,,,censored,Protection,IDP/Refugee Service,Ground-Launched,Shelling,Host Government: Military,Israeli Defence Forces,Protection Infrastructure,,,,,,,91196
2025-01-13,,OPT,PSE,Gaza Strip,,,censored,Health Care,Local Health Care Provider,Air-Launched: Plane,Aerial Bomb,Host Government: Military,Israeli Defence Forces,Health Infrastructure,,,,,,,88080
2025-01-13,,OPT,PSE,Gaza Strip,,,censored,Protection,IDP/Refugee Service,"NotAnswered, Unspecified Launch Method","NotAnswered, Unspecified Explosive",Multiple,"Hamas, Israeli Defence Forces",Protection Infrastructure,,,,,,,91386
2025-01-13,,OPT,PSE,Gaza Strip,,,censored,Education,Local Education Provider,Air-Launched: Plane,Aerial Bomb,Host Government: Military,Israeli Defence Forces,Education Infrastructure,,,,,,,92045
2025-01-12,,OPT,PSE,Gaza Strip,,,censored,Protection,IDP/Refugee Service,Air-Launched: Plane,Aerial Bomb,Host Government: Military,Israeli Defence Forces,Protection Infrastructure,,,,,,,91194
2025-01-12,,OPT,PSE,Gaza Strip,,,censored,Protection,IDP/Refugee Service,Air-Launched: Plane,Aerial Bomb,Host Government: Military,Israeli Defence Forces,Protection Infrastructure,,,,,,,89606
2025-01-12,,OPT,PSE,Gaza Strip,,,censored,Protection,IDP/Refugee Service,Air-Launched: Plane,Aerial Bomb,Host Government: Military,Israeli Defence Forces,Protection Infrastructure,,,,,,,91371
2025-01-12,,OPT,PSE,Gaza Strip,,,censored,Protection,IDP/Refugee Service,Ground-Launched,Shelling,Host Government: Military,Israeli Defence Forces,Protection Infrastructure,,,,,,,89587
2025-01-12,,OPT,PSE,Gaza Strip,,,censored,Protection,IDP/Refugee Service,Air-Launched: Plane,Aerial Bomb,Host Government: Military,Israeli Defence Forces,Protection Infrastructure,,,,,,,89586
2025-01-12,,OPT,PSE,Gaza Strip,,,censored,"Education, Protection","IDP/Refugee Service, Local Education Provider",Air-Launched: Plane,Aerial Bomb,Host Government: Military,Israeli Defence Forces,Education Infrastructure,,,,,,,91426
2025-01-11,,OPT,PSE,Gaza Strip,,,censored,Protection,IDP/Refugee Service,Ground-Launched,Shelling,Host Government: Military,Israeli Defence Forces,Protection Infrastructure,,,,,,,91193
2025-01-11,,OPT,PSE,Gaza Strip,,,censored,Protection,IDP/Refugee Service,Air-Launched: Plane,Aerial Bomb,Host Government: Military,Israeli Defence Forces,Protection Infrastructure,,,,,,,92682
2025-01-11,,OPT,PSE,Gaza Strip,,,censored,"Health Care, Protection","IDP/Refugee Service, Local Health Care Provider",Air-Launched: Plane,Aerial Bomb,Host Government: Military,Israeli Defence Forces,Protection Infrastructure,,1,,,,,88081
2025-01-11,,OPT,PSE,Gaza Strip,,,censored,Protection,IDP/Refugee Service,Ground-Launched,Shelling,Host Government: Military,Israeli Defence Forces,Protection Infrastructure,,,,,,,89585
2025-01-11,,OPT,PSE,Gaza Strip,,,censored,Protection,IDP/Refugee Service,Air-Launched: Plane,Aerial Bomb,Host Government: Military,Israeli Defence Forces,Protection Infrastructure,,,,,,,89919
2025-01-11,,OPT,PSE,Gaza Strip,,,censored,Protection,IDP/Refugee Service,Air-Launched: Drone,Aerial Bomb,Host Government: Military,Israeli Defence Forces,Protection Infrastructure,,,,,,,91370
2025-01-11,,OPT,PSE,Gaza Strip,,,censored,"Education, Protection","IDP/Refugee Service, Local Education Provider",Air-Launched: Plane,Aerial Bomb,Host Government: Military,Israeli Defence Forces,Education Infrastructure,,,,,,,91764
2025-01-11,,OPT,PSE,Gaza Strip,,,censored,Protection,IDP/Refugee Service,Air-Launched: Drone,Aerial Bomb,Host Government: Military,Israeli Defence Forces,Protection Infrastructure,,,,,,,91373
2025-01-10,,OPT,PSE,Gaza Strip,,,censored,Protection,IDP/Refugee Service,Ground-Launched,Shelling,Host Government: Military,Israeli Defence Forces,Protection Infrastructure,,,,,,,91190
2025-01-10,,OPT,PSE,Gaza Strip,,,censored,Protection,IDP/Refugee Service,Unspecified Launch Method,Unspecified Explosive,Host Government: Military,Israeli Defence Forces,Protection Infrastructure,,,,,,,91191
2025-01-10,,OPT,PSE,Gaza Strip,,,censored,Protection,IDP/Refugee Service,Ground-Launched,Artillery,Host Government: Military,Israeli Defence Forces,Protection Infrastructure,,,,,,,91192
2025-01-10,,OPT,PSE,Gaza Strip,,,censored,Protection,IDP/Refugee Service,Ground-Launched,Shelling,Host Government: Military,Israeli Defence Forces,Protection Infrastructure,,,,,,,89496
2025-01-10,,OPT,PSE,Gaza Strip,,,censored,"Education, Protection","IDP/Refugee Service, Local Education Provider",Air-Launched: Drone,Aerial Bomb,Host Government: Military,Israeli Defence Forces,Education Infrastructure,,,,,,,91654
2025-01-10,,OPT,PSE,Gaza Strip,,,censored,Protection,IDP/Refugee Service,Air-Launched: Plane,Aerial Bomb,Host Government: Military,Israeli Defence Forces,Protection Infrastructure,,,,,,,92681
2025-01-10,,OPT,PSE,Gaza Strip,,,censored,Protection,IDP/Refugee Service,Air-Launched: Plane,Aerial Bomb,Host Government: Military,Israeli Defence Forces,Protection Infrastructure,,,,,,,91213
2025-01-10,,OPT,PSE,Gaza Strip,,,censored,"Health Care, Protection, Aid Operations","IDP/Refugee Service, INGO",Ground-Launched,Artillery,Host Government: Military,Israeli Defence Forces,Health Infrastructure,,,,,,,88077
2025-01-10,,OPT,PSE,Gaza Strip,,,censored,"Education, Protection","IDP/Refugee Service, Local Education Provider",Ground-Launched,Shelling,Host Government: Military,Israeli Defence Forces,Multiple,,,,,,,91189
2025-01-09,,OPT,PSE,Gaza Strip,,,censored,Protection,IDP/Refugee Service,Ground-Launched,Shelling,Host Government: Military,Israeli Defence Forces,Protection Infrastructure,,,,,,,89918
2025-01-09,,OPT,PSE,Gaza Strip,,,censored,Protection,IDP/Refugee Service,Air-Launched: Plane,Aerial Bomb,Host Government: Military,Israeli Defence Forces,Protection Infrastructure,,,,,,,89602
2025-01-09,,OPT,PSE,Gaza Strip,,,censored,Protection,IDP/Refugee Service,Ground-Launched,Artillery,Host Government: Military,Israeli Defence Forces,Protection Infrastructure,,,,,,,91187
2025-01-09,,OPT,PSE,Gaza Strip,,,censored,"Education, Protection","IDP/Refugee Service, Local Education Provider",Air-Launched: Plane,Aerial Bomb,Host Government: Military,Israeli Defence Forces,Education Infrastructure,,,,,,,91425
2025-01-09,,OPT,PSE,Gaza Strip,,,censored,"Education, Protection","IDP/Refugee Service, Local Education Provider",Air-Launched: Plane,Aerial Bomb,Host Government: Military,Israeli Defence Forces,Education Infrastructure,,,,,,,91774
2025-01-09,,OPT,PSE,Gaza Strip,,,censored,Education,Local Education Provider,Air-Launched: Plane,Aerial Bomb,Host Government: Military,Israeli Defence Forces,Education Infrastructure,,,,,,,91763
2025-01-09,,OPT,PSE,Gaza Strip,,,censored,Protection,IDP/Refugee Service,Air-Launched: Plane,Aerial Bomb,Host Government: Military,Israeli Defence Forces,Protection Infrastructure,,,,,,,91653
2025-01-09,,OPT,PSE,Gaza Strip,,,censored,Protection,IDP/Refugee Service,Air-Launched: Plane,Aerial Bomb,Host Government: Military,Israeli Defence Forces,Protection Infrastructure,,,,,,,91652
2025-01-09,,OPT,PSE,West Bank,,,censored,Protection,IDP/Refugee Service,Directly-emplaced,Unspecified Explosive,Host Government: Military,Israeli Defence Forces,Protection Infrastructure,,,,,,,93294
2025-01-08,,OPT,PSE,Gaza Strip,,,censored,Protection,IDP/Refugee Service,Ground-Launched,Shelling,Host Government: Military,Israeli Defence Forces,Protection Infrastructure,,,,,,,89601
2025-01-08,,OPT,PSE,Gaza Strip,,,censored,"Education, Protection","IDP/Refugee Service, Local Education Provider",Unspecified Launch Method,Unspecified Explosive,Host Government: Military,Israeli Defence Forces,Education Infrastructure,,,,,,,91424
2025-01-08,,OPT,PSE,Gaza Strip,,,censored,Protection,IDP/Refugee Service,Unspecified Launch Method,Unspecified Explosive,Host Government: Military,Israeli Defence Forces,Protection Infrastructure,,,,,,,91423
2025-01-08,,OPT,PSE,Gaza Strip,,,censored,Protection,IDP/Refugee Service,Air-Launched: Plane,Aerial Bomb,Host Government: Military,Israeli Defence Forces,Protection Infrastructure,,,,,,,91212
2025-01-08,,OPT,PSE,Gaza Strip,,,censored,Protection,IDP/Refugee Service,Air-Launched: Plane,Aerial Bomb,Host Government: Military,Israeli Defence Forces,Protection Infrastructure,,,,,,,91186
2025-01-08,,OPT,PSE,Gaza Strip,,,censored,Protection,IDP/Refugee Service,Air-Launched: Plane,Aerial Bomb,Host Government: Military,Israeli Defence Forces,Protection Infrastructure,,,,,,,89495
2025-01-08,,OPT,PSE,Gaza Strip,,,censored,"Health Care, Protection, Aid Operations","IDP/Refugee Service, INGO",Ground-Launched,Artillery,Host Government: Military,Israeli Defence Forces,Multiple,,,,,,,88074
2025-01-08,,OPT,PSE,Gaza Strip,,,censored,"Health Care, Protection, Aid Operations","IDP/Refugee Service, INGO",Ground-Launched,Shelling,Host Government: Military,Israeli Defence Forces,Health Infrastructure,,,,,,,88075
2025-01-08,,OPT,PSE,Gaza Strip,,,censored,"Education, Protection","IDP/Refugee Service, Local Education Provider",Air-Launched: Drone,Aerial Bomb,Host Government: Military,Israeli Defence Forces,Education Infrastructure,,,,,,,91642
2025-01-07,,OPT,PSE,Gaza Strip,,,censored,"Education, Protection","IDP/Refugee Service, Local Education Provider",Air-Launched: Plane,Aerial Bomb,Host Government: Military,Israeli Defence Forces,Education Infrastructure,,,,,,,91761
2025-01-07,,OPT,PSE,Gaza Strip,,,censored,Protection,IDP/Refugee Service,Air-Launched: Plane,Aerial Bomb,Host Government: Military,Israeli Defence Forces,Protection Infrastructure,,,,,,,91211
2025-01-07,,OPT,PSE,Gaza Strip,,,censored,Protection,IDP/Refugee Service,Air-Launched: Plane,Aerial Bomb,Host Government: Military,Israeli Defence Forces,Protection Infrastructure,,,,,,,91184
2025-01-07,,OPT,PSE,West Bank,,,censored,Protection,IDP/Refugee Service,Unspecified Launch Method,Unspecified Explosive,Host Government: Military,Israeli Defence Forces,Protection Infrastructure,,,,,,,92662
2025-01-07,,OPT,PSE,Gaza Strip,,,censored,Protection,IDP/Refugee Service,Air-Launched: Plane,Aerial Bomb,Host Government: Military,Israeli Defence Forces,Protection Infrastructure,,,,,,,92679
2025-01-07,,OPT,PSE,Gaza Strip,,,censored,Protection,IDP/Refugee Service,Air-Launched: Plane,Aerial Bomb,Host Government: Military,Israeli Defence Forces,Protection Infrastructure,,,,,,,92680
2025-01-07,,OPT,PSE,Gaza Strip,,,censored,Protection,IDP/Refugee Service,Air-Launched: Plane,Aerial Bomb,Host Government: Military,Israeli Defence Forces,Protection Infrastructure,,,,,,,89600
2025-01-07,,OPT,PSE,Gaza Strip,,,censored,Protection,IDP/Refugee Service,Air-Launched: Plane,Aerial Bomb,Host Government: Military,Israeli Defence Forces,Protection Infrastructure,,,,,,,89917
2025-01-07,,OPT,PSE,Gaza Strip,,,censored,Health Care,Local Health Care Provider,Air-Launched: Drone,Aerial Bomb,Host Government: Military,Israeli Defence Forces,Health Infrastructure,,,,,,,87804
2025-01-07,,OPT,PSE,Gaza Strip,,,censored,Protection,IDP/Refugee Service,Ground-Launched,Artillery,Host Government: Military,Israeli Defence Forces,Protection Infrastructure,,,,,,,89598
2025-01-06,,OPT,PSE,Gaza Strip,,,censored,"Aid Operations, Food Security",UN Agency,Air-Launched: Plane,Aerial Bomb,Host Government: Military,Israeli Defence Forces,Food Infrastructure,2,,,,,,88753
2025-01-06,,OPT,PSE,Gaza Strip,,,censored,"Health Care, Aid Operations",NGO,Air-Launched: Plane,Aerial Bomb,Host Government: Military,Israeli Defence Forces,Health Infrastructure,,,,,,,87821
2025-01-06,,OPT,PSE,Gaza Strip,,,censored,Protection,IDP/Refugee Service,"Directly-Emplaced, NotAnswered","NotAnswered, Unspecified IED",Multiple,"Israeli Defence Forces, Qassam Brigades",Protection Infrastructure,,,,,,,89948
2025-01-06,,OPT,PSE,Gaza Strip,,,censored,"Education, Protection","IDP/Refugee Service, Local Education Provider",Air-Launched: Drone,Aerial Bomb,Host Government: Military,Israeli Defence Forces,Education Infrastructure,,,,,,,91737
2025-01-06,,OPT,PSE,Gaza Strip,,,censored,Protection,IDP/Refugee Service,Air-Launched: Plane,Aerial Bomb,Host Government: Military,Israeli Defence Forces,Protection Infrastructure,,,,,,,91209
2025-01-06,,OPT,PSE,Gaza Strip,,,censored,Protection,IDP/Refugee Service,Air-Launched: Drone,Aerial Bomb,Host Government: Military,Israeli Defence Forces,Protection Infrastructure,,,,,,,96807
2025-01-06,,OPT,PSE,Gaza Strip,,,censored,Protection,IDP/Refugee Service,Air-Launched: Drone,Aerial Bomb,Host Government: Military,Israeli Defence Forces,Protection Infrastructure,,,,,,,96808
2025-01-06,,OPT,PSE,Gaza Strip,,,censored,Health Care,Local Health Care Provider,Unspecified Launch Method,Unspecified Explosive,Host Government: Military,Israeli Defence Forces,Health Infrastructure,,,,,,,87822
2025-01-06,,OPT,PSE,Gaza Strip,,,censored,"Health Care, Protection","IDP/Refugee Service, Local Health Care Provider",Air-Launched: Plane,Aerial Bomb,Host Government: Military,Israeli Defence Forces,Multiple,,,,,,,92678
2025-01-05,,OPT,PSE,Gaza Strip,,,censored,Health Care,Local Health Care Provider,Air-Launched: Drone,Aerial Bomb,Host Government: Military,Israeli Defence Forces,Health Infrastructure,,,,,,,87819
2025-01-05,,OPT,PSE,Gaza Strip,,,censored,Protection,IDP/Refugee Service,Ground-Launched,Shelling,Host Government: Military,Israeli Defence Forces,Protection Infrastructure,,,,,,,89924
2025-01-05,,OPT,PSE,Gaza Strip,,,censored,Protection,IDP/Refugee Service,Air-Launched: Plane,Aerial Bomb,Host Government: Military,Israeli Defence Forces,Protection Infrastructure,,,,,,,92646
2025-01-05,,OPT,PSE,Gaza Strip,,,censored,Protection,IDP/Refugee Service,Ground-Launched,Artillery,Host Government: Military,Israeli Defence Forces,Protection Infrastructure,,,,,,,89490
2025-01-05,,OPT,PSE,Gaza Strip,,,censored,Protection,IDP/Refugee Service,Air-Launched: Drone,Aerial Bomb,Host Government: Military,Israeli Defence Forces,Protection Infrastructure,,,,,,,92644
2025-01-05,,OPT,PSE,Gaza Strip,,,censored,Protection,IDP/Refugee Service,Ground-Launched,Artillery,Host Government: Military,Israeli Defence Forces,Protection Infrastructure,,,,,,,89489
2025-01-05,,OPT,PSE,Gaza Strip,,,censored,"Health Care, Protection","IDP/Refugee Service, Local Health Care Provider",Air-Launched: Plane,Aerial Bomb,Host Government: Military,Israeli Defence Forces,Protection Infrastructure,,1,,,,,87798
2025-01-05,,OPT,PSE,Gaza Strip,,,censored,Protection,IDP/Refugee Service,Air-Launched: Plane,Aerial Bomb,Host Government: Military,Israeli Defence Forces,Protection Infrastructure,,,,,,,89486
2025-01-05,,OPT,PSE,Gaza Strip,,,censored,"Education, Protection","IDP/Refugee Service, Local Education Provider",Air-Launched: Drone,Aerial Bomb,Host Government: Military,Israeli Defence Forces,Multiple,,,,,,,91406
2025-01-05,,OPT,PSE,Gaza Strip,,,censored,Protection,IDP/Refugee Service,Unspecified Launch Method,Unspecified Explosive,Host Government: Military,Israeli Defence Forces,Protection Infrastructure,,,,,,,89954
2025-01-05,,OPT,PSE,Gaza Strip,,,censored,Protection,IDP/Refugee Service,Air-Launched: Plane,Aerial Bomb,Host Government: Military,Israeli Defence Forces,Protection Infrastructure,,,,,,,89947
2025-01-05,,OPT,PSE,Gaza Strip,,,censored,"Health Care, Protection","IDP/Refugee Service, Local Health Care Provider",Air-Launched: Drone,Aerial Bomb,Host Government: Military,Israeli Defence Forces,Multiple,,,,,,,91374
2025-01-05,,OPT,PSE,Gaza Strip,,,censored,Protection,IDP/Refugee Service,Air-Launched: Plane,Aerial Bomb,Host Government: Military,Israeli Defence Forces,Protection Infrastructure,,,,,,,90255
2025-01-04,,OPT,PSE,Gaza Strip,,,censored,Protection,IDP/Refugee Service,Ground-Launched,Shelling,Host Government: Military,Israeli Defence Forces,Protection Infrastructure,,,,,,,89485
2025-01-04,,OPT,PSE,Gaza Strip,,,censored,"Education, Protection","IDP/Refugee Service, Local Education Provider",Ground-Launched,Shelling,Host Government: Military,Israeli Defence Forces,Education Infrastructure,,,,,,,91726
2025-01-04,,OPT,PSE,Gaza Strip,,,censored,Education,Local Education Provider,Air-Launched: Plane,Aerial Bomb,Host Government: Military,Israeli Defence Forces,Education Infrastructure,,,,,,,91722
2025-01-04,,OPT,PSE,Gaza Strip,,,censored,"Education, Protection, Aid Operations","IDP/Refugee Service, UN Agency",Ground-Launched,Shelling,Host Government: Military,Israeli Defence Forces,Education Infrastructure,,,,,,,91422
2025-01-04,,OPT,PSE,Gaza Strip,,,censored,Protection,IDP/Refugee Service,Air-Launched: Plane,Aerial Bomb,Host Government: Military,Israeli Defence Forces,Protection Infrastructure,,,,,,,91421
2025-01-04,,OPT,PSE,Gaza Strip,,,censored,Protection,IDP/Refugee Service,Air-Launched: Plane,Aerial Bomb,Host Government: Military,Israeli Defence Forces,Protection Infrastructure,,,,,,,91405
2025-01-04,,OPT,PSE,Gaza Strip,,,censored,Protection,IDP/Refugee Service,Ground-Launched,Shelling,Host Government: Military,Israeli Defence Forces,Protection Infrastructure,,,,,,,90254
2025-01-04,,OPT,PSE,Gaza Strip,,,censored,Protection,IDP/Refugee Service,Unspecified Launch Method,Unspecified Explosive,Host Government: Military,Israeli Defence Forces,Protection Infrastructure,,,,,,,89945
2025-01-04,,OPT,PSE,Gaza Strip,,,censored,Protection,IDP/Refugee Service,Air-Launched: Plane,Aerial Bomb,Host Government: Military,Israeli Defence Forces,Protection Infrastructure,,,,,,,89596
2025-01-04,,OPT,PSE,Gaza Strip,,,censored,Protection,IDP/Refugee Service,Air-Launched: Plane,Aerial Bomb,Host Government: Military,Israeli Defence Forces,Protection Infrastructure,,,,,,,89484
2025-01-04,,OPT,PSE,Gaza Strip,,,censored,"Education, Protection","IDP/Refugee Service, Local Education Provider",Air-Launched: Drone,Aerial Bomb,Host Government: Military,Israeli Defence Forces,Multiple,,,,,,,89413
2025-01-04,,OPT,PSE,Gaza Strip,,,censored,Health Care,Local Health Care Provider,Air-Launched: Drone,Aerial Bomb,Host Government: Military,Israeli Defence Forces,Health Worker,,,,,,,88068
2025-01-04,,OPT,PSE,Gaza Strip,,,censored,"Health Care, Aid Operations",National Red Cross Society,Air-Launched: Plane,Aerial Bomb,Host Government: Military,Israeli Defence Forces,Health Infrastructure,,,,,,,87794
2025-01-03,,OPT,PSE,Gaza Strip,,,censored,"Health Care, Protection, Aid Operations","IDP/Refugee Service, INGO",Air-Launched: Drone,Aerial Bomb,Host Government: Military,Israeli Defence Forces,Health Infrastructure,,,,,,,87265
2025-01-03,,OPT,PSE,Gaza Strip,,,censored,Protection,IDP/Refugee Service,Air-Launched: Plane,Aerial Bomb,Host Government: Military,Israeli Defence Forces,Protection Infrastructure,,,,,,,90253
2025-01-03,,OPT,PSE,Gaza Strip,,,censored,Protection,IDP/Refugee Service,Air-Launched: Plane,Aerial Bomb,Host Government: Military,Israeli Defence Forces,Protection Infrastructure,,,,,,,90252
2025-01-03,,OPT,PSE,Gaza Strip,,,censored,Protection,IDP/Refugee Service,Ground-Launched,Shelling,Host Government: Military,Israeli Defence Forces,Protection Infrastructure,,,,,,,90251
2025-01-03,,OPT,PSE,Gaza Strip,,,censored,Protection,IDP/Refugee Service,Unspecified Launch Method,Unspecified Explosive,Host Government: Military,Israeli Defence Forces,Protection Infrastructure,,,,,,,91417
2025-01-03,,OPT,PSE,Gaza Strip,,,censored,"Protection, Aid Operations",NGO,Air-Launched: Drone,Aerial Bomb,Host Government: Military,Israeli Defence Forces,Aid Infrastructure,5,,,,,,88436
2025-01-03,,OPT,PSE,Gaza Strip,,,censored,Protection,IDP/Refugee Service,Air-Launched: Plane,Aerial Bomb,Host Government: Military,Israeli Defence Forces,Protection Infrastructure,,,,,,,91404
2025-01-03,,OPT,PSE,Gaza Strip,,,censored,Protection,IDP/Refugee Service,Air-Launched: Plane,Aerial Bomb,Host Government: Military,Israeli Defence Forces,Protection Infrastructure,,,,,,,91419
2025-01-03,,OPT,PSE,Gaza Strip,,,censored,Protection,IDP/Refugee Service,Air-Launched: Plane,Aerial Bomb,Host Government: Military,Israeli Defence Forces,Protection Infrastructure,,,,,,,89944
2025-01-03,,OPT,PSE,Gaza Strip,,,censored,"Education, Protection","IDP/Refugee Service, Local Education Provider",Air-Launched: Plane,Aerial Bomb,Host Government: Military,Israeli Defence Forces,Education Infrastructure,,,,,,,91718
2025-01-03,,OPT,PSE,Gaza Strip,,,censored,Protection,IDP/Refugee Service,Air-Launched: Plane,Aerial Bomb,Host Government: Military,Israeli Defence Forces,Protection Infrastructure,,,,,,,89609
2025-01-03,,OPT,PSE,Gaza Strip,,,censored,"Education, Protection","IDP/Refugee Service, Local Education Provider",Air-Launched: Plane,Aerial Bomb,Host Government: Military,Israeli Defence Forces,Education Infrastructure,,,,,,,91719
2025-01-03,,OPT,PSE,Gaza Strip,,,censored,"Health Care, Protection","IDP/Refugee Service, Local Health Care Provider",Air-Launched: Plane,Aerial Bomb,Host Government: Military,Israeli Defence Forces,Multiple,,,,,,,91418
2025-01-03,,OPT,PSE,Gaza Strip,,,censored,"Health Care, Protection, Aid Operations","IDP/Refugee Service, INGO",Ground-Launched,Shelling,Host Government: Military,Israeli Defence Forces,Health Infrastructure,,,,,,,87266
2025-01-03,,OPT,PSE,Gaza Strip,,,censored,Health Care,Local Health Care Provider,Air-Launched: Plane,Aerial Bomb,Host Government: Military,Israeli Defence Forces,Health Infrastructure,,,,,,,87817
2025-01-03,,OPT,PSE,Gaza Strip,,,censored,Health Care,Local Health Care Provider,Air-Launched: Plane,Aerial Bomb,Host Government: Military,Israeli Defence Forces,Health Worker,,1,,,,,87292
2025-01-03,,OPT,PSE,Gaza Strip,,,censored,"Education, Protection","IDP/Refugee Service, Local Education Provider",Air-Launched: Plane,Aerial Bomb,Host Government: Military,Israeli Defence Forces,Education Infrastructure,,,,,,,91716
2025-01-03,,OPT,PSE,Gaza Strip,,,censored,Protection,IDP/Refugee Service,Ground-Launched,Shelling,Host Government: Military,Israeli Defence Forces,Protection Infrastructure,,,,,,,89474
2025-01-03,,OPT,PSE,Gaza Strip,,,censored,Protection,IDP/Refugee Service,Air-Launched: Plane,Aerial Bomb,Host Government: Military,Israeli Defence Forces,Protection Infrastructure,,,,,,,91420
2025-01-03,,OPT,PSE,Gaza Strip,,,censored,Protection,IDP/Refugee Service,Air-Launched: Plane,Aerial Bomb,Host Government: Military,Israeli Defence Forces,Protection Infrastructure,,,,,,,89477
2025-01-03,,OPT,PSE,Gaza Strip,,,censored,Protection,IDP/Refugee Service,Ground-Launched,Shelling,Host Government: Military,Israeli Defence Forces,Protection Infrastructure,,,,,,,89480
2025-01-02,,OPT,PSE,Gaza Strip,,,censored,Protection,IDP/Refugee Service,Unspecified Launch Method,Unspecified Explosive,Host Government: Military,Israeli Defence Forces,Protection Infrastructure,,,,,,,89942
2025-01-02,,OPT,PSE,Gaza Strip,,,censored,Protection,IDP/Refugee Service,Air-Launched: Plane,Aerial Bomb,Host Government: Military,Israeli Defence Forces,Protection Infrastructure,,,,,,,89616
2025-01-02,,OPT,PSE,Gaza Strip,,,censored,Protection,IDP/Refugee Service,Air-Launched: Plane,Aerial Bomb,Host Government: Military,Israeli Defence Forces,Protection Infrastructure,,,,,,,89471
2025-01-02,,OPT,PSE,Gaza Strip,,,censored,"Education, Protection","IDP/Refugee Service, Local Education Provider",Air-Launched: Drone,Aerial Bomb,Host Government: Military,Israeli Defence Forces,Education Infrastructure,,,,,,,91706
2025-01-02,,OPT,PSE,Gaza Strip,,,censored,Protection,IDP/Refugee Service,Air-Launched: Plane,Aerial Bomb,Host Government: Military,Israeli Defence Forces,Protection Infrastructure,,,,,,,89594
2025-01-02,,OPT,PSE,Gaza Strip,,,censored,Protection,IDP/Refugee Service,Air-Launched: Plane,Aerial Bomb,Host Government: Military,Israeli Defence Forces,Protection Infrastructure,,,,,,,89472
2025-01-02,,OPT,PSE,Gaza Strip,,,censored,Protection,IDP/Refugee Service,Air-Launched: Plane,Aerial Bomb,Host Government: Military,Israeli Defence Forces,Protection Infrastructure,,,,,,,92670
2025-01-02,,OPT,PSE,Gaza Strip,,,censored,Protection,IDP/Refugee Service,Ground-Launched,Shelling,Host Government: Military,Israeli Defence Forces,Protection Infrastructure,,,,,,,90250
2025-01-01,,OPT,PSE,Gaza Strip,,,censored,Protection,IDP/Refugee Service,Ground-Launched,Artillery,Host Government: Military,Israeli Defence Forces,Protection Infrastructure,,,,,,,89468
2025-01-01,,OPT,PSE,Gaza Strip,,,censored,Protection,IDP/Refugee Service,Unspecified Launch Method,Unspecified Explosive,Host Government: Military,Israeli Defence Forces,Protection Infrastructure,,,,,,,89941
2025-01-01,,OPT,PSE,Gaza Strip,,,censored,Protection,IDP/Refugee Service,Ground-Launched,Artillery,Host Government: Military,Israeli Defence Forces,Protection Infrastructure,,,,,,,89469
2025-01-01,,OPT,PSE,Gaza Strip,,,censored,Protection,IDP/Refugee Service,Air-Launched: Plane,Aerial Bomb,Host Government: Military,Israeli Defence Forces,Protection Infrastructure,,,,,,,89407
2025-01-01,,OPT,PSE,Gaza Strip,,,censored,Protection,IDP/Refugee Service,Ground-Launched,Shelling,Host Government: Military,Israeli Defence Forces,Protection Infrastructure,,,,,,,90249
2025-01-01,,OPT,PSE,Gaza Strip,,,censored,Protection,IDP/Refugee Service,Air-Launched: Plane,Aerial Bomb,Host Government: Military,Israeli Defence Forces,Protection Infrastructure,,,,,,,89464
2024-12-31,,OPT,PSE,Gaza Strip,,,censored,Protection,IDP/Refugee Service,Ground-Launched,Shelling,Host Government: Military,Israeli Defence Forces,Protection Infrastructure,,,,,,,88548
2024-12-31,,OPT,PSE,Gaza Strip,,,censored,Protection,IDP/Refugee Service,Directly-Emplaced,Unspecified IED,Host Government: Military,Israeli Defence Forces,Protection Infrastructure,,,,,,,88497
2024-12-30,,OPT,PSE,Gaza Strip,,,censored,"Health Care, Aid Operations",INGO,Ground-Launched,Shelling,Host Government: Military,Israeli Defence Forces,Health Infrastructure,,,,,,,87268
2024-12-29,,OPT,PSE,Gaza Strip,,,censored,Protection,IDP/Refugee Service,Directly-Emplaced,Unspecified IED,Host Government: Military,Israeli Defence Forces,Protection Infrastructure,,,,,,,90247
2024-12-29,,OPT,PSE,Gaza Strip,,,censored,Protection,IDP/Refugee Service,Air-Launched: Drone,Aerial Bomb,Host Government: Military,Israeli Defence Forces,Protection Infrastructure,,,,,,,86814
2024-12-29,,OPT,PSE,Gaza Strip,,,censored,"Health Care, Aid Operations",NGO,Air-Launched: Plane,Aerial Bomb,Host Government: Military,Israeli Defence Forces,Health Infrastructure,,,3,,,,87267
2024-12-29,,OPT,PSE,Gaza Strip,,,censored,"Health Care, Protection, Aid Operations","IDP/Refugee Service, INGO",Ground-Launched,Artillery,Host Government: Military,Israeli Defence Forces,Multiple,,,,,,,87263
2024-12-29,,OPT,PSE,Gaza Strip,,,censored,Protection,IDP/Refugee Service,Ground-Launched,Artillery,Host Government: Military,Israeli Defence Forces,Protection Infrastructure,,,,,,,88545
2024-12-29,,OPT,PSE,Gaza Strip,,,censored,Protection,IDP/Refugee Service,Air-Launched: Plane,Aerial Bomb,Host Government: Military,Israeli Defence Forces,Protection Infrastructure,,,,,,,88546
2024-12-29,,OPT,PSE,Gaza Strip,,,censored,Protection,IDP/Refugee Service,Ground-Launched,Shelling,Host Government: Military,Israeli Defence Forces,Protection Infrastructure,,,,,,,90248
2024-12-29,,OPT,PSE,Gaza Strip,,,censored,Protection,IDP/Refugee Service,Ground-Launched,Artillery,Host Government: Military,Israeli Defence Forces,Protection Infrastructure,,,,,,,87699
2024-12-29,,OPT,PSE,Gaza Strip,,,censored,Protection,IDP/Refugee Service,Ground-Launched,Artillery,Host Government: Military,Israeli Defence Forces,Protection Infrastructure,,,,,,,87700
2024-12-29,,OPT,PSE,Gaza Strip,,,censored,Protection,IDP/Refugee Service,"Directly-Emplaced, NotAnswered","NotAnswered, Unspecified IED",Multiple,"al-Aqsa Martyrs' Brigades, Israeli Defence Forces, Palestinian Islamic Jihad",Protection Infrastructure,,,,,,,89940
2024-12-28,,OPT,PSE,Gaza Strip,,,censored,Protection,IDP/Refugee Service,Unspecified Launch Method,Unspecified Explosive,Host Government: Military,Israeli Defence Forces,Protection Infrastructure,,,,,,,89938
2024-12-28,,OPT,PSE,Gaza Strip,,,censored,Protection,IDP/Refugee Service,Air-Launched: Plane,Aerial Bomb,Host Government: Military,Israeli Defence Forces,Protection Infrastructure,,,,,,,88550
2024-12-28,,OPT,PSE,Gaza Strip,,,censored,Protection,IDP/Refugee Service,Air-Launched: Plane,Aerial Bomb,Host Government: Military,Israeli Defence Forces,Protection Infrastructure,,,,,,,88371
2024-12-28,,OPT,PSE,Gaza Strip,,,censored,Protection,IDP/Refugee Service,Air-Launched: Plane,Aerial Bomb,Host Government: Military,Israeli Defence Forces,Protection Infrastructure,,,,,,,91402
2024-12-28,,OPT,PSE,Gaza Strip,,,censored,Protection,IDP/Refugee Service,Air-Launched: Plane,Aerial Bomb,Host Government: Military,Israeli Defence Forces,Protection Infrastructure,,,,,,,91403
2024-12-28,,OPT,PSE,Gaza Strip,,,censored,Protection,IDP/Refugee Service,Ground-Launched,Shelling,Host Government: Military,Israeli Defence Forces,Protection Infrastructure,,,,,,,89937
2024-12-27,,OPT,PSE,Gaza Strip,,,censored,Health Care,Local Health Care Provider,Air-Launched: Plane,Aerial Bomb,Host Government: Military,Israeli Defence Forces,Health Infrastructure,,,,,,,87246
2024-12-27,,OPT,PSE,Gaza Strip,,,censored,Protection,IDP/Refugee Service,Air-Launched: Plane,Aerial Bomb,Host Government: Military,Israeli Defence Forces,Protection Infrastructure,,,,,,,88344
2024-12-26,,OPT,PSE,Gaza Strip,,,censored,"Health Care, Protection, Aid Operations","IDP/Refugee Service, INGO",Air-Launched: Plane,Aerial Bomb,Host Government: Military,Israeli Defence Forces,Multiple,,,,,,,87260
2024-12-26,,OPT,PSE,Gaza Strip,,,censored,Protection,IDP/Refugee Service,Air-Launched: Plane,Aerial Bomb,Host Government: Military,Israeli Defence Forces,Protection Infrastructure,,,,,,,91401
2024-12-26,,OPT,PSE,Gaza Strip,,,censored,Health Care,Local Health Care Provider,Air-Launched: Plane,Aerial Bomb,Host Government: Military,Israeli Defence Forces,Health Infrastructure,,5,,,,,87237
2024-12-25,,OPT,PSE,Gaza Strip,,,censored,Protection,IDP/Refugee Service,Ground-Launched,Artillery,Host Government: Military,Israeli Defence Forces,Protection Infrastructure,,,,,,,91398
2024-12-25,,OPT,PSE,West Bank,,,censored,Protection,IDP/Refugee Service,Unspecified Launch Method,Unspecified Explosive,Host Government: Military,Israeli Defence Forces,Protection Infrastructure,,,,,,,88480
2024-12-25,,OPT,PSE,Gaza Strip,,,censored,Protection,IDP/Refugee Service,Air-Launched: Plane,Aerial Bomb,Host Government: Military,Israeli Defence Forces,Protection Infrastructure,,,,,,,91399
2024-12-25,,OPT,PSE,Gaza Strip,,,censored,Protection,IDP/Refugee Service,Ground-Launched,Artillery,Host Government: Military,Israeli Defence Forces,Protection Infrastructure,,,,,,,91400
2024-12-25,,OPT,PSE,Gaza Strip,,,censored,Protection,IDP/Refugee Service,Air-Launched: Plane,Aerial Bomb,Host Government: Military,Israeli Defence Forces,Protection Infrastructure,,,,,,,88274
2024-12-25,,OPT,PSE,Gaza Strip,,,censored,Protection,IDP/Refugee Service,Air-Launched: Plane,Aerial Bomb,Host Government: Military,Israeli Defence Forces,Protection Infrastructure,,,,,,,90246
2024-12-25,,OPT,PSE,Gaza Strip,,,censored,Protection,IDP/Refugee Service,Ground-Launched,Shelling,Host Government: Military,Israeli Defence Forces,Protection Infrastructure,,,,,,,90245
2024-12-25,,OPT,PSE,Gaza Strip,,,censored,Protection,IDP/Refugee Service,Air-Launched: Plane,Aerial Bomb,Host Government: Military,Israeli Defence Forces,Protection Infrastructure,,,,,,,89936
2024-12-25,,OPT,PSE,Gaza Strip,,,censored,"Education, Protection","IDP/Refugee Service, Local Education Provider",Air-Launched: Plane,Aerial Bomb,Host Government: Military,Israeli Defence Forces,Education Infrastructure,,,,,,,87716
2024-12-24,,OPT,PSE,Gaza Strip,,,censored,"Health Care, Aid Operations",Government Aid Agency,Air-Launched: No Information on Platform Type,Aerial Bomb,Host Government: Military,Israeli Defence Forces,Health Worker,,,,,,,88386
2024-12-24,,OPT,PSE,Gaza Strip,,,censored,Protection,IDP/Refugee Service,Unspecified Launch Method,Unspecified Explosive,Host Government: Military,Israeli Defence Forces,Protection Infrastructure,,,,,,,89934
2024-12-24,,OPT,PSE,Gaza Strip,,,censored,Protection,IDP/Refugee Service,Ground-Launched,Shelling,Host Government: Military,Israeli Defence Forces,Protection Infrastructure,,,,,,,89463
2024-12-24,,OPT,PSE,Gaza Strip,,,censored,Health Care,Local Health Care Provider,Unspecified Launch Method,Unspecified Explosive,Host Government: Military,Israeli Defence Forces,Health Infrastructure,,,,,,,87077
2024-12-24,,OPT,PSE,Gaza Strip,,,censored,"Health Care, Protection, Aid Operations","IDP/Refugee Service, INGO",Ground-Launched,Artillery,Host Government: Military,Israeli Defence Forces,Health Infrastructure,,,,,,,87079
2024-12-24,,OPT,PSE,West Bank,,,censored,Protection,IDP/Refugee Service,Air-Launched: Drone,Aerial Bomb,Host Government: Military,Israeli Defence Forces,Protection Infrastructure,,,,,,,86780
2024-12-24,,OPT,PSE,West Bank,,,censored,Protection,IDP/Refugee Service,Air-Launched: Plane,Aerial Bomb,Host Government: Military,Israeli Defence Forces,Protection Infrastructure,,,,,,,93565
2024-12-24,,OPT,PSE,West Bank,,,censored,Protection,IDP/Refugee Service,Air-Launched: Drone,Aerial Bomb,Host Government: Military,Israeli Defence Forces,Protection Infrastructure,,,,,,,86816
2024-12-24,,OPT,PSE,West Bank,,,censored,Protection,IDP/Refugee Service,Air-Launched: Drone,Aerial Bomb,Host Government: Military,Israeli Defence Forces,Protection Infrastructure,,,,,,,86817
2024-12-24,,OPT,PSE,Gaza Strip,,,censored,Protection,IDP/Refugee Service,Air-Launched: Plane,Aerial Bomb,Host Government: Military,Israeli Defence Forces,Protection Infrastructure,,,,,,,88496
2024-12-23,,OPT,PSE,Gaza Strip,,,censored,Protection,IDP/Refugee Service,Air-Launched: Plane,Aerial Bomb,Host Government: Military,Israeli Defence Forces,Protection Infrastructure,,,,,,,88543
2024-12-23,,OPT,PSE,Gaza Strip,,,censored,Health Care,Local Health Care Provider,Unspecified Launch Method,Unspecified Explosive,Host Government: Military,Israeli Defence Forces,Health Infrastructure,,,,,,,87076
2024-12-23,,OPT,PSE,Gaza Strip,,,censored,Health Care,Local Health Care Provider,Air-Launched: Drone,Aerial Bomb,Host Government: Military,Israeli Defence Forces,Health Infrastructure,,,,,,,86861
2024-12-23,,OPT,PSE,Gaza Strip,,,censored,Protection,IDP/Refugee Service,Air-Launched: Drone,Aerial Bomb,Host Government: Military,Israeli Defence Forces,Protection Infrastructure,,,,,,,92669
2024-12-23,,OPT,PSE,Gaza Strip,,,censored,Protection,IDP/Refugee Service,Air-Launched: Plane,Aerial Bomb,Host Government: Military,Israeli Defence Forces,Protection Infrastructure,,,,,,,91397
2024-12-22,,OPT,PSE,Gaza Strip,,,censored,Protection,IDP/Refugee Service,Air-Launched: Plane,Aerial Bomb,Host Government: Military,Israeli Defence Forces,Protection Infrastructure,,,,,,,90244
2024-12-22,,OPT,PSE,Gaza Strip,,,censored,"Education, Protection","IDP/Refugee Service, Local Education Provider",Air-Launched: Plane,Aerial Bomb,Host Government: Military,Israeli Defence Forces,Education Infrastructure,,,,,,,87715
2024-12-22,,OPT,PSE,Gaza Strip,,,censored,Health Care,Local Health Care Provider,Directly-emplaced,Unspecified Explosive,Host Government: Military,Israeli Defence Forces,Health Infrastructure,,,,,,,87074
2024-12-22,,OPT,PSE,Gaza Strip,,,censored,Health Care,Local Health Care Provider,Air-Launched: Plane,Aerial Bomb,Host Government: Military,Israeli Defence Forces,Health Infrastructure,,,,,,,87061
2024-12-22,,OPT,PSE,Gaza Strip,,,censored,Protection,IDP/Refugee Service,Air-Launched: Plane,Aerial Bomb,Host Government: Military,Israeli Defence Forces,Protection Infrastructure,,,,,,,90242
2024-12-22,,OPT,PSE,Gaza Strip,,,censored,"Education, Protection","IDP/Refugee Service, Local Education Provider",Air-Launched: Drone,Aerial Bomb,Host Government: Military,Israeli Defence Forces,Education Infrastructure,,,,,,,91376
2024-12-22,,OPT,PSE,Gaza Strip,,,censored,Protection,IDP/Refugee Service,Air-Launched: Plane,Aerial Bomb,Host Government: Military,Israeli Defence Forces,Protection Infrastructure,,,,,,,88273
2024-12-22,,OPT,PSE,Gaza Strip,,,censored,Protection,IDP/Refugee Service,Air-Launched: Plane,Aerial Bomb,Host Government: Military,Israeli Defence Forces,Protection Infrastructure,,,,,,,88568
2024-12-22,,OPT,PSE,Gaza Strip,,,censored,Protection,IDP/Refugee Service,Air-Launched: Drone,Aerial Bomb,Host Government: Military,Israeli Defence Forces,Protection Infrastructure,,,,,,,92668
2024-12-21,,OPT,PSE,Gaza Strip,,,censored,Protection,IDP/Refugee Service,Air-Launched: Plane,Aerial Bomb,Host Government: Military,Israeli Defence Forces,Protection Infrastructure,,,,,,,88541
2024-12-21,,OPT,PSE,Gaza Strip,,,censored,Health Care,Local Health Care Provider,Unspecified Launch Method,Unspecified Explosive,Host Government: Military,Israeli Defence Forces,Health Infrastructure,,,,,,,87039
2024-12-21,,OPT,PSE,Gaza Strip,,,censored,Protection,IDP/Refugee Service,Unspecified Launch Method,Unspecified Explosive,Host Government: Military,Israeli Defence Forces,Protection Infrastructure,,,,,,,89933
2024-12-21,,OPT,PSE,Gaza Strip,,,censored,Protection,IDP/Refugee Service,Air-Launched: Plane,Aerial Bomb,Host Government: Military,Israeli Defence Forces,Protection Infrastructure,,,,,,,89932
2024-12-21,,OPT,PSE,Gaza Strip,,,censored,"Health Care, Protection, Aid Operations","IDP/Refugee Service, INGO",Unspecified Launch Method,Unspecified Explosive,Host Government: Military,Israeli Defence Forces,Health Infrastructure,,,,,,,87085
2024-12-21,,OPT,PSE,Gaza Strip,,,censored,Protection,IDP/Refugee Service,Air-Launched: Plane,Aerial Bomb,Host Government: Military,Israeli Defence Forces,Protection Infrastructure,,,,,,,88341
2024-12-21,,OPT,PSE,Gaza Strip,,,censored,Health Care,Local Health Care Provider,Air-Launched: Plane,Aerial Bomb,Host Government: Military,Israeli Defence Forces,Health Infrastructure,,,,,,,87035
2024-12-21,,OPT,PSE,Gaza Strip,,,censored,Health Care,Local Health Care Provider,Air-Launched: Plane,Aerial Bomb,Host Government: Military,Israeli Defence Forces,Health Infrastructure,,,,,,,87036
2024-12-21,,OPT,PSE,Gaza Strip,,,censored,Health Care,Local Health Care Provider,Ground-Launched,Artillery,Host Government: Military,Israeli Defence Forces,Health Infrastructure,,,,,,,87037
2024-12-21,,OPT,PSE,Gaza Strip,,,censored,Protection,IDP/Refugee Service,Air-Launched: Drone,Aerial Bomb,Host Government: Military,Israeli Defence Forces,Protection Infrastructure,,,,,,,91375
2024-12-20,,OPT,PSE,Gaza Strip,,,censored,Protection,IDP/Refugee Service,Ground-Launched,Shelling,Host Government: Military,Israeli Defence Forces,Protection Infrastructure,,,,,,,89930
2024-12-20,,OPT,PSE,Gaza Strip,,,censored,Protection,IDP/Refugee Service,Unspecified Launch Method,Unspecified Explosive,Host Government: Military,Israeli Defence Forces,Protection Infrastructure,,,,,,,89929
2024-12-20,,OPT,PSE,Gaza Strip,,,censored,Health Care,Local Health Care Provider,Ground-Launched,Shelling,Host Government: Military,Israeli Defence Forces,Health Infrastructure,,,,,,,87034
2024-12-20,,OPT,PSE,Gaza Strip,,,censored,Protection,IDP/Refugee Service,Ground-Launched,Shelling,Host Government: Military,Israeli Defence Forces,Protection Infrastructure,,,,,,,89462
2024-12-20,,OPT,PSE,Gaza Strip,,,censored,Protection,IDP/Refugee Service,Air-Launched: Plane,Aerial Bomb,Host Government: Military,Israeli Defence Forces,Protection Infrastructure,,,,,,,89461
2024-12-20,,OPT,PSE,Gaza Strip,,,censored,Protection,IDP/Refugee Service,Air-Launched: Plane,Aerial Bomb,Host Government: Military,Israeli Defence Forces,Protection Infrastructure,,,,,,,87593
2024-12-20,,OPT,PSE,Gaza Strip,,,censored,Protection,IDP/Refugee Service,Air-Launched: Plane,Aerial Bomb,Host Government: Military,Israeli Defence Forces,Protection Infrastructure,,,,,,,87696
2024-12-19,,OPT,PSE,Gaza Strip,,,censored,Protection,IDP/Refugee Service,Air-Launched: Plane,Aerial Bomb,Host Government: Military,Israeli Defence Forces,Protection Infrastructure,,,,,,,88540
2024-12-19,,OPT,PSE,Gaza Strip,,,censored,"Education, Protection","IDP/Refugee Service, Local Education Provider",Air-Launched: Plane,Aerial Bomb,Host Government: Military,Israeli Defence Forces,Education Infrastructure,,,,,,,91394
2024-12-19,,OPT,PSE,Gaza Strip,,,censored,Protection,IDP/Refugee Service,Air-Launched: Plane,Aerial Bomb,Host Government: Military,Israeli Defence Forces,Protection Infrastructure,,,,,,,88495
2024-12-19,,OPT,PSE,Gaza Strip,,,censored,Protection,IDP/Refugee Service,Air-Launched: Drone,Aerial Bomb,Host Government: Military,Israeli Defence Forces,Protection Infrastructure,,,,,,,96809
2024-12-19,,OPT,PSE,Gaza Strip,,,censored,"Education, Protection","IDP/Refugee Service, Local Education Provider",Air-Launched: Plane,Aerial Bomb,Host Government: Military,Israeli Defence Forces,Education Infrastructure,,,,,,,91395
2024-12-19,,OPT,PSE,Gaza Strip,,,censored,"Education, Protection","IDP/Refugee Service, Local Education Provider",Air-Launched: Plane,Aerial Bomb,Host Government: Military,Israeli Defence Forces,Education Infrastructure,,,,,,,91396
2024-12-19,,OPT,PSE,Gaza Strip,,,censored,"Education, Protection","IDP/Refugee Service, Local Education Provider",Air-Launched: Plane,Aerial Bomb,Host Government: Military,Israeli Defence Forces,Education Infrastructure,,,,,,,87880
2024-12-19,,Israel,ISR,Tel-Aviv District,32.0,34.8,(2) 25 km Precision ,Education,Local Education Provider,Unspecified Launch Method,"Missile, Unspecified Explosive",Multiple,"Israeli Defence Forces, Shia al-Houthi rebels",Education Infrastructure,,,,,,,87904
2024-12-19,,OPT,PSE,Gaza Strip,,,censored,Protection,IDP/Refugee Service,Air-Launched: Plane,Aerial Bomb,Host Government: Military,Israeli Defence Forces,Protection Infrastructure,,,,,,,87557
2024-12-19,,OPT,PSE,West Bank,,,censored,Protection,IDP/Refugee Service,Air-Launched: Drone,Aerial Bomb,Host Government: Military,Israeli Defence Forces,Protection Infrastructure,,,,,,,86832
2024-12-19,,OPT,PSE,Gaza Strip,,,censored,"Education, Protection","IDP/Refugee Service, Local Education Provider",Air-Launched: Plane,Aerial Bomb,Host Government: Military,Israeli Defence Forces,Education Infrastructure,,,,,,,87714
2024-12-19,,OPT,PSE,Gaza Strip,,,censored,Protection,IDP/Refugee Service,Air-Launched: Plane,Aerial Bomb,Host Government: Military,Israeli Defence Forces,Protection Infrastructure,,,,,,,88370
2024-12-19,,OPT,PSE,Gaza Strip,,,censored,Health Care,Local Health Care Provider,Air-Launched: Plane,Aerial Bomb,Host Government: Military,Israeli Defence Forces,Health Infrastructure,,,,,,,87033
2024-12-18,,OPT,PSE,Gaza Strip,,,censored,"Health Care, Protection, Aid Operations","IDP/Refugee Service, INGO",Unspecified Launch Method,Unspecified Explosive,Host Government: Military,Israeli Defence Forces,Health Infrastructure,,,,,,,87082
2024-12-18,,OPT,PSE,Gaza Strip,,,censored,Protection,IDP/Refugee Service,Air-Launched: Plane,Aerial Bomb,Host Government: Military,Israeli Defence Forces,Protection Infrastructure,,,,,,,88567
2024-12-18,,OPT,PSE,Gaza Strip,,,censored,Protection,IDP/Refugee Service,Ground-Launched,Shelling,Host Government: Military,Israeli Defence Forces,Protection Infrastructure,,,,,,,88539
2024-12-18,,OPT,PSE,Gaza Strip,,,censored,Protection,IDP/Refugee Service,Air-Launched: Plane,Aerial Bomb,Host Government: Military,Israeli Defence Forces,Protection Infrastructure,,,,,,,89460
2024-12-18,,OPT,PSE,Gaza Strip,,,censored,Protection,IDP/Refugee Service,Air-Launched: Plane,Aerial Bomb,Host Government: Military,Israeli Defence Forces,Protection Infrastructure,,,,,,,89928
2024-12-18,,OPT,PSE,Gaza Strip,,,censored,Health Care,Local Health Care Provider,Air-Launched: Plane,Aerial Bomb,Host Government: Military,Israeli Defence Forces,Health Infrastructure,,1,,,,,87060
2024-12-18,,OPT,PSE,Gaza Strip,,,censored,Protection,IDP/Refugee Service,Ground-Launched,Shelling,Host Government: Military,Israeli Defence Forces,Protection Infrastructure,,,,,,,91391
2024-12-18,,OPT,PSE,Gaza Strip,,,censored,Health Care,Local Health Care Provider,Ground-Launched,Unspecified Explosive,Host Government: Military,Israeli Defence Forces,Health Infrastructure,,,,,,,87032
2024-12-18,,OPT,PSE,Gaza Strip,,,censored,"Health Care, Aid Operations",INGO,Air-Launched: Plane,Aerial Bomb,Host Government: Military,Israeli Defence Forces,Aid Infrastructure,,,1,,,,87182
2024-12-17,,OPT,PSE,Gaza Strip,,,censored,Health Care,Local Health Care Provider,Air-Launched: Drone,Aerial Bomb,Host Government: Military,Israeli Defence Forces,Health Infrastructure,,,,,,,87030
2024-12-17,,OPT,PSE,Gaza Strip,,,censored,"Health Care, Protection","IDP/Refugee Service, Local Health Care Provider",Unspecified Launch Method,Unspecified Explosive,Host Government: Military,Israeli Defence Forces,Multiple,,,,,,,87031
2024-12-17,,OPT,PSE,Gaza Strip,,,censored,Health Care,Local Health Care Provider,Unspecified Launch Method,Unspecified Explosive,Host Government: Military,Israeli Defence Forces,Other,,,,,,,87179
2024-12-17,,OPT,PSE,Gaza Strip,,,censored,Protection,IDP/Refugee Service,Air-Launched: Plane,Aerial Bomb,Host Government: Military,Israeli Defence Forces,Protection Infrastructure,,,,,,,87713
2024-12-17,,OPT,PSE,Gaza Strip,,,censored,Health Care,Local Health Care Provider,Ground-Launched,Unspecified Explosive,Host Government: Military,Israeli Defence Forces,Health Infrastructure,,,,,,,87029
2024-12-17,,OPT,PSE,Gaza Strip,,,censored,"Education, Aid Operations",UN Agency,Ground-Launched,Shelling,Host Government: Military,Israeli Defence Forces,Education Infrastructure,,,,,,,87876
2024-12-17,,OPT,PSE,Gaza Strip,,,censored,Health Care,Local Health Care Provider,Air-Launched: Drone,Aerial Bomb,Host Government: Military,Israeli Defence Forces,Multiple,,,,,,,86850
2024-12-17,,OPT,PSE,Gaza Strip,,,censored,Protection,IDP/Refugee Service,Air-Launched: Plane,Aerial Bomb,Host Government: Military,Israeli Defence Forces,Protection Infrastructure,,,,,,,88566
2024-12-16,,OPT,PSE,Gaza Strip,,,censored,Protection,IDP/Refugee Service,Air-Launched: Plane,Aerial Bomb,Host Government: Military,Israeli Defence Forces,Protection Infrastructure,,,,,,,87626
2024-12-16,,OPT,PSE,Gaza Strip,,,censored,Protection,IDP/Refugee Service,Ground-Launched,Shelling,Host Government: Military,Israeli Defence Forces,Protection Infrastructure,,,,,,,89925
2024-12-16,,OPT,PSE,Gaza Strip,,,censored,Protection,IDP/Refugee Service,Ground-Launched,Shelling,Host Government: Military,Israeli Defence Forces,Protection Infrastructure,,,,,,,88538
2024-12-16,,OPT,PSE,Gaza Strip,,,censored,Protection,IDP/Refugee Service,Ground-Launched,Shelling,Host Government: Military,Israeli Defence Forces,Protection Infrastructure,,,,,,,89459
2024-12-16,,OPT,PSE,Gaza Strip,,,censored,Protection,IDP/Refugee Service,Air-Launched: Plane,Aerial Bomb,Host Government: Military,Israeli Defence Forces,Protection Infrastructure,,,,,,,88340
2024-12-15,,OPT,PSE,Gaza Strip,,,censored,Protection,IDP/Refugee Service,Air-Launched: Plane,Aerial Bomb,Host Government: Military,Israeli Defence Forces,Protection Infrastructure,,,,,,,88537
2024-12-15,,OPT,PSE,Gaza Strip,,,censored,"Education, Health Care, Protection","IDP/Refugee Service, Local Education Provider, Local Health Care Provider",Air-Launched: Plane,Aerial Bomb,Host Government: Military,Israeli Defence Forces,Multiple,,,,,,,87711
2024-12-15,,OPT,PSE,Gaza Strip,,,censored,Education,Local Education Provider,Air-Launched: Plane,Aerial Bomb,Host Government: Military,Israeli Defence Forces,Education Infrastructure,,,,,,,87875
2024-12-15,,OPT,PSE,Gaza Strip,,,censored,Protection,IDP/Refugee Service,Directly-Emplaced,Unspecified IED,Host Government: Military,Israeli Defence Forces,Protection Infrastructure,,,,,,,88494
2024-12-15,,OPT,PSE,West Bank,,,censored,Protection,IDP/Refugee Service,Unspecified Launch Method,Unspecified Explosive,Host Government: Military,Israeli Defence Forces,Protection Infrastructure,,,,,,,87948
2024-12-15,,OPT,PSE,Gaza Strip,,,censored,"Education, Protection, Aid Operations","IDP/Refugee Service, UN Agency",Air-Launched: Plane,Aerial Bomb,Host Government: Military,Israeli Defence Forces,Education Infrastructure,,,,,,,87878
2024-12-15,,OPT,PSE,Gaza Strip,,,censored,"Health Care, Protection, Aid Operations","Government Aid Agency, IDP/Refugee Service",Air-Launched: Plane,Aerial Bomb,Host Government: Military,Israeli Defence Forces,Multiple,,,,,,,87248
2024-12-15,,OPT,PSE,Gaza Strip,,,censored,Protection,IDP/Refugee Service,Air-Launched: Plane,Aerial Bomb,Host Government: Military,Israeli Defence Forces,Protection Infrastructure,,,,,,,88565
2024-12-15,,OPT,PSE,Gaza Strip,,,censored,Health Care,Local Health Care Provider,Air-Launched: Drone,Aerial Bomb,Host Government: Military,Israeli Defence Forces,Health Infrastructure,,,,,,,86849
2024-12-15,,OPT,PSE,Gaza Strip,,,censored,Health Care,Local Health Care Provider,Air-Launched: Plane,Aerial Bomb,Host Government: Military,Israeli Defence Forces,Health Worker,,1,,,,,87177
2024-12-15,,OPT,PSE,Gaza Strip,,,censored,Protection,IDP/Refugee Service,Air-Launched: Plane,Aerial Bomb,Host Government: Military,Israeli Defence Forces,Protection Infrastructure,,,,,,,88536
2024-12-15,,OPT,PSE,Gaza Strip,,,censored,Protection,IDP/Refugee Service,Air-Launched: Drone,Aerial Bomb,Host Government: Military,Israeli Defence Forces,Protection Infrastructure,,,,,,,88535
2024-12-15,,OPT,PSE,Gaza Strip,,,censored,Protection,IDP/Refugee Service,Air-Launched: Plane,Artillery,Host Government: Military,Israeli Defence Forces,Protection Infrastructure,,,,,,,88534
2024-12-15,,OPT,PSE,Gaza Strip,,,censored,Aid Operations,NGO,Air-Launched: Plane,Aerial Bomb,Host Government: Military,Israeli Defence Forces,Other,1,,,,,,88528
2024-12-15,,OPT,PSE,Gaza Strip,,,censored,Health Care,Local Health Care Provider,Air-Launched: Drone,Aerial Bomb,Host Government: Military,Israeli Defence Forces,Health Infrastructure,,,,,,,86843
2024-12-15,,OPT,PSE,Gaza Strip,,,censored,"Health Care, Protection","IDP/Refugee Service, Local Health Care Provider",Air-Launched: Plane,Aerial Bomb,Host Government: Military,Israeli Defence Forces,Health Infrastructure,,,,,,,87088
2024-12-15,,OPT,PSE,Gaza Strip,,,censored,Protection,IDP/Refugee Service,Air-Launched: Plane,Aerial Bomb,Host Government: Military,Israeli Defence Forces,Protection Infrastructure,,,,,,,91390
2024-12-15,,OPT,PSE,Gaza Strip,,,censored,"Education, Protection","IDP/Refugee Service, Local Education Provider",Ground-Launched,Shelling,Host Government: Military,Israeli Defence Forces,Education Infrastructure,,,,,,,87710
2024-12-14,,OPT,PSE,Gaza Strip,,,censored,Protection,IDP/Refugee Service,Ground-Launched,Shelling,Host Government: Military,Israeli Defence Forces,Protection Infrastructure,,,,,,,88564
2024-12-14,,OPT,PSE,Gaza Strip,,,censored,Protection,IDP/Refugee Service,Directly-Emplaced,Unspecified IED,Host Government: Military,Israeli Defence Forces,Protection Infrastructure,,,,,,,88533
2024-12-14,,OPT,PSE,Gaza Strip,,,censored,Protection,IDP/Refugee Service,Ground-Launched,Shelling,Host Government: Military,Israeli Defence Forces,Protection Infrastructure,,,,,,,88531
2024-12-14,,OPT,PSE,Gaza Strip,,,censored,Protection,IDP/Refugee Service,Air-Launched: Plane,Aerial Bomb,Host Government: Military,Israeli Defence Forces,Protection Infrastructure,,,,,,,88561
2024-12-14,,OPT,PSE,Gaza Strip,,,censored,Protection,IDP/Refugee Service,Directly-Emplaced,Unspecified IED,Host Government: Military,Israeli Defence Forces,Protection Infrastructure,,,,,,,88492
2024-12-14,,OPT,PSE,Gaza Strip,,,censored,Protection,IDP/Refugee Service,Air-Launched: Plane,Aerial Bomb,Host Government: Military,Israeli Defence Forces,Protection Infrastructure,,,,,,,88563
2024-12-14,,OPT,PSE,Gaza Strip,,,censored,"Education, Protection","IDP/Refugee Service, Local Education Provider",Air-Launched: Plane,Aerial Bomb,Host Government: Military,Israeli Defence Forces,Education Infrastructure,,,,,,,87709
2024-12-14,,OPT,PSE,Gaza Strip,,,censored,Health Care,Local Health Care Provider,Ground-Launched,Shelling,Host Government: Military,Israeli Defence Forces,Health Infrastructure,,,,,,,87027
2024-12-14,,OPT,PSE,Gaza Strip,,,censored,Protection,IDP/Refugee Service,Ground-Launched,Shelling,Host Government: Military,Israeli Defence Forces,Protection Infrastructure,,,,,,,88369
2024-12-14,,OPT,PSE,Gaza Strip,,,censored,"Education, Protection","IDP/Refugee Service, Local Education Provider",Air-Launched: Plane,Aerial Bomb,Host Government: Military,Israeli Defence Forces,Education Infrastructure,,,,,,,87708
2024-12-14,,OPT,PSE,Gaza Strip,,,censored,Protection,IDP/Refugee Service,Air-Launched: Plane,Aerial Bomb,Host Government: Military,Israeli Defence Forces,Protection Infrastructure,,,,,,,88271
2024-12-14,,OPT,PSE,Gaza Strip,,,censored,Protection,IDP/Refugee Service,Air-Launched: Plane,Aerial Bomb,Host Government: Military,Israeli Defence Forces,Protection Infrastructure,,,,,,,88272
2024-12-13,,OPT,PSE,Gaza Strip,,,censored,Protection,IDP/Refugee Service,Air-Launched: Plane,Aerial Bomb,Host Government: Military,Israeli Defence Forces,Protection Infrastructure,,,,,,,87624
2024-12-13,,OPT,PSE,Gaza Strip,,,censored,Health Care,Local Health Care Provider,Unspecified Launch Method,Unspecified Explosive,Host Government: Military,Israeli Defence Forces,Health Infrastructure,,,,,,,87023
2024-12-13,,OPT,PSE,Gaza Strip,,,censored,Protection,IDP/Refugee Service,Air-Launched: Plane,Aerial Bomb,Host Government: Military,Israeli Defence Forces,Protection Infrastructure,,,,,,,88530
2024-12-13,,OPT,PSE,Gaza Strip,,,censored,Protection,IDP/Refugee Service,Directly-Emplaced,Unspecified IED,Host Government: Military,Israeli Defence Forces,Protection Infrastructure,,,,,,,88471
2024-12-13,,OPT,PSE,Gaza Strip,,,censored,Protection,IDP/Refugee Service,Ground-Launched,"Artillery, Mortar",Multiple,"Israeli Defence Forces, Qassam Brigades",Protection Infrastructure,,,,,,,88472
2024-12-13,,OPT,PSE,Gaza Strip,,,censored,Protection,IDP/Refugee Service,Air-Launched: Plane,Aerial Bomb,Host Government: Military,Israeli Defence Forces,Protection Infrastructure,,,,,,,88473
2024-12-13,,OPT,PSE,Gaza Strip,,,censored,Protection,IDP/Refugee Service,Air-Launched: Plane,Aerial Bomb,Host Government: Military,Israeli Defence Forces,Protection Infrastructure,,,,,,,88560
2024-12-13,,OPT,PSE,Gaza Strip,,,censored,Protection,IDP/Refugee Service,Air-Launched: Plane,Aerial Bomb,Host Government: Military,Israeli Defence Forces,Protection Infrastructure,,,,,,,88529
2024-12-12,,OPT,PSE,Gaza Strip,,,censored,Aid Operations,NGO,Air-Launched: Plane,Aerial Bomb,Host Government: Military,Israeli Defence Forces,Other,15,,,,,,88526
2024-12-12,,OPT,PSE,Gaza Strip,,,censored,"Health Care, Protection","IDP/Refugee Service, Local Health Care Provider",Air-Launched: Plane,Aerial Bomb,Host Government: Military,Israeli Defence Forces,Protection Infrastructure,,1,,,,,87010
2024-12-12,,OPT,PSE,Gaza Strip,,,censored,Health Care,Local Health Care Provider,Air-Launched: Drone,Aerial Bomb,Host Government: Military,Israeli Defence Forces,Health Worker,,1,,,,,86524
2024-12-12,,OPT,PSE,Gaza Strip,,,censored,"Health Care, Protection","IDP/Refugee Service, Local Health Care Provider",Air-Launched: Plane,Aerial Bomb,Host Government: Military,Israeli Defence Forces,Protection Infrastructure,,1,,,,,87011
2024-12-12,,OPT,PSE,Gaza Strip,,,censored,Health Care,Local Health Care Provider,Air-Launched: Plane,Aerial Bomb,Host Government: Military,Israeli Defence Forces,Health Infrastructure,,,,,,,87008
2024-12-12,,OPT,PSE,Gaza Strip,,,censored,Protection,IDP/Refugee Service,Air-Launched: Plane,Aerial Bomb,Host Government: Military,Israeli Defence Forces,Protection Infrastructure,,,,,,,87621
2024-12-12,,OPT,PSE,Gaza Strip,,,censored,Protection,IDP/Refugee Service,Air-Launched: Drone,Aerial Bomb,Host Government: Military,Israeli Defence Forces,Protection Infrastructure,,,,,,,86782
2024-12-12,,OPT,PSE,Gaza Strip,,,censored,Health Care,Local Health Care Provider,Air-Launched: Drone,Aerial Bomb,Host Government: Military,Israeli Defence Forces,Health Worker,,1,,,,,86523
2024-12-12,,OPT,PSE,Gaza Strip,,,censored,Protection,IDP/Refugee Service,"Directly-Emplaced, NotAnswered","NotAnswered, Unspecified IED",Multiple,"Hamas, Israeli Defence Forces",Protection Infrastructure,,,,,,,88468
2024-12-12,,OPT,PSE,Gaza Strip,,,censored,Protection,IDP/Refugee Service,Air-Launched: Plane,Aerial Bomb,Host Government: Military,Israeli Defence Forces,Protection Infrastructure,,,,,,,88469
2024-12-12,,OPT,PSE,Gaza Strip,,,censored,Protection,IDP/Refugee Service,Air-Launched: Plane,Aerial Bomb,Host Government: Military,Israeli Defence Forces,Protection Infrastructure,,,,,,,87617
2024-12-11,,OPT,PSE,Gaza Strip,,,censored,Protection,IDP/Refugee Service,Air-Launched: Plane,Aerial Bomb,Host Government: Military,Israeli Defence Forces,Protection Infrastructure,,,,,,,88467
2024-12-11,,OPT,PSE,Gaza Strip,,,censored,Protection,IDP/Refugee Service,Air-Launched: Plane,Aerial Bomb,Host Government: Military,Israeli Defence Forces,Protection Infrastructure,,,,,,,88525
2024-12-11,,OPT,PSE,Gaza Strip,,,censored,"Education, Protection","IDP/Refugee Service, Local Education Provider",Air-Launched: Drone,Aerial Bomb,Host Government: Military,Israeli Defence Forces,Multiple,,,,,,,86521
2024-12-11,,OPT,PSE,Gaza Strip,,,censored,Protection,IDP/Refugee Service,Directly-Emplaced,Unspecified IED,Host Government: Military,Israeli Defence Forces,Protection Infrastructure,,,,,,,88403
2024-12-11,,OPT,PSE,Gaza Strip,,,censored,Protection,IDP/Refugee Service,Air-Launched: Plane,Aerial Bomb,Host Government: Military,Israeli Defence Forces,Protection Infrastructure,,,,,,,88378
2024-12-11,,OPT,PSE,Gaza Strip,,,censored,Protection,IDP/Refugee Service,Air-Launched: Plane,Aerial Bomb,Host Government: Military,Israeli Defence Forces,Protection Infrastructure,,,,,,,88360
2024-12-11,,OPT,PSE,Gaza Strip,,,censored,Protection,IDP/Refugee Service,Air-Launched: Plane,Aerial Bomb,Host Government: Military,Israeli Defence Forces,Protection Infrastructure,,,,,,,88270
2024-12-11,,OPT,PSE,Gaza Strip,,,censored,Protection,IDP/Refugee Service,Air-Launched: Plane,Aerial Bomb,Host Government: Military,Israeli Defence Forces,Protection Infrastructure,,,,,,,88269
2024-12-11,,OPT,PSE,Gaza Strip,,,censored,Protection,IDP/Refugee Service,Air-Launched: Plane,Aerial Bomb,Host Government: Military,Israeli Defence Forces,Protection Infrastructure,,,,,,,88267
2024-12-11,,OPT,PSE,Gaza Strip,,,censored,Protection,IDP/Refugee Service,Ground-Launched,Artillery,Host Government: Military,Israeli Defence Forces,Protection Infrastructure,,,,,,,88266
2024-12-11,,OPT,PSE,Gaza Strip,,,censored,Protection,IDP/Refugee Service,Ground-Launched,Shelling,Host Government: Military,Israeli Defence Forces,Protection Infrastructure,,,,,,,88265
2024-12-11,,OPT,PSE,Gaza Strip,,,censored,Health Care,Local Health Care Provider,Air-Launched: Plane,Aerial Bomb,Host Government: Military,Israeli Defence Forces,Health Infrastructure,,,,,,,87007
2024-12-11,,OPT,PSE,Gaza Strip,,,censored,"Health Care, Protection","IDP/Refugee Service, Local Health Care Provider",Air-Launched: Plane,Aerial Bomb,Host Government: Military,Israeli Defence Forces,Multiple,,,,,,,87707
2024-12-11,,OPT,PSE,Gaza Strip,,,censored,Health Care,Local Health Care Provider,Unspecified Launch Method,Unspecified Explosive,Host Government: Military,Israeli Defence Forces,Health Infrastructure,,,,,,,86709
2024-12-11,,OPT,PSE,Gaza Strip,,,censored,Health Care,Local Health Care Provider,Air-Launched: Drone,Aerial Bomb,Host Government: Military,Israeli Defence Forces,Health Infrastructure,,,,,,,86710
2024-12-10,,OPT,PSE,Gaza Strip,,,censored,Protection,IDP/Refugee Service,Air-Launched: Plane,Aerial Bomb,Host Government: Military,Israeli Defence Forces,Protection Infrastructure,,,,,,,88264
2024-12-10,,OPT,PSE,Gaza Strip,,,censored,Health Care,Local Health Care Provider,Air-Launched: Plane,Aerial Bomb,Host Government: Military,Israeli Defence Forces,Health Worker,,1,,,,,86706
2024-12-10,,OPT,PSE,Gaza Strip,,,censored,"Education, Protection, Aid Operations","IDP/Refugee Service, UN Agency",Ground-Launched,Shelling,Host Government: Military,Israeli Defence Forces,Education Infrastructure,,,,,,,87577
2024-12-10,,OPT,PSE,Gaza Strip,,,censored,Protection,IDP/Refugee Service,Directly-Emplaced,Unspecified IED,Host Government: Military,Israeli Defence Forces,Protection Infrastructure,,,,,,,88402
2024-12-10,,OPT,PSE,Gaza Strip,,,censored,Protection,IDP/Refugee Service,Ground-Launched,Artillery,Host Government: Military,Israeli Defence Forces,Protection Infrastructure,,,,,,,88401
2024-12-10,,OPT,PSE,Gaza Strip,,,censored,Health Care,Local Health Care Provider,Air-Launched: Plane,Aerial Bomb,Host Government: Military,Israeli Defence Forces,Health Infrastructure,,,,,,,86708
2024-12-10,,OPT,PSE,Gaza Strip,,,censored,Protection,IDP/Refugee Service,Air-Launched: Plane,Aerial Bomb,Host Government: Military,Israeli Defence Forces,Protection Infrastructure,,,,,,,88524
2024-12-10,,OPT,PSE,Gaza Strip,,,censored,Protection,IDP/Refugee Service,Ground-Launched,Mortar,Host Government: Military,Israeli Defence Forces,Protection Infrastructure,,,,,,,88338
2024-12-10,,OPT,PSE,Gaza Strip,,,censored,Protection,IDP/Refugee Service,Air-Launched: Plane,Aerial Bomb,Host Government: Military,Israeli Defence Forces,Protection Infrastructure,,,,,,,87551
2024-12-10,,OPT,PSE,Gaza Strip,,,censored,Health Care,Local Health Care Provider,Air-Launched: Plane,Aerial Bomb,Host Government: Military,Israeli Defence Forces,Health Infrastructure,,,,,,,86707
2024-12-10,,OPT,PSE,Gaza Strip,,,censored,Protection,IDP/Refugee Service,Air-Launched: Plane,Aerial Bomb,Host Government: Military,Israeli Defence Forces,Protection Infrastructure,,,,,,,87576
2024-12-09,,OPT,PSE,Gaza Strip,,,censored,Protection,IDP/Refugee Service,Air-Launched: Plane,Aerial Bomb,Host Government: Military,Israeli Defence Forces,Protection Infrastructure,,,,,,,88523
2024-12-09,,OPT,PSE,Gaza Strip,,,censored,"Education, Protection","IDP/Refugee Service, Local Education Provider",Air-Launched: Plane,Aerial Bomb,Host Government: Military,Israeli Defence Forces,Multiple,,,,,,,87589
2024-12-09,,OPT,PSE,Gaza Strip,,,censored,Protection,IDP/Refugee Service,Air-Launched: Plane,Aerial Bomb,Host Government: Military,Israeli Defence Forces,Protection Infrastructure,,,,,,,88263
2024-12-09,,OPT,PSE,Gaza Strip,,,censored,Protection,IDP/Refugee Service,Directly-Emplaced,Unspecified IED,Host Government: Military,Israeli Defence Forces,Protection Infrastructure,,,,,,,88400
2024-12-09,,OPT,PSE,Gaza Strip,,,censored,Protection,IDP/Refugee Service,Ground-Launched,Artillery,Host Government: Military,Israeli Defence Forces,Protection Infrastructure,,,,,,,88358
2024-12-09,,OPT,PSE,Gaza Strip,,,censored,Protection,IDP/Refugee Service,Ground-Launched,Artillery,Host Government: Military,Israeli Defence Forces,Protection Infrastructure,,,,,,,88559
2024-12-09,,OPT,PSE,Gaza Strip,,,censored,"Education, Protection","IDP/Refugee Service, Local Education Provider",Ground-Launched,Artillery,Host Government: Military,Israeli Defence Forces,Multiple,,,,,,,87612
2024-12-09,,OPT,PSE,Gaza Strip,,,censored,Protection,IDP/Refugee Service,Ground-Launched,Shelling,Host Government: Military,Israeli Defence Forces,Protection Infrastructure,,,,,,,87575
2024-12-09,,OPT,PSE,Gaza Strip,,,censored,Protection,IDP/Refugee Service,Air-Launched: Plane,Aerial Bomb,Host Government: Military,Israeli Defence Forces,Protection Infrastructure,,,,,,,87587
2024-12-09,,OPT,PSE,Gaza Strip,,,censored,Protection,IDP/Refugee Service,Air-Launched: Plane,Aerial Bomb,Host Government: Military,Israeli Defence Forces,Protection Infrastructure,,,,,,,87706
2024-12-09,,OPT,PSE,Gaza Strip,,,censored,"Education, Protection","IDP/Refugee Service, Local Education Provider",Air-Launched: Plane,Aerial Bomb,Host Government: Military,Israeli Defence Forces,Education Infrastructure,,,,,,,87583
2024-12-09,,OPT,PSE,Gaza Strip,,,censored,Protection,IDP/Refugee Service,Air-Launched: Plane,Aerial Bomb,Host Government: Military,Israeli Defence Forces,Protection Infrastructure,,,,,,,87560
2024-12-08,,OPT,PSE,Gaza Strip,,,censored,Health Care,Local Health Care Provider,Air-Launched: Drone,Aerial Bomb,Host Government: Military,Israeli Defence Forces,Health Infrastructure,,,,,,,86705
2024-12-08,,OPT,PSE,Gaza Strip,,,censored,Health Care,Local Health Care Provider,Air-Launched: Plane,Aerial Bomb,Host Government: Military,Israeli Defence Forces,Health Worker,,1,,,,,86703
2024-12-08,,OPT,PSE,Gaza Strip,,,censored,Health Care,Local Health Care Provider,Air-Launched: Plane,Aerial Bomb,Host Government: Military,Israeli Defence Forces,Health Worker,,1,,,,,86704
2024-12-08,,OPT,PSE,Gaza Strip,,,censored,Protection,IDP/Refugee Service,"Ground-Launched, NotAnswered","NotAnswered, Shelling",Multiple,"Hamas, Israeli Defence Forces",Protection Infrastructure,,,,,,,88397
2024-12-08,,OPT,PSE,Gaza Strip,,,censored,Protection,IDP/Refugee Service,Air-Launched: Plane,Aerial Bomb,Host Government: Military,Israeli Defence Forces,Protection Infrastructure,,,,,,,88519
2024-12-08,,OPT,PSE,Gaza Strip,,,censored,Protection,IDP/Refugee Service,Air-Launched: Plane,Aerial Bomb,Host Government: Military,Israeli Defence Forces,Protection Infrastructure,,,,,,,88261
2024-12-08,,OPT,PSE,Gaza Strip,,,censored,Protection,IDP/Refugee Service,Directly-Emplaced,Unspecified IED,Host Government: Military,Israeli Defence Forces,Protection Infrastructure,,,,,,,88399
2024-12-08,,OPT,PSE,Gaza Strip,,,censored,Protection,IDP/Refugee Service,Air-Launched: Plane,Aerial Bomb,Host Government: Military,Israeli Defence Forces,Protection Infrastructure,,,,,,,88558
2024-12-08,,OPT,PSE,Gaza Strip,,,censored,Protection,IDP/Refugee Service,Air-Launched: Drone,Aerial Bomb,Host Government: Military,Israeli Defence Forces,Protection Infrastructure,,,,,,,86785
2024-12-08,,OPT,PSE,Gaza Strip,,,censored,Protection,IDP/Refugee Service,Air-Launched: Plane,Aerial Bomb,Host Government: Military,Israeli Defence Forces,Protection Infrastructure,,,,,,,88557
2024-12-08,,OPT,PSE,Gaza Strip,,,censored,Protection,IDP/Refugee Service,Air-Launched: Plane,Aerial Bomb,Host Government: Military,Israeli Defence Forces,Protection Infrastructure,,,,,,,87548
2024-12-08,,OPT,PSE,Gaza Strip,,,censored,"Health Care, Protection, Aid Operations","IDP/Refugee Service, INGO",Air-Launched: Plane,Aerial Bomb,Host Government: Military,Israeli Defence Forces,Multiple,,,1,,,,86700
2024-12-08,,OPT,PSE,Gaza Strip,,,censored,Health Care,Local Health Care Provider,Air-Launched: Plane,Aerial Bomb,Host Government: Military,Israeli Defence Forces,Health Infrastructure,,,,,,,86702
2024-12-07,,OPT,PSE,Gaza Strip,,,censored,"Education, Protection","IDP/Refugee Service, Local Education Provider",Ground-Launched,Artillery,Host Government: Military,Israeli Defence Forces,Multiple,,,,,,,87582
2024-12-07,,OPT,PSE,Gaza Strip,,,censored,Protection,IDP/Refugee Service,Air-Launched: Plane,Aerial Bomb,Host Government: Military,Israeli Defence Forces,Protection Infrastructure,,,,,,,88556
2024-12-07,,OPT,PSE,Gaza Strip,,,censored,Protection,IDP/Refugee Service,Air-Launched: Plane,Aerial Bomb,Host Government: Military,Israeli Defence Forces,Protection Infrastructure,,,,,,,88335
2024-12-07,,OPT,PSE,Gaza Strip,,,censored,Health Care,Local Health Care Provider,Air-Launched: Drone,Aerial Bomb,Host Government: Military,Israeli Defence Forces,Health Infrastructure,,,,,,,86695
2024-12-07,,OPT,PSE,Gaza Strip,,,censored,Health Care,Local Health Care Provider,Air-Launched: Drone,Aerial Bomb,Host Government: Military,Israeli Defence Forces,Health Infrastructure,,,,,,,86698
2024-12-07,,OPT,PSE,Gaza Strip,,,censored,Protection,IDP/Refugee Service,Directly-Emplaced,Unspecified IED,Host Government: Military,Israeli Defence Forces,Protection Infrastructure,,,,,,,88396
2024-12-07,,OPT,PSE,Gaza Strip,,,censored,Protection,IDP/Refugee Service,Air-Launched: Plane,Aerial Bomb,Host Government: Military,Israeli Defence Forces,Protection Infrastructure,,,,,,,88353
2024-12-07,,OPT,PSE,Gaza Strip,,,censored,Protection,IDP/Refugee Service,Air-Launched: Plane,Aerial Bomb,Host Government: Military,Israeli Defence Forces,Protection Infrastructure,,,,,,,88355
2024-12-06,,OPT,PSE,Gaza Strip,,,censored,Protection,IDP/Refugee Service,Ground-Launched,Shelling,Host Government: Military,Israeli Defence Forces,Protection Infrastructure,,,,,,,87606
2024-12-06,,OPT,PSE,Gaza Strip,,,censored,"Health Care, Protection","IDP/Refugee Service, Local Health Care Provider",Air-Launched: Plane,Aerial Bomb,Host Government: Military,Israeli Defence Forces,Health Infrastructure,,4,,,,,86692
2024-12-06,,OPT,PSE,Gaza Strip,,,censored,Protection,IDP/Refugee Service,Air-Launched: Plane,Aerial Bomb,Host Government: Military,Israeli Defence Forces,Protection Infrastructure,,,,,,,88507
2024-12-06,,OPT,PSE,Gaza Strip,,,censored,Protection,IDP/Refugee Service,Air-Launched: Plane,Aerial Bomb,Host Government: Military,Israeli Defence Forces,Protection Infrastructure,,,,,,,88555
2024-12-06,,OPT,PSE,Gaza Strip,,,censored,Protection,IDP/Refugee Service,Air-Launched: Plane,Aerial Bomb,Host Government: Military,Israeli Defence Forces,Protection Infrastructure,,,,,,,88258
2024-12-06,,OPT,PSE,Gaza Strip,,,censored,Protection,IDP/Refugee Service,Air-Launched: Plane,Aerial Bomb,Host Government: Military,Israeli Defence Forces,Protection Infrastructure,,,,,,,87601
2024-12-06,,OPT,PSE,Gaza Strip,,,censored,Protection,IDP/Refugee Service,Air-Launched: Plane,Aerial Bomb,Host Government: Military,Israeli Defence Forces,Protection Infrastructure,,,,,,,88259
2024-12-06,,OPT,PSE,Gaza Strip,,,censored,Protection,IDP/Refugee Service,Air-Launched: Plane,Aerial Bomb,Host Government: Military,Israeli Defence Forces,Protection Infrastructure,,,,,,,88508
2024-12-06,,OPT,PSE,Gaza Strip,,,censored,Protection,IDP/Refugee Service,Ground-Launched,Shelling,Host Government: Military,Israeli Defence Forces,Protection Infrastructure,,,,,,,88394
2024-12-06,,OPT,PSE,Gaza Strip,,,censored,"Education, Protection","IDP/Refugee Service, Local Education Provider",Air-Launched: Plane,Aerial Bomb,Host Government: Military,Israeli Defence Forces,Education Infrastructure,,,,,,,87705
2024-12-06,,OPT,PSE,Gaza Strip,,,censored,Protection,IDP/Refugee Service,Ground-Launched,Artillery,Host Government: Military,Israeli Defence Forces,Protection Infrastructure,,,,,,,88377
2024-12-06,,OPT,PSE,Gaza Strip,,,censored,Education,Local Education Provider,Air-Launched: Drone,Aerial Bomb,Host Government: Military,Israeli Defence Forces,Education Infrastructure,,,,,,,86520
2024-12-06,,OPT,PSE,Gaza Strip,,,censored,Protection,IDP/Refugee Service,Air-Launched: Plane,Aerial Bomb,Host Government: Military,Israeli Defence Forces,Protection Infrastructure,,,,,,,88350
2024-12-05,,OPT,PSE,Gaza Strip,,,censored,Protection,IDP/Refugee Service,Air-Launched: Plane,Aerial Bomb,Host Government: Military,Israeli Defence Forces,Protection Infrastructure,,,,,,,88503
2024-12-05,,OPT,PSE,Gaza Strip,,,censored,Protection,IDP/Refugee Service,Air-Launched: Plane,Aerial Bomb,Host Government: Military,Israeli Defence Forces,Protection Infrastructure,,,,,,,88392
2024-12-05,,OPT,PSE,Gaza Strip,,,censored,Protection,IDP/Refugee Service,Directly-Emplaced,Unspecified IED,Host Government: Military,Israeli Defence Forces,Protection Infrastructure,,,,,,,88393
2024-12-05,,OPT,PSE,Gaza Strip,,,censored,Protection,IDP/Refugee Service,Air-Launched: Plane,Aerial Bomb,Host Government: Military,Israeli Defence Forces,Protection Infrastructure,,,,,,,88554
2024-12-05,,OPT,PSE,Gaza Strip,,,censored,Health Care,Local Health Care Provider,Air-Launched: Plane,Aerial Bomb,Host Government: Military,Israeli Defence Forces,Health Infrastructure,,,,,,,86660
2024-12-05,,Lebanon,LBN,South Governorate,,,censored by HDX,"Health Care, Aid Operations",Government Aid Agency,Air-Launched: Plane,Aerial Bomb,Foreign Forces: Military,Israeli Defence Forces,Other,,,,,,,86890
2024-12-05,,OPT,PSE,Gaza Strip,,,censored,Health Care,Local Health Care Provider,Air-Launched: Plane,Aerial Bomb,Host Government: Military,Israeli Defence Forces,Health Infrastructure,,,,,,,86691
2024-12-05,,OPT,PSE,Gaza Strip,,,censored,Protection,IDP/Refugee Service,Air-Launched: Drone,Aerial Bomb,Host Government: Military,Israeli Defence Forces,Protection Infrastructure,,,,,,,86786
2024-12-05,,OPT,PSE,Gaza Strip,,,censored,Protection,IDP/Refugee Service,Air-Launched: Drone,Aerial Bomb,Host Government: Military,Israeli Defence Forces,Protection Infrastructure,,,,,,,86810
2024-12-05,,OPT,PSE,Gaza Strip,,,censored,Protection,IDP/Refugee Service,Ground-Launched,Shelling,Host Government: Military,Israeli Defence Forces,Protection Infrastructure,,,,,,,88504
2024-12-05,,OPT,PSE,Gaza Strip,,,censored,Protection,IDP/Refugee Service,Air-Launched: Plane,Aerial Bomb,Host Government: Military,Israeli Defence Forces,Protection Infrastructure,,,,,,,88505
2024-12-05,,OPT,PSE,Gaza Strip,,,censored,Protection,IDP/Refugee Service,Ground-Launched,Shelling,Host Government: Military,Israeli Defence Forces,Protection Infrastructure,,,,,,,88506
2024-12-04,,OPT,PSE,Gaza Strip,,,censored,Protection,IDP/Refugee Service,Ground-Launched,Shelling,Host Government: Military,Israeli Defence Forces,Protection Infrastructure,,,,,,,88501
2024-12-04,,OPT,PSE,Gaza Strip,,,censored,Protection,IDP/Refugee Service,"Directly-Emplaced, NotAnswered","NotAnswered, Unspecified IED",Multiple,"Hamas, Israeli Defence Forces",Protection Infrastructure,,,,,,,88390
2024-12-04,,Lebanon,LBN,Beirut Governorate,,,censored by HDX,"Health Care, Aid Operations",INGO,Air-Launched: Plane,Aerial Bomb,Foreign Forces: Military,Israeli Defence Forces,Health Infrastructure,,,,,,,86617
2024-12-04,,OPT,PSE,Gaza Strip,,,censored,Education,Local Education Provider,Air-Launched: Plane,Aerial Bomb,Host Government: Military,Israeli Defence Forces,Education Infrastructure,,,,,,,87874
2024-12-04,,OPT,PSE,Gaza Strip,,,censored,Protection,IDP/Refugee Service,Air-Launched: Plane,Aerial Bomb,Host Government: Military,Israeli Defence Forces,Protection Infrastructure,,,,,,,88502
2024-12-04,,OPT,PSE,Gaza Strip,,,censored,Protection,IDP/Refugee Service,Air-Launched: Plane,Aerial Bomb,Host Government: Military,Israeli Defence Forces,Protection Infrastructure,,,,,,,87703
2024-12-04,,OPT,PSE,Gaza Strip,,,censored,Protection,IDP/Refugee Service,Air-Launched: Drone,Aerial Bomb,Host Government: Military,Israeli Defence Forces,Protection Infrastructure,,,,,,,86783
2024-12-04,,OPT,PSE,Gaza Strip,,,censored,Protection,IDP/Refugee Service,Air-Launched: Plane,Aerial Bomb,Host Government: Military,Israeli Defence Forces,Protection Infrastructure,,,,,,,88374
2024-12-04,,OPT,PSE,Gaza Strip,,,censored,"Protection, Food Security",IDP/Refugee Service,Air-Launched: Plane,Aerial Bomb,Host Government: Military,Israeli Defence Forces,Protection Infrastructure,,,,,,Food Supply,87598
2024-12-04,,OPT,PSE,Gaza Strip,,,censored,"Education, Health Care, Protection, Aid Operations","IDP/Refugee Service, Local Health Care Provider, UN Agency",Air-Launched: Plane,Aerial Bomb,Host Government: Military,Israeli Defence Forces,Education Infrastructure,,1,,,,,86581
2024-12-04,,OPT,PSE,Gaza Strip,,,censored,Protection,IDP/Refugee Service,Ground-Launched,Artillery,Host Government: Military,Israeli Defence Forces,Protection Infrastructure,,,,,,,88257
2024-12-04,,OPT,PSE,Gaza Strip,,,censored,Protection,IDP/Refugee Service,Air-Launched: Plane,Aerial Bomb,Host Government: Military,Israeli Defence Forces,Protection Infrastructure,,,,,,,88553
2024-12-04,,OPT,PSE,Gaza Strip,,,censored,Protection,IDP/Refugee Service,Ground-Launched,Shelling,Host Government: Military,Israeli Defence Forces,Protection Infrastructure,,,,,,,88268
2024-12-03,,OPT,PSE,Gaza Strip,,,censored,Education,Local Education Provider,Air-Launched: Drone,Aerial Bomb,Host Government: Military,Israeli Defence Forces,Education Infrastructure,,,,,,,86519
2024-12-03,,OPT,PSE,Gaza Strip,,,censored,Protection,IDP/Refugee Service,Air-Launched: Plane,Aerial Bomb,Host Government: Military,Israeli Defence Forces,Protection Infrastructure,,,,,,,88500
2024-12-03,,OPT,PSE,Gaza Strip,,,censored,"Education, Protection, Aid Operations","IDP/Refugee Service, UN Agency",Air-Launched: Plane,Aerial Bomb,Host Government: Military,Israeli Defence Forces,Education Infrastructure,,,,,,,87702
2024-12-03,,OPT,PSE,Gaza Strip,,,censored,"Health Care, Protection, Aid Operations","IDP/Refugee Service, INGO",Ground-Launched,Artillery,Host Government: Military,Israeli Defence Forces,Health Infrastructure,,,,,,,86582
2024-12-03,,OPT,PSE,Gaza Strip,,,censored,Protection,IDP/Refugee Service,Ground-Launched,Artillery,Host Government: Military,Israeli Defence Forces,Protection Infrastructure,,,,,,,88333
2024-12-03,,OPT,PSE,Gaza Strip,,,censored,Protection,IDP/Refugee Service,Air-Launched: Plane,Aerial Bomb,Host Government: Military,Israeli Defence Forces,Protection Infrastructure,,,,,,,88334
2024-12-03,,OPT,PSE,Gaza Strip,,,censored,Protection,IDP/Refugee Service,Air-Launched: Plane,Aerial Bomb,Host Government: Military,Israeli Defence Forces,Protection Infrastructure,,,,,,,88552
2024-12-03,,Lebanon,LBN,Nabatieh Governorate,,,censored by HDX,Health Care,Local Health Care Provider,Air-Launched: Drone,Aerial Bomb,Foreign Forces: Military,Israeli Defence Forces,Health Worker,,1,,,,,86339
2024-12-03,,OPT,PSE,Gaza Strip,,,censored,"Health Care, Protection, Aid Operations","IDP/Refugee Service, INGO",Air-Launched: Drone,Aerial Bomb,Host Government: Military,Israeli Defence Forces,Health Infrastructure,,,,,,,86583
2024-12-03,,OPT,PSE,Gaza Strip,,,censored,Health Care,Local Health Care Provider,Air-Launched: Drone,Aerial Bomb,Host Government: Military,Israeli Defence Forces,Health Infrastructure,,,,,,,86576
2024-12-03,,OPT,PSE,Gaza Strip,,,censored,Protection,IDP/Refugee Service,Ground-Launched,Artillery,Host Government: Military,Israeli Defence Forces,Protection Infrastructure,,,,,,,88349
2024-12-02,,OPT,PSE,Gaza Strip,,,censored,Protection,IDP/Refugee Service,Directly-Emplaced,Unspecified IED,Host Government: Military,Israeli Defence Forces,Protection Infrastructure,,,,,,,88389
2024-12-02,,OPT,PSE,Gaza Strip,,,censored,Protection,IDP/Refugee Service,Ground-Launched,Artillery,Host Government: Military,Israeli Defence Forces,Protection Infrastructure,,,,,,,88348
2024-12-02,,OPT,PSE,Gaza Strip,,,censored,Protection,IDP/Refugee Service,"Ground-Launched, NotAnswered","Mortar, NotAnswered",Multiple,"Israeli Defence Forces, Mujahideen Brigade Jerusalem Branch",Protection Infrastructure,,,,,,,88327
2024-12-02,,OPT,PSE,Gaza Strip,,,censored,Protection,IDP/Refugee Service,Air-Launched: Plane,Aerial Bomb,Host Government: Military,Israeli Defence Forces,Protection Infrastructure,,,,,,,88325
2024-12-02,,Lebanon,LBN,South Governorate,,,censored by HDX,Health Care,Local Health Care Provider,Air-Launched: Plane,Aerial Bomb,Foreign Forces: Military,Israeli Defence Forces,Health Infrastructure,,2,,,,,86613
2024-12-02,,Lebanon,LBN,Nabatieh Governorate,,,censored by HDX,Health Care,Other,Air-Launched: Drone,Aerial Bomb,Foreign Forces: Military,Israeli Defence Forces,Health Worker,,1,,,,,86615
2024-12-02,,OPT,PSE,Gaza Strip,,,censored,Protection,IDP/Refugee Service,Ground-Launched,Artillery,Host Government: Military,Israeli Defence Forces,Protection Infrastructure,,,,,,,88255
2024-12-02,,OPT,PSE,Gaza Strip,,,censored,Protection,IDP/Refugee Service,Air-Launched: Plane,Aerial Bomb,Host Government: Military,Israeli Defence Forces,Protection Infrastructure,,,,,,,88252
2024-12-02,,OPT,PSE,Gaza Strip,,,censored,Protection,IDP/Refugee Service,Air-Launched: Drone,Aerial Bomb,Host Government: Military,Israeli Defence Forces,Protection Infrastructure,,,,,,,86813
2024-12-02,,OPT,PSE,Gaza Strip,,,censored,"Education, Protection","IDP/Refugee Service, Local Education Provider",Air-Launched: Drone,Aerial Bomb,Host Government: Military,Israeli Defence Forces,Education Infrastructure,,,,,,,86815
2024-12-02,,OPT,PSE,Gaza Strip,,,censored,Protection,IDP/Refugee Service,Air-Launched: Plane,Aerial Bomb,Host Government: Military,Israeli Defence Forces,Protection Infrastructure,,,,,,,87596
2024-12-02,,OPT,PSE,Gaza Strip,,,censored,"Education, Protection","IDP/Refugee Service, Local Education Provider",Air-Launched: Plane,Aerial Bomb,Host Government: Military,Israeli Defence Forces,Education Infrastructure,,,,,,,87581
2024-12-01,,OPT,PSE,Gaza Strip,,,censored,Aid Operations,INGO,Air-Launched: Plane,Aerial Bomb,Host Government: Military,Israeli Defence Forces,Other,1,,1,,,,93485
2024-12-01,,OPT,PSE,Gaza Strip,,,censored,Protection,IDP/Refugee Service,Air-Launched: Plane,Aerial Bomb,Host Government: Military,Israeli Defence Forces,Protection Infrastructure,,,,,,,87701
2024-12-01,,OPT,PSE,Gaza Strip,,,censored,Protection,IDP/Refugee Service,Unspecified Launch Method,Missile,Host Government: Military,Israeli Defence Forces,Protection Infrastructure,,,,,,,88322
2024-12-01,,OPT,PSE,Gaza Strip,,,censored,Protection,IDP/Refugee Service,Air-Launched: Plane,Aerial Bomb,Host Government: Military,Israeli Defence Forces,Protection Infrastructure,,,,,,,88323
2024-12-01,,OPT,PSE,Gaza Strip,,,censored,Protection,IDP/Refugee Service,Ground-Launched,Artillery,Host Government: Military,Israeli Defence Forces,Protection Infrastructure,,,,,,,88346
2024-12-01,,OPT,PSE,Gaza Strip,,,censored,Protection,IDP/Refugee Service,Air-Launched: Plane,Aerial Bomb,Host Government: Military,Israeli Defence Forces,Protection Infrastructure,,,,,,,88372
2024-12-01,,OPT,PSE,Gaza Strip,,,censored,Protection,IDP/Refugee Service,Air-Launched: Plane,Aerial Bomb,Host Government: Military,Israeli Defence Forces,Protection Infrastructure,,,,,,,88382
2024-12-01,,OPT,PSE,Gaza Strip,,,censored,Protection,IDP/Refugee Service,Air-Launched: Plane,Aerial Bomb,Host Government: Military,Israeli Defence Forces,Protection Infrastructure,,,,,,,88549
2024-12-01,,OPT,PSE,Gaza Strip,,,censored,Protection,IDP/Refugee Service,Directly-Emplaced,Unspecified IED,Host Government: Military,Israeli Defence Forces,Protection Infrastructure,,,,,,,88499
2024-12-01,,OPT,PSE,Gaza Strip,,,censored,Protection,IDP/Refugee Service,Air-Launched: Plane,Aerial Bomb,Host Government: Military,Israeli Defence Forces,Protection Infrastructure,,,,,,,88498
2024-11-30,,OPT,PSE,Gaza Strip,,,censored,Aid Operations,LNGO,Air-Launched: Plane,Aerial Bomb,Host Government: Military,Israeli Defence Forces,Other,1,,,,,,86937
2024-11-30,,OPT,PSE,Gaza Strip,,,censored,Aid Operations,INGO,Air-Launched: Plane,Aerial Bomb,Host Government: Military,Israeli Defence Forces,Food Infrastructure,3,,,,,,86939
2024-11-30,,OPT,PSE,Gaza Strip,,,censored,Aid Operations,INGO,Air-Launched: Plane,Aerial Bomb,Host Government: Military,Israeli Defence Forces,Aid Infrastructure,1,,,,,,86940
2024-11-30,,OPT,PSE,Gaza Strip,,,censored,Protection,IDP/Refugee Service,Air-Launched: Plane,Aerial Bomb,Host Government: Military,Israeli Defence Forces,Protection Infrastructure,,,,,,,88050
2024-11-30,,OPT,PSE,Gaza Strip,,,censored,Protection,IDP/Refugee Service,Air-Launched: Plane,Aerial Bomb,Host Government: Military,Israeli Defence Forces,Protection Infrastructure,,,,,,,87522
2024-11-30,,OPT,PSE,Gaza Strip,,,censored,Health Care,Local Health Care Provider,Ground-Launched,Artillery,Host Government: Military,Israeli Defence Forces,Multiple,,,,,,,86572
2024-11-30,,OPT,PSE,Gaza Strip,,,censored,Health Care,Local Health Care Provider,Air-Launched: Plane,Aerial Bomb,Host Government: Military,Israeli Defence Forces,Health Infrastructure,,,,,,,86573
2024-11-30,,OPT,PSE,Gaza Strip,,,censored,"Health Care, Aid Operations",INGO,Air-Launched: Drone,Aerial Bomb,Host Government: Military,Israeli Defence Forces,Health Infrastructure,,,,,,,86574
2024-11-29,,OPT,PSE,Gaza Strip,,,censored,Protection,IDP/Refugee Service,Ground-Launched,Shelling,Host Government: Military,Israeli Defence Forces,Protection Infrastructure,,,,,,,86931
2024-11-29,,OPT,PSE,Gaza Strip,,,censored,Protection,IDP/Refugee Service,Ground-Launched,Artillery,Host Government: Military,Israeli Defence Forces,Protection Infrastructure,,,,,,,87922
2024-11-29,,OPT,PSE,Gaza Strip,,,censored,Protection,IDP/Refugee Service,"Ground-Launched, NotAnswered","Mortar, NotAnswered",Multiple,"Hamas, Israeli Defence Forces",Protection Infrastructure,,,,,,,87920
2024-11-29,,OPT,PSE,Gaza Strip,,,censored,Health Care,Local Health Care Provider,Air-Launched: Drone,Aerial Bomb,Host Government: Military,Israeli Defence Forces,Health Infrastructure,,1,,,,,86571
2024-11-29,,OPT,PSE,Gaza Strip,,,censored,Protection,IDP/Refugee Service,Air-Launched: Plane,Aerial Bomb,Host Government: Military,Israeli Defence Forces,Protection Infrastructure,,,,,,,88222
2024-11-29,,OPT,PSE,Gaza Strip,,,censored,Protection,IDP/Refugee Service,Air-Launched: Plane,Aerial Bomb,Host Government: Military,Israeli Defence Forces,Protection Infrastructure,,,,,,,88221
2024-11-29,,OPT,PSE,Gaza Strip,,,censored,Protection,IDP/Refugee Service,Air-Launched: Plane,Aerial Bomb,Host Government: Military,Israeli Defence Forces,Protection Infrastructure,,,,,,,88044
2024-11-29,,OPT,PSE,Gaza Strip,,,censored,Protection,IDP/Refugee Service,Ground-Launched,Artillery,Host Government: Military,Israeli Defence Forces,Protection Infrastructure,,,,,,,88047
2024-11-29,,OPT,PSE,Gaza Strip,,,censored,Protection,IDP/Refugee Service,Ground-Launched,Artillery,Host Government: Military,Israeli Defence Forces,Protection Infrastructure,,,,,,,88049
2024-11-29,,OPT,PSE,Gaza Strip,,,censored,Protection,IDP/Refugee Service,Air-Launched: Plane,Aerial Bomb,Host Government: Military,Israeli Defence Forces,Protection Infrastructure,,,,,,,87087
2024-11-29,,OPT,PSE,Gaza Strip,,,censored,Protection,IDP/Refugee Service,Directly-emplaced,Unspecified Explosive,Host Government: Military,Israeli Defence Forces,Protection Infrastructure,,,,,,,87921
2024-11-28,,OPT,PSE,Gaza Strip,,,censored,Protection,IDP/Refugee Service,Ground-Launched,Shelling,Host Government: Military,Israeli Defence Forces,Protection Infrastructure,,,,,,,88043
2024-11-28,,OPT,PSE,Gaza Strip,,,censored,Protection,IDP/Refugee Service,Directly-emplaced,Unspecified Explosive,Host Government: Military,Israeli Defence Forces,Protection Infrastructure,,,,,,,87918
2024-11-28,,OPT,PSE,Gaza Strip,,,censored,Protection,IDP/Refugee Service,Air-Launched: Plane,Aerial Bomb,Host Government: Military,Israeli Defence Forces,Protection Infrastructure,,,,,,,87917
2024-11-28,,OPT,PSE,Gaza Strip,,,censored,Protection,IDP/Refugee Service,Ground-Launched,"Artillery, Mortar",Multiple,"Israeli Defence Forces, Palestinian Islamic Jihad",Protection Infrastructure,,,,,,,87915
2024-11-28,,OPT,PSE,Gaza Strip,,,censored,Protection,IDP/Refugee Service,Air-Launched: Plane,Aerial Bomb,Host Government: Military,Israeli Defence Forces,Protection Infrastructure,,,,,,,86930
2024-11-28,,OPT,PSE,Gaza Strip,,,censored,"Health Care, Protection, Aid Operations","IDP/Refugee Service, INGO",Air-Launched: Drone,Aerial Bomb,Host Government: Military,Israeli Defence Forces,Health Infrastructure,,,,,,,86566
2024-11-28,,OPT,PSE,Gaza Strip,,,censored,Protection,IDP/Refugee Service,Ground-Launched,Artillery,Host Government: Military,Israeli Defence Forces,Protection Infrastructure,,,,,,,88037
2024-11-28,,OPT,PSE,Gaza Strip,,,censored,Protection,IDP/Refugee Service,Air-Launched: Plane,Aerial Bomb,Host Government: Military,Israeli Defence Forces,Protection Infrastructure,,,,,,,88039
2024-11-28,,OPT,PSE,Gaza Strip,,,censored,Protection,IDP/Refugee Service,Ground-Launched,Artillery,Host Government: Military,Israeli Defence Forces,Protection Infrastructure,,,,,,,88042
2024-11-28,,OPT,PSE,Gaza Strip,,,censored,Health Care,Local Health Care Provider,Air-Launched: Drone,Aerial Bomb,Host Government: Military,Israeli Defence Forces,Health Worker,,,,,,,86567
2024-11-28,,OPT,PSE,Gaza Strip,,,censored,Protection,IDP/Refugee Service,Air-Launched: Plane,Aerial Bomb,Host Government: Military,Israeli Defence Forces,Protection Infrastructure,,,,,,,87521
2024-11-28,,OPT,PSE,Gaza Strip,,,censored,Protection,IDP/Refugee Service,Air-Launched: Plane,Aerial Bomb,Host Government: Military,Israeli Defence Forces,Protection Infrastructure,,,,,,,88219
2024-11-28,,OPT,PSE,Gaza Strip,,,censored,"Health Care, Protection, Aid Operations","IDP/Refugee Service, INGO",Air-Launched: Drone,Aerial Bomb,Host Government: Military,Israeli Defence Forces,Health Infrastructure,,,,,,,86563
2024-11-27,,OPT,PSE,Gaza Strip,,,censored,"Health Care, Aid Operations, Food Security",LNGO,Unspecified Launch Method,Unspecified Explosive,Host Government: Military,Israeli Defence Forces,Other,,,,,,Food Production and Storage,86558
2024-11-27,,OPT,PSE,Gaza Strip,,,censored,Protection,IDP/Refugee Service,Air-Launched: Drone,Aerial Bomb,Host Government: Military,Israeli Defence Forces,Protection Infrastructure,,,,,,,86929
2024-11-27,,OPT,PSE,Gaza Strip,,,censored,Protection,IDP/Refugee Service,Directly-emplaced,Unspecified Explosive,Host Government: Military,Israeli Defence Forces,Protection Infrastructure,,,,,,,87857
2024-11-27,,OPT,PSE,Gaza Strip,,,censored,"Health Care, Aid Operations",LNGO,Unspecified Launch Method,Unspecified Explosive,Host Government: Military,Israeli Defence Forces,Multiple,,,,,,,86561
2024-11-27,,OPT,PSE,Gaza Strip,,,censored,Protection,IDP/Refugee Service,Ground-Launched,Artillery,Host Government: Military,Israeli Defence Forces,Protection Infrastructure,,,,,,,87912
2024-11-27,,OPT,PSE,Gaza Strip,,,censored,Protection,IDP/Refugee Service,Ground-Launched,Artillery,Host Government: Military,Israeli Defence Forces,Protection Infrastructure,,,,,,,88023
2024-11-27,,OPT,PSE,Gaza Strip,,,censored,"Education, Protection","IDP/Refugee Service, Local Education Provider",Unspecified Launch Method,Unspecified Explosive,Host Government: Military,Israeli Defence Forces,Education Infrastructure,,,,,,,87491
2024-11-27,,Syria,SYR,Homs Governorate,34.6,36.1,(2) 25 km Precision ,"Health Care, Aid Operations",National Red Cross Society,Air-Launched: Plane,Aerial Bomb,Foreign Forces: Military,Israeli Defence Forces,Health Infrastructure,,,,,,,86003
2024-11-26,,Lebanon,LBN,South Governorate,,,censored by HDX,"Protection, Food Security",IDP/Refugee Service,Air-Launched: Plane,Aerial Bomb,Foreign Forces: Military,Israeli Defence Forces,Protection Infrastructure,,,,,,,91410
2024-11-26,,OPT,PSE,Gaza Strip,,,censored,Protection,IDP/Refugee Service,Air-Launched: Plane,Aerial Bomb,Host Government: Military,Israeli Defence Forces,Protection Infrastructure,,,,,,,88021
2024-11-26,,OPT,PSE,Gaza Strip,,,censored,"Education, Protection","IDP/Refugee Service, Local Education Provider",Air-Launched: Plane,Aerial Bomb,Host Government: Military,Israeli Defence Forces,Education Infrastructure,,,,,,,88022
2024-11-26,,OPT,PSE,Gaza Strip,,,censored,Protection,IDP/Refugee Service,"Directly-Emplaced, NotAnswered","NotAnswered, Unspecified IED",Multiple,"Hamas, Israeli Defence Forces",Protection Infrastructure,,,,,,,87856
2024-11-26,,OPT,PSE,Gaza Strip,,,censored,Protection,IDP/Refugee Service,"Directly-Emplaced, NotAnswered","NotAnswered, Unspecified IED",Multiple,"Hamas, Israeli Defence Forces",Protection Infrastructure,,,,,,,87855
2024-11-26,,OPT,PSE,Gaza Strip,,,censored,Protection,IDP/Refugee Service,Directly-emplaced,Unspecified Explosive,Host Government: Military,Israeli Defence Forces,Protection Infrastructure,,,,,,,87853
2024-11-26,,OPT,PSE,Gaza Strip,,,censored,"Education, Protection","IDP/Refugee Service, Local Education Provider",Unspecified Launch Method,Unspecified Explosive,Host Government: Military,Israeli Defence Forces,Education Infrastructure,,,,,,,88276
2024-11-26,,Lebanon,LBN,South Governorate,,,censored by HDX,Health Care,Local Health Care Provider,Air-Launched: Plane,Aerial Bomb,Foreign Forces: Military,Israeli Defence Forces,Health Worker,,,,,,,85942
2024-11-26,,Lebanon,LBN,Beirut Governorate,,,censored by HDX,Health Care,Local Health Care Provider,Air-Launched: Plane,Aerial Bomb,Foreign Forces: Military,Israeli Defence Forces,Health Infrastructure,,,,,,,85943
2024-11-26,,Lebanon,LBN,South Governorate,,,censored by HDX,Protection,IDP/Refugee Service,Air-Launched: Plane,Aerial Bomb,Foreign Forces: Military,Israeli Defence Forces,Protection Infrastructure,,,,,,,91411
2024-11-26,,OPT,PSE,Gaza Strip,,,censored,"Education, Protection","IDP/Refugee Service, Local Education Provider",Unspecified Launch Method,Unspecified Explosive,Host Government: Military,Israeli Defence Forces,Education Infrastructure,,,,,,,87490
2024-11-25,,OPT,PSE,Gaza Strip,,,censored,Protection,IDP/Refugee Service,Air-Launched: Plane,Aerial Bomb,Host Government: Military,Israeli Defence Forces,Protection Infrastructure,,,,,,,87851
2024-11-25,,OPT,PSE,Gaza Strip,,,censored,Protection,IDP/Refugee Service,"Ground-Launched, NotAnswered","Mortar, NotAnswered",Multiple,"Israeli Defence Forces, Palestinian Islamic Jihad",Protection Infrastructure,,,,,,,87850
2024-11-25,,OPT,PSE,Gaza Strip,,,censored,Protection,IDP/Refugee Service,Ground-Launched,Shelling,Host Government: Military,Israeli Defence Forces,Protection Infrastructure,,,,,,,88020
2024-11-25,,OPT,PSE,Gaza Strip,,,censored,Protection,IDP/Refugee Service,Ground-Launched,Artillery,Host Government: Military,Israeli Defence Forces,Protection Infrastructure,,,,,,,87109
2024-11-25,,OPT,PSE,Gaza Strip,,,censored,Protection,IDP/Refugee Service,Air-Launched: Plane,Aerial Bomb,Host Government: Military,Israeli Defence Forces,Protection Infrastructure,,,,,,,86927
2024-11-25,,Lebanon,LBN,Nabatieh Governorate,,,censored by HDX,Health Care,Local Health Care Provider,Air-Launched: Plane,Aerial Bomb,Foreign Forces: Military,Israeli Defence Forces,Health Infrastructure,,,,,,,85941
2024-11-25,,OPT,PSE,Gaza Strip,,,censored,Protection,IDP/Refugee Service,"NotAnswered, Unspecified Launch Method","NotAnswered, Rocket",Multiple,"Hamas, Israeli Defence Forces",Protection Infrastructure,,,,,,,86987
2024-11-25,,OPT,PSE,Gaza Strip,,,censored,Protection,IDP/Refugee Service,Air-Launched: Plane,Aerial Bomb,Host Government: Military,Israeli Defence Forces,Protection Infrastructure,,,,,,,86986
2024-11-25,,OPT,PSE,Gaza Strip,,,censored,Protection,IDP/Refugee Service,Directly-emplaced,Unspecified Explosive,Host Government: Military,Israeli Defence Forces,Protection Infrastructure,,,,,,,87852
2024-11-25,,OPT,PSE,Gaza Strip,,,censored,Protection,IDP/Refugee Service,Ground-Launched,Shelling,Host Government: Military,Israeli Defence Forces,Protection Infrastructure,,,,,,,88218
2024-11-24,,OPT,PSE,Gaza Strip,,,censored,Protection,IDP/Refugee Service,Air-Launched: Plane,Aerial Bomb,Host Government: Military,Israeli Defence Forces,Protection Infrastructure,,,,,,,86925
2024-11-24,,OPT,PSE,West Bank,,,censored,Protection,IDP/Refugee Service,Air-Launched: Plane,Rocket,Host Government: Military,Israeli Defence Forces,Protection Infrastructure,,,,,,,88420
2024-11-24,,OPT,PSE,Gaza Strip,,,censored,Protection,IDP/Refugee Service,Air-Launched: Plane,Aerial Bomb,Host Government: Military,Israeli Defence Forces,Protection Infrastructure,,,,,,,86985
2024-11-24,,OPT,PSE,Gaza Strip,,,censored,Protection,IDP/Refugee Service,Air-Launched: Plane,Aerial Bomb,Host Government: Military,Israeli Defence Forces,Protection Infrastructure,,,,,,,87083
2024-11-24,,OPT,PSE,Gaza Strip,,,censored,Protection,IDP/Refugee Service,Ground-Launched,Artillery,Host Government: Military,Israeli Defence Forces,Protection Infrastructure,,,,,,,88016
2024-11-24,,OPT,PSE,Gaza Strip,,,censored,Protection,IDP/Refugee Service,Ground-Launched,Artillery,Host Government: Military,Israeli Defence Forces,Protection Infrastructure,,,,,,,88019
2024-11-24,,OPT,PSE,Gaza Strip,,,censored,Protection,IDP/Refugee Service,Ground-Launched,Artillery,Host Government: Military,Israeli Defence Forces,Protection Infrastructure,,,,,,,87108
2024-11-24,,OPT,PSE,Gaza Strip,,,censored,Protection,IDP/Refugee Service,Ground-Launched,Artillery,Host Government: Military,Israeli Defence Forces,Protection Infrastructure,,,,,,,87086
2024-11-24,,OPT,PSE,Gaza Strip,,,censored,Protection,IDP/Refugee Service,Ground-Launched,Shelling,Host Government: Military,Israeli Defence Forces,Protection Infrastructure,,,,,,,88018
2024-11-24,,OPT,PSE,Gaza Strip,,,censored,Protection,IDP/Refugee Service,Ground-Launched,Artillery,Host Government: Military,Israeli Defence Forces,Protection Infrastructure,,,,,,,88017
2024-11-24,,OPT,PSE,West Bank,,,censored,Education,Local Education Provider,Directly-Emplaced,Hand Grenade,Host Government: Military,Israeli Defence Forces,Teacher/Student,,,,,,,88246
2024-11-23,,OPT,PSE,Gaza Strip,,,censored,Protection,IDP/Refugee Service,Air-Launched: Plane,Aerial Bomb,Host Government: Military,Israeli Defence Forces,Protection Infrastructure,,,,,,,88015
2024-11-23,,OPT,PSE,Gaza Strip,,,censored,Protection,IDP/Refugee Service,Air-Launched: Plane,Aerial Bomb,Host Government: Military,Israeli Defence Forces,Protection Infrastructure,,,,,,,88014
2024-11-23,,OPT,PSE,Gaza Strip,,,censored,Protection,IDP/Refugee Service,Air-Launched: Plane,Aerial Bomb,Host Government: Military,Israeli Defence Forces,Protection Infrastructure,,,,,,,88013
2024-11-23,,OPT,PSE,Gaza Strip,,,censored,Protection,IDP/Refugee Service,Ground-Launched,Shelling,Host Government: Military,Israeli Defence Forces,Protection Infrastructure,,,,,,,86924
2024-11-23,,OPT,PSE,Gaza Strip,,,censored,Protection,IDP/Refugee Service,"Directly-Emplaced, NotAnswered","NotAnswered, Unspecified IED",Multiple,"Hamas, Israeli Defence Forces",Protection Infrastructure,,,,,,,86984
2024-11-23,,OPT,PSE,Gaza Strip,,,censored,Protection,IDP/Refugee Service,Directly-emplaced,Unspecified Explosive,Host Government: Military,Israeli Defence Forces,Protection Infrastructure,,,,,,,87791
2024-11-23,,OPT,PSE,Gaza Strip,,,censored,Protection,IDP/Refugee Service,Ground-Launched,Artillery,Host Government: Military,Israeli Defence Forces,Protection Infrastructure,,,,,,,87084
2024-11-23,,Lebanon,LBN,South Governorate,,,censored by HDX,Health Care,Other,Air-Launched: Drone,Missile,Foreign Forces: Military,Israeli Defence Forces,Health Infrastructure,,,,,,,85940
2024-11-23,,OPT,PSE,Gaza Strip,,,censored,Protection,IDP/Refugee Service,Air-Launched: Plane,Aerial Bomb,Host Government: Military,Israeli Defence Forces,Protection Infrastructure,,,,,,,86922
2024-11-23,,OPT,PSE,Gaza Strip,,,censored,"Health Care, Aid Operations",National Red Cross Society,Air-Launched: Plane,Aerial Bomb,Host Government: Military,Israeli Defence Forces,Health Infrastructure,,,,,,,85966
2024-11-23,,OPT,PSE,Gaza Strip,,,censored,Protection,IDP/Refugee Service,Air-Launched: Plane,Aerial Bomb,Host Government: Military,Israeli Defence Forces,Protection Infrastructure,,,,,,,87847
2024-11-23,,OPT,PSE,Gaza Strip,,,censored,Health Care,Local Health Care Provider,Air-Launched: Plane,Aerial Bomb,Host Government: Military,Israeli Defence Forces,Health Infrastructure,,,,,,,85844
2024-11-23,,OPT,PSE,Gaza Strip,,,censored,Health Care,Local Health Care Provider,Air-Launched: Drone,Aerial Bomb,Host Government: Military,Israeli Defence Forces,Health Infrastructure,,,,,,,85852
2024-11-23,,OPT,PSE,Gaza Strip,,,censored,Protection,IDP/Refugee Service,Ground-Launched,Shelling,Host Government: Military,Israeli Defence Forces,Protection Infrastructure,,,,,,,87368
2024-11-23,,OPT,PSE,Gaza Strip,,,censored,Protection,IDP/Refugee Service,Air-Launched: Plane,Aerial Bomb,Host Government: Military,Israeli Defence Forces,Protection Infrastructure,,,,,,,87924
2024-11-23,,OPT,PSE,Gaza Strip,,,censored,Protection,IDP/Refugee Service,Ground-Launched,Artillery,Host Government: Military,Israeli Defence Forces,Protection Infrastructure,,,,,,,87107
2024-11-23,,Lebanon,LBN,South Governorate,,,censored by HDX,Health Care,Other,Air-Launched: Drone,Missile,Foreign Forces: Military,Israeli Defence Forces,Health Infrastructure,,2,,,,,86041
2024-11-22,,Lebanon,LBN,South Governorate,,,censored by HDX,Health Care,Private Health Care,Air-Launched: Plane,Aerial Bomb,Foreign Forces: Military,Israeli Defence Forces,Private/Voluntary Aid,,3,,,,,85936
2024-11-22,,OPT,PSE,Gaza Strip,,,censored,Protection,IDP/Refugee Service,Air-Launched: Plane,Aerial Bomb,Host Government: Military,Israeli Defence Forces,Protection Infrastructure,,,,,,,87788
2024-11-22,,OPT,PSE,Gaza Strip,,,censored,Health Care,Local Health Care Provider,Air-Launched: Plane,Aerial Bomb,Host Government: Military,Israeli Defence Forces,Health Infrastructure,,,,,,,85848
2024-11-22,,OPT,PSE,Gaza Strip,,,censored,Protection,IDP/Refugee Service,Air-Launched: Plane,Aerial Bomb,Host Government: Military,Israeli Defence Forces,Protection Infrastructure,,,,,,,88012
2024-11-22,,OPT,PSE,Gaza Strip,,,censored,Protection,IDP/Refugee Service,Ground-Launched,Artillery,Host Government: Military,Israeli Defence Forces,Protection Infrastructure,,,,,,,88011
2024-11-22,,OPT,PSE,Gaza Strip,,,censored,"Health Care, Protection, Aid Operations","IDP/Refugee Service, INGO",Air-Launched: Drone,Aerial Bomb,Host Government: Military,Israeli Defence Forces,Health Infrastructure,,,,,,,85859
2024-11-22,,OPT,PSE,Gaza Strip,,,censored,Protection,IDP/Refugee Service,"NotAnswered, Unspecified Launch Method","NotAnswered, Rocket",Multiple,"al-Aqsa Martyrs' Brigades, Israeli Defence Forces",Protection Infrastructure,,,,,,,87785
2024-11-22,,OPT,PSE,Gaza Strip,,,censored,Protection,IDP/Refugee Service,Ground-Launched,Artillery,Host Government: Military,Israeli Defence Forces,Protection Infrastructure,,,,,,,86921
2024-11-22,,Lebanon,LBN,Baalbek-Hermel Governorate,,,censored by HDX,Health Care,Local Health Care Provider,Air-Launched: Plane,Aerial Bomb,Foreign Forces: Military,Israeli Defence Forces,Health Worker,,7,,,,,85938
2024-11-22,,OPT,PSE,Gaza Strip,,,censored,Protection,IDP/Refugee Service,Ground-Launched,Artillery,Host Government: Military,Israeli Defence Forces,Protection Infrastructure,,,,,,,86920
2024-11-22,,OPT,PSE,Gaza Strip,,,censored,Protection,IDP/Refugee Service,Ground-Launched,Shelling,Host Government: Military,Israeli Defence Forces,Protection Infrastructure,,,,,,,86918
2024-11-22,,OPT,PSE,Gaza Strip,,,censored,Protection,IDP/Refugee Service,Air-Launched: Plane,Aerial Bomb,Host Government: Military,Israeli Defence Forces,Protection Infrastructure,,,,,,,88010
2024-11-22,,Lebanon,LBN,South Governorate,,,censored by HDX,Health Care,Private Health Care,Air-Launched: Plane,Aerial Bomb,Foreign Forces: Military,Israeli Defence Forces,Health Infrastructure,,2,,,,,85935
2024-11-22,,OPT,PSE,Gaza Strip,,,censored,Protection,IDP/Refugee Service,Ground-Launched,Artillery,Host Government: Military,Israeli Defence Forces,Protection Infrastructure,,,,,,,87789
2024-11-22,,OPT,PSE,Gaza Strip,,,censored,Protection,IDP/Refugee Service,Air-Launched: Plane,Aerial Bomb,Host Government: Military,Israeli Defence Forces,Protection Infrastructure,,,,,,,87366
2024-11-22,,OPT,PSE,Gaza Strip,,,censored,Protection,IDP/Refugee Service,Air-Launched: Plane,Aerial Bomb,Host Government: Military,Israeli Defence Forces,Protection Infrastructure,,,,,,,87486
2024-11-21,,OPT,PSE,Gaza Strip,,,censored,Protection,IDP/Refugee Service,Air-Launched: Plane,Aerial Bomb,Host Government: Military,Israeli Defence Forces,Protection Infrastructure,,,,,,,88003
2024-11-21,,OPT,PSE,Gaza Strip,,,censored,Protection,IDP/Refugee Service,Air-Launched: Plane,Aerial Bomb,Host Government: Military,Israeli Defence Forces,Protection Infrastructure,,,,,,,88008
2024-11-21,,OPT,PSE,Gaza Strip,,,censored,Protection,IDP/Refugee Service,Ground-Launched,Artillery,Host Government: Military,Israeli Defence Forces,Protection Infrastructure,,,,,,,86896
2024-11-21,,OPT,PSE,Gaza Strip,,,censored,Protection,IDP/Refugee Service,Air-Launched: Plane,Aerial Bomb,Host Government: Military,Israeli Defence Forces,Protection Infrastructure,,,,,,,86897
2024-11-21,,OPT,PSE,Gaza Strip,,,censored,Protection,IDP/Refugee Service,Directly-emplaced,Unspecified Explosive,Host Government: Military,Israeli Defence Forces,Protection Infrastructure,,,,,,,87782
2024-11-21,,OPT,PSE,Gaza Strip,,,censored,Protection,IDP/Refugee Service,"Ground-Launched, NotAnswered","NotAnswered, Shelling",Multiple,"Hamas, Israeli Defence Forces",Protection Infrastructure,,,,,,,87784
2024-11-21,,Syria,SYR,Homs Governorate,34.7,36.7,"(3) District, Communicipality or Commune ","Protection, Aid Operations",UN Agency,Air-Launched: No Information on Platform Type,Aerial Bomb,Foreign Forces: Military,Israeli Defence Forces,Aid Infrastructure,,,,,,,86871
2024-11-21,,Lebanon,LBN,South Governorate,,,censored by HDX,Protection,IDP/Refugee Service,Air-Launched: Plane,Aerial Bomb,Foreign Forces: Military,Israeli Defence Forces,Protection Infrastructure,,,,,,,91409
2024-11-21,,OPT,PSE,Gaza Strip,,,censored,Protection,IDP/Refugee Service,Air-Launched: Plane,Aerial Bomb,Host Government: Military,Israeli Defence Forces,Protection Infrastructure,,,,,,,87781
2024-11-21,,OPT,PSE,Gaza Strip,,,censored,Protection,IDP/Refugee Service,Air-Launched: Plane,Aerial Bomb,Host Government: Military,Israeli Defence Forces,Protection Infrastructure,,,,,,,87783
2024-11-21,,OPT,PSE,Gaza Strip,,,censored,Health Care,Local Health Care Provider,Air-Launched: Drone,Aerial Bomb,Host Government: Military,Israeli Defence Forces,Multiple,,,,,,,85840
2024-11-21,,OPT,PSE,Gaza Strip,,,censored,"Health Care, Protection","IDP/Refugee Service, Local Health Care Provider",Air-Launched: Plane,Aerial Bomb,Host Government: Military,Israeli Defence Forces,Multiple,,,,,,,88009
2024-11-20,,OPT,PSE,Gaza Strip,,,censored,Protection,IDP/Refugee Service,Air-Launched: Plane,Aerial Bomb,Host Government: Military,Israeli Defence Forces,Protection Infrastructure,,,,,,,88002
2024-11-20,,OPT,PSE,Gaza Strip,,,censored,"Education, Protection","IDP/Refugee Service, Local Education Provider",Air-Launched: Drone,Aerial Bomb,Host Government: Military,Israeli Defence Forces,Education Infrastructure,,,,,,,87468
2024-11-20,,OPT,PSE,Gaza Strip,,,censored,"Health Care, Aid Operations",Government Aid Agency,Air-Launched: No Information on Platform Type,Aerial Bomb,Host Government: Military,Israeli Defence Forces,Health Worker,,,,,,,86226
2024-11-20,,OPT,PSE,Gaza Strip,,,censored,Health Care,Local Health Care Provider,Air-Launched: Plane,Aerial Bomb,Host Government: Military,Israeli Defence Forces,Health Infrastructure,,,,,,,85835
2024-11-20,,OPT,PSE,Gaza Strip,,,censored,Health Care,Local Health Care Provider,Air-Launched: Plane,Aerial Bomb,Host Government: Military,Israeli Defence Forces,Health Worker,,1,,,,,85964
2024-11-20,,OPT,PSE,Gaza Strip,,,censored,"Health Care, Aid Operations",INGO,Air-Launched: Drone,Aerial Bomb,Host Government: Military,Israeli Defence Forces,Aid Infrastructure,,,,,,,85965
2024-11-20,,OPT,PSE,Gaza Strip,,,censored,"Education, Protection","IDP/Refugee Service, Local Education Provider",Ground-Launched,Shelling,Host Government: Military,Israeli Defence Forces,Education Infrastructure,,,,,,,87465
2024-11-20,,OPT,PSE,Gaza Strip,,,censored,"Education, Protection","IDP/Refugee Service, Local Education Provider",Air-Launched: Drone,Aerial Bomb,Host Government: Military,Israeli Defence Forces,Education Infrastructure,,,,,,,86388
2024-11-20,,OPT,PSE,Gaza Strip,,,censored,"Education, Protection","IDP/Refugee Service, Local Education Provider",Unspecified Launch Method,Unspecified Explosive,Host Government: Military,Israeli Defence Forces,Education Infrastructure,,,,,,,87364
2024-11-20,,OPT,PSE,Gaza Strip,,,censored,Protection,IDP/Refugee Service,Ground-Launched,Artillery,Host Government: Military,Israeli Defence Forces,Protection Infrastructure,,,,,,,87365
2024-11-20,,OPT,PSE,Gaza Strip,,,censored,Protection,IDP/Refugee Service,Air-Launched: Plane,Aerial Bomb,Host Government: Military,Israeli Defence Forces,Protection Infrastructure,,,,,,,87482
2024-11-20,,OPT,PSE,Gaza Strip,,,censored,Protection,IDP/Refugee Service,Air-Launched: Plane,Aerial Bomb,Host Government: Military,Israeli Defence Forces,Protection Infrastructure,,,,,,,87477
2024-11-20,,OPT,PSE,Gaza Strip,,,censored,Protection,IDP/Refugee Service,Air-Launched: Plane,Aerial Bomb,Host Government: Military,Israeli Defence Forces,Protection Infrastructure,,,,,,,86983
2024-11-20,,OPT,PSE,Gaza Strip,,,censored,Protection,IDP/Refugee Service,Directly-emplaced,Unspecified Explosive,Host Government: Military,Israeli Defence Forces,Protection Infrastructure,,,,,,,87746
2024-11-20,,OPT,PSE,Gaza Strip,,,censored,Protection,IDP/Refugee Service,Ground-Launched,Artillery,Host Government: Military,Israeli Defence Forces,Protection Infrastructure,,,,,,,87106
2024-11-20,,OPT,PSE,Gaza Strip,,,censored,Protection,IDP/Refugee Service,Air-Launched: Plane,Aerial Bomb,Host Government: Military,Israeli Defence Forces,Protection Infrastructure,,,,,,,87747
2024-11-20,,Lebanon,LBN,Nabatieh Governorate,,,censored by HDX,Health Care,Private Health Care,Air-Launched: Plane,Aerial Bomb,Foreign Forces: Military,Israeli Defence Forces,Private/Voluntary Aid,,1,,,,,85933
2024-11-19,,OPT,PSE,Gaza Strip,,,censored,Health Care,Local Health Care Provider,Air-Launched: Drone,Aerial Bomb,Host Government: Military,Israeli Defence Forces,Health Infrastructure,,,,,,,85824
2024-11-19,,OPT,PSE,Gaza Strip,,,censored,Protection,IDP/Refugee Service,Air-Launched: Plane,Aerial Bomb,Host Government: Military,Israeli Defence Forces,Protection Infrastructure,,,,,,,88001
2024-11-19,,OPT,PSE,Gaza Strip,,,censored,Protection,IDP/Refugee Service,Air-Launched: Plane,Aerial Bomb,Host Government: Military,Israeli Defence Forces,Protection Infrastructure,,,,,,,88057
2024-11-19,,Lebanon,LBN,South Governorate,,,censored by HDX,Health Care,Private Health Care,Air-Launched: Plane,Aerial Bomb,Foreign Forces: Military,Israeli Defence Forces,Private/Voluntary Aid,,1,,,,,85931
2024-11-19,,OPT,PSE,West Bank,,,censored,Protection,IDP/Refugee Service,Air-Launched: Drone,Aerial Bomb,Host Government: Military,Israeli Defence Forces,Protection Infrastructure,,,,,,,85962
2024-11-19,,OPT,PSE,Gaza Strip,,,censored,Protection,IDP/Refugee Service,Ground-Launched,Artillery,Host Government: Military,Israeli Defence Forces,Protection Infrastructure,,,,,,,86894
2024-11-19,,OPT,PSE,Gaza Strip,,,censored,Protection,IDP/Refugee Service,Air-Launched: Plane,Aerial Bomb,Host Government: Military,Israeli Defence Forces,Protection Infrastructure,,,,,,,86895
2024-11-19,,OPT,PSE,Gaza Strip,,,censored,"Education, Protection","IDP/Refugee Service, Local Education Provider",Air-Launched: Drone,Aerial Bomb,Host Government: Military,Israeli Defence Forces,Education Infrastructure,,,,,,,87459
2024-11-19,,OPT,PSE,Gaza Strip,,,censored,Protection,IDP/Refugee Service,Ground-Launched,Artillery,Host Government: Military,Israeli Defence Forces,Protection Infrastructure,,,,,,,87363
2024-11-19,,OPT,PSE,Gaza Strip,,,censored,Protection,IDP/Refugee Service,Ground-Launched,Shelling,Host Government: Military,Israeli Defence Forces,Protection Infrastructure,,,,,,,87743
2024-11-19,,OPT,PSE,Gaza Strip,,,censored,Protection,IDP/Refugee Service,Air-Launched: Plane,Aerial Bomb,Host Government: Military,Israeli Defence Forces,Protection Infrastructure,,,,,,,87733
2024-11-19,,OPT,PSE,Gaza Strip,,,censored,Protection,IDP/Refugee Service,Directly-emplaced,Unspecified Explosive,Host Government: Military,Israeli Defence Forces,Protection Infrastructure,,,,,,,87731
2024-11-19,,OPT,PSE,Gaza Strip,,,censored,Protection,IDP/Refugee Service,"Ground-Launched, NotAnswered","Mortar, NotAnswered",Multiple,"Israeli Defence Forces, Palestinian Islamic Jihad",Protection Infrastructure,,,,,,,87730
2024-11-19,,OPT,PSE,Gaza Strip,,,censored,Health Care,Local Health Care Provider,Unspecified Launch Method,Unspecified Explosive,Host Government: Military,Israeli Defence Forces,Health Infrastructure,,,,,,,85826
2024-11-18,,OPT,PSE,Gaza Strip,,,censored,Protection,IDP/Refugee Service,Ground-Launched,Artillery,Host Government: Military,Israeli Defence Forces,Protection Infrastructure,,,,,,,87741
2024-11-18,,OPT,PSE,Gaza Strip,,,censored,Health Care,Local Health Care Provider,Air-Launched: Plane,Aerial Bomb,Host Government: Military,Israeli Defence Forces,Health Worker,,1,,,,,85963
2024-11-18,,Lebanon,LBN,South Governorate,,,censored by HDX,Health Care,Private Health Care,Air-Launched: Plane,Aerial Bomb,Foreign Forces: Military,Israeli Defence Forces,Health Infrastructure,,2,,,,,85930
2024-11-18,,OPT,PSE,Gaza Strip,,,censored,Protection,IDP/Refugee Service,Ground-Launched,Artillery,Host Government: Military,Israeli Defence Forces,Protection Infrastructure,,,,,,,86982
2024-11-18,,Lebanon,LBN,Nabatieh Governorate,,,censored by HDX,Health Care,Private Health Care,Air-Launched: Plane,Aerial Bomb,Foreign Forces: Military,Israeli Defence Forces,Health Infrastructure,,6,,,,,85834
2024-11-18,,OPT,PSE,Gaza Strip,,,censored,Protection,IDP/Refugee Service,"Ground-Launched, NotAnswered","NotAnswered, Shelling",Multiple,"Hamas, Israeli Defence Forces",Protection Infrastructure,,,,,,,87728
2024-11-18,,OPT,PSE,Gaza Strip,,,censored,Protection,IDP/Refugee Service,Ground-Launched,Artillery,Host Government: Military,Israeli Defence Forces,Protection Infrastructure,,,,,,,87105
2024-11-18,,Lebanon,LBN,Nabatieh Governorate,,,censored by HDX,Health Care,Local Health Care Provider,Air-Launched: Plane,Aerial Bomb,Foreign Forces: Military,Israeli Defence Forces,Health Infrastructure,,,,,,,85833
2024-11-18,,OPT,PSE,Gaza Strip,,,censored,Health Care,Local Health Care Provider,Unspecified Launch Method,Unspecified Explosive,Host Government: Military,Israeli Defence Forces,Health Infrastructure,,,,,,,85822
2024-11-18,,OPT,PSE,Gaza Strip,,,censored,Protection,IDP/Refugee Service,Air-Launched: Plane,Aerial Bomb,Host Government: Military,Israeli Defence Forces,Protection Infrastructure,,,,,,,87999
2024-11-18,,OPT,PSE,Gaza Strip,,,censored,Protection,IDP/Refugee Service,Ground-Launched,Artillery,Host Government: Military,Israeli Defence Forces,Protection Infrastructure,,,,,,,86893
2024-11-17,,OPT,PSE,Gaza Strip,,,censored,Protection,IDP/Refugee Service,Air-Launched: Plane,Aerial Bomb,Host Government: Military,Israeli Defence Forces,Protection Infrastructure,,,,,,,88000
2024-11-17,,OPT,PSE,Gaza Strip,,,censored,Protection,IDP/Refugee Service,Directly-emplaced,Unspecified Explosive,Host Government: Military,Israeli Defence Forces,Protection Infrastructure,,,,,,,87727
2024-11-17,,OPT,PSE,Gaza Strip,,,censored,Protection,IDP/Refugee Service,"Ground-Launched, Unspecified Launch Method","Missile, Unspecified Explosive",Multiple,"Hamas, Israeli Defence Forces",Protection Infrastructure,,,,,,,86886
2024-11-17,,OPT,PSE,Gaza Strip,,,censored,Protection,IDP/Refugee Service,Air-Launched: Plane,Aerial Bomb,Host Government: Military,Israeli Defence Forces,Protection Infrastructure,,,,,,,86889
2024-11-17,,OPT,PSE,Gaza Strip,,,censored,Protection,IDP/Refugee Service,Air-Launched: Plane,Aerial Bomb,Host Government: Military,Israeli Defence Forces,Protection Infrastructure,,,,,,,86891
2024-11-17,,OPT,PSE,Gaza Strip,,,censored,Protection,IDP/Refugee Service,Ground-Launched,Artillery,Host Government: Military,Israeli Defence Forces,Protection Infrastructure,,,,,,,86892
2024-11-17,,OPT,PSE,Gaza Strip,,,censored,Aid Operations,NGO,Air-Launched: Plane,Aerial Bomb,Host Government: Military,Israeli Defence Forces,Other,6,,,,,,86215
2024-11-17,,OPT,PSE,Gaza Strip,,,censored,"Health Care, Protection","IDP/Refugee Service, Local Health Care Provider",Unspecified Launch Method,Unspecified Explosive,Host Government: Military,Israeli Defence Forces,Multiple,,,,,,,85934
2024-11-17,,Lebanon,LBN,Mount Lebanon Governorate,,,censored by HDX,Health Care,Local Health Care Provider,Air-Launched: Plane,Aerial Bomb,Foreign Forces: Military,Israeli Defence Forces,Health Infrastructure,,,,,,,85831
2024-11-17,,OPT,PSE,Gaza Strip,,,censored,Protection,IDP/Refugee Service,Ground-Launched,Artillery,Host Government: Military,Israeli Defence Forces,Protection Infrastructure,,,,,,,86981
2024-11-17,,OPT,PSE,Gaza Strip,,,censored,Protection,IDP/Refugee Service,Air-Launched: Plane,Aerial Bomb,Host Government: Military,Israeli Defence Forces,Protection Infrastructure,,,,,,,87104
2024-11-16,,Lebanon,LBN,Nabatieh Governorate,,,censored by HDX,Health Care,Private Health Care,Air-Launched: Plane,Aerial Bomb,Foreign Forces: Military,Israeli Defence Forces,Private/Voluntary Aid,,1,,,,,85830
2024-11-16,,OPT,PSE,Gaza Strip,,,censored,Protection,IDP/Refugee Service,Ground-Launched,Shelling,Host Government: Military,Israeli Defence Forces,Protection Infrastructure,,,,,,,86883
2024-11-16,,OPT,PSE,Gaza Strip,,,censored,Protection,IDP/Refugee Service,Air-Launched: Plane,Aerial Bomb,Host Government: Military,Israeli Defence Forces,Protection Infrastructure,,,,,,,86884
2024-11-16,,OPT,PSE,Gaza Strip,,,censored,"Education, Protection","IDP/Refugee Service, Local Education Provider",Ground-Launched,Artillery,Host Government: Military,Israeli Defence Forces,Multiple,,,,,,,87296
2024-11-16,,OPT,PSE,Gaza Strip,,,censored,Protection,IDP/Refugee Service,Air-Launched: Plane,Aerial Bomb,Host Government: Military,Israeli Defence Forces,Protection Infrastructure,,,,,,,87998
2024-11-16,,OPT,PSE,Gaza Strip,,,censored,Protection,IDP/Refugee Service,Air-Launched: Plane,Aerial Bomb,Host Government: Military,Israeli Defence Forces,Protection Infrastructure,,,,,,,86990
2024-11-16,,OPT,PSE,Gaza Strip,,,censored,"Education, Protection","IDP/Refugee Service, Local Education Provider",Unspecified Launch Method,Missile,Host Government: Military,Israeli Defence Forces,Education Infrastructure,,,,,,,86980
2024-11-16,,OPT,PSE,Gaza Strip,,,censored,Protection,IDP/Refugee Service,Ground-Launched,Shelling,Host Government: Military,Israeli Defence Forces,Protection Infrastructure,,,,,,,86979
2024-11-16,,OPT,PSE,Gaza Strip,,,censored,Protection,IDP/Refugee Service,Ground-Launched,Artillery,Host Government: Military,Israeli Defence Forces,Protection Infrastructure,,,,,,,87103
2024-11-16,,OPT,PSE,Gaza Strip,,,censored,Protection,IDP/Refugee Service,Directly-emplaced,Unspecified Explosive,Host Government: Military,Israeli Defence Forces,Protection Infrastructure,,,,,,,87725
2024-11-16,,OPT,PSE,Gaza Strip,,,censored,Protection,IDP/Refugee Service,Air-Launched: Plane,Aerial Bomb,Host Government: Military,Israeli Defence Forces,Protection Infrastructure,,,,,,,87724
2024-11-16,,Lebanon,LBN,South Governorate,,,censored by HDX,Health Care,Other,Air-Launched: Plane,Aerial Bomb,Foreign Forces: Military,Israeli Defence Forces,Health Worker,,1,,,,,85828
2024-11-16,,Lebanon,LBN,No Information,,,censored by HDX,Health Care,Other,Air-Launched: Plane,Aerial Bomb,Foreign Forces: Military,Israeli Defence Forces,Health Worker,,1,,,,,85829
2024-11-15,,OPT,PSE,Gaza Strip,,,censored,Protection,IDP/Refugee Service,Ground-Launched,Shelling,Host Government: Military,Israeli Defence Forces,Protection Infrastructure,,,,,,,87996
2024-11-15,,OPT,PSE,Gaza Strip,,,censored,Protection,IDP/Refugee Service,Ground-Launched,Artillery,Host Government: Military,Israeli Defence Forces,Protection Infrastructure,,,,,,,87102
2024-11-15,,OPT,PSE,Gaza Strip,,,censored,Protection,IDP/Refugee Service,Air-Launched: Plane,Aerial Bomb,Host Government: Military,Israeli Defence Forces,Protection Infrastructure,,,,,,,88215
2024-11-15,,OPT,PSE,Gaza Strip,,,censored,Protection,IDP/Refugee Service,Air-Launched: Plane,Aerial Bomb,Host Government: Military,Israeli Defence Forces,Protection Infrastructure,,,,,,,88217
2024-11-15,,OPT,PSE,Gaza Strip,,,censored,Protection,IDP/Refugee Service,Air-Launched: Plane,Aerial Bomb,Host Government: Military,Israeli Defence Forces,Protection Infrastructure,,,,,,,86882
2024-11-15,,OPT,PSE,Gaza Strip,,,censored,Protection,IDP/Refugee Service,Air-Launched: Plane,Aerial Bomb,Host Government: Military,Israeli Defence Forces,Protection Infrastructure,,,,,,,87457
2024-11-15,,OPT,PSE,Gaza Strip,,,censored,Protection,IDP/Refugee Service,"Directly-Emplaced, NotAnswered","NotAnswered, Unspecified IED",Multiple,"Hamas, Israeli Defence Forces",Protection Infrastructure,,,,,,,87542
2024-11-15,,OPT,PSE,Gaza Strip,,,censored,Protection,IDP/Refugee Service,Directly-emplaced,Unspecified Explosive,Host Government: Military,Israeli Defence Forces,Protection Infrastructure,,,,,,,87541
2024-11-15,,OPT,PSE,Gaza Strip,,,censored,Protection,IDP/Refugee Service,Ground-Launched,Artillery,Host Government: Military,Israeli Defence Forces,Protection Infrastructure,,,,,,,87540
2024-11-15,,OPT,PSE,Gaza Strip,,,censored,Protection,IDP/Refugee Service,Air-Launched: Plane,Aerial Bomb,Host Government: Military,Israeli Defence Forces,Protection Infrastructure,,,,,,,88056
2024-11-15,,OPT,PSE,Gaza Strip,,,censored,Protection,IDP/Refugee Service,Air-Launched: Plane,Aerial Bomb,Host Government: Military,Israeli Defence Forces,Protection Infrastructure,,,,,,,86978
2024-11-15,,OPT,PSE,Gaza Strip,,,censored,Protection,IDP/Refugee Service,Air-Launched: Plane,Aerial Bomb,Host Government: Military,Israeli Defence Forces,Protection Infrastructure,,,,,,,87997
2024-11-15,,OPT,PSE,Gaza Strip,,,censored,Protection,IDP/Refugee Service,Air-Launched: Plane,Aerial Bomb,Host Government: Military,Israeli Defence Forces,Protection Infrastructure,,,,,,,87721
2024-11-15,,OPT,PSE,Gaza Strip,,,censored,Protection,IDP/Refugee Service,Air-Launched: Plane,Aerial Bomb,Host Government: Military,Israeli Defence Forces,Protection Infrastructure,,,,,,,87995
2024-11-14,,OPT,PSE,Gaza Strip,,,censored,"Education, Protection","IDP/Refugee Service, Local Education Provider",Air-Launched: Plane,Aerial Bomb,Host Government: Military,Israeli Defence Forces,Education Infrastructure,,,,,,,87456
2024-11-14,,OPT,PSE,Gaza Strip,,,censored,Protection,IDP/Refugee Service,Directly-emplaced,Unspecified Explosive,Host Government: Military,Israeli Defence Forces,Protection Infrastructure,,,,,,,87536
2024-11-14,,OPT,PSE,Gaza Strip,,,censored,Protection,IDP/Refugee Service,Ground-Launched,Shelling,Host Government: Military,Israeli Defence Forces,Protection Infrastructure,,,,,,,87537
2024-11-14,,OPT,PSE,Gaza Strip,,,censored,Protection,IDP/Refugee Service,Air-Launched: Plane,Aerial Bomb,Host Government: Military,Israeli Defence Forces,Protection Infrastructure,,,,,,,86933
2024-11-14,,OPT,PSE,Gaza Strip,,,censored,Protection,IDP/Refugee Service,Air-Launched: Plane,Aerial Bomb,Host Government: Military,Israeli Defence Forces,Protection Infrastructure,,,,,,,86879
2024-11-14,,OPT,PSE,Gaza Strip,,,censored,Protection,IDP/Refugee Service,Air-Launched: Plane,Aerial Bomb,Host Government: Military,Israeli Defence Forces,Protection Infrastructure,,,,,,,86878
2024-11-14,,Lebanon,LBN,Baalbek-Hermel Governorate,,,censored by HDX,"Health Care, Aid Operations",Government Aid Agency,Air-Launched: Plane,Aerial Bomb,Foreign Forces: Military,Israeli Defence Forces,Health Infrastructure,,15,,,,,85827
2024-11-14,,OPT,PSE,Gaza Strip,,,censored,Protection,IDP/Refugee Service,Ground-Launched,Artillery,Host Government: Military,Israeli Defence Forces,Protection Infrastructure,,,,,,,86992
2024-11-14,,Lebanon,LBN,Nabatieh Governorate,,,censored by HDX,Health Care,Private Health Care,Air-Launched: Plane,Aerial Bomb,Foreign Forces: Military,Israeli Defence Forces,Private/Voluntary Aid,,2,,,,,85777
2024-11-14,,Lebanon,LBN,Nabatieh Governorate,,,censored by HDX,Health Care,Private Health Care,Air-Launched: Plane,Aerial Bomb,Foreign Forces: Military,Israeli Defence Forces,Health Infrastructure,,4,,,,,85776
2024-11-14,,OPT,PSE,Gaza Strip,,,censored,Protection,IDP/Refugee Service,Ground-Launched,Artillery,Host Government: Military,Israeli Defence Forces,Protection Infrastructure,,,,,,,87101
2024-11-13,,OPT,PSE,Gaza Strip,,,censored,Protection,IDP/Refugee Service,Ground-Launched,Shelling,Host Government: Military,Israeli Defence Forces,Protection Infrastructure,,,,,,,87533
2024-11-13,,OPT,PSE,Gaza Strip,,,censored,"Protection, Food Security",IDP/Refugee Service,Air-Launched: Plane,Aerial Bomb,Host Government: Military,Israeli Defence Forces,Protection Infrastructure,,,,,,Food Supply,86988
2024-11-13,,OPT,PSE,Gaza Strip,,,censored,Protection,IDP/Refugee Service,Air-Launched: Plane,Aerial Bomb,Host Government: Military,Israeli Defence Forces,Protection Infrastructure,,,,,,,87451
2024-11-13,,OPT,PSE,Gaza Strip,,,censored,Protection,IDP/Refugee Service,Air-Launched: Plane,Aerial Bomb,Host Government: Military,Israeli Defence Forces,Protection Infrastructure,,,,,,,86877
2024-11-13,,OPT,PSE,Gaza Strip,,,censored,"Education, Protection","IDP/Refugee Service, Local Education Provider",Air-Launched: Drone,Aerial Bomb,Host Government: Military,Israeli Defence Forces,Education Infrastructure,,,,,,,88214
2024-11-13,,OPT,PSE,Gaza Strip,,,censored,Protection,IDP/Refugee Service,Directly-emplaced,Unspecified Explosive,Host Government: Military,Israeli Defence Forces,Protection Infrastructure,,,,,,,87534
2024-11-13,,OPT,PSE,Gaza Strip,,,censored,Protection,IDP/Refugee Service,Air-Launched: Plane,Aerial Bomb,Host Government: Military,Israeli Defence Forces,Protection Infrastructure,,,,,,,88211
2024-11-13,,Lebanon,LBN,Mount Lebanon Governorate,,,censored by HDX,Health Care,Local Health Care Provider,Air-Launched: Plane,Aerial Bomb,Foreign Forces: Military,Israeli Defence Forces,Health Infrastructure,,,,,,,85775
2024-11-13,,OPT,PSE,Gaza Strip,,,censored,"Education, Protection","IDP/Refugee Service, Local Education Provider",Air-Launched: Drone,Aerial Bomb,Host Government: Military,Israeli Defence Forces,Education Infrastructure,,,,,,,86386
2024-11-13,,OPT,PSE,Gaza Strip,,,censored,Health Care,Local Health Care Provider,Unspecified Launch Method,Unspecified Explosive,Host Government: Military,Israeli Defence Forces,Health Infrastructure,,,,,,,85821
2024-11-13,,OPT,PSE,Gaza Strip,,,censored,Protection,IDP/Refugee Service,Air-Launched: Plane,Aerial Bomb,Host Government: Military,Israeli Defence Forces,Protection Infrastructure,,,,,,,87295
2024-11-13,,OPT,PSE,Gaza Strip,,,censored,Protection,IDP/Refugee Service,Air-Launched: Plane,Aerial Bomb,Host Government: Military,Israeli Defence Forces,Protection Infrastructure,,,,,,,87449
2024-11-13,,OPT,PSE,Gaza Strip,,,censored,Protection,IDP/Refugee Service,Air-Launched: Plane,Aerial Bomb,Host Government: Military,Israeli Defence Forces,Protection Infrastructure,,,,,,,86989
2024-11-12,,OPT,PSE,Gaza Strip,,,censored,Protection,IDP/Refugee Service,Air-Launched: Plane,Aerial Bomb,Host Government: Military,Israeli Defence Forces,Protection Infrastructure,,,,,,,87527
2024-11-12,,OPT,PSE,Gaza Strip,,,censored,Protection,IDP/Refugee Service,Air-Launched: Plane,Aerial Bomb,Host Government: Military,Israeli Defence Forces,Protection Infrastructure,,,,,,,87306
2024-11-12,,OPT,PSE,Gaza Strip,,,censored,"Health Care, Protection, Aid Operations","IDP/Refugee Service, UN Agency",Air-Launched: Plane,Aerial Bomb,Host Government: Military,Israeli Defence Forces,Multiple,,,,,,,87294
2024-11-12,,OPT,PSE,Gaza Strip,,,censored,Protection,IDP/Refugee Service,Unspecified Launch Method,"Rocket, Unspecified Explosive",Multiple,"Hamas, Israeli Defence Forces",Protection Infrastructure,,,,,,,86943
2024-11-12,,OPT,PSE,Gaza Strip,,,censored,Protection,IDP/Refugee Service,Air-Launched: Plane,Aerial Bomb,Host Government: Military,Israeli Defence Forces,Protection Infrastructure,,,,,,,86944
2024-11-12,,OPT,PSE,Gaza Strip,,,censored,Protection,IDP/Refugee Service,Air-Launched: Plane,Aerial Bomb,Host Government: Military,Israeli Defence Forces,Protection Infrastructure,,,,,,,88210
2024-11-12,,OPT,PSE,Gaza Strip,,,censored,Protection,IDP/Refugee Service,Ground-Launched,Shelling,Host Government: Military,Israeli Defence Forces,Protection Infrastructure,,,,,,,87994
2024-11-12,,OPT,PSE,Gaza Strip,,,censored,Protection,IDP/Refugee Service,Air-Launched: Plane,Aerial Bomb,Host Government: Military,Israeli Defence Forces,Protection Infrastructure,,,,,,,87993
2024-11-12,,OPT,PSE,Gaza Strip,,,censored,Aid Operations,UN Agency,Ground-Launched,Shelling,Host Government: Military,Israeli Defence Forces,Food Infrastructure,,,,,,,86070
2024-11-12,,Lebanon,LBN,Mount Lebanon Governorate,,,censored by HDX,Health Care,Local Health Care Provider,Air-Launched: Plane,Aerial Bomb,Foreign Forces: Military,Israeli Defence Forces,Health Infrastructure,,,,,,,85563
2024-11-12,,OPT,PSE,Gaza Strip,,,censored,"Health Care, Aid Operations",National Red Cross Society,Air-Launched: Drone,Aerial Bomb,Host Government: Military,Israeli Defence Forces,Health Infrastructure,,,,,,,85646
2024-11-12,,OPT,PSE,Gaza Strip,,,censored,"Health Care, Protection","IDP/Refugee Service, Local Health Care Provider",Air-Launched: Drone,Aerial Bomb,Host Government: Military,Israeli Defence Forces,Health Infrastructure,,,,,,,87100
2024-11-12,,OPT,PSE,Gaza Strip,,,censored,Protection,IDP/Refugee Service,Ground-Launched,Artillery,Host Government: Military,Israeli Defence Forces,Protection Infrastructure,,,,,,,87099
2024-11-12,,OPT,PSE,Gaza Strip,,,censored,Health Care,Local Health Care Provider,Air-Launched: Plane,Aerial Bomb,Host Government: Military,Israeli Defence Forces,Health Worker,,2,,,,,85649
2024-11-12,,OPT,PSE,Gaza Strip,,,censored,Protection,IDP/Refugee Service,Air-Launched: Plane,Aerial Bomb,Host Government: Military,Israeli Defence Forces,Protection Infrastructure,,,,,,,87307
2024-11-12,,OPT,PSE,Gaza Strip,,,censored,Protection,IDP/Refugee Service,"Ground-Launched, NotAnswered","NotAnswered, Shelling",Multiple,"Israeli Defence Forces, Palestinian Islamic Jihad",Protection Infrastructure,,,,,,,87531
2024-11-12,,OPT,PSE,Gaza Strip,,,censored,Protection,IDP/Refugee Service,"Directly-emplaced, NotAnswered","NotAnswered, Unspecified Explosive",Multiple,"Hamas, Israeli Defence Forces",Protection Infrastructure,,,,,,,87530
2024-11-12,,OPT,PSE,Gaza Strip,,,censored,"Health Care, Aid Operations",UN Agency,Unspecified Launch Method,Unspecified Explosive,Host Government: Military,Israeli Defence Forces,Health Infrastructure,,,,,,,85929
2024-11-12,,OPT,PSE,Gaza Strip,,,censored,Protection,IDP/Refugee Service,Air-Launched: Plane,Aerial Bomb,Host Government: Military,Israeli Defence Forces,Protection Infrastructure,,,,,,,87528
2024-11-12,,OPT,PSE,Gaza Strip,,,censored,Protection,IDP/Refugee Service,Ground-Launched,Shelling,Host Government: Military,Israeli Defence Forces,Protection Infrastructure,,,,,,,87525
2024-11-11,,OPT,PSE,Gaza Strip,,,censored,Protection,IDP/Refugee Service,Air-Launched: Plane,Aerial Bomb,Host Government: Military,Israeli Defence Forces,Protection Infrastructure,,,,,,,88208
2024-11-11,,OPT,PSE,Gaza Strip,,,censored,Protection,IDP/Refugee Service,Ground-Launched,Shelling,Host Government: Military,Israeli Defence Forces,Protection Infrastructure,,,,,,,87990
2024-11-11,,OPT,PSE,Gaza Strip,,,censored,Protection,IDP/Refugee Service,Ground-Launched,Artillery,Host Government: Military,Israeli Defence Forces,Protection Infrastructure,,,,,,,87098
2024-11-11,,OPT,PSE,Gaza Strip,,,censored,Protection,IDP/Refugee Service,Air-Launched: Plane,Aerial Bomb,Host Government: Military,Israeli Defence Forces,Protection Infrastructure,,,,,,,87304
2024-11-11,,OPT,PSE,Gaza Strip,,,censored,Protection,IDP/Refugee Service,Air-Launched: Plane,Aerial Bomb,Host Government: Military,Israeli Defence Forces,Protection Infrastructure,,,,,,,87974
2024-11-11,,OPT,PSE,Gaza Strip,,,censored,Protection,IDP/Refugee Service,Air-Launched: Plane,Aerial Bomb,Host Government: Military,Israeli Defence Forces,Protection Infrastructure,,,,,,,87992
2024-11-11,,OPT,PSE,Gaza Strip,,,censored,Protection,IDP/Refugee Service,Ground-Launched,Shelling,Host Government: Military,Israeli Defence Forces,Protection Infrastructure,,,,,,,88059
2024-11-11,,OPT,PSE,Gaza Strip,,,censored,Health Care,Local Health Care Provider,Ground-Launched,Artillery,Host Government: Military,Israeli Defence Forces,Health Infrastructure,,,,,,,85819
2024-11-11,,OPT,PSE,Gaza Strip,,,censored,Protection,IDP/Refugee Service,Directly-emplaced,Unspecified Explosive,Host Government: Military,Israeli Defence Forces,Protection Infrastructure,,,,,,,87166
2024-11-11,,OPT,PSE,Gaza Strip,,,censored,Protection,IDP/Refugee Service,Air-Launched: Plane,Aerial Bomb,Host Government: Military,Israeli Defence Forces,Protection Infrastructure,,,,,,,87167
2024-11-11,,OPT,PSE,Gaza Strip,,,censored,Protection,IDP/Refugee Service,"Ground-Launched, Unspecified Launch Method","Shelling, Unspecified Explosive",Multiple,"Hamas, Israeli Defence Forces",Protection Infrastructure,,,,,,,86942
2024-11-11,,OPT,PSE,Gaza Strip,,,censored,Protection,IDP/Refugee Service,"Ground-Launched, NotAnswered","NotAnswered, Shelling",Multiple,"Israeli Defence Forces, Palestinian Islamic Jihad",Protection Infrastructure,,,,,,,87293
2024-11-11,,OPT,PSE,Gaza Strip,,,censored,"Protection, Food Security",IDP/Refugee Service,Air-Launched: Plane,Aerial Bomb,Host Government: Military,Israeli Defence Forces,Protection Infrastructure,,,,,,Food Supply,87380
2024-11-11,,OPT,PSE,Gaza Strip,,,censored,Protection,IDP/Refugee Service,Ground-Launched,Shelling,Host Government: Military,Israeli Defence Forces,Protection Infrastructure,,,,,,,88055
2024-11-11,,OPT,PSE,Gaza Strip,,,censored,Protection,IDP/Refugee Service,Air-Launched: Plane,Aerial Bomb,Host Government: Military,Israeli Defence Forces,Protection Infrastructure,,,,,,,87991
2024-11-11,,OPT,PSE,Gaza Strip,,,censored,Protection,IDP/Refugee Service,"Ground-Launched, NotAnswered","NotAnswered, Shelling",Multiple,"Hamas, Israeli Defence Forces",Protection Infrastructure,,,,,,,87523
2024-11-10,,OPT,PSE,Gaza Strip,,,censored,Protection,IDP/Refugee Service,"Directly-Emplaced, NotAnswered","NotAnswered, Unspecified IED",Multiple,"Hamas, Israeli Defence Forces",Protection Infrastructure,,,,,,,87163
2024-11-10,,OPT,PSE,Gaza Strip,,,censored,Protection,IDP/Refugee Service,Air-Launched: Plane,Aerial Bomb,Host Government: Military,Israeli Defence Forces,Protection Infrastructure,,,,,,,87164
2024-11-10,,OPT,PSE,Gaza Strip,,,censored,Protection,IDP/Refugee Service,Air-Launched: Plane,Aerial Bomb,Host Government: Military,Israeli Defence Forces,Protection Infrastructure,,,,,,,87302
2024-11-10,,OPT,PSE,Gaza Strip,,,censored,Protection,IDP/Refugee Service,Air-Launched: Plane,Aerial Bomb,Host Government: Military,Israeli Defence Forces,Protection Infrastructure,,,,,,,87971
2024-11-10,,OPT,PSE,Gaza Strip,,,censored,"Education, Protection","IDP/Refugee Service, Local Education Provider",Air-Launched: Plane,Aerial Bomb,Host Government: Military,Israeli Defence Forces,Education Infrastructure,,,,,,,87379
2024-11-10,,Lebanon,LBN,South Governorate,,,censored by HDX,Health Care,Private Health Care,Air-Launched: Plane,Aerial Bomb,Foreign Forces: Military,Israeli Defence Forces,Health Infrastructure,,3,,,,,85562
2024-11-10,,OPT,PSE,Gaza Strip,,,censored,Protection,IDP/Refugee Service,Air-Launched: Plane,Aerial Bomb,Host Government: Military,Israeli Defence Forces,Protection Infrastructure,,,,,,,87303
2024-11-10,,OPT,PSE,Gaza Strip,,,censored,Protection,IDP/Refugee Service,Directly-emplaced,Unspecified Explosive,Host Government: Military,Israeli Defence Forces,Protection Infrastructure,,,,,,,87162
2024-11-10,,OPT,PSE,Gaza Strip,,,censored,Protection,IDP/Refugee Service,Ground-Launched,Artillery,Host Government: Military,Israeli Defence Forces,Protection Infrastructure,,,,,,,87097
2024-11-09,,OPT,PSE,Gaza Strip,,,censored,Protection,IDP/Refugee Service,Directly-emplaced,Unspecified Explosive,Host Government: Military,Israeli Defence Forces,Protection Infrastructure,,,,,,,87159
2024-11-09,,OPT,PSE,Gaza Strip,,,censored,Protection,IDP/Refugee Service,Air-Launched: Plane,Aerial Bomb,Host Government: Military,Israeli Defence Forces,Protection Infrastructure,,,,,,,88205
2024-11-09,,OPT,PSE,Gaza Strip,,,censored,Protection,IDP/Refugee Service,Air-Launched: Plane,Aerial Bomb,Host Government: Military,Israeli Defence Forces,Protection Infrastructure,,,,,,,88202
2024-11-09,,OPT,PSE,Gaza Strip,,,censored,Protection,IDP/Refugee Service,Air-Launched: Plane,Aerial Bomb,Host Government: Military,Israeli Defence Forces,Protection Infrastructure,,,,,,,88200
2024-11-09,,OPT,PSE,Gaza Strip,,,censored,Protection,IDP/Refugee Service,Air-Launched: Plane,Aerial Bomb,Host Government: Military,Israeli Defence Forces,Protection Infrastructure,,,,,,,88054
2024-11-09,,OPT,PSE,Gaza Strip,,,censored,Protection,IDP/Refugee Service,Directly-Emplaced,Remote-Controlled IED,Host Government: Military,Israeli Defence Forces,Protection Infrastructure,,,,,,,87970
2024-11-09,,OPT,PSE,Gaza Strip,,,censored,Protection,IDP/Refugee Service,"Ground-Launched, NotAnswered","NotAnswered, Shelling",Multiple,"Hamas, Israeli Defence Forces",Protection Infrastructure,,,,,,,87160
2024-11-09,,OPT,PSE,Gaza Strip,,,censored,Protection,IDP/Refugee Service,Ground-Launched,Artillery,Host Government: Military,Israeli Defence Forces,Protection Infrastructure,,,,,,,87158
2024-11-09,,OPT,PSE,Gaza Strip,,,censored,Protection,IDP/Refugee Service,Air-Launched: Plane,Aerial Bomb,Host Government: Military,Israeli Defence Forces,Protection Infrastructure,,,,,,,87157
2024-11-09,,OPT,PSE,Gaza Strip,,,censored,Protection,IDP/Refugee Service,Ground-Launched,Artillery,Host Government: Military,Israeli Defence Forces,Protection Infrastructure,,,,,,,87096
2024-11-09,,OPT,PSE,Gaza Strip,,,censored,"Health Care, Protection","IDP/Refugee Service, Local Health Care Provider",Air-Launched: Plane,Aerial Bomb,Host Government: Military,Israeli Defence Forces,Health Infrastructure,,,,,,,85642
2024-11-09,,Lebanon,LBN,Mount Lebanon Governorate,,,censored by HDX,Health Care,Local Health Care Provider,Air-Launched: Plane,Aerial Bomb,Foreign Forces: Military,Israeli Defence Forces,Health Worker,,1,,,,,85561
2024-11-09,,Lebanon,LBN,South Governorate,,,censored by HDX,Health Care,Other,Air-Launched: Plane,Aerial Bomb,Foreign Forces: Military,Israeli Defence Forces,Health Worker,,5,,,,,85560
2024-11-09,,Lebanon,LBN,South Governorate,,,censored by HDX,Health Care,Other,Air-Launched: Plane,Aerial Bomb,Foreign Forces: Military,Israeli Defence Forces,Health Worker,,,,,,,85559
2024-11-09,,Lebanon,LBN,South Governorate,,,censored by HDX,Health Care,Other,Air-Launched: Plane,Aerial Bomb,Foreign Forces: Military,Israeli Defence Forces,Health Worker,,7,,,,,85558
2024-11-08,,OPT,PSE,Gaza Strip,,,censored,Protection,IDP/Refugee Service,Air-Launched: Plane,Aerial Bomb,Host Government: Military,Israeli Defence Forces,Protection Infrastructure,,,,,,,88199
2024-11-08,,OPT,PSE,Gaza Strip,,,censored,Protection,IDP/Refugee Service,Ground-Launched,Artillery,Host Government: Military,Israeli Defence Forces,Protection Infrastructure,,,,,,,87152
2024-11-08,,OPT,PSE,Gaza Strip,,,censored,Protection,IDP/Refugee Service,Air-Launched: Plane,Aerial Bomb,Host Government: Military,Israeli Defence Forces,Protection Infrastructure,,,,,,,87156
2024-11-08,,OPT,PSE,Gaza Strip,,,censored,Education,Local Education Provider,Air-Launched: Plane,Aerial Bomb,Host Government: Military,Israeli Defence Forces,Education Infrastructure,,,,,,,88279
2024-11-08,,OPT,PSE,Gaza Strip,,,censored,Protection,IDP/Refugee Service,Ground-Launched,Artillery,Host Government: Military,Israeli Defence Forces,Protection Infrastructure,,,,,,,87095
2024-11-08,,OPT,PSE,Gaza Strip,,,censored,"Education, Protection","IDP/Refugee Service, Local Education Provider",Air-Launched: Plane,Aerial Bomb,Host Government: Military,Israeli Defence Forces,Education Infrastructure,,,,,,,87378
2024-11-08,,OPT,PSE,Gaza Strip,,,censored,Protection,IDP/Refugee Service,Ground-Launched,Artillery,Host Government: Military,Israeli Defence Forces,Protection Infrastructure,,,,,,,87155
2024-11-08,,OPT,PSE,Gaza Strip,,,censored,Protection,IDP/Refugee Service,Directly-emplaced,Unspecified Explosive,Host Government: Military,Israeli Defence Forces,Protection Infrastructure,,,,,,,87129
2024-11-08,,OPT,PSE,Gaza Strip,,,censored,Protection,IDP/Refugee Service,Air-Launched: Plane,Aerial Bomb,Host Government: Military,Israeli Defence Forces,Protection Infrastructure,,,,,,,87968
2024-11-08,,OPT,PSE,Gaza Strip,,,censored,Protection,IDP/Refugee Service,Air-Launched: Drone,Aerial Bomb,Host Government: Military,Israeli Defence Forces,Protection Infrastructure,,,,,,,87131
2024-11-08,,OPT,PSE,Gaza Strip,,,censored,Health Care,Local Health Care Provider,Ground-Launched,Artillery,Host Government: Military,Israeli Defence Forces,Health Infrastructure,,,,,,,85640
2024-11-08,,OPT,PSE,Gaza Strip,,,censored,Protection,IDP/Refugee Service,Air-Launched: Plane,Aerial Bomb,Host Government: Military,Israeli Defence Forces,Protection Infrastructure,,,,,,,87969
2024-11-08,,OPT,PSE,Gaza Strip,,,censored,Protection,IDP/Refugee Service,Air-Launched: Plane,Aerial Bomb,Host Government: Military,Israeli Defence Forces,Protection Infrastructure,,,,,,,88198
2024-11-08,,OPT,PSE,Gaza Strip,,,censored,Protection,IDP/Refugee Service,"Ground-Launched, NotAnswered","NotAnswered, Shelling",Multiple,"Hamas, Israeli Defence Forces",Protection Infrastructure,,,,,,,87153
2024-11-08,,Lebanon,LBN,South Governorate,,,censored by HDX,Health Care,Private Health Care,Air-Launched: Plane,Aerial Bomb,Foreign Forces: Military,Israeli Defence Forces,Health Infrastructure,,1,,,,,85542
2024-11-07,,OPT,PSE,Gaza Strip,,,censored,Health Care,Local Health Care Provider,Air-Launched: Drone,Aerial Bomb,Host Government: Military,Israeli Defence Forces,Health Worker,,,,,,,85639
2024-11-07,,Lebanon,LBN,Nabatieh Governorate,,,censored by HDX,Education,Local Education Provider,Air-Launched: Plane,Aerial Bomb,Foreign Forces: Military,Israeli Defence Forces,Education Infrastructure,,,,,,,88455
2024-11-07,,OPT,PSE,Gaza Strip,,,censored,Protection,IDP/Refugee Service,Air-Launched: Drone,Aerial Bomb,Host Government: Military,Israeli Defence Forces,Protection Infrastructure,,,,,,,87301
2024-11-07,,OPT,PSE,Gaza Strip,,,censored,Protection,IDP/Refugee Service,Directly-emplaced,Unspecified Explosive,Host Government: Military,Israeli Defence Forces,Protection Infrastructure,,,,,,,87119
2024-11-07,,OPT,PSE,Gaza Strip,,,censored,"Education, Protection, Aid Operations","IDP/Refugee Service, UN Agency",Air-Launched: Plane,Aerial Bomb,Host Government: Military,Israeli Defence Forces,Education Infrastructure,,,,,,,87370
2024-11-07,,OPT,PSE,Gaza Strip,,,censored,Protection,IDP/Refugee Service,Ground-Launched,Artillery,Host Government: Military,Israeli Defence Forces,Protection Infrastructure,,,,,,,87093
2024-11-07,,OPT,PSE,Gaza Strip,,,censored,"Education, Protection","IDP/Refugee Service, Local Education Provider",Air-Launched: Plane,Aerial Bomb,Host Government: Military,Israeli Defence Forces,Protection Infrastructure,,,,,,,87127
2024-11-07,,OPT,PSE,Gaza Strip,,,censored,Protection,IDP/Refugee Service,Air-Launched: Plane,Aerial Bomb,Host Government: Military,Israeli Defence Forces,Protection Infrastructure,,,,,,,87128
2024-11-07,,OPT,PSE,Gaza Strip,,,censored,Health Care,Local Health Care Provider,Air-Launched: Plane,Aerial Bomb,Host Government: Military,Israeli Defence Forces,Health Infrastructure,,,,,,,85641
2024-11-07,,OPT,PSE,Gaza Strip,,,censored,Protection,IDP/Refugee Service,Ground-Launched,Artillery,Host Government: Military,Israeli Defence Forces,Protection Infrastructure,,,,,,,87967
2024-11-07,,OPT,PSE,Gaza Strip,,,censored,"Education, Protection, Aid Operations","IDP/Refugee Service, UN Agency",Air-Launched: Plane,Aerial Bomb,Host Government: Military,Israeli Defence Forces,Education Infrastructure,,,,,,,88195
2024-11-07,,OPT,PSE,Gaza Strip,,,censored,Protection,IDP/Refugee Service,Air-Launched: Plane,Aerial Bomb,Host Government: Military,Israeli Defence Forces,Protection Infrastructure,,,,,,,88197
2024-11-07,,OPT,PSE,West Bank,,,censored,Protection,IDP/Refugee Service,Air-Launched: Plane,Aerial Bomb,Host Government: Military,Israeli Defence Forces,Protection Infrastructure,,,,,,,88365
2024-11-07,,OPT,PSE,Gaza Strip,,,censored,"Education, Protection, Aid Operations","IDP/Refugee Service, UN Agency",Air-Launched: Plane,Aerial Bomb,Host Government: Military,Israeli Defence Forces,Education Infrastructure,,,,,,,86938
2024-11-07,,OPT,PSE,Gaza Strip,,,censored,Protection,IDP/Refugee Service,Ground-Launched,Shelling,Host Government: Military,Israeli Defence Forces,Protection Infrastructure,,,,,,,86847
2024-11-06,,OPT,PSE,Gaza Strip,,,censored,Protection,IDP/Refugee Service,Ground-Launched,Artillery,Host Government: Military,Israeli Defence Forces,Protection Infrastructure,,,,,,,87092
2024-11-06,,OPT,PSE,Gaza Strip,,,censored,Protection,IDP/Refugee Service,Air-Launched: Plane,Aerial Bomb,Host Government: Military,Israeli Defence Forces,Protection Infrastructure,,,,,,,87300
2024-11-06,,OPT,PSE,Gaza Strip,,,censored,Protection,IDP/Refugee Service,Air-Launched: Plane,Aerial Bomb,Host Government: Military,Israeli Defence Forces,Protection Infrastructure,,,,,,,87299
2024-11-06,,OPT,PSE,Gaza Strip,,,censored,Protection,IDP/Refugee Service,Air-Launched: Plane,Aerial Bomb,Host Government: Military,Israeli Defence Forces,Protection Infrastructure,,,,,,,86845
2024-11-06,,OPT,PSE,Gaza Strip,,,censored,Protection,IDP/Refugee Service,Ground-Launched,Shelling,Host Government: Military,Israeli Defence Forces,Protection Infrastructure,,,,,,,86846
2024-11-06,,OPT,PSE,Gaza Strip,,,censored,Protection,IDP/Refugee Service,Air-Launched: Plane,Aerial Bomb,Host Government: Military,Israeli Defence Forces,Protection Infrastructure,,,,,,,88193
2024-11-06,,OPT,PSE,West Bank,,,censored,Protection,IDP/Refugee Service,Directly-emplaced,Unspecified Explosive,Host Government: Military,Israeli Defence Forces,Protection Infrastructure,,,,,,,86761
2024-11-06,,Lebanon,LBN,Nabatieh Governorate,,,censored by HDX,Health Care,Local Health Care Provider,Directly-Emplaced,Remote-Controlled IED,Foreign Forces: Military,Israeli Defence Forces,Health Infrastructure,,,,,,,85771
2024-11-06,,OPT,PSE,Gaza Strip,,,censored,Protection,IDP/Refugee Service,Air-Launched: Drone,Aerial Bomb,Host Government: Military,Israeli Defence Forces,Protection Infrastructure,,,,,,,87125
2024-11-06,,OPT,PSE,Gaza Strip,,,censored,Protection,IDP/Refugee Service,Directly-emplaced,Unspecified Explosive,Host Government: Military,Israeli Defence Forces,Protection Infrastructure,,,,,,,87124
2024-11-05,,OPT,PSE,Gaza Strip,,,censored,Protection,IDP/Refugee Service,Ground-Launched,Shelling,Host Government: Military,Israeli Defence Forces,Protection Infrastructure,,,,,,,86844
2024-11-05,,OPT,PSE,West Bank,,,censored,"Protection, Food Security",IDP/Refugee Service,Ground-Launched,Unspecified Explosive,Host Government: Military,Israeli Defence Forces,Protection Infrastructure,,,,,,Food Supply,86765
2024-11-05,,OPT,PSE,Gaza Strip,,,censored,Protection,IDP/Refugee Service,Air-Launched: Plane,Aerial Bomb,Host Government: Military,Israeli Defence Forces,Protection Infrastructure,,,,,,,88177
2024-11-05,,OPT,PSE,Gaza Strip,,,censored,Protection,IDP/Refugee Service,Air-Launched: Plane,Aerial Bomb,Host Government: Military,Israeli Defence Forces,Protection Infrastructure,,,,,,,88061
2024-11-05,,OPT,PSE,Gaza Strip,,,censored,Protection,IDP/Refugee Service,Directly-emplaced,Unspecified Explosive,Host Government: Military,Israeli Defence Forces,Protection Infrastructure,,,,,,,87121
2024-11-05,,OPT,PSE,Gaza Strip,,,censored,Protection,IDP/Refugee Service,Air-Launched: Plane,Aerial Bomb,Host Government: Military,Israeli Defence Forces,Protection Infrastructure,,,,,,,87122
2024-11-05,,OPT,PSE,Gaza Strip,,,censored,Protection,IDP/Refugee Service,Air-Launched: Plane,Aerial Bomb,Host Government: Military,Israeli Defence Forces,Protection Infrastructure,,,,,,,87966
2024-11-05,,Lebanon,LBN,South Governorate,,,censored by HDX,Health Care,Other,Air-Launched: Drone,Aerial Bomb,Foreign Forces: Military,Israeli Defence Forces,Health Worker,,,,,,,85541
2024-11-05,,OPT,PSE,Gaza Strip,,,censored,Protection,IDP/Refugee Service,Ground-Launched,Artillery,Host Government: Military,Israeli Defence Forces,Protection Infrastructure,,,,,,,87091
2024-11-04,,OPT,PSE,Gaza Strip,,,censored,Health Care,Local Health Care Provider,Air-Launched: Drone,Aerial Bomb,Host Government: Military,Israeli Defence Forces,Health Infrastructure,,,,,,,86383
2024-11-04,,OPT,PSE,Gaza Strip,,,censored,Protection,IDP/Refugee Service,Ground-Launched,Artillery,Host Government: Military,Israeli Defence Forces,Protection Infrastructure,,,,,,,87090
2024-11-04,,OPT,PSE,Gaza Strip,,,censored,Protection,IDP/Refugee Service,Air-Launched: Plane,Aerial Bomb,Host Government: Military,Israeli Defence Forces,Protection Infrastructure,,,,,,,87120
2024-11-04,,OPT,PSE,Gaza Strip,,,censored,Protection,IDP/Refugee Service,Directly-emplaced,Unspecified Explosive,Host Government: Military,Israeli Defence Forces,Protection Infrastructure,,,,,,,87130
2024-11-04,,OPT,PSE,Gaza Strip,,,censored,Protection,IDP/Refugee Service,Air-Launched: Plane,Aerial Bomb,Host Government: Military,Israeli Defence Forces,Protection Infrastructure,,,,,,,86934
2024-11-04,,OPT,PSE,Gaza Strip,,,censored,Protection,IDP/Refugee Service,Air-Launched: Plane,Aerial Bomb,Host Government: Military,Israeli Defence Forces,Protection Infrastructure,,,,,,,87371
2024-11-04,,OPT,PSE,Gaza Strip,,,censored,"Health Care, Aid Operations",UN Agency,Air-Launched: Drone,Aerial Bomb,Host Government: Military,Israeli Defence Forces,Aid Infrastructure,,,,,,,85615
2024-11-04,,OPT,PSE,Gaza Strip,,,censored,Protection,IDP/Refugee Service,Ground-Launched,Shelling,Host Government: Military,Israeli Defence Forces,Protection Infrastructure,,,,,,,86841
2024-11-04,,OPT,PSE,Gaza Strip,,,censored,Protection,IDP/Refugee Service,Air-Launched: Plane,Aerial Bomb,Host Government: Military,Israeli Defence Forces,Protection Infrastructure,,,,,,,86840
2024-11-04,,OPT,PSE,Gaza Strip,,,censored,Education,Local Education Provider,Air-Launched: Drone,Aerial Bomb,Host Government: Military,Israeli Defence Forces,Education Infrastructure,,,,,,,86385
2024-11-04,,OPT,PSE,Gaza Strip,,,censored,Protection,IDP/Refugee Service,Air-Launched: Plane,Aerial Bomb,Host Government: Military,Israeli Defence Forces,Protection Infrastructure,,,,,,,87962
2024-11-04,,OPT,PSE,Gaza Strip,,,censored,Protection,IDP/Refugee Service,Air-Launched: Plane,Aerial Bomb,Host Government: Military,Israeli Defence Forces,Protection Infrastructure,,,,,,,87963
2024-11-04,,OPT,PSE,Gaza Strip,,,censored,Protection,IDP/Refugee Service,Air-Launched: Plane,Aerial Bomb,Host Government: Military,Israeli Defence Forces,Protection Infrastructure,,,,,,,87964
2024-11-04,,OPT,PSE,Gaza Strip,,,censored,Protection,IDP/Refugee Service,Ground-Launched,Shelling,Host Government: Military,Israeli Defence Forces,Protection Infrastructure,,,,,,,87965
2024-11-03,,OPT,PSE,Gaza Strip,,,censored,Protection,IDP/Refugee Service,Ground-Launched,Artillery,Host Government: Military,Israeli Defence Forces,Protection Infrastructure,,,,,,,87089
2024-11-03,,OPT,PSE,Gaza Strip,,,censored,Protection,IDP/Refugee Service,Air-Launched: Plane,Aerial Bomb,Host Government: Military,Israeli Defence Forces,Protection Infrastructure,,,,,,,86838
2024-11-03,,OPT,PSE,Gaza Strip,,,censored,Health Care,Local Health Care Provider,Ground-Launched,Artillery,Host Government: Military,Israeli Defence Forces,Multiple,,,,,,,85619
2024-11-03,,OPT,PSE,Gaza Strip,,,censored,Protection,IDP/Refugee Service,Air-Launched: Plane,Aerial Bomb,Host Government: Military,Israeli Defence Forces,Protection Infrastructure,,,,,,,87117
2024-11-03,,Lebanon,LBN,Nabatieh Governorate,,,censored by HDX,Health Care,Local Health Care Provider,Air-Launched: Plane,Aerial Bomb,Foreign Forces: Military,Israeli Defence Forces,Health Infrastructure,,,,,,,85535
2024-11-03,,Lebanon,LBN,Baalbek-Hermel Governorate,,,censored by HDX,Health Care,Local Health Care Provider,Air-Launched: Plane,Aerial Bomb,Foreign Forces: Military,Israeli Defence Forces,Health Infrastructure,,,,,,,85537
2024-11-03,,Lebanon,LBN,South Governorate,,,censored by HDX,Health Care,Private Health Care,Air-Launched: Plane,Aerial Bomb,Foreign Forces: Military,Israeli Defence Forces,Health Infrastructure,,,,,,,85539
2024-11-03,,Lebanon,LBN,South Governorate,,,censored by HDX,"Education, Aid Operations",UN Agency,Air-Launched: No Information on Platform Type,Aerial Bomb,Foreign Forces: Military,Israeli Defence Forces,Education Infrastructure,,,,,,,85939
2024-11-03,,OPT,PSE,Gaza Strip,,,censored,Protection,IDP/Refugee Service,Air-Launched: Plane,Aerial Bomb,Host Government: Military,Israeli Defence Forces,Protection Infrastructure,,,,,,,87115
2024-11-02,,OPT,PSE,Gaza Strip,,,censored,"Health Care, Protection","IDP/Refugee Service, Local Health Care Provider",Air-Launched: Drone,Aerial Bomb,Host Government: Military,Israeli Defence Forces,Protection Infrastructure,,,,,,,85617
2024-11-02,,OPT,PSE,Gaza Strip,,,censored,Aid Operations,UN Agency,Air-Launched: Drone,Unspecified Explosive,Host Government: Military,Israeli Defence Forces,Aid Infrastructure,,,,,,,86179
2024-11-02,,OPT,PSE,Gaza Strip,,,censored,Health Care,Local Health Care Provider,Air-Launched: Drone,Aerial Bomb,Host Government: Military,Israeli Defence Forces,Health Infrastructure,,,,,,,85616
2024-11-02,,OPT,PSE,Gaza Strip,,,censored,Protection,IDP/Refugee Service,Air-Launched: Plane,Aerial Bomb,Host Government: Military,Israeli Defence Forces,Protection Infrastructure,,,,,,,88052
2024-11-02,,OPT,PSE,Gaza Strip,,,censored,Protection,IDP/Refugee Service,Air-Launched: Plane,Aerial Bomb,Host Government: Military,Israeli Defence Forces,Protection Infrastructure,,,,,,,87933
2024-11-02,,OPT,PSE,Gaza Strip,,,censored,Protection,IDP/Refugee Service,Air-Launched: Drone,Aerial Bomb,Host Government: Military,Israeli Defence Forces,Protection Infrastructure,,,,,,,86837
2024-11-02,,OPT,PSE,Gaza Strip,,,censored,Protection,IDP/Refugee Service,Air-Launched: Plane,Aerial Bomb,Host Government: Military,Israeli Defence Forces,Protection Infrastructure,,,,,,,87934
2024-11-02,,OPT,PSE,Gaza Strip,,,censored,Protection,IDP/Refugee Service,Air-Launched: Plane,Aerial Bomb,Host Government: Military,Israeli Defence Forces,Protection Infrastructure,,,,,,,87936
2024-11-02,,OPT,PSE,Gaza Strip,,,censored,Protection,IDP/Refugee Service,Air-Launched: Drone,Aerial Bomb,Host Government: Military,Israeli Defence Forces,Protection Infrastructure,,,,,,,87937
2024-11-02,,OPT,PSE,Gaza Strip,,,censored,"Protection, Aid Operations, Food Security","IDP/Refugee Service, NGO",Ground-Launched,Artillery,Host Government: Military,Israeli Defence Forces,Food Infrastructure,1,,,,,,86004
2024-11-02,,Lebanon,LBN,Beqaa Governorate,,,censored by HDX,Health Care,Private Health Care,Air-Launched: Plane,Aerial Bomb,Foreign Forces: Military,Israeli Defence Forces,Health Infrastructure,,3,,,,,85533
2024-11-02,,OPT,PSE,Gaza Strip,,,censored,Health Care,Local Health Care Provider,Air-Launched: Plane,Aerial Bomb,Host Government: Military,Israeli Defence Forces,Health Worker,,1,,,,,85910
2024-11-02,,OPT,PSE,Gaza Strip,,,censored,Protection,IDP/Refugee Service,Air-Launched: Plane,Aerial Bomb,Host Government: Military,Israeli Defence Forces,Protection Infrastructure,,,,,,,87930
2024-11-01,,OPT,PSE,Gaza Strip,,,censored,"Education, Protection","IDP/Refugee Service, Local Education Provider",Air-Launched: Plane,Aerial Bomb,Host Government: Military,Israeli Defence Forces,Education Infrastructure,,,,,,,88277
2024-11-01,,OPT,PSE,Gaza Strip,,,censored,Protection,IDP/Refugee Service,Air-Launched: Plane,Aerial Bomb,Host Government: Military,Israeli Defence Forces,Protection Infrastructure,,,,,,,87110
2024-11-01,,OPT,PSE,Gaza Strip,,,censored,Protection,IDP/Refugee Service,Air-Launched: Plane,Aerial Bomb,Host Government: Military,Israeli Defence Forces,Protection Infrastructure,,,,,,,87298
2024-11-01,,OPT,PSE,Gaza Strip,,,censored,Protection,IDP/Refugee Service,Air-Launched: Plane,Aerial Bomb,Host Government: Military,Israeli Defence Forces,Protection Infrastructure,,,,,,,87925
2024-11-01,,OPT,PSE,Gaza Strip,,,censored,Protection,IDP/Refugee Service,Air-Launched: Plane,Aerial Bomb,Host Government: Military,Israeli Defence Forces,Protection Infrastructure,,,,,,,87926
2024-11-01,,OPT,PSE,Gaza Strip,,,censored,Protection,IDP/Refugee Service,Air-Launched: Plane,Aerial Bomb,Host Government: Military,Israeli Defence Forces,Protection Infrastructure,,,,,,,87928
2024-11-01,,OPT,PSE,Gaza Strip,,,censored,"Education, Protection, Aid Operations","IDP/Refugee Service, INGO, Local Education Provider",Ground-Launched,Shelling,Host Government: Military,Israeli Defence Forces,Multiple,,,,,,,86001
2024-11-01,,OPT,PSE,Gaza Strip,,,censored,Protection,IDP/Refugee Service,Air-Launched: Plane,Aerial Bomb,Host Government: Military,Israeli Defence Forces,Protection Infrastructure,,,,,,,88060
2024-11-01,,OPT,PSE,Gaza Strip,,,censored,Protection,IDP/Refugee Service,Air-Launched: Plane,Aerial Bomb,Host Government: Military,Israeli Defence Forces,Protection Infrastructure,,,,,,,87116
2024-11-01,,OPT,PSE,Gaza Strip,,,censored,Protection,IDP/Refugee Service,Air-Launched: Plane,Aerial Bomb,Host Government: Military,Israeli Defence Forces,Protection Infrastructure,,,,,,,87112
2024-11-01,,OPT,PSE,Gaza Strip,,,censored,"Education, Protection","IDP/Refugee Service, Local Education Provider",Air-Launched: Plane,Aerial Bomb,Host Government: Military,Israeli Defence Forces,Education Infrastructure,,,,,,,87111
2024-11-01,,OPT,PSE,Gaza Strip,,,censored,"Education, Protection","IDP/Refugee Service, Local Education Provider",Air-Launched: Plane,Aerial Bomb,Host Government: Military,Israeli Defence Forces,Education Infrastructure,,,,,,,88332
2024-10-31,,Lebanon,LBN,Nabatieh Governorate,,,censored by HDX,Health Care,Other,Air-Launched: Plane,Aerial Bomb,Foreign Forces: Military,Israeli Defence Forces,Health Infrastructure,,1,,,,,85532
2024-10-31,,OPT,PSE,Gaza Strip,,,censored,"Health Care, Protection, Aid Operations","Government Aid Agency, IDP/Refugee Service, Local Health Care Provider",Air-Launched: Plane,Aerial Bomb,Host Government: Military,Israeli Defence Forces,Protection Infrastructure,,,,,,,85602
2024-10-31,,OPT,PSE,Gaza Strip,,,censored,"Health Care, Food Security",Local Health Care Provider,Air-Launched: Plane,Aerial Bomb,Host Government: Military,Israeli Defence Forces,Multiple,,,,,,Water Structures,85185
2024-10-31,,Lebanon,LBN,Baalbek-Hermel Governorate,,,censored by HDX,Health Care,Local Health Care Provider,Air-Launched: Plane,Aerial Bomb,Foreign Forces: Military,Israeli Defence Forces,Other,,,,,,,85772
2024-10-31,,OPT,PSE,Gaza Strip,,,censored,Protection,IDP/Refugee Service,Air-Launched: Plane,Aerial Bomb,Host Government: Military,Israeli Defence Forces,Protection Infrastructure,,,,,,,85704
2024-10-31,,OPT,PSE,Gaza Strip,,,censored,Protection,IDP/Refugee Service,Air-Launched: Plane,Aerial Bomb,Host Government: Military,Israeli Defence Forces,Protection Infrastructure,,,,,,,85703
2024-10-31,,OPT,PSE,Gaza Strip,,,censored,Protection,IDP/Refugee Service,Air-Launched: Plane,Aerial Bomb,Host Government: Military,Israeli Defence Forces,Protection Infrastructure,,,,,,,86648
2024-10-31,,OPT,PSE,Gaza Strip,,,censored,Protection,IDP/Refugee Service,Air-Launched: Plane,Aerial Bomb,Host Government: Military,Israeli Defence Forces,Protection Infrastructure,,,,,,,85650
2024-10-31,,OPT,PSE,West Bank,,,censored,"Health Care, Protection, Aid Operations, Food Security","IDP/Refugee Service, NGO",Air-Launched: Drone,Aerial Bomb,Host Government: Military,Israeli Defence Forces,Aid Infrastructure,,,,,,Water Structures,86804
2024-10-31,,Lebanon,LBN,South Governorate,,,censored by HDX,Health Care,Other,Air-Launched: Plane,Aerial Bomb,Foreign Forces: Military,Israeli Defence Forces,Multiple,,,,,,,85529
2024-10-31,,Lebanon,LBN,South Governorate,,,censored by HDX,Health Care,Private Health Care,Air-Launched: Plane,Aerial Bomb,Foreign Forces: Military,Israeli Defence Forces,Private/Voluntary Aid,,4,,,,,85528
2024-10-31,,Lebanon,LBN,South Governorate,,,censored by HDX,Health Care,Private Health Care,Air-Launched: Plane,Aerial Bomb,Foreign Forces: Military,Israeli Defence Forces,Health Infrastructure,,,,,,,85527
2024-10-31,,Lebanon,LBN,South Governorate,,,censored by HDX,Health Care,Other,Air-Launched: Plane,Aerial Bomb,Foreign Forces: Military,Israeli Defence Forces,Health Infrastructure,,2,,,,,85526
2024-10-31,,Lebanon,LBN,Nabatieh Governorate,,,censored by HDX,Health Care,Private Health Care,Air-Launched: Plane,Aerial Bomb,Foreign Forces: Military,Israeli Defence Forces,Private/Voluntary Aid,,1,,,,,85523
2024-10-31,,Lebanon,LBN,South Governorate,,,censored by HDX,Health Care,Private Health Care,Air-Launched: Plane,Aerial Bomb,Foreign Forces: Military,Israeli Defence Forces,Private/Voluntary Aid,,,,,,,85521
2024-10-31,,OPT,PSE,Gaza Strip,,,censored,Health Care,Local Health Care Provider,Ground-Launched,Shelling,Host Government: Military,Israeli Defence Forces,Health Infrastructure,,,,,,,85586
2024-10-30,,Lebanon,LBN,Nabatieh Governorate,,,censored by HDX,Health Care,Local Health Care Provider,Air-Launched: Plane,Aerial Bomb,Foreign Forces: Military,Israeli Defence Forces,Health Infrastructure,,1,,,,,85517
2024-10-30,,OPT,PSE,Gaza Strip,,,censored,Protection,IDP/Refugee Service,Air-Launched: Plane,Aerial Bomb,Host Government: Military,Israeli Defence Forces,Protection Infrastructure,,,,,,,85731
2024-10-30,,OPT,PSE,Gaza Strip,,,censored,Protection,IDP/Refugee Service,Ground-Launched,Shelling,Host Government: Military,Israeli Defence Forces,Protection Infrastructure,,,,,,,86649
2024-10-30,,OPT,PSE,Gaza Strip,,,censored,Protection,IDP/Refugee Service,Air-Launched: Helicopter,Unspecified Explosive,Host Government: Military,Israeli Defence Forces,Protection Infrastructure,,,,,,,86756
2024-10-30,,Lebanon,LBN,South Governorate,,,censored by HDX,Health Care,Private Health Care,Air-Launched: Plane,Aerial Bomb,Foreign Forces: Military,Israeli Defence Forces,Multiple,,,,,,,85519
2024-10-30,,Lebanon,LBN,South Governorate,,,censored by HDX,Health Care,Local Health Care Provider,Air-Launched: Plane,Aerial Bomb,Foreign Forces: Military,Israeli Defence Forces,Health Infrastructure,,2,,,,,85518
2024-10-30,,Lebanon,LBN,South Governorate,,,censored by HDX,Health Care,Local Health Care Provider,Air-Launched: Plane,Aerial Bomb,Foreign Forces: Military,Israeli Defence Forces,Health Infrastructure,,,,,,,85516
2024-10-30,,Lebanon,LBN,South Governorate,,,censored by HDX,Health Care,Local Health Care Provider,Air-Launched: Plane,Aerial Bomb,Foreign Forces: Military,Israeli Defence Forces,Multiple,,,,,,,85515
2024-10-30,,Lebanon,LBN,Nabatieh Governorate,,,censored by HDX,Health Care,Other,Air-Launched: Plane,Aerial Bomb,Foreign Forces: Military,Israeli Defence Forces,Health Infrastructure,,,,,,,85514
2024-10-30,,Lebanon,LBN,Nabatieh Governorate,,,censored by HDX,"Health Care, Aid Operations","Local Health Care Provider, National Red Cross Society",Air-Launched: Plane,Aerial Bomb,Foreign Forces: Military,Israeli Defence Forces,Multiple,,,,,,,85513
2024-10-30,,OPT,PSE,Gaza Strip,,,censored,Protection,IDP/Refugee Service,Air-Launched: Plane,Aerial Bomb,Host Government: Military,Israeli Defence Forces,Protection Infrastructure,,,,,,,86725
2024-10-30,,OPT,PSE,Gaza Strip,,,censored,Protection,IDP/Refugee Service,Air-Launched: Drone,Aerial Bomb,Host Government: Military,Israeli Defence Forces,Protection Infrastructure,,,,,,,86717
2024-10-30,,OPT,PSE,Gaza Strip,,,censored,Protection,IDP/Refugee Service,Air-Launched: Plane,Aerial Bomb,Host Government: Military,Israeli Defence Forces,Protection Infrastructure,,,,,,,86718
2024-10-29,,OPT,PSE,Gaza Strip,,,censored,Protection,IDP/Refugee Service,Unspecified Launch Method,Unspecified Explosive,Host Government: Military,Israeli Defence Forces,Protection Infrastructure,,,,,,,86755
2024-10-29,,OPT,PSE,Gaza Strip,,,censored,Protection,IDP/Refugee Service,Air-Launched: Plane,Aerial Bomb,Host Government: Military,Israeli Defence Forces,Protection Infrastructure,,,,,,,85648
2024-10-28,,OPT,PSE,Gaza Strip,,,censored,"Protection, Aid Operations","IDP/Refugee Service, NGO",Air-Launched: Plane,Aerial Bomb,Host Government: Military,Israeli Defence Forces,Aid Infrastructure,,,,,,,86645
2024-10-28,,OPT,PSE,Gaza Strip,,,censored,Protection,IDP/Refugee Service,Air-Launched: Plane,Aerial Bomb,Host Government: Military,Israeli Defence Forces,Protection Infrastructure,,,,,,,86646
2024-10-28,,OPT,PSE,Gaza Strip,,,censored,Protection,IDP/Refugee Service,Air-Launched: Plane,Aerial Bomb,Host Government: Military,Israeli Defence Forces,Protection Infrastructure,,,,,,,86643
2024-10-28,,OPT,PSE,Gaza Strip,,,censored,Protection,IDP/Refugee Service,Air-Launched: Plane,Aerial Bomb,Host Government: Military,Israeli Defence Forces,Protection Infrastructure,,,,,,,86642
2024-10-28,,OPT,PSE,Gaza Strip,,,censored,Protection,IDP/Refugee Service,Ground-Launched,Shelling,Host Government: Military,Israeli Defence Forces,Protection Infrastructure,,,,,,,86640
2024-10-28,,OPT,PSE,Gaza Strip,,,censored,Protection,IDP/Refugee Service,Ground-Launched,Shelling,Host Government: Military,Israeli Defence Forces,Protection Infrastructure,,,,,,,85647
2024-10-28,,OPT,PSE,Gaza Strip,,,censored,Protection,IDP/Refugee Service,Air-Launched: Plane,Aerial Bomb,Host Government: Military,Israeli Defence Forces,Protection Infrastructure,,,,,,,85669
2024-10-27,,OPT,PSE,Gaza Strip,,,censored,Protection,IDP/Refugee Service,Ground-Launched,Shelling,Host Government: Military,Israeli Defence Forces,Protection Infrastructure,,,,,,,85667
2024-10-27,,OPT,PSE,Gaza Strip,,,censored,Health Care,Local Health Care Provider,Unspecified Launch Method,Unspecified Explosive,Host Government: Military,Israeli Defence Forces,Health Infrastructure,,,,,,,84922
2024-10-27,,OPT,PSE,Gaza Strip,,,censored,Protection,IDP/Refugee Service,Air-Launched: Plane,Aerial Bomb,Host Government: Military,Israeli Defence Forces,Protection Infrastructure,,,,,,,86639
2024-10-27,,OPT,PSE,Gaza Strip,,,censored,"Education, Protection, Aid Operations","IDP/Refugee Service, UN Agency",Air-Launched: Plane,Aerial Bomb,Host Government: Military,Israeli Defence Forces,Education Infrastructure,,,,,,,85668
2024-10-27,,Lebanon,LBN,South Governorate,,,censored by HDX,Health Care,Other,Air-Launched: Plane,Aerial Bomb,Foreign Forces: Military,Israeli Defence Forces,Health Infrastructure,,4,,,,,84934
2024-10-27,,OPT,PSE,Gaza Strip,,,censored,"Education, Protection","IDP/Refugee Service, Local Education Provider",Air-Launched: Plane,Aerial Bomb,Host Government: Military,Israeli Defence Forces,Education Infrastructure,,,,,,,88281
2024-10-27,,Lebanon,LBN,South Governorate,,,censored by HDX,"Protection, Aid Operations","IDP/Refugee Service, UN Agency",Air-Launched: Plane,Aerial Bomb,Foreign Forces: Military,Israeli Defence Forces,Education Infrastructure,,,,,,,85676
2024-10-27,,OPT,PSE,Gaza Strip,,,censored,Protection,IDP/Refugee Service,Air-Launched: Plane,Aerial Bomb,Host Government: Military,Israeli Defence Forces,Protection Infrastructure,,,,,,,86754
2024-10-27,,OPT,PSE,Gaza Strip,,,censored,Protection,IDP/Refugee Service,Ground-Launched,Shelling,Host Government: Military,Israeli Defence Forces,Protection Infrastructure,,,,,,,85636
2024-10-26,,OPT,PSE,Gaza Strip,,,censored,Protection,IDP/Refugee Service,Ground-Launched,Shelling,Host Government: Military,Israeli Defence Forces,Protection Infrastructure,,,,,,,86621
2024-10-26,,OPT,PSE,Gaza Strip,,,censored,Protection,IDP/Refugee Service,Air-Launched: Plane,Aerial Bomb,Host Government: Military,Israeli Defence Forces,Protection Infrastructure,,,,,,,86620
2024-10-26,,OPT,PSE,Gaza Strip,,,censored,Education,Local Education Provider,Ground-Launched,Artillery,Host Government: Military,Israeli Defence Forces,Education Infrastructure,,,,,,,87176
2024-10-26,,Lebanon,LBN,South Governorate,,,censored by HDX,Health Care,Private Health Care,Air-Launched: Plane,Aerial Bomb,Foreign Forces: Military,Israeli Defence Forces,Health Infrastructure,,1,,,,,84881
2024-10-26,,OPT,PSE,Gaza Strip,,,censored,Protection,IDP/Refugee Service,Ground-Launched,Shelling,Host Government: Military,Israeli Defence Forces,Protection Infrastructure,,,,,,,86716
2024-10-25,,OPT,PSE,Gaza Strip,,,censored,Health Care,Local Health Care Provider,Ground-Launched,Artillery,Host Government: Military,Israeli Defence Forces,Health Infrastructure,,,,,,,84919
2024-10-25,,OPT,PSE,Gaza Strip,,,censored,Protection,IDP/Refugee Service,Ground-Launched,Shelling,Host Government: Military,Israeli Defence Forces,Protection Infrastructure,,,,,,,85635
2024-10-25,,OPT,PSE,Gaza Strip,,,censored,Protection,IDP/Refugee Service,Air-Launched: Plane,Aerial Bomb,Host Government: Military,Israeli Defence Forces,Protection Infrastructure,,,,,,,85634
2024-10-25,,OPT,PSE,Gaza Strip,,,censored,Aid Operations,NGO,Air-Launched: Drone,Aerial Bomb,Host Government: Military,Israeli Defence Forces,Aid Infrastructure,,,,,,,85952
2024-10-25,,Lebanon,LBN,Nabatieh Governorate,,,censored by HDX,Health Care,Private Health Care,Air-Launched: Plane,Aerial Bomb,Foreign Forces: Military,Israeli Defence Forces,Health Infrastructure,,,,,,,84984
2024-10-24,,OPT,PSE,Gaza Strip,,,censored,Protection,IDP/Refugee Service,Air-Launched: Plane,Aerial Bomb,Host Government: Military,Israeli Defence Forces,Protection Infrastructure,,,,,,,85716
2024-10-24,,OPT,PSE,Gaza Strip,,,censored,"Health Care, Aid Operations",INGO,Air-Launched: Plane,Aerial Bomb,Host Government: Military,Israeli Defence Forces,Aid Infrastructure,,,1,,,,85170
2024-10-24,,OPT,PSE,Gaza Strip,,,censored,Health Care,Local Health Care Provider,Ground-Launched,Shelling,Host Government: Military,Israeli Defence Forces,Health Infrastructure,,,,,,,84910
2024-10-24,,Lebanon,LBN,South Governorate,,,censored by HDX,Health Care,Private Health Care,Air-Launched: Plane,Aerial Bomb,Foreign Forces: Military,Israeli Defence Forces,Health Infrastructure,,,,,,,84954
2024-10-24,,OPT,PSE,Gaza Strip,,,censored,Health Care,Local Health Care Provider,Air-Launched: Drone,Aerial Bomb,Host Government: Military,Israeli Defence Forces,Health Infrastructure,,,,,,,85001
2024-10-24,,Lebanon,LBN,Nabatieh Governorate,,,censored by HDX,Health Care,Local Health Care Provider,Air-Launched: Plane,Aerial Bomb,Foreign Forces: Military,Israeli Defence Forces,Health Infrastructure,,,,,,,84982
2024-10-24,,OPT,PSE,Gaza Strip,,,censored,"Health Care, Aid Operations",INGO,Ground-Launched,Shelling,Host Government: Military,Israeli Defence Forces,Health Infrastructure,,,,,,,84999
2024-10-24,,OPT,PSE,Gaza Strip,,,censored,"Education, Protection","IDP/Refugee Service, Local Education Provider",Unspecified Launch Method,Unspecified Explosive,Host Government: Military,Israeli Defence Forces,Education Infrastructure,,,,,,,86618
2024-10-24,,OPT,PSE,Gaza Strip,,,censored,"Health Care, Aid Operations",NGO,Ground-Launched,Shelling,Host Government: Military,Israeli Defence Forces,Health Infrastructure,,,,,,,85230
2024-10-24,,Lebanon,LBN,Nabatieh Governorate,,,censored by HDX,Health Care,Local Health Care Provider,Air-Launched: Plane,Aerial Bomb,Foreign Forces: Military,Israeli Defence Forces,Health Worker,,2,,,,,84983
2024-10-24,,OPT,PSE,Gaza Strip,,,censored,"Education, Health Care, Protection","IDP/Refugee Service, Local Education Provider, Local Health Care Provider",Air-Launched: Plane,Aerial Bomb,Host Government: Military,Israeli Defence Forces,Education Infrastructure,,1,,,,,85172
2024-10-24,,OPT,PSE,Gaza Strip,,,censored,"Health Care, Aid Operations",Government Aid Agency,Ground-Launched,Artillery,Host Government: Military,Israeli Defence Forces,Health Worker,,,,,,,85171
2024-10-24,,OPT,PSE,Gaza Strip,,,censored,Protection,IDP/Refugee Service,Air-Launched: Plane,Aerial Bomb,Host Government: Military,Israeli Defence Forces,Protection Infrastructure,,,,,,,86619
2024-10-24,,OPT,PSE,Gaza Strip,,,censored,Protection,IDP/Refugee Service,Air-Launched: Plane,Aerial Bomb,Host Government: Military,Israeli Defence Forces,Protection Infrastructure,,,,,,,85633
2024-10-23,,Lebanon,LBN,South Governorate,,,censored by HDX,"Health Care, Aid Operations",National Red Cross Society,Unspecified Launch Method,Unspecified Explosive,Foreign Forces: Military,Israeli Defence Forces,Health Infrastructure,,,,,,,86610
2024-10-23,,OPT,PSE,Gaza Strip,,,censored,"Health Care, Aid Operations",Government Aid Agency,Unspecified Launch Method,Unspecified Explosive,Host Government: Military,Israeli Defence Forces,Health Worker,,,,,,,85097
2024-10-23,,OPT,PSE,Gaza Strip,,,censored,"Health Care, Protection","IDP/Refugee Service, Local Health Care Provider",Air-Launched: Drone,Aerial Bomb,Host Government: Military,Israeli Defence Forces,Health Infrastructure,,,,,,,86156
2024-10-23,,OPT,PSE,Gaza Strip,,,censored,Protection,IDP/Refugee Service,Air-Launched: Plane,Aerial Bomb,Host Government: Military,Israeli Defence Forces,Protection Infrastructure,,,,,,,86154
2024-10-23,,OPT,PSE,Gaza Strip,,,censored,Protection,IDP/Refugee Service,Ground-Launched,Shelling,Host Government: Military,Israeli Defence Forces,Protection Infrastructure,,,,,,,86152
2024-10-23,,OPT,PSE,Gaza Strip,,,censored,Protection,IDP/Refugee Service,Air-Launched: Plane,Aerial Bomb,Host Government: Military,Israeli Defence Forces,Protection Infrastructure,,,,,,,86150
2024-10-23,,OPT,PSE,Gaza Strip,,,censored,"Protection, Aid Operations","Government Aid Agency, IDP/Refugee Service",Unspecified Launch Method,Unspecified Explosive,Host Government: Military,Israeli Defence Forces,Protection Infrastructure,,,,,,,86145
2024-10-23,,OPT,PSE,Gaza Strip,,,censored,"Education, Protection","IDP/Refugee Service, Local Education Provider",Air-Launched: Plane,Aerial Bomb,Host Government: Military,Israeli Defence Forces,Education Infrastructure,,,,,,,86751
2024-10-23,,OPT,PSE,Gaza Strip,,,censored,Protection,IDP/Refugee Service,Air-Launched: Plane,Aerial Bomb,Host Government: Military,Israeli Defence Forces,Protection Infrastructure,,,,,,,86752
2024-10-23,,OPT,PSE,Gaza Strip,,,censored,"Education, Protection","IDP/Refugee Service, Local Education Provider",Air-Launched: Plane,Aerial Bomb,Host Government: Military,Israeli Defence Forces,Education Infrastructure,,,,,,,87174
2024-10-23,,OPT,PSE,Gaza Strip,,,censored,Health Care,Local Health Care Provider,Air-Launched: Plane,Aerial Bomb,Host Government: Military,Israeli Defence Forces,Health Infrastructure,,,,,,,85000
2024-10-23,,Lebanon,LBN,South Governorate,,,censored by HDX,Health Care,Other,Air-Launched: Plane,Aerial Bomb,Foreign Forces: Military,Israeli Defence Forces,Health Worker,,1,,,,,84964
2024-10-23,,Lebanon,LBN,South Governorate,,,censored by HDX,Health Care,Private Health Care,Unspecified Launch Method,Unspecified Explosive,Foreign Forces: Military,Israeli Defence Forces,Private/Voluntary Aid,,3,,,,,86611
2024-10-23,,Lebanon,LBN,South Governorate,,,censored by HDX,"Health Care, Aid Operations",National Red Cross Society,Air-Launched: Plane,Aerial Bomb,Foreign Forces: Military,Israeli Defence Forces,Multiple,,,,,,,84880
2024-10-23,,OPT,PSE,Gaza Strip,,,censored,Health Care,Local Health Care Provider,Air-Launched: Drone,Aerial Bomb,Host Government: Military,Israeli Defence Forces,Health Worker,,1,,,,,84959
2024-10-23,,OPT,PSE,Gaza Strip,,,censored,"Aid Operations, Food Security",UN Agency,Ground-Launched,Shelling,Host Government: Military,Israeli Defence Forces,Aid Infrastructure,1,,,,,,85683
2024-10-23,,OPT,PSE,Gaza Strip,,,censored,Health Care,Local Health Care Provider,Air-Launched: Drone,Aerial Bomb,Host Government: Military,Israeli Defence Forces,Health Worker,,2,,,,,84953
2024-10-22,,OPT,PSE,Gaza Strip,,,censored,Protection,IDP/Refugee Service,Ground-Launched,Shelling,Host Government: Military,Israeli Defence Forces,Protection Infrastructure,,,,,,,86724
2024-10-22,,OPT,PSE,Gaza Strip,,,censored,Education,Local Education Provider,Air-Launched: Plane,Aerial Bomb,Host Government: Military,Israeli Defence Forces,Education Infrastructure,,,,,,,87173
2024-10-22,,OPT,PSE,Gaza Strip,,,censored,Protection,IDP/Refugee Service,Air-Launched: Plane,Aerial Bomb,Host Government: Military,Israeli Defence Forces,Protection Infrastructure,,,,,,,86141
2024-10-22,,OPT,PSE,Gaza Strip,,,censored,Protection,IDP/Refugee Service,Air-Launched: Plane,Aerial Bomb,Host Government: Military,Israeli Defence Forces,Protection Infrastructure,,,,,,,85632
2024-10-22,,OPT,PSE,Gaza Strip,,,censored,Protection,IDP/Refugee Service,Ground-Launched,Shelling,Host Government: Military,Israeli Defence Forces,Protection Infrastructure,,,,,,,86142
2024-10-22,,OPT,PSE,Gaza Strip,,,censored,Protection,IDP/Refugee Service,Air-Launched: Plane,Aerial Bomb,Host Government: Military,Israeli Defence Forces,Protection Infrastructure,,,,,,,86143
2024-10-22,,Lebanon,LBN,Mount Lebanon Governorate,,,censored by HDX,Health Care,Local Health Care Provider,Air-Launched: Plane,Aerial Bomb,Foreign Forces: Military,Israeli Defence Forces,Health Infrastructure,,,,,,,85006
2024-10-22,,Lebanon,LBN,South Governorate,,,censored by HDX,Health Care,Local Health Care Provider,Air-Launched: Plane,Aerial Bomb,Foreign Forces: Military,Israeli Defence Forces,Health Worker,,1,,,,,85501
2024-10-22,,OPT,PSE,Gaza Strip,,,censored,Health Care,Local Health Care Provider,Unspecified Launch Method,Unspecified Explosive,Host Government: Military,Israeli Defence Forces,Health Infrastructure,,,,,,,86284
2024-10-22,,Lebanon,LBN,Baalbek-Hermel Governorate,,,censored by HDX,Health Care,Local Health Care Provider,Air-Launched: Plane,Aerial Bomb,Foreign Forces: Military,Israeli Defence Forces,Other,,,,,,,84864
2024-10-22,,OPT,PSE,Gaza Strip,,,censored,Protection,IDP/Refugee Service,Ground-Launched,Shelling,Host Government: Military,Israeli Defence Forces,Protection Infrastructure,,,,,,,86714
2024-10-22,,Lebanon,LBN,Nabatieh Governorate,,,censored by HDX,"Health Care, Aid Operations",National Red Cross Society,Unspecified Launch Method,Unspecified Explosive,Foreign Forces: Military,Israeli Defence Forces,Health Worker,,,,,,,86608
2024-10-22,,OPT,PSE,Gaza Strip,,,censored,Health Care,Local Health Care Provider,Ground-Launched,Artillery,Host Government: Military,Israeli Defence Forces,Health Infrastructure,,,,,,,84896
2024-10-22,,Lebanon,LBN,Nabatieh Governorate,,,censored by HDX,Health Care,Other,Unspecified Launch Method,Unspecified Explosive,Foreign Forces: Military,Israeli Defence Forces,Health Worker,,,,,,,86609
2024-10-21,,OPT,PSE,Gaza Strip,,,censored,Protection,IDP/Refugee Service,Ground-Launched,Shelling,Host Government: Military,Israeli Defence Forces,Protection Infrastructure,,,,,,,86721
2024-10-21,,Lebanon,LBN,Nabatieh Governorate,,,censored by HDX,Health Care,Private Health Care,Air-Launched: Plane,Aerial Bomb,Foreign Forces: Military,Israeli Defence Forces,Multiple,,,,,,,84960
2024-10-21,,OPT,PSE,Gaza Strip,,,censored,Protection,IDP/Refugee Service,Air-Launched: Plane,Aerial Bomb,Host Government: Military,Israeli Defence Forces,Protection Infrastructure,,,,,,,85631
2024-10-21,,OPT,PSE,Gaza Strip,,,censored,"Protection, Aid Operations","IDP/Refugee Service, UN Agency",Unspecified Launch Method,Unspecified Explosive,Host Government: Military,Israeli Defence Forces,Multiple,,,,,,,85681
2024-10-21,,Lebanon,LBN,Mount Lebanon Governorate,,,censored by HDX,Health Care,Local Health Care Provider,Air-Launched: Plane,Aerial Bomb,Foreign Forces: Military,Israeli Defence Forces,Health Infrastructure,,,,,,,84863
2024-10-21,,Lebanon,LBN,South Governorate,,,censored by HDX,Health Care,Other,Air-Launched: Plane,Aerial Bomb,Foreign Forces: Military,Israeli Defence Forces,Health Infrastructure,,1,,,,,84856
2024-10-21,,OPT,PSE,Gaza Strip,,,censored,"Education, Protection","IDP/Refugee Service, Local Education Provider",Air-Launched: Plane,Aerial Bomb,Host Government: Military,Israeli Defence Forces,Education Infrastructure,,,,,,,87172
2024-10-21,,OPT,PSE,Gaza Strip,,,censored,"Education, Protection","IDP/Refugee Service, Local Education Provider",Ground-Launched,Artillery,Host Government: Military,Israeli Defence Forces,Education Infrastructure,,,,,,,87144
2024-10-21,,OPT,PSE,Gaza Strip,,,censored,"Health Care, Protection","IDP/Refugee Service, Local Health Care Provider",Air-Launched: Drone,Aerial Bomb,Host Government: Military,Israeli Defence Forces,Health Infrastructure,,,,,,,86128
2024-10-21,,OPT,PSE,Gaza Strip,,,censored,Protection,IDP/Refugee Service,Air-Launched: Plane,Aerial Bomb,Host Government: Military,Israeli Defence Forces,Protection Infrastructure,,,,,,,86138
2024-10-21,,OPT,PSE,Gaza Strip,,,censored,Protection,IDP/Refugee Service,Ground-Launched,Shelling,Host Government: Military,Israeli Defence Forces,Protection Infrastructure,,,,,,,86139
2024-10-21,,OPT,PSE,Gaza Strip,,,censored,"Education, Protection, Aid Operations","IDP/Refugee Service, UN Agency",Ground-Launched,Shelling,Host Government: Military,Israeli Defence Forces,Education Infrastructure,,,,,,,86140
2024-10-21,,OPT,PSE,Gaza Strip,,,censored,Protection,IDP/Refugee Service,Ground-Launched,Shelling,Host Government: Military,Israeli Defence Forces,Protection Infrastructure,,,,,,,86713
2024-10-20,,OPT,PSE,Gaza Strip,,,censored,Protection,IDP/Refugee Service,Air-Launched: Plane,Aerial Bomb,Host Government: Military,Israeli Defence Forces,Protection Infrastructure,,,,,,,86111
2024-10-20,,Lebanon,LBN,Nabatieh Governorate,,,censored by HDX,"Health Care, Aid Operations",Government Aid Agency,Unspecified Launch Method,Unspecified Explosive,Foreign Forces: Military,Israeli Defence Forces,Multiple,,7,,,,,86607
2024-10-20,,OPT,PSE,Gaza Strip,,,censored,"Education, Protection, Aid Operations","IDP/Refugee Service, UN Agency",Ground-Launched,Shelling,Host Government: Military,Israeli Defence Forces,Education Infrastructure,,,,,,,86110
2024-10-20,,Lebanon,LBN,Nabatieh Governorate,,,censored by HDX,Health Care,Private Health Care,Air-Launched: Plane,Aerial Bomb,Foreign Forces: Military,Israeli Defence Forces,Health Infrastructure,,1,,,,,84854
2024-10-20,,Lebanon,LBN,Mount Lebanon Governorate,,,censored by HDX,Health Care,Local Health Care Provider,Air-Launched: Plane,Aerial Bomb,Foreign Forces: Military,Israeli Defence Forces,Health Infrastructure,,,,,,,84853
2024-10-20,,Lebanon,LBN,Baalbek-Hermel Governorate,,,censored by HDX,Health Care,Private Health Care,Air-Launched: Plane,Aerial Bomb,Foreign Forces: Military,Israeli Defence Forces,Other,,,,,,,84848
2024-10-20,,OPT,PSE,Gaza Strip,,,censored,"Education, Health Care, Protection, Aid Operations","Government Aid Agency, IDP/Refugee Service, UN Agency",Air-Launched: Plane,Aerial Bomb,Host Government: Military,Israeli Defence Forces,Education Infrastructure,,,,,,,85080
2024-10-20,,Lebanon,LBN,Nabatieh Governorate,,,censored by HDX,Health Care,Private Health Care,Air-Launched: Plane,Aerial Bomb,Foreign Forces: Military,Israeli Defence Forces,Multiple,,1,,,,,84847
2024-10-20,,OPT,PSE,Gaza Strip,,,censored,Protection,IDP/Refugee Service,Air-Launched: Plane,Aerial Bomb,Host Government: Military,Israeli Defence Forces,Protection Infrastructure,,,,,,,85629
2024-10-20,,OPT,PSE,Gaza Strip,,,censored,Protection,IDP/Refugee Service,Ground-Launched,Unspecified Explosive,Host Government: Military,Israeli Defence Forces,Protection Infrastructure,,,,,,,85630
2024-10-20,,OPT,PSE,Gaza Strip,,,censored,"Protection, Aid Operations","IDP/Refugee Service, UN Agency",Unspecified Launch Method,Unspecified Explosive,Host Government: Military,Israeli Defence Forces,Education Infrastructure,,,,,,,85680
2024-10-20,,OPT,PSE,Gaza Strip,,,censored,Protection,IDP/Refugee Service,Ground-Launched,Shelling,Host Government: Military,Israeli Defence Forces,Protection Infrastructure,,,,,,,86749
2024-10-20,,OPT,PSE,Gaza Strip,,,censored,Protection,IDP/Refugee Service,Air-Launched: Plane,Aerial Bomb,Host Government: Military,Israeli Defence Forces,Protection Infrastructure,,,,,,,86750
2024-10-20,,OPT,PSE,Gaza Strip,,,censored,Protection,IDP/Refugee Service,Air-Launched: Plane,Aerial Bomb,Host Government: Military,Israeli Defence Forces,Protection Infrastructure,,,,,,,86723
2024-10-20,,Lebanon,LBN,Nabatieh Governorate,,,censored by HDX,Health Care,Other,Unspecified Launch Method,Unspecified Explosive,Foreign Forces: Military,Israeli Defence Forces,Health Worker,,,,,,,86604
2024-10-20,,Lebanon,LBN,Mount Lebanon Governorate,,,censored by HDX,Aid Operations,UN Agency,Air-Launched: Plane,Aerial Bomb,Foreign Forces: Military,Israeli Defence Forces,Aid Infrastructure,,,,,,,85191
2024-10-20,,Lebanon,LBN,Mount Lebanon Governorate,,,censored by HDX,Health Care,Local Health Care Provider,Air-Launched: Plane,Aerial Bomb,Foreign Forces: Military,Israeli Defence Forces,Health Infrastructure,,,,,,,85005
2024-10-20,,Lebanon,LBN,Nabatieh Governorate,,,censored by HDX,Health Care,Other,Unspecified Launch Method,Unspecified Explosive,Foreign Forces: Military,Israeli Defence Forces,Health Worker,,,,,,,86605
2024-10-20,,Lebanon,LBN,Nabatieh Governorate,,,censored by HDX,Health Care,Other,Unspecified Launch Method,Unspecified Explosive,Foreign Forces: Military,Israeli Defence Forces,Health Worker,,,,,,,86606
2024-10-19,,OPT,PSE,Gaza Strip,,,censored,"Health Care, Protection","IDP/Refugee Service, Local Health Care Provider",Air-Launched: Drone,Aerial Bomb,Host Government: Military,Israeli Defence Forces,Health Infrastructure,,,,,,,85074
2024-10-19,,OPT,PSE,Gaza Strip,,,censored,"Health Care, Aid Operations",INGO,Unspecified Launch Method,Unspecified Explosive,Host Government: Military,Israeli Defence Forces,Health Infrastructure,,,,,,,84898
2024-10-19,,Lebanon,LBN,South Governorate,,,censored by HDX,Health Care,Other,Unspecified Launch Method,Unspecified Explosive,Foreign Forces: Military,Israeli Defence Forces,Health Worker,,,,,,,86602
2024-10-19,,Lebanon,LBN,Beqaa Governorate,,,censored by HDX,Health Care,Other,Unspecified Launch Method,Unspecified Explosive,Foreign Forces: Military,Israeli Defence Forces,Health Infrastructure,,,,,,,86603
2024-10-19,,OPT,PSE,Gaza Strip,,,censored,Protection,IDP/Refugee Service,Air-Launched: Plane,Aerial Bomb,Host Government: Military,Israeli Defence Forces,Protection Infrastructure,,,,,,,86690
2024-10-19,,OPT,PSE,Gaza Strip,,,censored,"Health Care, Aid Operations",INGO,Unspecified Launch Method,Unspecified Explosive,Host Government: Military,Israeli Defence Forces,Health Infrastructure,,,,,,,84996
2024-10-19,,OPT,PSE,Gaza Strip,,,censored,Protection,IDP/Refugee Service,Air-Launched: Plane,Aerial Bomb,Host Government: Military,Israeli Defence Forces,Protection Infrastructure,,,,,,,86737
2024-10-19,,OPT,PSE,Gaza Strip,,,censored,Protection,IDP/Refugee Service,Air-Launched: Plane,Aerial Bomb,Host Government: Military,Israeli Defence Forces,Protection Infrastructure,,,,,,,86096
2024-10-19,,OPT,PSE,Gaza Strip,,,censored,"Education, Protection","IDP/Refugee Service, Local Education Provider",Air-Launched: Plane,Aerial Bomb,Host Government: Military,Israeli Defence Forces,Education Infrastructure,,,,,,,86099
2024-10-19,,OPT,PSE,Gaza Strip,,,censored,Protection,IDP/Refugee Service,Ground-Launched,Shelling,Host Government: Military,Israeli Defence Forces,Protection Infrastructure,,,,,,,86712
2024-10-19,,OPT,PSE,Gaza Strip,,,censored,Protection,IDP/Refugee Service,Air-Launched: Drone,Aerial Bomb,Host Government: Military,Israeli Defence Forces,Protection Infrastructure,,,,,,,86720
2024-10-19,,OPT,PSE,Gaza Strip,,,censored,Protection,IDP/Refugee Service,Air-Launched: Plane,Aerial Bomb,Host Government: Military,Israeli Defence Forces,Protection Infrastructure,,,,,,,86746
2024-10-19,,Lebanon,LBN,South Governorate,,,censored by HDX,Health Care,Private Health Care,Air-Launched: Plane,Aerial Bomb,Foreign Forces: Military,Israeli Defence Forces,Private/Voluntary Aid,,1,,,,,84846
2024-10-19,,OPT,PSE,Gaza Strip,,,censored,"Health Care, Food Security",Local Health Care Provider,Air-Launched: Plane,Aerial Bomb,Host Government: Military,Israeli Defence Forces,Multiple,,,,,,,84923
2024-10-19,,OPT,PSE,Gaza Strip,,,censored,"Education, Protection, Aid Operations","IDP/Refugee Service, UN Agency",Air-Launched: Plane,Aerial Bomb,Host Government: Military,Israeli Defence Forces,Education Infrastructure,,,,,,,85658
2024-10-19,,OPT,PSE,Gaza Strip,,,censored,"Education, Protection, Aid Operations","IDP/Refugee Service, UN Agency",Air-Launched: Plane,Aerial Bomb,Host Government: Military,Israeli Defence Forces,Education Infrastructure,,,,,,,85666
2024-10-19,,Lebanon,LBN,Nabatieh Governorate,,,censored by HDX,Education,Local Education Provider,Air-Launched: Plane,Aerial Bomb,Foreign Forces: Military,Israeli Defence Forces,Education Infrastructure,,,,,,,87323
2024-10-19,,OPT,PSE,Gaza Strip,,,censored,"Health Care, Protection","IDP/Refugee Service, Local Health Care Provider",Air-Launched: Drone,Aerial Bomb,Host Government: Military,Israeli Defence Forces,Health Infrastructure,,,,,,,84950
2024-10-19,,OPT,PSE,Gaza Strip,,,censored,"Health Care, Protection","IDP/Refugee Service, Local Health Care Provider",Air-Launched: Plane,Aerial Bomb,Host Government: Military,Israeli Defence Forces,Protection Infrastructure,,1,,,,,84951
2024-10-18,,OPT,PSE,Gaza Strip,,,censored,Protection,IDP/Refugee Service,Air-Launched: Plane,Aerial Bomb,Host Government: Military,Israeli Defence Forces,Protection Infrastructure,,,,,,,85715
2024-10-18,,OPT,PSE,Gaza Strip,,,censored,Protection,IDP/Refugee Service,Air-Launched: Plane,Unspecified Explosive,Host Government: Military,Israeli Defence Forces,Protection Infrastructure,,,,,,,85714
2024-10-18,,OPT,PSE,Gaza Strip,,,censored,"Health Care, Protection, Aid Operations","IDP/Refugee Service, INGO",Unspecified Launch Method,Unspecified Explosive,Host Government: Military,Israeli Defence Forces,Health Infrastructure,,,,,,,84894
2024-10-18,,OPT,PSE,Gaza Strip,,,censored,Health Care,Local Health Care Provider,Unspecified Launch Method,Unspecified Explosive,Host Government: Military,Israeli Defence Forces,Health Infrastructure,,,,,,,84895
2024-10-18,,OPT,PSE,Gaza Strip,,,censored,Protection,IDP/Refugee Service,Air-Launched: Plane,Aerial Bomb,Host Government: Military,Israeli Defence Forces,Protection Infrastructure,,,,,,,85657
2024-10-18,,Lebanon,LBN,South Governorate,,,censored by HDX,Health Care,Other,Unspecified Launch Method,Unspecified Explosive,Foreign Forces: Military,Israeli Defence Forces,Health Worker,,2,,,,,86601
2024-10-18,,OPT,PSE,West Bank,,,censored,Protection,IDP/Refugee Service,Air-Launched: Drone,Aerial Bomb,Host Government: Military,Israeli Defence Forces,Protection Infrastructure,,,,,,,86286
2024-10-18,,OPT,PSE,Gaza Strip,,,censored,Protection,IDP/Refugee Service,Air-Launched: Plane,Aerial Bomb,Host Government: Military,Israeli Defence Forces,Protection Infrastructure,,,,,,,86097
2024-10-18,,OPT,PSE,Gaza Strip,,,censored,Protection,IDP/Refugee Service,Air-Launched: Plane,Aerial Bomb,Host Government: Military,Israeli Defence Forces,Protection Infrastructure,,,,,,,86098
2024-10-18,,OPT,PSE,Gaza Strip,,,censored,Protection,IDP/Refugee Service,Air-Launched: Plane,Aerial Bomb,Host Government: Military,Israeli Defence Forces,Protection Infrastructure,,,,,,,85713
2024-10-17,,OPT,PSE,Gaza Strip,,,censored,"Health Care, Protection","IDP/Refugee Service, Local Health Care Provider",Unspecified Launch Method,Unspecified Explosive,Host Government: Military,Israeli Defence Forces,Protection Infrastructure,,1,,,,,84809
2024-10-17,,OPT,PSE,Gaza Strip,,,censored,Protection,IDP/Refugee Service,Air-Launched: Plane,Aerial Bomb,Host Government: Military,Israeli Defence Forces,Protection Infrastructure,,,,,,,86064
2024-10-17,,OPT,PSE,Gaza Strip,,,censored,Protection,IDP/Refugee Service,Air-Launched: Plane,Aerial Bomb,Host Government: Military,Israeli Defence Forces,Protection Infrastructure,,,,,,,86067
2024-10-17,,OPT,PSE,Gaza Strip,,,censored,"Education, Protection","IDP/Refugee Service, Local Education Provider",Air-Launched: Plane,Aerial Bomb,Host Government: Military,Israeli Defence Forces,Education Infrastructure,,,,,,,87143
2024-10-17,,OPT,PSE,Gaza Strip,,,censored,"Education, Protection","IDP/Refugee Service, Local Education Provider",Ground-Launched,Shelling,Host Government: Military,Israeli Defence Forces,Education Infrastructure,,,,,,,87142
2024-10-17,,OPT,PSE,Gaza Strip,,,censored,Protection,IDP/Refugee Service,Air-Launched: Plane,Aerial Bomb,Host Government: Military,Israeli Defence Forces,Protection Infrastructure,,,,,,,86093
2024-10-17,,OPT,PSE,Gaza Strip,,,censored,Protection,IDP/Refugee Service,Ground-Launched,Shelling,Host Government: Military,Israeli Defence Forces,Protection Infrastructure,,,,,,,86094
2024-10-17,,Lebanon,LBN,Baalbek-Hermel Governorate,,,censored by HDX,Health Care,Local Health Care Provider,Air-Launched: Plane,Aerial Bomb,Foreign Forces: Military,Israeli Defence Forces,Health Infrastructure,,4,,,,,85449
2024-10-17,,OPT,PSE,Gaza Strip,,,censored,Protection,IDP/Refugee Service,Air-Launched: Plane,Aerial Bomb,Host Government: Military,Israeli Defence Forces,Protection Infrastructure,,,,,,,86689
2024-10-17,,Lebanon,LBN,South Governorate,,,censored by HDX,Health Care,Local Health Care Provider,Air-Launched: Plane,Aerial Bomb,Foreign Forces: Military,Israeli Defence Forces,Health Infrastructure,,,,,,,85446
2024-10-17,,Lebanon,LBN,Nabatieh Governorate,,,censored by HDX,Health Care,Local Health Care Provider,Air-Launched: Plane,Aerial Bomb,Foreign Forces: Military,Israeli Defence Forces,Health Infrastructure,,,,,,,85445
2024-10-17,,OPT,PSE,Gaza Strip,,,censored,"Education, Protection","IDP/Refugee Service, Local Education Provider",Air-Launched: Plane,Aerial Bomb,Host Government: Military,Israeli Defence Forces,Education Infrastructure,,,,,,,85628
2024-10-17,,OPT,PSE,Gaza Strip,,,censored,Protection,IDP/Refugee Service,Air-Launched: Plane,Aerial Bomb,Host Government: Military,Israeli Defence Forces,Protection Infrastructure,,,,,,,86745
2024-10-17,,OPT,PSE,Gaza Strip,,,censored,"Health Care, Aid Operations",National Red Cross Society,Ground-Launched,Artillery,Host Government: Military,Israeli Defence Forces,Health Infrastructure,,,,,,,85070
2024-10-17,,OPT,PSE,Gaza Strip,,,censored,Education,Local Education Provider,Air-Launched: Plane,Aerial Bomb,Host Government: Military,Israeli Defence Forces,Education Infrastructure,,,,,,,87141
2024-10-17,,OPT,PSE,Gaza Strip,,,censored,"Education, Protection","IDP/Refugee Service, Local Education Provider",Unspecified Launch Method,Unspecified Explosive,Host Government: Military,Israeli Defence Forces,Education Infrastructure,,,,,,,87140
2024-10-17,,OPT,PSE,Gaza Strip,,,censored,"Protection, Aid Operations","IDP/Refugee Service, UN Agency",Unspecified Launch Method,Unspecified Explosive,Host Government: Military,Israeli Defence Forces,Multiple,,,,,,,85678
2024-10-17,,Lebanon,LBN,Nabatieh Governorate,,,censored by HDX,Health Care,Other,Unspecified Launch Method,Unspecified Explosive,Foreign Forces: Military,Israeli Defence Forces,Health Infrastructure,,1,,,,,86600
2024-10-17,,Lebanon,LBN,Nabatieh Governorate,,,censored by HDX,Health Care,Other,Unspecified Launch Method,Unspecified Explosive,Foreign Forces: Military,Israeli Defence Forces,Health Worker,,,,,,,86599
2024-10-17,,Lebanon,LBN,Mount Lebanon Governorate,,,censored by HDX,Health Care,Local Health Care Provider,Air-Launched: Plane,Aerial Bomb,Foreign Forces: Military,Israeli Defence Forces,Health Infrastructure,,,,,,,85452
2024-10-16,,OPT,PSE,Gaza Strip,,,censored,"Education, Protection","IDP/Refugee Service, Local Education Provider",Air-Launched: Plane,Aerial Bomb,Host Government: Military,Israeli Defence Forces,Education Infrastructure,,,,,,,86744
2024-10-16,,Lebanon,LBN,South Governorate,,,censored by HDX,"Health Care, Aid Operations",National Red Cross Society,Unspecified Launch Method,Unspecified Explosive,Foreign Forces: Military,Israeli Defence Forces,Health Worker,,,,,,,86598
2024-10-16,,OPT,PSE,Gaza Strip,,,censored,"Protection, Food Security",IDP/Refugee Service,Directly-emplaced,Unspecified Explosive,Host Government: Military,Israeli Defence Forces,Protection Infrastructure,,,,,,Water Structures,86066
2024-10-16,,OPT,PSE,Gaza Strip,,,censored,Protection,IDP/Refugee Service,Air-Launched Plane,Shelling,Host Government: Military,Israeli Defence Forces,Protection Infrastructure,,,,,,,86063
2024-10-16,,OPT,PSE,Gaza Strip,,,censored,Protection,IDP/Refugee Service,Unspecified Launch Method,Unspecified Explosive,Host Government: Military,Israeli Defence Forces,Protection Infrastructure,,,,,,,86061
2024-10-16,,Lebanon,LBN,Nabatieh Governorate,,,censored by HDX,Aid Operations,NGO,Air-Launched: Plane,Aerial Bomb,Foreign Forces: Military,Israeli Defence Forces,Aid Infrastructure,4,,,,,,85675
2024-10-16,,Lebanon,LBN,South Governorate,,,censored by HDX,"Health Care, Aid Operations",National Red Cross Society,Air-Launched: Plane,Aerial Bomb,Foreign Forces: Military,Israeli Defence Forces,Health Infrastructure,,,,,,,84957
2024-10-15,,Lebanon,LBN,Nabatieh Governorate,,,censored by HDX,Health Care,Local Health Care Provider,Air-Launched: Plane,Aerial Bomb,Foreign Forces: Military,Israeli Defence Forces,Health Infrastructure,,,,,,,85443
2024-10-15,,OPT,PSE,Gaza Strip,,,censored,Health Care,Local Health Care Provider,Air-Launched: Plane,Aerial Bomb,Host Government: Military,Israeli Defence Forces,Health Infrastructure,,,,,,,85068
2024-10-15,,OPT,PSE,Gaza Strip,,,censored,Protection,IDP/Refugee Service,Air-Launched: Plane,Aerial Bomb,Host Government: Military,Israeli Defence Forces,Protection Infrastructure,,,,,,,86059
2024-10-15,,OPT,PSE,Gaza Strip,,,censored,"Health Care, Protection","IDP/Refugee Service, Local Health Care Provider",Ground-Launched,Artillery,Host Government: Military,Israeli Defence Forces,Health Worker,,1,,,,,84929
2024-10-15,,Lebanon,LBN,Nabatieh Governorate,,,censored by HDX,Health Care,Other,Unspecified Launch Method,Unspecified Explosive,Foreign Forces: Military,Israeli Defence Forces,Health Infrastructure,,1,,,,,86597
2024-10-15,,OPT,PSE,Gaza Strip,,,censored,Protection,IDP/Refugee Service,Air-Launched: Plane,Aerial Bomb,Host Government: Military,Israeli Defence Forces,Protection Infrastructure,,,,,,,85711
2024-10-15,,Lebanon,LBN,Nabatieh Governorate,,,censored by HDX,Health Care,Other,Unspecified Launch Method,Unspecified Explosive,Foreign Forces: Military,Israeli Defence Forces,Health Worker,,1,,,,,86596
2024-10-15,,OPT,PSE,Gaza Strip,,,censored,Protection,IDP/Refugee Service,Ground-Launched,Shelling,Host Government: Military,Israeli Defence Forces,Protection Infrastructure,,,,,,,85656
2024-10-15,,OPT,PSE,Gaza Strip,,,censored,Protection,IDP/Refugee Service,Ground-Launched,Shelling,Host Government: Military,Israeli Defence Forces,Protection Infrastructure,,,,,,,86060
2024-10-15,,OPT,PSE,Gaza Strip,,,censored,Protection,IDP/Refugee Service,Air-Launched: Plane,Aerial Bomb,Host Government: Military,Israeli Defence Forces,Protection Infrastructure,,,,,,,85627
2024-10-15,,OPT,PSE,Gaza Strip,,,censored,Aid Operations,NGO,Air-Launched: Drone,Aerial Bomb,Host Government: Military,Israeli Defence Forces,Other,,,,,,,85677
2024-10-15,,Lebanon,LBN,Nabatieh Governorate,,,censored by HDX,Health Care,Private Health Care,Air-Launched: Plane,Aerial Bomb,Foreign Forces: Military,Israeli Defence Forces,Health Infrastructure,,4,,,,,84844
2024-10-15,,OPT,PSE,Gaza Strip,,,censored,Protection,IDP/Refugee Service,Air-Launched: Drone,Aerial Bomb,Host Government: Military,Israeli Defence Forces,Protection Infrastructure,,,,,,,86057
2024-10-15,,Lebanon,LBN,Baalbek-Hermel Governorate,,,censored by HDX,Health Care,Private Health Care,Air-Launched: Plane,Aerial Bomb,Foreign Forces: Military,Israeli Defence Forces,Health Infrastructure,,,,,,,84668
2024-10-15,,OPT,PSE,Gaza Strip,,,censored,Protection,IDP/Refugee Service,Air-Launched: Plane,Aerial Bomb,Host Government: Military,Israeli Defence Forces,Protection Infrastructure,,,,,,,86052
2024-10-15,,OPT,PSE,Gaza Strip,,,censored,Health Care,Local Health Care Provider,Air-Launched: Drone,Aerial Bomb,Host Government: Military,Israeli Defence Forces,Health Infrastructure,,,,,,,86283
2024-10-15,,OPT,PSE,Gaza Strip,,,censored,Protection,IDP/Refugee Service,Ground-Launched,Shelling,Host Government: Military,Israeli Defence Forces,Protection Infrastructure,,,,,,,86688
2024-10-14,,Lebanon,LBN,Nabatieh Governorate,,,censored by HDX,Health Care,Private Health Care,Air-Launched: Plane,Aerial Bomb,Foreign Forces: Military,Israeli Defence Forces,Health Infrastructure,,4,,,,,84661
2024-10-14,,OPT,PSE,Gaza Strip,,,censored,"Health Care, Protection","IDP/Refugee Service, Local Health Care Provider",Air-Launched: Plane,Aerial Bomb,Host Government: Military,Israeli Defence Forces,Multiple,,,,,,,84924
2024-10-14,,OPT,PSE,Gaza Strip,,,censored,Protection,IDP/Refugee Service,Air-Launched: Plane,Aerial Bomb,Host Government: Military,Israeli Defence Forces,Protection Infrastructure,,,,,,,85710
2024-10-14,,OPT,PSE,Gaza Strip,,,censored,"Protection, Aid Operations, Food Security","IDP/Refugee Service, UN Agency",Ground-Launched,Artillery,Host Government: Military,Israeli Defence Forces,Food Infrastructure,,,,,,,85638
2024-10-14,,OPT,PSE,Gaza Strip,,,censored,Health Care,Local Health Care Provider,Air-Launched: Plane,Aerial Bomb,Host Government: Military,Israeli Defence Forces,Health Infrastructure,,,,,,,84926
2024-10-14,,OPT,PSE,West Bank,,,censored,Protection,IDP/Refugee Service,Ground-Launched,Shelling,Host Government: Military,Israeli Defence Forces,Protection Infrastructure,,,,,,,86798
2024-10-14,,OPT,PSE,Gaza Strip,,,censored,Protection,IDP/Refugee Service,Air-Launched: Plane,Aerial Bomb,Host Government: Military,Israeli Defence Forces,Protection Infrastructure,,,,,,,85991
2024-10-14,,OPT,PSE,Gaza Strip,,,censored,"Health Care, Protection","IDP/Refugee Service, Local Health Care Provider",Air-Launched: Plane,Aerial Bomb,Host Government: Military,Israeli Defence Forces,Health Infrastructure,,,,,,,85066
2024-10-14,,OPT,PSE,Gaza Strip,,,censored,Protection,IDP/Refugee Service,Air-Launched: Plane,Aerial Bomb,Host Government: Military,Israeli Defence Forces,Protection Infrastructure,,,,,,,85712
2024-10-14,,Lebanon,LBN,Nabatieh Governorate,,,censored by HDX,Health Care,Other,Unspecified Launch Method,Unspecified Explosive,Foreign Forces: Military,Israeli Defence Forces,Health Infrastructure,,,,,,,86594
2024-10-14,,Lebanon,LBN,Baalbek-Hermel Governorate,,,censored by HDX,"Health Care, Aid Operations",National Red Cross Society,Air-Launched: Plane,Aerial Bomb,Foreign Forces: Military,Israeli Defence Forces,Aid Infrastructure,,,,,,,85603
2024-10-14,,OPT,PSE,Gaza Strip,,,censored,Protection,IDP/Refugee Service,Air-Launched: Plane,Aerial Bomb,Host Government: Military,Israeli Defence Forces,Protection Infrastructure,,,,,,,86040
2024-10-14,,OPT,PSE,Gaza Strip,,,censored,"Education, Protection","IDP/Refugee Service, Local Education Provider",Air-Launched: Plane,Aerial Bomb,Host Government: Military,Israeli Defence Forces,Education Infrastructure,,,,,,,86046
2024-10-14,,OPT,PSE,Gaza Strip,,,censored,Protection,IDP/Refugee Service,Air-Launched: Plane,Aerial Bomb,Host Government: Military,Israeli Defence Forces,Protection Infrastructure,,,,,,,86719
2024-10-14,,OPT,PSE,Gaza Strip,,,censored,"Education, Protection","IDP/Refugee Service, Local Education Provider",Air-Launched: Plane,Aerial Bomb,Host Government: Military,Israeli Defence Forces,Education Infrastructure,,,,,,,86049
2024-10-14,,OPT,PSE,Gaza Strip,,,censored,Protection,IDP/Refugee Service,Air-Launched: Plane,Aerial Bomb,Host Government: Military,Israeli Defence Forces,Protection Infrastructure,,,,,,,86743
2024-10-14,,OPT,PSE,Gaza Strip,,,censored,"Health Care, Aid Operations",Government Aid Agency,Ground-Launched,Artillery,Host Government: Military,Israeli Defence Forces,Health Worker,,,,,,,85686
2024-10-14,,OPT,PSE,Gaza Strip,,,censored,Protection,IDP/Refugee Service,Air-Launched: Plane,Aerial Bomb,Host Government: Military,Israeli Defence Forces,Protection Infrastructure,,,,,,,86722
2024-10-14,,OPT,PSE,Gaza Strip,,,censored,"Education, Protection, Aid Operations","IDP/Refugee Service, UN Agency",Air-Launched: Plane,Aerial Bomb,Host Government: Military,Israeli Defence Forces,Education Infrastructure,,,,,,,87139
2024-10-14,,OPT,PSE,Gaza Strip,,,censored,"Education, Protection","IDP/Refugee Service, Local Education Provider",Ground-Launched,Shelling,Host Government: Military,Israeli Defence Forces,Education Infrastructure,,,,,,,87138
2024-10-14,,Lebanon,LBN,South Governorate,,,censored by HDX,Health Care,Other,Unspecified Launch Method,Unspecified Explosive,Foreign Forces: Military,Israeli Defence Forces,Multiple,,,,,,,86595
2024-10-14,,Lebanon,LBN,Nabatieh Governorate,,,censored by HDX,Health Care,Private Health Care,Air-Launched: Plane,Aerial Bomb,Foreign Forces: Military,Israeli Defence Forces,Health Infrastructure,,3,,,,,84843
2024-10-13,,Lebanon,LBN,Nabatieh Governorate,,,censored by HDX,"Health Care, Aid Operations",National Red Cross Society,Unspecified Launch Method,Unspecified Explosive,Foreign Forces: Military,Israeli Defence Forces,Health Infrastructure,,,,,,,86588
2024-10-13,,OPT,PSE,Gaza Strip,,,censored,Protection,IDP/Refugee Service,Air-Launched: Plane,Aerial Bomb,Host Government: Military,Israeli Defence Forces,Protection Infrastructure,,,,,,,86687
2024-10-13,,Lebanon,LBN,Baalbek-Hermel Governorate,,,censored by HDX,Health Care,Private Health Care,Air-Launched: Plane,Aerial Bomb,Foreign Forces: Military,Israeli Defence Forces,Health Infrastructure,,,,,,,84840
2024-10-13,,Lebanon,LBN,Beqaa Governorate,,,censored by HDX,"Health Care, Aid Operations",INGO,Air-Launched: Plane,Aerial Bomb,Foreign Forces: Military,Israeli Defence Forces,Health Infrastructure,,,,,,,84842
2024-10-13,,Lebanon,LBN,Beqaa Governorate,,,censored by HDX,Health Care,Other,Unspecified Launch Method,Unspecified Explosive,Foreign Forces: Military,Israeli Defence Forces,Health Infrastructure,,,,,,,86590
2024-10-13,,OPT,PSE,Gaza Strip,,,censored,"Education, Protection","IDP/Refugee Service, Local Education Provider",Air-Launched: Drone,Aerial Bomb,Host Government: Military,Israeli Defence Forces,Education Infrastructure,,,,,,,85655
2024-10-13,,OPT,PSE,West Bank,,,censored,Education,Local Education Provider,Directly-Emplaced,Hand Grenade,Host Government: Military,Israeli Defence Forces,Education Infrastructure,,,,,,,87184
2024-10-13,,OPT,PSE,Gaza Strip,,,censored,Protection,IDP/Refugee Service,Air-Launched: Drone,Aerial Bomb,Host Government: Military,Israeli Defence Forces,Protection Infrastructure,,,,,,,85986
2024-10-13,,OPT,PSE,Gaza Strip,,,censored,"Education, Health Care, Protection, Aid Operations","IDP/Refugee Service, Local Health Care Provider, UN Agency",Ground-Launched,Artillery,Host Government: Military,Israeli Defence Forces,Education Infrastructure,,,,,,,84892
2024-10-13,,OPT,PSE,Gaza Strip,,,censored,Protection,IDP/Refugee Service,Air-Launched: Plane,Aerial Bomb,Host Government: Military,Israeli Defence Forces,Protection Infrastructure,,,,,,,85989
2024-10-13,,Lebanon,LBN,Mount Lebanon Governorate,,,censored by HDX,"Health Care, Aid Operations",INGO,Air-Launched: Plane,Aerial Bomb,Foreign Forces: Military,Israeli Defence Forces,Health Infrastructure,,,,,,,84643
2024-10-13,,OPT,PSE,Gaza Strip,,,censored,Health Care,Local Health Care Provider,Air-Launched: Plane,Aerial Bomb,Host Government: Military,Israeli Defence Forces,Health Infrastructure,,,,,,,84921
2024-10-13,,Lebanon,LBN,Nabatieh Governorate,,,censored by HDX,Health Care,Other,Unspecified Launch Method,Unspecified Explosive,Foreign Forces: Military,Israeli Defence Forces,Health Worker,,,,,,,86591
2024-10-13,,Lebanon,LBN,South Governorate,,,censored by HDX,Health Care,Other,Unspecified Launch Method,Unspecified Explosive,Foreign Forces: Military,Israeli Defence Forces,Multiple,,,,,,,86592
2024-10-13,,Lebanon,LBN,Nabatieh Governorate,,,censored by HDX,Health Care,Other,Unspecified Launch Method,Unspecified Explosive,Foreign Forces: Military,Israeli Defence Forces,Multiple,,,,,,,86593
2024-10-13,,Lebanon,LBN,South Governorate,,,censored by HDX,Health Care,Local Health Care Provider,Air-Launched: Plane,Aerial Bomb,Foreign Forces: Military,Israeli Defence Forces,Health Infrastructure,,,,,,,85442
2024-10-13,,Lebanon,LBN,South Governorate,,,censored by HDX,Health Care,Private Health Care,Air-Launched: Plane,Aerial Bomb,Foreign Forces: Military,Israeli Defence Forces,Health Infrastructure,,1,,,,,84955
2024-10-13,,OPT,PSE,Gaza Strip,,,censored,Protection,IDP/Refugee Service,Ground-Launched,Shelling,Host Government: Military,Israeli Defence Forces,Protection Infrastructure,,,,,,,85988
2024-10-13,,OPT,PSE,Gaza Strip,,,censored,Protection,IDP/Refugee Service,Ground-Launched,Shelling,Host Government: Military,Israeli Defence Forces,Protection Infrastructure,,,,,,,85626
2024-10-13,,Lebanon,LBN,Nabatieh Governorate,,,censored by HDX,"Health Care, Aid Operations",National Red Cross Society,Air-Launched: Plane,Aerial Bomb,Foreign Forces: Military,Israeli Defence Forces,Health Infrastructure,,,,,,,84641
2024-10-12,,Lebanon,LBN,Beqaa Governorate,,,censored by HDX,Health Care,Local Health Care Provider,Air-Launched: Plane,Aerial Bomb,Foreign Forces: Military,Israeli Defence Forces,Health Infrastructure,,,,,,,84585
2024-10-12,,Lebanon,LBN,Baalbek-Hermel Governorate,,,censored by HDX,Health Care,Local Health Care Provider,Air-Launched: Plane,Aerial Bomb,Foreign Forces: Military,Israeli Defence Forces,Health Infrastructure,,,,,,,84660
2024-10-12,,OPT,PSE,Gaza Strip,,,censored,Protection,IDP/Refugee Service,Air-Launched: Drone,Aerial Bomb,Host Government: Military,Israeli Defence Forces,Protection Infrastructure,,,,,,,85624
2024-10-12,,OPT,PSE,Gaza Strip,,,censored,"Health Care, Protection, Aid Operations","IDP/Refugee Service, INGO",Air-Launched: Drone,Aerial Bomb,Host Government: Military,Israeli Defence Forces,Health Infrastructure,,,,,,,84889
2024-10-12,,Lebanon,LBN,South Governorate,,,censored by HDX,Health Care,Private Health Care,Air-Launched: Plane,Aerial Bomb,Foreign Forces: Military,Israeli Defence Forces,Health Infrastructure,,,,,,,84956
2024-10-12,,OPT,PSE,Gaza Strip,,,censored,"Health Care, Aid Operations",National Red Cross Society,Unspecified Launch Method,Unspecified Explosive,Host Government: Military,Israeli Defence Forces,Health Infrastructure,,,,,,,86168
2024-10-12,,OPT,PSE,Gaza Strip,,,censored,Protection,IDP/Refugee Service,Air-Launched: Plane,Aerial Bomb,Host Government: Military,Israeli Defence Forces,Protection Infrastructure,,,,,,,85709
2024-10-12,,Lebanon,LBN,Beqaa Governorate,,,censored by HDX,Health Care,Local Health Care Provider,Air-Launched: Plane,Aerial Bomb,Foreign Forces: Military,Israeli Defence Forces,Health Infrastructure,,,,,,,84587
2024-10-12,,OPT,PSE,Gaza Strip,,,censored,Protection,IDP/Refugee Service,Air-Launched: Plane,Aerial Bomb,Host Government: Military,Israeli Defence Forces,Protection Infrastructure,,,,,,,86686
2024-10-12,,OPT,PSE,Gaza Strip,,,censored,Protection,IDP/Refugee Service,Air-Launched: Plane,Aerial Bomb,Host Government: Military,Israeli Defence Forces,Protection Infrastructure,,,,,,,86679
2024-10-12,,Lebanon,LBN,Keserwan-Jbeil Governorate,,,censored by HDX,Education,Local Education Provider,Air-Launched: Plane,Aerial Bomb,Foreign Forces: Military,Israeli Defence Forces,Teacher/Student,,,,1,,,87322
2024-10-12,,Lebanon,LBN,Beqaa Governorate,,,censored by HDX,Health Care,Private Health Care,Air-Launched: Plane,Aerial Bomb,Foreign Forces: Military,Israeli Defence Forces,Health Infrastructure,,,,,,,84841
2024-10-12,,Lebanon,LBN,Nabatieh Governorate,,,censored by HDX,"Health Care, Aid Operations",National Red Cross Society,Air-Launched: Plane,Aerial Bomb,Foreign Forces: Military,Israeli Defence Forces,Health Worker,,,,,,,85254
2024-10-12,,OPT,PSE,Gaza Strip,,,censored,Protection,IDP/Refugee Service,Air-Launched: Drone,Shelling,Host Government: Military,Israeli Defence Forces,Protection Infrastructure,,,,,,,85983
2024-10-12,,OPT,PSE,Gaza Strip,,,censored,Protection,IDP/Refugee Service,Air-Launched: Plane,Aerial Bomb,Host Government: Military,Israeli Defence Forces,Protection Infrastructure,,,,,,,85977
2024-10-12,,OPT,PSE,Gaza Strip,,,censored,Protection,IDP/Refugee Service,Unspecified Launch Method,Unspecified Explosive,Host Government: Military,Israeli Defence Forces,Protection Infrastructure,,,,,,,85974
2024-10-12,,OPT,PSE,Gaza Strip,,,censored,Protection,IDP/Refugee Service,Air-Launched: Drone,Aerial Bomb,Host Government: Military,Israeli Defence Forces,Protection Infrastructure,,,,,,,85973
2024-10-11,,OPT,PSE,Gaza Strip,,,censored,Protection,IDP/Refugee Service,Air-Launched: Plane,Aerial Bomb,Host Government: Military,Israeli Defence Forces,Protection Infrastructure,,,,,,,86677
2024-10-11,,OPT,PSE,Gaza Strip,,,censored,Protection,IDP/Refugee Service,Air-Launched: Plane,Aerial Bomb,Host Government: Military,Israeli Defence Forces,Protection Infrastructure,,,,,,,86678
2024-10-11,,Lebanon,LBN,South Governorate,,,censored by HDX,Health Care,Private Health Care,Air-Launched: Plane,Aerial Bomb,Foreign Forces: Military,Israeli Defence Forces,Health Infrastructure,,,,,,,84584
2024-10-11,,OPT,PSE,Gaza Strip,,,censored,"Education, Protection","IDP/Refugee Service, Local Education Provider",Air-Launched: Plane,Aerial Bomb,Host Government: Military,Israeli Defence Forces,Education Infrastructure,,,,,,,86742
2024-10-11,,Lebanon,LBN,Nabatieh Governorate,,,censored by HDX,Health Care,Local Health Care Provider,Air-Launched: Plane,Aerial Bomb,Foreign Forces: Military,Israeli Defence Forces,Health Infrastructure,,,,,,,85441
2024-10-11,,OPT,PSE,Gaza Strip,,,censored,Protection,IDP/Refugee Service,Ground-Launched,Shelling,Host Government: Military,Israeli Defence Forces,Protection Infrastructure,,,,,,,85971
2024-10-11,,OPT,PSE,Gaza Strip,,,censored,Protection,IDP/Refugee Service,Air-Launched: Plane,Aerial Bomb,Host Government: Military,Israeli Defence Forces,Protection Infrastructure,,,,,,,85947
2024-10-11,,Lebanon,LBN,South Governorate,,,censored by HDX,"Health Care, Aid Operations",NGO,Air-Launched: Plane,Aerial Bomb,Foreign Forces: Military,Israeli Defence Forces,Health Infrastructure,,,,,,,84637
2024-10-11,,Lebanon,LBN,Baalbek-Hermel Governorate,,,censored by HDX,Health Care,Local Health Care Provider,Air-Launched: Plane,Aerial Bomb,Foreign Forces: Military,Israeli Defence Forces,Health Infrastructure,,,,,,,85440
2024-10-11,,OPT,PSE,Gaza Strip,,,censored,Protection,IDP/Refugee Service,Air-Launched: Plane,Aerial Bomb,Host Government: Military,Israeli Defence Forces,Protection Infrastructure,,,,,,,85970
2024-10-11,,OPT,PSE,Gaza Strip,,,censored,"Education, Protection","IDP/Refugee Service, Local Education Provider",Ground-Launched,Shelling,Host Government: Military,Israeli Defence Forces,Education Infrastructure,,,,,,,85951
2024-10-11,,OPT,PSE,Gaza Strip,,,censored,Protection,IDP/Refugee Service,Ground-Launched,Shelling,Host Government: Military,Israeli Defence Forces,Protection Infrastructure,,,,,,,85968
2024-10-11,,OPT,PSE,Gaza Strip,,,censored,"Health Care, Protection, Aid Operations","IDP/Refugee Service, United Nations",Air-Launched: Plane,Aerial Bomb,Host Government: Military,Israeli Defence Forces,Health Infrastructure,,,,,,,85967
2024-10-11,,Lebanon,LBN,Nabatieh Governorate,,,censored by HDX,Health Care,Private Health Care,Air-Launched: Plane,Aerial Bomb,Foreign Forces: Military,Israeli Defence Forces,Health Infrastructure,,2,,,,,84702
2024-10-11,,Lebanon,LBN,Baalbek-Hermel Governorate,,,censored by HDX,Health Care,Local Health Care Provider,Air-Launched: Plane,Aerial Bomb,Foreign Forces: Military,Israeli Defence Forces,Health Infrastructure,,1,,,,,85438
2024-10-11,,OPT,PSE,Gaza Strip,,,censored,"Education, Protection","IDP/Refugee Service, Local Education Provider",Air-Launched: Plane,Aerial Bomb,Host Government: Military,Israeli Defence Forces,Education Infrastructure,,,,,,,87372
2024-10-11,,OPT,PSE,Gaza Strip,,,censored,Protection,IDP/Refugee Service,Air-Launched: Drone,Aerial Bomb,Host Government: Military,Israeli Defence Forces,Protection Infrastructure,,,,,,,85708
2024-10-11,,Lebanon,LBN,Nabatieh Governorate,,,censored by HDX,Health Care,Other,Unspecified Launch Method,Unspecified Explosive,Foreign Forces: Military,Israeli Defence Forces,Multiple,,,,,,,86587
2024-10-10,,Lebanon,LBN,Mount Lebanon Governorate,,,censored by HDX,"Health Care, Aid Operations",INGO,Air-Launched: Plane,Aerial Bomb,Foreign Forces: Military,Israeli Defence Forces,Other,,,,,,,84932
2024-10-10,,Lebanon,LBN,South Governorate,,,censored by HDX,Health Care,Private Health Care,Unspecified Launch Method,Unspecified Explosive,Foreign Forces: Military,Israeli Defence Forces,Health Infrastructure,,,,,,,86586
2024-10-10,,Lebanon,LBN,South Governorate,,,censored by HDX,"Health Care, Aid Operations",INGO,Air-Launched: Plane,Aerial Bomb,Foreign Forces: Military,Israeli Defence Forces,Other,,,,,,,84933
2024-10-10,,OPT,PSE,Gaza Strip,,,censored,Protection,IDP/Refugee Service,Air-Launched: Plane,Aerial Bomb,Host Government: Military,Israeli Defence Forces,Protection Infrastructure,,,,,,,85707
2024-10-10,,OPT,PSE,Gaza Strip,,,censored,Health Care,Local Health Care Provider,Air-Launched: Drone,Aerial Bomb,Host Government: Military,Israeli Defence Forces,Health Infrastructure,,,,,,,86281
2024-10-10,,OPT,PSE,West Bank,,,censored,Protection,IDP/Refugee Service,Air-Launched: Plane,Aerial Bomb,Host Government: Military,Israeli Defence Forces,Protection Infrastructure,,,,,,,86803
2024-10-10,,OPT,PSE,Gaza Strip,,,censored,"Education, Protection","IDP/Refugee Service, Local Education Provider",Air-Launched: Plane,Aerial Bomb,Host Government: Military,Israeli Defence Forces,Education Infrastructure,,,,,,,86740
2024-10-10,,OPT,PSE,West Bank,,,censored,Protection,IDP/Refugee Service,Air-Launched: Drone,Missile,Host Government: Military,Israeli Defence Forces,Protection Infrastructure,,,,,,,86801
2024-10-10,,OPT,PSE,Gaza Strip,,,censored,"Health Care, Protection","IDP/Refugee Service, Local Health Care Provider",Unspecified Launch Method,Unspecified Explosive,Host Government: Military,Israeli Defence Forces,Health Infrastructure,,,,,,,86741
2024-10-10,,OPT,PSE,Gaza Strip,,,censored,Protection,IDP/Refugee Service,Air-Launched: Plane,Aerial Bomb,Host Government: Military,Israeli Defence Forces,Protection Infrastructure,,,,,,,85945
2024-10-10,,OPT,PSE,Gaza Strip,,,censored,Protection,IDP/Refugee Service,Air-Launched: Plane,Aerial Bomb,Host Government: Military,Israeli Defence Forces,Protection Infrastructure,,,,,,,85948
2024-10-10,,OPT,PSE,Gaza Strip,,,censored,Protection,IDP/Refugee Service,Ground-Launched,Shelling,Host Government: Military,Israeli Defence Forces,Protection Infrastructure,,,,,,,85949
2024-10-10,,Lebanon,LBN,Baalbek-Hermel Governorate,,,censored by HDX,"Health Care, Aid Operations",INGO,Air-Launched: Plane,Aerial Bomb,Foreign Forces: Military,Israeli Defence Forces,Other,,,,,,,84931
2024-10-10,,OPT,PSE,Gaza Strip,,,censored,Health Care,Local Health Care Provider,Unspecified Launch Method,Unspecified Explosive,Host Government: Military,Israeli Defence Forces,Health Worker,,1,,,,,69070
2024-10-09,,Lebanon,LBN,Nabatieh Governorate,,,censored by HDX,Health Care,Private Health Care,Unspecified Launch Method,Unspecified Explosive,Foreign Forces: Military,Israeli Defence Forces,Private/Voluntary Aid,,,,,,,86585
2024-10-09,,OPT,PSE,Gaza Strip,,,censored,"Health Care, Protection, Aid Operations","Government Aid Agency, IDP/Refugee Service",Unspecified Launch Method,Unspecified Explosive,Host Government: Military,Israeli Defence Forces,Multiple,,,,,,,85064
2024-10-09,,OPT,PSE,Gaza Strip,,,censored,"Health Care, Protection","IDP/Refugee Service, Local Health Care Provider",Ground-Launched,Artillery,Host Government: Military,Israeli Defence Forces,Protection Infrastructure,,,,,,,86280
2024-10-09,,Lebanon,LBN,South Governorate,,,censored by HDX,"Health Care, Aid Operations","Government Aid Agency, Other",Air-Launched: Plane,Aerial Bomb,Foreign Forces: Military,Israeli Defence Forces,Health Infrastructure,,5,,,,,84551
2024-10-09,,Lebanon,LBN,Nabatieh Governorate,,,censored by HDX,"Education, Aid Operations",LNGO,Air-Launched: No Information on Platform Type,Aerial Bomb,Foreign Forces: Military,Israeli Defence Forces,Education Infrastructure,,,,,,,85601
2024-10-09,,OPT,PSE,Gaza Strip,,,censored,Aid Operations,NGO,Air-Launched: Plane,Aerial Bomb,Host Government: Military,Israeli Defence Forces,Aid Infrastructure,3,,,,,,85610
2024-10-09,,Lebanon,LBN,South Governorate,,,censored by HDX,Health Care,Private Health Care,Air-Launched: Plane,Aerial Bomb,Foreign Forces: Military,Israeli Defence Forces,Health Infrastructure,,2,,,,,84636
2024-10-09,,OPT,PSE,Gaza Strip,,,censored,Protection,IDP/Refugee Service,Air-Launched: Plane,Aerial Bomb,Host Government: Military,Israeli Defence Forces,Protection Infrastructure,,,,,,,85622
2024-10-09,,Lebanon,LBN,Nabatieh Governorate,,,censored by HDX,Health Care,Local Health Care Provider,Air-Launched: No Information on Platform Type,Aerial Bomb,Foreign Forces: Military,Israeli Defence Forces,Health Infrastructure,,,,,,,93405
2024-10-09,,OPT,PSE,Gaza Strip,,,censored,"Education, Protection","IDP/Refugee Service, Local Education Provider",Air-Launched: Plane,Aerial Bomb,Host Government: Military,Israeli Defence Forces,Education Infrastructure,,,,,,,85846
2024-10-09,,OPT,PSE,Gaza Strip,,,censored,Protection,IDP/Refugee Service,Air-Launched: Plane,Aerial Bomb,Host Government: Military,Israeli Defence Forces,Protection Infrastructure,,,,,,,85845
2024-10-09,,OPT,PSE,Gaza Strip,,,censored,"Health Care, Protection, Aid Operations","IDP/Refugee Service, United Nations",Air-Launched: Plane,Aerial Bomb,Host Government: Military,Israeli Defence Forces,Health Infrastructure,,,,,,,85842
2024-10-09,,OPT,PSE,Gaza Strip,,,censored,Protection,IDP/Refugee Service,Air-Launched: Plane,Aerial Bomb,Host Government: Military,Israeli Defence Forces,Protection Infrastructure,,,,,,,85841
2024-10-09,,OPT,PSE,Gaza Strip,,,censored,Protection,IDP/Refugee Service,Air-Launched: Plane,Aerial Bomb,Host Government: Military,Israeli Defence Forces,Protection Infrastructure,,,,,,,85839
2024-10-09,,OPT,PSE,Gaza Strip,,,censored,Health Care,Private Health Care,Air-Launched: Plane,Aerial Bomb,Host Government: Military,Israeli Defence Forces,Private/Voluntary Aid,,1,,,,,84873
2024-10-09,,OPT,PSE,Gaza Strip,,,censored,"Health Care, Protection","IDP/Refugee Service, Local Health Care Provider",Air-Launched: Plane,Aerial Bomb,Host Government: Military,Israeli Defence Forces,Health Infrastructure,,,,,,,84874
2024-10-09,,OPT,PSE,Gaza Strip,,,censored,Protection,IDP/Refugee Service,Ground-Launched,Shelling,Host Government: Military,Israeli Defence Forces,Protection Infrastructure,,,,,,,85785
2024-10-09,,OPT,PSE,Gaza Strip,,,censored,Protection,IDP/Refugee Service,Air-Launched: Plane,Aerial Bomb,Host Government: Military,Israeli Defence Forces,Protection Infrastructure,,,,,,,85782
2024-10-09,,OPT,PSE,Gaza Strip,,,censored,Protection,IDP/Refugee Service,Air-Launched: Plane,Aerial Bomb,Host Government: Military,Israeli Defence Forces,Protection Infrastructure,,,,,,,85780
2024-10-08,,Lebanon,LBN,Nabatieh Governorate,,,censored by HDX,Health Care,Other,Unspecified Launch Method,Unspecified Explosive,Foreign Forces: Military,Israeli Defence Forces,Multiple,,,,,,,86584
2024-10-08,,Lebanon,LBN,South Governorate,,,censored by HDX,Health Care,Private Health Care,Unspecified Launch Method,Unspecified Explosive,Foreign Forces: Military,Israeli Defence Forces,Private/Voluntary Aid,,,,,,,86565
2024-10-08,,OPT,PSE,Gaza Strip,,,censored,Protection,IDP/Refugee Service,Air-Launched: Plane,Aerial Bomb,Host Government: Military,Israeli Defence Forces,Protection Infrastructure,,,,,,,86675
2024-10-08,,OPT,PSE,Gaza Strip,,,censored,Protection,IDP/Refugee Service,Air-Launched: Plane,Aerial Bomb,Host Government: Military,Israeli Defence Forces,Protection Infrastructure,,,,,,,86676
2024-10-08,,OPT,PSE,Gaza Strip,,,censored,Protection,IDP/Refugee Service,Air-Launched: Plane,Aerial Bomb,Host Government: Military,Israeli Defence Forces,Protection Infrastructure,,,,,,,85706
2024-10-08,,OPT,PSE,Gaza Strip,,,censored,Protection,IDP/Refugee Service,Air-Launched: Plane,Aerial Bomb,Host Government: Military,Israeli Defence Forces,Protection Infrastructure,,,,,,,85745
2024-10-08,,OPT,PSE,Gaza Strip,,,censored,Protection,IDP/Refugee Service,Ground-Launched,Shelling,Host Government: Military,Israeli Defence Forces,Protection Infrastructure,,,,,,,85744
2024-10-08,,Lebanon,LBN,Nabatieh Governorate,,,censored by HDX,Health Care,Local Health Care Provider,Air-Launched: Plane,Aerial Bomb,Foreign Forces: Military,Israeli Defence Forces,Health Infrastructure,,,,,,,85436
2024-10-08,,Lebanon,LBN,South Governorate,,,censored by HDX,Health Care,Local Health Care Provider,Air-Launched: Plane,Aerial Bomb,Foreign Forces: Military,Israeli Defence Forces,Health Infrastructure,,,,,,,85435
2024-10-08,,OPT,PSE,Gaza Strip,,,censored,"Health Care, Aid Operations",INGO,Unspecified Launch Method,Unspecified Explosive,Host Government: Military,Israeli Defence Forces,Health Worker,,,1,,,,84870
2024-10-08,,OPT,PSE,Gaza Strip,,,censored,"Protection, Food Security",IDP/Refugee Service,Air-Launched: Plane,Aerial Bomb,Host Government: Military,Israeli Defence Forces,Protection Infrastructure,,,,,,Food Production and Storage,85779
2024-10-08,,OPT,PSE,Gaza Strip,,,censored,Protection,IDP/Refugee Service,Air-Launched: Plane,Aerial Bomb,Host Government: Military,Israeli Defence Forces,Protection Infrastructure,,,,,,,85778
2024-10-08,,OPT,PSE,Gaza Strip,,,censored,Protection,IDP/Refugee Service,Air-Launched: Plane,Aerial Bomb,Host Government: Military,Israeli Defence Forces,Protection Infrastructure,,,,,,,85621
2024-10-08,,OPT,PSE,Gaza Strip,,,censored,Protection,IDP/Refugee Service,Air-Launched: Plane,Aerial Bomb,Host Government: Military,Israeli Defence Forces,Protection Infrastructure,,,,,,,85618
2024-10-08,,OPT,PSE,Gaza Strip,,,censored,"Protection, Aid Operations","IDP/Refugee Service, UN Agency",Air-Launched: Plane,Aerial Bomb,Host Government: Military,Israeli Defence Forces,Aid Infrastructure,1,,,,,,85607
2024-10-08,,Lebanon,LBN,South Governorate,,,censored by HDX,"Health Care, Aid Operations",NGO,Air-Launched: Plane,Aerial Bomb,Foreign Forces: Military,Israeli Defence Forces,Health Infrastructure,,,,,,,84701
2024-10-07,,OPT,PSE,Gaza Strip,,,censored,Protection,IDP/Refugee Service,Air-Launched: Plane,Aerial Bomb,Host Government: Military,Israeli Defence Forces,Protection Infrastructure,,,,,,,85590
2024-10-07,,OPT,PSE,Gaza Strip,,,censored,Protection,IDP/Refugee Service,Air-Launched: Drone,Aerial Bomb,Host Government: Military,Israeli Defence Forces,Protection Infrastructure,,,,,,,86674
2024-10-07,,OPT,PSE,Gaza Strip,,,censored,Protection,IDP/Refugee Service,Ground-Launched,Shelling,Host Government: Military,Israeli Defence Forces,Protection Infrastructure,,,,,,,85743
2024-10-07,,OPT,PSE,Gaza Strip,,,censored,Protection,IDP/Refugee Service,Air-Launched: Plane,Aerial Bomb,Host Government: Military,Israeli Defence Forces,Protection Infrastructure,,,,,,,85589
2024-10-07,,OPT,PSE,Gaza Strip,,,censored,"Health Care, Protection","IDP/Refugee Service, Local Health Care Provider",Unspecified Launch Method,Unspecified Explosive,Host Government: Military,Israeli Defence Forces,Health Infrastructure,,,,,,,84861
2024-10-07,,Lebanon,LBN,Nabatieh Governorate,,,censored by HDX,Health Care,Local Health Care Provider,Air-Launched: Plane,Aerial Bomb,Foreign Forces: Military,Israeli Defence Forces,Health Infrastructure,,,,,,,84670
2024-10-07,,OPT,PSE,Gaza Strip,,,censored,Protection,IDP/Refugee Service,Air-Launched: Plane,Aerial Bomb,Host Government: Military,Israeli Defence Forces,Protection Infrastructure,,,,,,,85593
2024-10-07,,OPT,PSE,Gaza Strip,,,censored,Protection,IDP/Refugee Service,Air-Launched: Plane,Aerial Bomb,Host Government: Military,Israeli Defence Forces,Protection Infrastructure,,,,,,,85592
2024-10-07,,Lebanon,LBN,Mount Lebanon Governorate,,,censored by HDX,"Health Care, Aid Operations",NGO,Air-Launched: Plane,Aerial Bomb,Foreign Forces: Military,Israeli Defence Forces,Health Infrastructure,,,,,,,84549
2024-10-07,,OPT,PSE,Gaza Strip,,,censored,Protection,IDP/Refugee Service,Air-Launched: Plane,Aerial Bomb,Host Government: Military,Israeli Defence Forces,Protection Infrastructure,,,,,,,85742
2024-10-07,,OPT,PSE,Gaza Strip,,,censored,"Education, Protection","IDP/Refugee Service, Local Education Provider",Air-Launched: Plane,Aerial Bomb,Host Government: Military,Israeli Defence Forces,Education Infrastructure,,,,,,,86739
2024-10-07,,OPT,PSE,Gaza Strip,,,censored,Protection,IDP/Refugee Service,Air-Launched: Plane,Aerial Bomb,Host Government: Military,Israeli Defence Forces,Protection Infrastructure,,,,,,,85594
2024-10-07,,OPT,PSE,Gaza Strip,,,censored,Protection,IDP/Refugee Service,Ground-Launched,Shelling,Host Government: Military,Israeli Defence Forces,Protection Infrastructure,,,,,,,86673
2024-10-07,,OPT,PSE,Gaza Strip,,,censored,Protection,IDP/Refugee Service,Ground-Launched,Artillery,Host Government: Military,Israeli Defence Forces,Protection Infrastructure,,,,,,,85741
2024-10-07,,Lebanon,LBN,Nabatieh Governorate,,,censored by HDX,Health Care,Local Health Care Provider,Air-Launched: Plane,Aerial Bomb,Foreign Forces: Military,Israeli Defence Forces,Multiple,,,,,,,85433
2024-10-07,,Lebanon,LBN,South Governorate,,,censored by HDX,Health Care,Other,Unspecified Launch Method,Unspecified Explosive,Foreign Forces: Military,Israeli Defence Forces,Health Infrastructure,,1,,,,,86564
2024-10-06,,Lebanon,LBN,Mount Lebanon Governorate,,,censored by HDX,"Health Care, Aid Operations",UN Agency,Air-Launched: Plane,Aerial Bomb,Foreign Forces: Military,Israeli Defence Forces,Health Infrastructure,,,,,,,84548
2024-10-06,,OPT,PSE,Gaza Strip,,,censored,"Education, Protection","IDP/Refugee Service, Local Education Provider",Air-Launched: Plane,Aerial Bomb,Host Government: Military,Israeli Defence Forces,Education Infrastructure,,,,,,,86738
2024-10-06,,OPT,PSE,Gaza Strip,,,censored,Health Care,Local Health Care Provider,Unspecified Launch Method,Unspecified Explosive,Host Government: Military,Israeli Defence Forces,Health Infrastructure,,,,,,,84857
2024-10-06,,OPT,PSE,Gaza Strip,,,censored,Protection,IDP/Refugee Service,Air-Launched: Plane,Aerial Bomb,Host Government: Military,Israeli Defence Forces,Protection Infrastructure,,,,,,,86672
2024-10-06,,OPT,PSE,Gaza Strip,,,censored,Protection,IDP/Refugee Service,Ground-Launched,Shelling,Host Government: Military,Israeli Defence Forces,Protection Infrastructure,,,,,,,85739
2024-10-06,,OPT,PSE,Gaza Strip,,,censored,Protection,IDP/Refugee Service,Air-Launched: Plane,Aerial Bomb,Host Government: Military,Israeli Defence Forces,Protection Infrastructure,,,,,,,85738
2024-10-06,,Lebanon,LBN,Nabatieh Governorate,,,censored by HDX,Health Care,Other,Unspecified Launch Method,Unspecified Explosive,Foreign Forces: Military,Israeli Defence Forces,Multiple,,,,,,,86562
2024-10-06,,Syria,SYR,Homs Governorate,34.4,38.1,(2) 25 km Precision ,Aid Operations,NGO,Air-Launched: Drone,Aerial Bomb,Foreign Forces: Military,Israeli Defence Forces,Aid Infrastructure,,,,,,,85687
2024-10-06,,Lebanon,LBN,Mount Lebanon Governorate,,,censored by HDX,Health Care,Private Health Care,Air-Launched: Plane,Aerial Bomb,Foreign Forces: Military,Israeli Defence Forces,Health Infrastructure,,,,,,,84550
2024-10-06,,OPT,PSE,Gaza Strip,,,censored,Protection,IDP/Refugee Service,Air-Launched: Plane,Aerial Bomb,Host Government: Military,Israeli Defence Forces,Protection Infrastructure,,,,,,,85654
2024-10-06,,Lebanon,LBN,Nabatieh Governorate,,,censored by HDX,"Health Care, Aid Operations",NGO,Air-Launched: Plane,Aerial Bomb,Foreign Forces: Military,Israeli Defence Forces,Health Infrastructure,,,,,,,84700
2024-10-05,,Lebanon,LBN,Mount Lebanon Governorate,,,censored by HDX,Health Care,Private Health Care,Air-Launched: Plane,Aerial Bomb,Foreign Forces: Military,Israeli Defence Forces,Health Infrastructure,,,,,,,84546
2024-10-05,,Lebanon,LBN,Nabatieh Governorate,,,censored by HDX,Health Care,Local Health Care Provider,Ground-Launched,Shelling,Foreign Forces: Military,Israeli Defence Forces,Health Infrastructure,,,,,,,84541
2024-10-05,,Lebanon,LBN,Nabatieh Governorate,,,censored by HDX,Health Care,Local Health Care Provider,Air-Launched: Plane,Aerial Bomb,Foreign Forces: Military,Israeli Defence Forces,Health Infrastructure,,,,,,,84547
2024-10-05,,Lebanon,LBN,North Governorate,,,censored by HDX,Protection,IDP/Refugee Service,Air-Launched: Plane,Aerial Bomb,Foreign Forces: Military,Israeli Defence Forces,Protection Infrastructure,,,,,,,86354
2024-10-05,,Lebanon,LBN,Mount Lebanon Governorate,,,censored by HDX,Protection,IDP/Refugee Service,Air-Launched: Plane,Aerial Bomb,Foreign Forces: Military,Israeli Defence Forces,Protection Infrastructure,,,,,,,86353
2024-10-05,,OPT,PSE,Gaza Strip,,,censored,"Education, Protection","IDP/Refugee Service, Local Education Provider",Air-Launched: Plane,Aerial Bomb,Host Government: Military,Israeli Defence Forces,Education Infrastructure,,,,,,,87080
2024-10-05,,OPT,PSE,Gaza Strip,,,censored,"Health Care, Protection","IDP/Refugee Service, Local Health Care Provider",Air-Launched: Plane,Aerial Bomb,Host Government: Military,Israeli Defence Forces,Health Infrastructure,,,,,,,84855
2024-10-05,,OPT,PSE,Gaza Strip,,,censored,Protection,IDP/Refugee Service,Air-Launched: Plane,Aerial Bomb,Host Government: Military,Israeli Defence Forces,Protection Infrastructure,,,,,,,85737
2024-10-05,,OPT,PSE,Gaza Strip,,,censored,"Health Care, Protection","IDP/Refugee Service, Local Health Care Provider",Air-Launched: Plane,Aerial Bomb,Host Government: Military,Israeli Defence Forces,Health Infrastructure,,,,,,,85736
2024-10-05,,OPT,PSE,Gaza Strip,,,censored,Protection,IDP/Refugee Service,Air-Launched: Plane,Aerial Bomb,Host Government: Military,Israeli Defence Forces,Protection Infrastructure,,,,,,,85735
2024-10-05,,OPT,PSE,Gaza Strip,,,censored,"Health Care, Protection","IDP/Refugee Service, Local Health Care Provider",Directly-Emplaced,Mine,Host Government: Military,Israeli Defence Forces,Multiple,,,,,,,86548
2024-10-05,,Lebanon,LBN,South Governorate,,,censored by HDX,Health Care,Private Health Care,Unspecified Launch Method,Unspecified Explosive,Foreign Forces: Military,Israeli Defence Forces,Health Infrastructure,,2,,,,,86560
2024-10-05,,Lebanon,LBN,Baalbek-Hermel Governorate,,,censored by HDX,"Health Care, Aid Operations",National Red Cross Society,Unspecified Launch Method,Unspecified Explosive,Foreign Forces: Military,Israeli Defence Forces,Health Worker,,,,,,,85599
2024-10-05,,Lebanon,LBN,Mount Lebanon Governorate,,,censored by HDX,Aid Operations,UN Agency,Air-Launched: Plane,Aerial Bomb,Foreign Forces: Military,Israeli Defence Forces,Other,,,,,,,85598
2024-10-05,,OPT,PSE,Gaza Strip,,,censored,Protection,IDP/Refugee Service,Air-Launched: Plane,Aerial Bomb,Host Government: Military,Israeli Defence Forces,Protection Infrastructure,,,,,,,85588
2024-10-05,,OPT,PSE,Gaza Strip,,,censored,Protection,IDP/Refugee Service,Ground-Launched,Shelling,Host Government: Military,Israeli Defence Forces,Protection Infrastructure,,,,,,,85587
2024-10-05,,OPT,PSE,Gaza Strip,,,censored,Protection,IDP/Refugee Service,Ground-Launched,Shelling,Host Government: Military,Israeli Defence Forces,Protection Infrastructure,,,,,,,86669
2024-10-05,,OPT,PSE,Gaza Strip,,,censored,Protection,IDP/Refugee Service,Air-Launched: Plane,Aerial Bomb,Host Government: Military,Israeli Defence Forces,Protection Infrastructure,,,,,,,86670
2024-10-05,,OPT,PSE,Gaza Strip,,,censored,Protection,IDP/Refugee Service,Air-Launched: Plane,Aerial Bomb,Host Government: Military,Israeli Defence Forces,Protection Infrastructure,,,,,,,86671
2024-10-05,,Lebanon,LBN,Nabatieh Governorate,,,censored by HDX,Health Care,Local Health Care Provider,Air-Launched: Plane,Aerial Bomb,Foreign Forces: Military,Israeli Defence Forces,Health Infrastructure,,,,,,,85432
2024-10-05,,Lebanon,LBN,Mount Lebanon Governorate,,,censored by HDX,Health Care,Local Health Care Provider,Air-Launched: Plane,Aerial Bomb,Foreign Forces: Military,Israeli Defence Forces,Health Infrastructure,,,,,,,85431
2024-10-05,,Lebanon,LBN,Mount Lebanon Governorate,,,censored by HDX,Health Care,Local Health Care Provider,Air-Launched: Plane,Aerial Bomb,Foreign Forces: Military,Israeli Defence Forces,Health Infrastructure,,,,,,,85430
2024-10-05,,Lebanon,LBN,Mount Lebanon Governorate,,,censored by HDX,Health Care,Local Health Care Provider,Air-Launched: Plane,Aerial Bomb,Foreign Forces: Military,Israeli Defence Forces,Health Infrastructure,,,,,,,85429
2024-10-04,,Lebanon,LBN,South Governorate,,,censored by HDX,Health Care,Private Health Care,Air-Launched: Plane,Aerial Bomb,Foreign Forces: Military,Israeli Defence Forces,Health Infrastructure,,1,,,,,84532
2024-10-04,,Lebanon,LBN,Nabatieh Governorate,,,censored by HDX,Health Care,"Local Health Care Provider, Private Health Care",Air-Launched: Plane,Aerial Bomb,Foreign Forces: Military,Israeli Defence Forces,Health Infrastructure,,,2,,,,84539
2024-10-04,,OPT,PSE,Gaza Strip,,,censored,"Education, Protection","IDP/Refugee Service, Local Education Provider",Air-Launched: Plane,Aerial Bomb,Host Government: Military,Israeli Defence Forces,Protection Infrastructure,,,,1,,,85583
2024-10-04,,Lebanon,LBN,Nabatieh Governorate,,,censored by HDX,Health Care,Local Health Care Provider,Air-Launched: Plane,Aerial Bomb,Foreign Forces: Military,Israeli Defence Forces,Health Infrastructure,,,,,,,85428
2024-10-04,,Lebanon,LBN,Nabatieh Governorate,,,censored by HDX,Health Care,Local Health Care Provider,Air-Launched: Plane,Aerial Bomb,Foreign Forces: Military,Israeli Defence Forces,Health Infrastructure,,7,,,,,84545
2024-10-04,,OPT,PSE,Gaza Strip,,,censored,Protection,IDP/Refugee Service,Air-Launched: Plane,Aerial Bomb,Host Government: Military,Israeli Defence Forces,Protection Infrastructure,,,,,,,86663
2024-10-04,,OPT,PSE,Gaza Strip,,,censored,Protection,IDP/Refugee Service,Air-Launched: Plane,Aerial Bomb,Host Government: Military,Israeli Defence Forces,Protection Infrastructure,,,,,,,85653
2024-10-04,,Lebanon,LBN,Nabatieh Governorate,,,censored by HDX,Health Care,Private Health Care,Air-Launched: Plane,Aerial Bomb,Foreign Forces: Military,Israeli Defence Forces,Health Infrastructure,,2,,,,,84538
2024-10-04,,Lebanon,LBN,Mount Lebanon Governorate,,,censored by HDX,Health Care,Private Health Care,Air-Launched: Plane,Aerial Bomb,Foreign Forces: Military,Israeli Defence Forces,Health Infrastructure,,,,,,,84591
2024-10-04,,Lebanon,LBN,Nabatieh Governorate,,,censored by HDX,Health Care,Local Health Care Provider,Ground-Launched,Shelling,Foreign Forces: Military,Israeli Defence Forces,Health Infrastructure,,,,,,,84635
2024-10-04,,OPT,PSE,Gaza Strip,,,censored,"Protection, Food Security",IDP/Refugee Service,Air-Launched: Drone,Aerial Bomb,Host Government: Military,Israeli Defence Forces,Protection Infrastructure,,,,,,,86666
2024-10-04,,Lebanon,LBN,Mount Lebanon Governorate,,,censored by HDX,Health Care,Private Health Care,Air-Launched: Drone,Aerial Bomb,Foreign Forces: Military,Israeli Defence Forces,Private/Voluntary Aid,,,,,,,84699
2024-10-04,,Lebanon,LBN,Mount Lebanon Governorate,,,censored by HDX,Health Care,Private Health Care,Air-Launched: Drone,Aerial Bomb,Foreign Forces: Military,Israeli Defence Forces,Private/Voluntary Aid,,1,,,,,84698
2024-10-04,,OPT,PSE,Gaza Strip,,,censored,Protection,IDP/Refugee Service,Air-Launched: Plane,Aerial Bomb,Host Government: Military,Israeli Defence Forces,Protection Infrastructure,,,,,,,85733
2024-10-04,,Lebanon,LBN,Nabatieh Governorate,,,censored by HDX,Health Care,Local Health Care Provider,Air-Launched: Plane,Aerial Bomb,Foreign Forces: Military,Israeli Defence Forces,Health Infrastructure,,2,,,,,84535
2024-10-04,,Lebanon,LBN,South Governorate,,,censored by HDX,Health Care,Private Health Care,Air-Launched: Plane,Aerial Bomb,Foreign Forces: Military,Israeli Defence Forces,Health Infrastructure,,1,,,,,84534
2024-10-04,,OPT,PSE,Gaza Strip,,,censored,Protection,IDP/Refugee Service,Air-Launched: Plane,Aerial Bomb,Host Government: Military,Israeli Defence Forces,Protection Infrastructure,,,,,,,85579
2024-10-04,,Syria,SYR,Rif Dimashq Governorate,33.6,35.9,(2) 25 km Precision ,Aid Operations,INGO,Air-Launched: Plane,Aerial Bomb,Foreign Forces: Military,Israeli Defence Forces,Other,,,,,,,85200
2024-10-04,,OPT,PSE,Gaza Strip,,,censored,Protection,IDP/Refugee Service,Air-Launched: Plane,Aerial Bomb,Host Government: Military,Israeli Defence Forces,Protection Infrastructure,,,,,,,86667
2024-10-04,,OPT,PSE,Gaza Strip,,,censored,Protection,IDP/Refugee Service,Air-Launched: Plane,Aerial Bomb,Host Government: Military,Israeli Defence Forces,Protection Infrastructure,,,,,,,86665
2024-10-04,,OPT,PSE,Gaza Strip,,,censored,Protection,IDP/Refugee Service,Air-Launched: Plane,Aerial Bomb,Host Government: Military,Israeli Defence Forces,Protection Infrastructure,,,,,,,85582
2024-10-04,,Lebanon,LBN,Nabatieh Governorate,,,censored by HDX,Health Care,Local Health Care Provider,Air-Launched: Plane,Aerial Bomb,Foreign Forces: Military,Israeli Defence Forces,Health Infrastructure,,2,,,,,85391
2024-10-04,,OPT,PSE,Gaza Strip,,,censored,Protection,IDP/Refugee Service,Air-Launched: Plane,Aerial Bomb,Host Government: Military,Israeli Defence Forces,Protection Infrastructure,,,,,,,86664
2024-10-03,,Lebanon,LBN,Nabatieh Governorate,,,censored by HDX,"Health Care, Aid Operations",National Red Cross Society,Air-Launched: Drone,Aerial Bomb,Foreign Forces: Military,Israeli Defence Forces,Health Worker,,,,,,,84530
2024-10-03,,OPT,PSE,Gaza Strip,,,censored,"Education, Protection","IDP/Refugee Service, Local Education Provider",Air-Launched: Plane,Aerial Bomb,Host Government: Military,Israeli Defence Forces,Education Infrastructure,,,,,,,86736
2024-10-03,,Lebanon,LBN,Nabatieh Governorate,,,censored by HDX,Health Care,Private Health Care,Ground-Launched,Shelling,Foreign Forces: Military,Israeli Defence Forces,Health Infrastructure,,,,,,,84506
2024-10-03,,OPT,PSE,Gaza Strip,,,censored,Protection,IDP/Refugee Service,Air-Launched: Plane,Aerial Bomb,Host Government: Military,Israeli Defence Forces,Protection Infrastructure,,,,,,,85652
2024-10-03,,Lebanon,LBN,Akkar Governorate,,,censored by HDX,Protection,IDP/Refugee Service,Air-Launched: Plane,Aerial Bomb,Foreign Forces: Military,Israeli Defence Forces,Protection Infrastructure,,,,,,,86345
2024-10-03,,OPT,PSE,Gaza Strip,,,censored,"Education, Protection","IDP/Refugee Service, Local Education Provider",Ground-Launched,Shelling,Host Government: Military,Israeli Defence Forces,Education Infrastructure,,,,,,,85705
2024-10-03,,OPT,PSE,Gaza Strip,,,censored,Protection,IDP/Refugee Service,Air-Launched: Plane,Aerial Bomb,Host Government: Military,Israeli Defence Forces,Protection Infrastructure,,,,,,,86662
2024-10-03,,Lebanon,LBN,Nabatieh Governorate,,,censored by HDX,Health Care,Private Health Care,Unspecified Launch Method,Unspecified Explosive,Foreign Forces: Military,Israeli Defence Forces,Health Infrastructure,,7,,,,,86559
2024-10-03,,Lebanon,LBN,Mount Lebanon Governorate,,,censored by HDX,Health Care,Local Health Care Provider,Air-Launched: Plane,Aerial Bomb,Foreign Forces: Military,Israeli Defence Forces,Health Infrastructure,,,,,,,85386
2024-10-03,,Lebanon,LBN,Baalbek-Hermel Governorate,,,censored by HDX,Health Care,Local Health Care Provider,Air-Launched: Plane,Aerial Bomb,Foreign Forces: Military,Israeli Defence Forces,Health Infrastructure,,,,,,,85389
2024-10-03,,OPT,PSE,West Bank,,,censored,"Protection, Food Security",IDP/Refugee Service,Air-Launched: Plane,Aerial Bomb,Host Government: Military,Israeli Defence Forces,Protection Infrastructure,,,,,,Food Supply,86821
2024-10-03,,Lebanon,LBN,Nabatieh Governorate,,,censored by HDX,"Health Care, Aid Operations",National Red Cross Society,Unspecified Launch Method,Unspecified Explosive,Foreign Forces: Military,Israeli Defence Forces,Health Infrastructure,,,,,,,86557
2024-10-03,,Lebanon,LBN,Nabatieh Governorate,,,censored by HDX,"Health Care, Aid Operations",National Red Cross Society,Ground-Launched,Artillery,Foreign Forces: Military,Israeli Defence Forces,Aid Infrastructure,,,,,,,85597
2024-10-03,,OPT,PSE,Gaza Strip,,,censored,Protection,IDP/Refugee Service,Air-Launched: Plane,Aerial Bomb,Host Government: Military,Israeli Defence Forces,Protection Infrastructure,,,,,,,86661
2024-10-03,,OPT,PSE,Gaza Strip,,,censored,Protection,IDP/Refugee Service,Air-Launched: Plane,Aerial Bomb,Host Government: Military,Israeli Defence Forces,Protection Infrastructure,,,,,,,86659
2024-10-02,,Lebanon,LBN,Nabatieh Governorate,,,censored by HDX,Health Care,Private Health Care,Unspecified Launch Method,Unspecified Explosive,Foreign Forces: Military,Israeli Defence Forces,Private/Voluntary Aid,,,,,,,86553
2024-10-02,,Lebanon,LBN,Nabatieh Governorate,,,censored by HDX,Health Care,Other,Unspecified Launch Method,Unspecified Explosive,Foreign Forces: Military,Israeli Defence Forces,Multiple,,,,,,,86555
2024-10-02,,Lebanon,LBN,Nabatieh Governorate,,,censored by HDX,Health Care,Other,Unspecified Launch Method,Unspecified Explosive,Foreign Forces: Military,Israeli Defence Forces,Health Infrastructure,,,,,,,86556
2024-10-02,,OPT,PSE,Gaza Strip,,,censored,"Education, Protection","IDP/Refugee Service, Local Education Provider",Air-Launched: Plane,Aerial Bomb,Host Government: Military,Israeli Defence Forces,Teacher/Student,,,,,,,84852
2024-10-02,,OPT,PSE,Gaza Strip,,,censored,Health Care,Local Health Care Provider,Air-Launched: Plane,Aerial Bomb,Host Government: Military,Israeli Defence Forces,Health Infrastructure,,,,,,,84851
2024-10-02,,OPT,PSE,Gaza Strip,,,censored,Protection,IDP/Refugee Service,Air-Launched: Plane,Aerial Bomb,Host Government: Military,Israeli Defence Forces,Protection Infrastructure,,,,,,,85651
2024-10-02,,Lebanon,LBN,Beirut Governorate,,,censored by HDX,Health Care,Private Health Care,Air-Launched: Plane,Aerial Bomb,Foreign Forces: Military,Israeli Defence Forces,Health Infrastructure,,6,1,,,,84481
2024-10-02,,OPT,PSE,Gaza Strip,,,censored,"Education, Protection","IDP/Refugee Service, Local Education Provider",Air-Launched: Plane,Aerial Bomb,Host Government: Military,Israeli Defence Forces,Education Infrastructure,,,,,,,87078
2024-10-02,,Lebanon,LBN,Nabatieh Governorate,,,censored by HDX,Health Care,Local Health Care Provider,Air-Launched: Drone,Aerial Bomb,Foreign Forces: Military,Israeli Defence Forces,Health Worker,,6,,,,,84485
2024-10-02,,Lebanon,LBN,Nabatieh Governorate,,,censored by HDX,Health Care,Local Health Care Provider,Air-Launched: Drone,Aerial Bomb,Foreign Forces: Military,Israeli Defence Forces,Health Worker,,,,,,,84486
2024-10-02,,Lebanon,LBN,Nabatieh Governorate,,,censored by HDX,Health Care,Private Health Care,Air-Launched: Plane,Aerial Bomb,Foreign Forces: Military,Israeli Defence Forces,Health Infrastructure,,6,,,,,84487
2024-10-02,,Lebanon,LBN,Nabatieh Governorate,,,censored by HDX,Health Care,Other,Air-Launched: Plane,Aerial Bomb,Foreign Forces: Military,Israeli Defence Forces,Health Worker,,1,,,,,84496
2024-10-02,,Lebanon,LBN,Nabatieh Governorate,,,censored by HDX,Health Care,Private Health Care,Air-Launched: Drone,Aerial Bomb,Foreign Forces: Military,Israeli Defence Forces,Health Infrastructure,,1,,,,,84499
2024-10-02,,Lebanon,LBN,South Governorate,,,censored by HDX,Health Care,Local Health Care Provider,Air-Launched: Plane,Aerial Bomb,Foreign Forces: Military,Israeli Defence Forces,Health Infrastructure,,,,,,,85383
2024-10-02,,Lebanon,LBN,Nabatieh Governorate,,,censored by HDX,"Health Care, Aid Operations",Government Aid Agency,Air-Launched: Drone,Aerial Bomb,Foreign Forces: Military,Israeli Defence Forces,Health Worker,,,,,,,84501
2024-10-02,,Lebanon,LBN,Nabatieh Governorate,,,censored by HDX,Health Care,Private Health Care,Air-Launched: Drone,Aerial Bomb,Foreign Forces: Military,Israeli Defence Forces,Private/Voluntary Aid,,,,,,,84502
2024-10-02,,Lebanon,LBN,Nabatieh Governorate,,,censored by HDX,Health Care,Private Health Care,Air-Launched: Plane,Aerial Bomb,Foreign Forces: Military,Israeli Defence Forces,Private/Voluntary Aid,,6,,,,,84504
2024-10-02,,OPT,PSE,Gaza Strip,,,censored,Protection,IDP/Refugee Service,Ground-Launched,Shelling,Host Government: Military,Israeli Defence Forces,Protection Infrastructure,,,,,,,85578
2024-10-02,,OPT,PSE,Gaza Strip,,,censored,"Education, Protection","IDP/Refugee Service, Local Education Provider",Air-Launched: Plane,Aerial Bomb,Host Government: Military,Israeli Defence Forces,Education Infrastructure,,,,,,,85577
2024-10-02,,OPT,PSE,Gaza Strip,,,censored,Protection,IDP/Refugee Service,Air-Launched: Plane,Aerial Bomb,Host Government: Military,Israeli Defence Forces,Protection Infrastructure,,,,,,,85576
2024-10-02,,OPT,PSE,Gaza Strip,,,censored,Protection,IDP/Refugee Service,Air-Launched: Plane,Aerial Bomb,Host Government: Military,Israeli Defence Forces,Protection Infrastructure,,,,,,,86656
2024-10-02,,OPT,PSE,Gaza Strip,,,censored,Protection,IDP/Refugee Service,Air-Launched: Plane,Aerial Bomb,Host Government: Military,Israeli Defence Forces,Protection Infrastructure,,,,,,,86657
2024-10-02,,OPT,PSE,Gaza Strip,,,censored,"Education, Protection, Aid Operations","IDP/Refugee Service, UN Agency",Air-Launched: Plane,Aerial Bomb,Host Government: Military,Israeli Defence Forces,Education Infrastructure,,,,,,,86658
2024-10-02,,Lebanon,LBN,Nabatieh Governorate,,,censored by HDX,Health Care,Private Health Care,Unspecified Launch Method,Unspecified Explosive,Foreign Forces: Military,Israeli Defence Forces,Private/Voluntary Aid,,,,,,,86552
2024-10-01,,Lebanon,LBN,Baalbek-Hermel Governorate,,,censored by HDX,"Health Care, Aid Operations",National Red Cross Society,Air-Launched: Plane,Aerial Bomb,Foreign Forces: Military,Israeli Defence Forces,Health Infrastructure,,,,,,,84348
2024-10-01,,OPT,PSE,Gaza Strip,,,censored,Protection,IDP/Refugee Service,Air-Launched: Plane,Aerial Bomb,Host Government: Military,Israeli Defence Forces,Protection Infrastructure,,,,,,,86730
2024-10-01,,OPT,PSE,Gaza Strip,,,censored,Protection,IDP/Refugee Service,Air-Launched: Plane,Aerial Bomb,Host Government: Military,Israeli Defence Forces,Protection Infrastructure,,,,,,,86734
2024-10-01,,OPT,PSE,Gaza Strip,,,censored,Protection,IDP/Refugee Service,Air-Launched: Plane,Aerial Bomb,Host Government: Military,Israeli Defence Forces,Protection Infrastructure,,,,,,,85575
2024-10-01,,Lebanon,LBN,South Governorate,,,censored by HDX,"Protection, Aid Operations","IDP/Refugee Service, UN Agency",Air-Launched: Plane,Aerial Bomb,Foreign Forces: Military,Israeli Defence Forces,Aid Infrastructure,,,,,,,85573
2024-10-01,,Lebanon,LBN,Nabatieh Governorate,,,censored by HDX,Health Care,Private Health Care,Air-Launched: Plane,Aerial Bomb,Foreign Forces: Military,Israeli Defence Forces,Health Infrastructure,,,,,,,84317
2024-10-01,,Lebanon,LBN,Mount Lebanon Governorate,,,censored by HDX,Health Care,Other,Air-Launched: Plane,Aerial Bomb,Foreign Forces: Military,Israeli Defence Forces,Health Worker,,1,,,,,84318
2024-10-01,,Lebanon,LBN,Nabatieh Governorate,,,censored by HDX,Health Care,Local Health Care Provider,Air-Launched: Plane,Aerial Bomb,Foreign Forces: Military,Israeli Defence Forces,Health Infrastructure,,,,,,,85364
2024-10-01,,Lebanon,LBN,Nabatieh Governorate,,,censored by HDX,Health Care,"Local Health Care Provider, Private Health Care",Unspecified Launch Method,Unspecified Explosive,Foreign Forces: Military,Israeli Defence Forces,Health Infrastructure,,,,,,,85363
2024-10-01,,Lebanon,LBN,Nabatieh Governorate,,,censored by HDX,Health Care,Private Health Care,Unspecified Launch Method,Unspecified Explosive,Foreign Forces: Military,Israeli Defence Forces,Health Infrastructure,,8,,,,,86547
2024-10-01,,Lebanon,LBN,Nabatieh Governorate,,,censored by HDX,Health Care,Private Health Care,Air-Launched: Plane,Aerial Bomb,Foreign Forces: Military,Israeli Defence Forces,Private/Voluntary Aid,,2,,,,,84696
2024-10-01,,Lebanon,LBN,Mount Lebanon Governorate,,,censored by HDX,Health Care,Local Health Care Provider,Air-Launched: Plane,Aerial Bomb,Foreign Forces: Military,Israeli Defence Forces,Health Infrastructure,,,,,,,85120
2024-10-01,,Lebanon,LBN,Mount Lebanon Governorate,,,censored by HDX,Health Care,Local Health Care Provider,Air-Launched: Plane,Aerial Bomb,Foreign Forces: Military,Israeli Defence Forces,Health Infrastructure,,1,,,,,84484
2024-10-01,,OPT,PSE,Gaza Strip,,,censored,Protection,IDP/Refugee Service,Air-Launched: Plane,Aerial Bomb,Host Government: Military,Israeli Defence Forces,Protection Infrastructure,,,,,,,86653
2024-10-01,,OPT,PSE,Gaza Strip,,,censored,Protection,IDP/Refugee Service,Ground-Launched,Shelling,Host Government: Military,Israeli Defence Forces,Protection Infrastructure,,,,,,,86654
2024-10-01,,OPT,PSE,Gaza Strip,,,censored,Protection,IDP/Refugee Service,Air-Launched: Plane,Aerial Bomb,Host Government: Military,Israeli Defence Forces,Protection Infrastructure,,,,,,,86655
2024-10-01,,Lebanon,LBN,Nabatieh Governorate,,,censored by HDX,Health Care,Other,Unspecified Launch Method,Unspecified Explosive,Foreign Forces: Military,Israeli Defence Forces,Multiple,,,,,,,86551
2024-10-01,,OPT,PSE,Gaza Strip,,,censored,Health Care,Local Health Care Provider,Air-Launched: Drone,Aerial Bomb,Host Government: Military,Israeli Defence Forces,Health Infrastructure,,,,,,,84849
2024-10-01,,OPT,PSE,Gaza Strip,,,censored,Protection,IDP/Refugee Service,Air-Launched: Plane,Aerial Bomb,Host Government: Military,Israeli Defence Forces,Protection Infrastructure,,,,,,,86733
2024-10-01,,Lebanon,LBN,Nabatieh Governorate,,,censored by HDX,Health Care,Local Health Care Provider,Air-Launched: Plane,Aerial Bomb,Foreign Forces: Military,Israeli Defence Forces,Health Infrastructure,,,,,,,85480
2024-10-01,,OPT,PSE,Gaza Strip,,,censored,"Education, Protection","IDP/Refugee Service, Local Education Provider",Air-Launched: Plane,Aerial Bomb,Host Government: Military,Israeli Defence Forces,Education Infrastructure,,,,,,,86731
2024-10-01,,Lebanon,LBN,South Governorate,,,censored by HDX,Health Care,Other,Unspecified Launch Method,Unspecified Explosive,Foreign Forces: Military,Israeli Defence Forces,Health Infrastructure,,1,,,,,86550
2024-10-01,,OPT,PSE,Gaza Strip,,,censored,Protection,IDP/Refugee Service,Air-Launched: Plane,Aerial Bomb,Host Government: Military,Israeli Defence Forces,Protection Infrastructure,,,,,,,86732
2024-10-01,,OPT,PSE,Gaza Strip,,,censored,Education,Local Education Provider,Air-Launched: Plane,Aerial Bomb,Host Government: Military,Israeli Defence Forces,Education Infrastructure,,,,,,,87073
2024-10-01,,OPT,PSE,Gaza Strip,,,censored,"Education, Health Care, Aid Operations","Local Health Care Provider, UN Agency",Air-Launched: Plane,Aerial Bomb,Host Government: Military,Israeli Defence Forces,Aid Infrastructure,,2,,1,,,85581
2024-10-01,,Lebanon,LBN,Nabatieh Governorate,,,censored by HDX,Health Care,Local Health Care Provider,Unspecified Launch Method,Unspecified Explosive,Foreign Forces: Military,Israeli Defence Forces,Health Infrastructure,,,,,,,85365
2024-10-01,,Lebanon,LBN,Nabatieh Governorate,,,censored by HDX,Health Care,Other,Unspecified Launch Method,Unspecified Explosive,Foreign Forces: Military,Israeli Defence Forces,Multiple,,,,,,,86549
2024-09-30,,OPT,PSE,Gaza Strip,,,censored,Protection,IDP/Refugee Service,Air-Launched: Plane,Aerial Bomb,Host Government: Military,Israeli Defence Forces,Protection Infrastructure,,,,,,,84831
2024-09-30,,Lebanon,LBN,Nabatieh Governorate,,,censored by HDX,Health Care,Other,Unspecified Launch Method,Unspecified Explosive,Foreign Forces: Military,Israeli Defence Forces,Multiple,,,,,,,86546
2024-09-30,,Lebanon,LBN,South Governorate,,,censored by HDX,"Protection, Aid Operations","IDP/Refugee Service, UN Agency",Air-Launched: No Information on Platform Type,Aerial Bomb,Foreign Forces: Military,Israeli Defence Forces,Aid Infrastructure,1,,,,,,85078
2024-09-30,,OPT,PSE,Gaza Strip,,,censored,Protection,IDP/Refugee Service,Air-Launched: Plane,Aerial Bomb,Host Government: Military,Israeli Defence Forces,Protection Infrastructure,,,,,,,84832
2024-09-30,,OPT,PSE,Gaza Strip,,,censored,Protection,IDP/Refugee Service,Air-Launched: Plane,Aerial Bomb,Host Government: Military,Israeli Defence Forces,Protection Infrastructure,,,,,,,84758
2024-09-30,,Lebanon,LBN,South Governorate,,,censored by HDX,Health Care,Local Health Care Provider,Air-Launched: Plane,Aerial Bomb,Foreign Forces: Military,Israeli Defence Forces,Health Infrastructure,,3,,,,,84673
2024-09-30,,Lebanon,LBN,Nabatieh Governorate,,,censored by HDX,Health Care,Other,Air-Launched: Plane,Aerial Bomb,Foreign Forces: Military,Israeli Defence Forces,Health Infrastructure,,1,,,,,84315
2024-09-30,,OPT,PSE,Gaza Strip,,,censored,Protection,IDP/Refugee Service,Air-Launched: Plane,Aerial Bomb,Host Government: Military,Israeli Defence Forces,Protection Infrastructure,,,,,,,86652
2024-09-30,,Lebanon,LBN,South Governorate,,,censored by HDX,Health Care,Other,Air-Launched: Plane,Aerial Bomb,Foreign Forces: Military,Israeli Defence Forces,Health Worker,,1,,,,,84313
2024-09-30,,Lebanon,LBN,Beqaa Governorate,,,censored by HDX,Health Care,Private Health Care,Air-Launched: Plane,Aerial Bomb,Foreign Forces: Military,Israeli Defence Forces,Health Infrastructure,,6,,,,,84310
2024-09-30,,OPT,PSE,Gaza Strip,,,censored,Protection,IDP/Refugee Service,Air-Launched: Plane,Aerial Bomb,Host Government: Military,Israeli Defence Forces,Protection Infrastructure,,,,,,,85031
2024-09-30,,OPT,PSE,Gaza Strip,,,censored,Protection,IDP/Refugee Service,Air-Launched: Plane,Aerial Bomb,Host Government: Military,Israeli Defence Forces,Protection Infrastructure,,,,,,,85032
2024-09-30,,OPT,PSE,Gaza Strip,,,censored,"Education, Protection","IDP/Refugee Service, Local Education Provider",Air-Launched: Plane,Aerial Bomb,Host Government: Military,Israeli Defence Forces,Education Infrastructure,,,,,,,85052
2024-09-30,,Lebanon,LBN,Nabatieh Governorate,,,censored by HDX,Health Care,Other,Air-Launched: Plane,Aerial Bomb,Foreign Forces: Military,Israeli Defence Forces,Health Worker,,,,,,,84309
2024-09-30,,OPT,PSE,Gaza Strip,,,censored,Education,Local Education Provider,Air-Launched: Drone,Aerial Bomb,Host Government: Military,Israeli Defence Forces,Education Infrastructure,,,,,,,85202
2024-09-30,,Lebanon,LBN,Nabatieh Governorate,,,censored by HDX,Health Care,Local Health Care Provider,Unspecified Launch Method,Unspecified Explosive,Foreign Forces: Military,Israeli Defence Forces,Health Infrastructure,,,,,,,85362
2024-09-30,,OPT,PSE,Gaza Strip,,,censored,Health Care,Local Health Care Provider,Air-Launched: Drone,Aerial Bomb,Host Government: Military,Israeli Defence Forces,Health Infrastructure,,,,,,,85322
2024-09-30,,OPT,PSE,Gaza Strip,,,censored,Protection,IDP/Refugee Service,Air-Launched: Plane,Aerial Bomb,Host Government: Military,Israeli Defence Forces,Protection Infrastructure,,,,,,,85732
2024-09-30,,Lebanon,LBN,Nabatieh Governorate,,,censored by HDX,Health Care,Private Health Care,Unspecified Launch Method,Unspecified Explosive,Foreign Forces: Military,Israeli Defence Forces,Health Infrastructure,,,,,,,86541
2024-09-30,,Lebanon,LBN,Nabatieh Governorate,,,censored by HDX,Health Care,Other,Unspecified Launch Method,Unspecified Explosive,Foreign Forces: Military,Israeli Defence Forces,Health Worker,,,,,,,86543
2024-09-30,,Lebanon,LBN,Nabatieh Governorate,,,censored by HDX,Health Care,Other,Unspecified Launch Method,Unspecified Explosive,Foreign Forces: Military,Israeli Defence Forces,Multiple,,,,,,,86544
2024-09-29,,Lebanon,LBN,South Governorate,,,censored by HDX,Health Care,Other,Unspecified Launch Method,Unspecified Explosive,Foreign Forces: Military,Israeli Defence Forces,Multiple,,,,,,,86539
2024-09-29,,Lebanon,LBN,Baalbek-Hermel Governorate,,,censored by HDX,Health Care,Local Health Care Provider,Air-Launched: Plane,Aerial Bomb,Foreign Forces: Military,Israeli Defence Forces,Health Infrastructure,,,,,,,85361
2024-09-29,,Lebanon,LBN,South Governorate,,,censored by HDX,Health Care,Local Health Care Provider,Air-Launched: Plane,Aerial Bomb,Foreign Forces: Military,Israeli Defence Forces,Health Infrastructure,,,,,,,85360
2024-09-29,,Lebanon,LBN,Nabatieh Governorate,,,censored by HDX,Health Care,Local Health Care Provider,Air-Launched: Plane,Aerial Bomb,Foreign Forces: Military,Israeli Defence Forces,Health Infrastructure,,,,,,,85358
2024-09-29,,Lebanon,LBN,South Governorate,,,censored by HDX,Health Care,Local Health Care Provider,Air-Launched: Drone,Aerial Bomb,Foreign Forces: Military,Israeli Defence Forces,Health Infrastructure,,,,,,,84260
2024-09-29,,Lebanon,LBN,South Governorate,,,censored by HDX,Health Care,Private Health Care,Unspecified Launch Method,Unspecified Explosive,Foreign Forces: Military,Israeli Defence Forces,Health Infrastructure,,,,,,,86509
2024-09-29,,Lebanon,LBN,Nabatieh Governorate,,,censored by HDX,Health Care,Private Health Care,Unspecified Launch Method,Unspecified Explosive,Foreign Forces: Military,Israeli Defence Forces,Health Infrastructure,,2,,,,,86510
2024-09-29,,Lebanon,LBN,Nabatieh Governorate,,,censored by HDX,Health Care,Other,Unspecified Launch Method,Unspecified Explosive,Foreign Forces: Military,Israeli Defence Forces,Health Worker,,,,,,,86511
2024-09-29,,Lebanon,LBN,South Governorate,,,censored by HDX,Health Care,Other,Unspecified Launch Method,Unspecified Explosive,Foreign Forces: Military,Israeli Defence Forces,Health Worker,,1,,,,,86512
2024-09-29,,Lebanon,LBN,Nabatieh Governorate,,,censored by HDX,Health Care,Private Health Care,Unspecified Launch Method,Unspecified Explosive,Foreign Forces: Military,Israeli Defence Forces,Health Infrastructure,,2,,,,,86513
2024-09-29,,OPT,PSE,Gaza Strip,,,censored,Protection,IDP/Refugee Service,Air-Launched: Plane,Aerial Bomb,Host Government: Military,Israeli Defence Forces,Protection Infrastructure,,,,,,,85030
2024-09-29,,Lebanon,LBN,Nabatieh Governorate,,,censored by HDX,Health Care,Private Health Care,Air-Launched: Plane,Aerial Bomb,Foreign Forces: Military,Israeli Defence Forces,Health Infrastructure,,3,,,,,84273
2024-09-29,,Lebanon,LBN,South Governorate,,,censored by HDX,Health Care,Other,Air-Launched: Plane,Aerial Bomb,Foreign Forces: Military,Israeli Defence Forces,Health Worker,,4,,,,,84272
2024-09-29,,Lebanon,LBN,Nabatieh Governorate,,,censored by HDX,Health Care,Other,Air-Launched: Plane,Aerial Bomb,Foreign Forces: Military,Israeli Defence Forces,Health Worker,,1,,,,,84274
2024-09-29,,Lebanon,LBN,South Governorate,,,censored by HDX,Health Care,Private Health Care,Unspecified Launch Method,Unspecified Explosive,Foreign Forces: Military,Israeli Defence Forces,Health Infrastructure,,,,,,,86514
2024-09-29,,Lebanon,LBN,Nabatieh Governorate,,,censored by HDX,Health Care,Other,Unspecified Launch Method,Unspecified Explosive,Foreign Forces: Military,Israeli Defence Forces,Multiple,,,,,,,86538
2024-09-29,,Lebanon,LBN,South Governorate,,,censored by HDX,Health Care,Private Health Care,Unspecified Launch Method,Unspecified Explosive,Foreign Forces: Military,Israeli Defence Forces,Private/Voluntary Aid,,,,,,,86508
2024-09-29,,OPT,PSE,Gaza Strip,,,censored,Protection,IDP/Refugee Service,Air-Launched: Plane,Aerial Bomb,Host Government: Military,Israeli Defence Forces,Protection Infrastructure,,,,,,,84830
2024-09-29,,OPT,PSE,Gaza Strip,,,censored,Protection,IDP/Refugee Service,Air-Launched: Drone,Aerial Bomb,Host Government: Military,Israeli Defence Forces,Protection Infrastructure,,,,,,,86651
2024-09-29,,OPT,PSE,Gaza Strip,,,censored,Protection,IDP/Refugee Service,Air-Launched: Plane,Aerial Bomb,Host Government: Military,Israeli Defence Forces,Protection Infrastructure,,,,,,,84829
2024-09-29,,OPT,PSE,Gaza Strip,,,censored,Protection,IDP/Refugee Service,Air-Launched: Drone,Aerial Bomb,Host Government: Military,Israeli Defence Forces,Protection Infrastructure,,,,,,,84828
2024-09-29,,OPT,PSE,Gaza Strip,,,censored,Protection,IDP/Refugee Service,Air-Launched: Plane,Aerial Bomb,Host Government: Military,Israeli Defence Forces,Protection Infrastructure,,,,,,,86650
2024-09-29,,OPT,PSE,Gaza Strip,,,censored,Education,Local Education Provider,Air-Launched: Plane,Aerial Bomb,Host Government: Military,Israeli Defence Forces,Education Infrastructure,,,,,,,85199
2024-09-29,,OPT,PSE,Gaza Strip,,,censored,Protection,IDP/Refugee Service,Air-Launched: Plane,Aerial Bomb,Host Government: Military,Israeli Defence Forces,Protection Infrastructure,,,,,,,84827
2024-09-29,,Lebanon,LBN,Nabatieh Governorate,,,censored by HDX,Health Care,Private Health Care,Air-Launched: Plane,Aerial Bomb,Foreign Forces: Military,Israeli Defence Forces,Private/Voluntary Aid,,,,,,,84672
2024-09-28,,Lebanon,LBN,Nabatieh Governorate,,,censored by HDX,Health Care,Local Health Care Provider,Air-Launched: Plane,Aerial Bomb,Foreign Forces: Military,Israeli Defence Forces,Health Infrastructure,,,,,,,84217
2024-09-28,,OPT,PSE,West Bank,,,censored,Protection,IDP/Refugee Service,Directly-Emplaced,Hand Grenade,Host Government: Military,Israeli Defence Forces,Protection Infrastructure,,,,,,,85054
2024-09-28,,Lebanon,LBN,South Governorate,,,censored by HDX,Health Care,Private Health Care,Unspecified Launch Method,Unspecified Explosive,Foreign Forces: Military,Israeli Defence Forces,Health Infrastructure,,,,,,,86505
2024-09-28,,OPT,PSE,Gaza Strip,,,censored,Protection,IDP/Refugee Service,Unspecified Launch Method,Unspecified Explosive,Host Government: Military,Israeli Defence Forces,Protection Infrastructure,,,,,,,85029
2024-09-28,,Lebanon,LBN,Mount Lebanon Governorate,,,censored by HDX,Health Care,Local Health Care Provider,Air-Launched: Plane,Aerial Bomb,Foreign Forces: Military,Israeli Defence Forces,Health Infrastructure,,,,,,,85323
2024-09-28,,Lebanon,LBN,Mount Lebanon Governorate,,,censored by HDX,Health Care,Local Health Care Provider,Air-Launched: Plane,Aerial Bomb,Foreign Forces: Military,Israeli Defence Forces,Health Infrastructure,,,,,,,85321
2024-09-28,,Lebanon,LBN,South Governorate,,,censored by HDX,Health Care,Local Health Care Provider,Air-Launched: Plane,Aerial Bomb,Foreign Forces: Military,Israeli Defence Forces,Health Infrastructure,,,,,,,85320
2024-09-28,,Lebanon,LBN,Mount Lebanon Governorate,,,censored by HDX,Health Care,Local Health Care Provider,Air-Launched: Plane,Aerial Bomb,Foreign Forces: Military,Israeli Defence Forces,Health Infrastructure,,,,,,,85318
2024-09-28,,Lebanon,LBN,South Governorate,,,censored by HDX,Health Care,Private Health Care,Unspecified Launch Method,Unspecified Explosive,Foreign Forces: Military,Israeli Defence Forces,Multiple,,1,,,,,86506
2024-09-28,,Lebanon,LBN,Nabatieh Governorate,,,censored by HDX,Health Care,Private Health Care,Unspecified Launch Method,Unspecified Explosive,Foreign Forces: Military,Israeli Defence Forces,Private/Voluntary Aid,,,,,,,86503
2024-09-28,,Lebanon,LBN,Nabatieh Governorate,,,censored by HDX,Health Care,Private Health Care,Unspecified Launch Method,Unspecified Explosive,Foreign Forces: Military,Israeli Defence Forces,Health Infrastructure,,,,,,,86504
2024-09-28,,Lebanon,LBN,South Governorate,,,censored by HDX,Health Care,Private Health Care,Unspecified Launch Method,Unspecified Explosive,Foreign Forces: Military,Israeli Defence Forces,Health Infrastructure,,,,,,,86507
2024-09-28,,Lebanon,LBN,Baalbek-Hermel Governorate,,,censored by HDX,Health Care,Local Health Care Provider,Air-Launched: Plane,Aerial Bomb,Foreign Forces: Military,Israeli Defence Forces,Health Infrastructure,,,,,,,84218
2024-09-27,,Lebanon,LBN,Nabatieh Governorate,,,censored by HDX,Health Care,Local Health Care Provider,Air-Launched: Plane,Aerial Bomb,Foreign Forces: Military,Israeli Defence Forces,Health Infrastructure,,5,,,,,84271
2024-09-27,,Lebanon,LBN,Mount Lebanon Governorate,,,censored by HDX,Health Care,Local Health Care Provider,Air-Launched: Plane,Aerial Bomb,Foreign Forces: Military,Israeli Defence Forces,Health Infrastructure,,,,,,,85316
2024-09-27,,Lebanon,LBN,Mount Lebanon Governorate,,,censored by HDX,Health Care,Local Health Care Provider,Air-Launched: Plane,Aerial Bomb,Foreign Forces: Military,Israeli Defence Forces,Health Infrastructure,,,,,,,85315
2024-09-27,,Lebanon,LBN,Mount Lebanon Governorate,,,censored by HDX,Health Care,Local Health Care Provider,Air-Launched: Plane,Aerial Bomb,Foreign Forces: Military,Israeli Defence Forces,Health Infrastructure,,,,,,,85314
2024-09-27,,Lebanon,LBN,South Governorate,,,censored by HDX,Health Care,Local Health Care Provider,Air-Launched: Plane,Aerial Bomb,Foreign Forces: Military,Israeli Defence Forces,Health Infrastructure,,,,,,,85312
2024-09-27,,Lebanon,LBN,South Governorate,,,censored by HDX,Health Care,Private Health Care,Unspecified Launch Method,Unspecified Explosive,Foreign Forces: Military,Israeli Defence Forces,Health Infrastructure,,,,,,,86500
2024-09-27,,Lebanon,LBN,South Governorate,,,censored by HDX,Health Care,Private Health Care,Unspecified Launch Method,Unspecified Explosive,Foreign Forces: Military,Israeli Defence Forces,Health Infrastructure,,,,,,,86499
2024-09-27,,OPT,PSE,Gaza Strip,,,censored,Protection,IDP/Refugee Service,Air-Launched: Plane,Aerial Bomb,Host Government: Military,Israeli Defence Forces,Protection Infrastructure,,,,,,,85028
2024-09-27,,Lebanon,LBN,Nabatieh Governorate,,,censored by HDX,Health Care,Private Health Care,Unspecified Launch Method,Unspecified Explosive,Foreign Forces: Military,Israeli Defence Forces,Private/Voluntary Aid,,1,,,,,86498
2024-09-27,,OPT,PSE,Gaza Strip,,,censored,"Health Care, Protection, Aid Operations","IDP/Refugee Service, INGO",Unspecified Launch Method,Unspecified Explosive,Host Government: Military,Israeli Defence Forces,Health Infrastructure,,,,,,,85580
2024-09-27,,Lebanon,LBN,South Governorate,,,censored by HDX,Health Care,Private Health Care,Unspecified Launch Method,Unspecified Explosive,Foreign Forces: Military,Israeli Defence Forces,Multiple,,,,,,,86502
2024-09-27,,Lebanon,LBN,South Governorate,,,censored by HDX,Health Care,Private Health Care,Unspecified Launch Method,Unspecified Explosive,Foreign Forces: Military,Israeli Defence Forces,Health Infrastructure,,1,,,,,86501
2024-09-27,,Lebanon,LBN,Mount Lebanon Governorate,,,censored by HDX,Health Care,Local Health Care Provider,Air-Launched: Plane,Aerial Bomb,Foreign Forces: Military,Israeli Defence Forces,Health Infrastructure,,,,,,,84118
2024-09-26,,OPT,PSE,Gaza Strip,,,censored,Protection,IDP/Refugee Service,Air-Launched: Plane,Aerial Bomb,Host Government: Military,Israeli Defence Forces,Protection Infrastructure,,,,,,,85027
2024-09-26,,Lebanon,LBN,No Information,,,censored by HDX,Health Care,Other,Air-Launched: Plane,Aerial Bomb,Foreign Forces: Military,Israeli Defence Forces,Health Worker,,1,,,,,84254
2024-09-26,,Lebanon,LBN,Nabatieh Governorate,,,censored by HDX,Health Care,Other,Unspecified Launch Method,Unspecified Explosive,Foreign Forces: Military,Israeli Defence Forces,Health Worker,,,,,,,86495
2024-09-26,,Lebanon,LBN,South Governorate,,,censored by HDX,Health Care,Private Health Care,Unspecified Launch Method,Unspecified Explosive,Foreign Forces: Military,Israeli Defence Forces,Multiple,,2,,,,,86497
2024-09-26,,Lebanon,LBN,South Governorate,,,censored by HDX,Health Care,Other,Unspecified Launch Method,Unspecified Explosive,Foreign Forces: Military,Israeli Defence Forces,Health Infrastructure,,,,,,,86491
2024-09-26,,Lebanon,LBN,South Governorate,,,censored by HDX,"Education, Protection, Aid Operations","Local Education Provider, UN Agency",Air-Launched: Plane,Aerial Bomb,Foreign Forces: Military,Israeli Defence Forces,Other,,,,,,,85572
2024-09-26,,Lebanon,LBN,South Governorate,,,censored by HDX,"Education, Protection, Aid Operations","Local Education Provider, UN Agency",Air-Launched: Plane,Aerial Bomb,Foreign Forces: Military,Israeli Defence Forces,Other,,,,,,,85569
2024-09-26,,Lebanon,LBN,Nabatieh Governorate,,,censored by HDX,Health Care,Private Health Care,Unspecified Launch Method,Unspecified Explosive,Foreign Forces: Military,Israeli Defence Forces,Health Infrastructure,,2,,,,,86496
2024-09-26,,OPT,PSE,Gaza Strip,,,censored,Protection,IDP/Refugee Service,Air-Launched: Plane,Aerial Bomb,Host Government: Military,Israeli Defence Forces,Protection Infrastructure,,,,,,,84757
2024-09-26,,OPT,PSE,Gaza Strip,,,censored,Protection,IDP/Refugee Service,Air-Launched: Plane,Aerial Bomb,Host Government: Military,Israeli Defence Forces,Protection Infrastructure,,,,,,,84792
2024-09-26,,Lebanon,LBN,Nabatieh Governorate,,,censored by HDX,Health Care,Local Health Care Provider,Air-Launched: Plane,Aerial Bomb,Foreign Forces: Military,Israeli Defence Forces,Health Infrastructure,,,,,,,85310
2024-09-26,,Lebanon,LBN,Beqaa Governorate,,,censored by HDX,Health Care,Local Health Care Provider,Air-Launched: Plane,Aerial Bomb,Foreign Forces: Military,Israeli Defence Forces,Health Infrastructure,,,,,,,85305
2024-09-26,,Lebanon,LBN,South Governorate,,,censored by HDX,Health Care,Local Health Care Provider,Air-Launched: Plane,Aerial Bomb,Foreign Forces: Military,Israeli Defence Forces,Health Infrastructure,,,,,,,85304
2024-09-26,,Lebanon,LBN,Nabatieh Governorate,,,censored by HDX,Health Care,Local Health Care Provider,Air-Launched: Plane,Aerial Bomb,Foreign Forces: Military,Israeli Defence Forces,Multiple,,,,,,,85303
2024-09-26,,OPT,PSE,Gaza Strip,,,censored,Protection,IDP/Refugee Service,Air-Launched: Plane,Aerial Bomb,Host Government: Military,Israeli Defence Forces,Protection Infrastructure,,,,,,,84825
2024-09-26,,OPT,PSE,Gaza Strip,,,censored,"Education, Protection","IDP/Refugee Service, Local Education Provider",Air-Launched: Plane,Aerial Bomb,Host Government: Military,Israeli Defence Forces,Multiple,,,,,,,84826
2024-09-26,,Lebanon,LBN,No Information,,,censored by HDX,Health Care,Other,Air-Launched: Plane,Aerial Bomb,Foreign Forces: Military,Israeli Defence Forces,Health Worker,,1,,,,,84251
2024-09-25,,OPT,PSE,West Bank,,,censored,Protection,IDP/Refugee Service,Unspecified Launch Method,Unspecified Explosive,Host Government: Military,Israeli Defence Forces,Protection Infrastructure,,,,,,,85144
2024-09-25,,Lebanon,LBN,South Governorate,,,censored by HDX,Health Care,Private Health Care,Unspecified Launch Method,Unspecified Explosive,Foreign Forces: Military,Israeli Defence Forces,Health Infrastructure,,6,,,,,86474
2024-09-25,,Lebanon,LBN,South Governorate,,,censored by HDX,Health Care,Private Health Care,Unspecified Launch Method,Unspecified Explosive,Foreign Forces: Military,Israeli Defence Forces,Health Infrastructure,,,,,,,86475
2024-09-25,,Lebanon,LBN,South Governorate,,,censored by HDX,Health Care,Private Health Care,Unspecified Launch Method,Unspecified Explosive,Foreign Forces: Military,Israeli Defence Forces,Health Infrastructure,,,,,,,86476
2024-09-25,,Lebanon,LBN,South Governorate,,,censored by HDX,Health Care,Private Health Care,Unspecified Launch Method,Unspecified Explosive,Foreign Forces: Military,Israeli Defence Forces,Health Infrastructure,,,,,,,86477
2024-09-25,,Lebanon,LBN,South Governorate,,,censored by HDX,Health Care,Private Health Care,Unspecified Launch Method,Unspecified Explosive,Foreign Forces: Military,Israeli Defence Forces,Private/Voluntary Aid,,1,,,,,86478
2024-09-25,,Lebanon,LBN,Beqaa Governorate,,,censored by HDX,Health Care,Private Health Care,Unspecified Launch Method,Unspecified Explosive,Foreign Forces: Military,Israeli Defence Forces,Multiple,,6,,,,,86479
2024-09-25,,Lebanon,LBN,Nabatieh Governorate,,,censored by HDX,Health Care,Private Health Care,Unspecified Launch Method,Unspecified Explosive,Foreign Forces: Military,Israeli Defence Forces,Multiple,,3,,,,,86480
2024-09-25,,Lebanon,LBN,Beirut Governorate,,,censored by HDX,Health Care,Private Health Care,Unspecified Launch Method,Unspecified Explosive,Foreign Forces: Military,Israeli Defence Forces,Multiple,,6,,,,,86481
2024-09-25,,Lebanon,LBN,Nabatieh Governorate,,,censored by HDX,Health Care,Private Health Care,Unspecified Launch Method,Unspecified Explosive,Foreign Forces: Military,Israeli Defence Forces,Multiple,,2,,,,,86482
2024-09-25,,Lebanon,LBN,Nabatieh Governorate,,,censored by HDX,Health Care,Private Health Care,Unspecified Launch Method,Unspecified Explosive,Foreign Forces: Military,Israeli Defence Forces,Multiple,,2,,,,,86483
2024-09-25,,Lebanon,LBN,Nabatieh Governorate,,,censored by HDX,Health Care,Private Health Care,Unspecified Launch Method,Unspecified Explosive,Foreign Forces: Military,Israeli Defence Forces,Multiple,,3,,,,,86484
2024-09-25,,Lebanon,LBN,Nabatieh Governorate,,,censored by HDX,Health Care,Private Health Care,Unspecified Launch Method,Unspecified Explosive,Foreign Forces: Military,Israeli Defence Forces,Multiple,,,,,,,86485
2024-09-25,,Lebanon,LBN,South Governorate,,,censored by HDX,Health Care,Private Health Care,Unspecified Launch Method,Unspecified Explosive,Foreign Forces: Military,Israeli Defence Forces,Multiple,,,,,,,86486
2024-09-25,,Lebanon,LBN,South Governorate,,,censored by HDX,Health Care,Private Health Care,Unspecified Launch Method,Unspecified Explosive,Foreign Forces: Military,Israeli Defence Forces,Multiple,,,,,,,86487
2024-09-25,,Lebanon,LBN,Nabatieh Governorate,,,censored by HDX,Health Care,Private Health Care,Unspecified Launch Method,Unspecified Explosive,Foreign Forces: Military,Israeli Defence Forces,Multiple,,5,,,,,86488
2024-09-25,,Lebanon,LBN,Nabatieh Governorate,,,censored by HDX,Health Care,Private Health Care,Unspecified Launch Method,Unspecified Explosive,Foreign Forces: Military,Israeli Defence Forces,Multiple,,3,,,,,86489
2024-09-25,,Lebanon,LBN,Nabatieh Governorate,,,censored by HDX,Health Care,Private Health Care,Unspecified Launch Method,Unspecified Explosive,Foreign Forces: Military,Israeli Defence Forces,Health Infrastructure,,3,,,,,86490
2024-09-25,,Lebanon,LBN,South Governorate,,,censored by HDX,"Education, Aid Operations","Local Education Provider, UN Agency",Air-Launched: Plane,Aerial Bomb,Foreign Forces: Military,Israeli Defence Forces,Education Infrastructure,,,,,,,85568
2024-09-25,,Lebanon,LBN,Baalbek-Hermel Governorate,,,censored by HDX,"Education, Aid Operations","Local Education Provider, UN Agency",Air-Launched: Plane,Aerial Bomb,Foreign Forces: Military,Israeli Defence Forces,Education Infrastructure,,,,,,,85567
2024-09-25,,Lebanon,LBN,South Governorate,,,censored by HDX,Health Care,Local Health Care Provider,Air-Launched: Plane,Aerial Bomb,Foreign Forces: Military,Israeli Defence Forces,Health Infrastructure,,,,,,,85302
2024-09-25,,Lebanon,LBN,Nabatieh Governorate,,,censored by HDX,Health Care,Local Health Care Provider,Air-Launched: Plane,Aerial Bomb,Foreign Forces: Military,Israeli Defence Forces,Health Infrastructure,,,,,,,85301
2024-09-25,,OPT,PSE,Gaza Strip,,,censored,"Protection, Aid Operations","Government Aid Agency, IDP/Refugee Service",Unspecified Launch Method,Missile,Host Government: Military,Israeli Defence Forces,Protection Infrastructure,,,,,,,85051
2024-09-25,,OPT,PSE,Gaza Strip,,,censored,Protection,IDP/Refugee Service,Air-Launched: Plane,Aerial Bomb,Host Government: Military,Israeli Defence Forces,Protection Infrastructure,,,,,,,85026
2024-09-25,,OPT,PSE,Gaza Strip,,,censored,Protection,IDP/Refugee Service,Air-Launched: Plane,Aerial Bomb,Host Government: Military,Israeli Defence Forces,Protection Infrastructure,,,,,,,84756
2024-09-25,,OPT,PSE,Gaza Strip,,,censored,"Health Care, Protection, Aid Operations","IDP/Refugee Service, INGO",Air-Launched: Drone,Aerial Bomb,Host Government: Military,Israeli Defence Forces,Health Infrastructure,,,,,,,84476
2024-09-25,,Lebanon,LBN,South Governorate,,,censored by HDX,Health Care,Local Health Care Provider,Air-Launched: Plane,Aerial Bomb,Foreign Forces: Military,Israeli Defence Forces,Health Infrastructure,,,,,,,82670
2024-09-25,,Lebanon,LBN,Nabatieh Governorate,,,censored by HDX,Health Care,Local Health Care Provider,Air-Launched: Plane,Aerial Bomb,Foreign Forces: Military,Israeli Defence Forces,Health Infrastructure,,,,,,,82668
2024-09-25,,Lebanon,LBN,Nabatieh Governorate,,,censored by HDX,Health Care,Local Health Care Provider,Air-Launched: Plane,Aerial Bomb,Foreign Forces: Military,Israeli Defence Forces,Health Infrastructure,,,,,,,82667
2024-09-25,,Lebanon,LBN,Nabatieh Governorate,,,censored by HDX,Health Care,Local Health Care Provider,Air-Launched: Plane,Aerial Bomb,Foreign Forces: Military,Israeli Defence Forces,Health Infrastructure,,,,,,,82643
2024-09-24,,Lebanon,LBN,South Governorate,,,censored by HDX,Health Care,Other,Unspecified Launch Method,Unspecified Explosive,Foreign Forces: Military,Israeli Defence Forces,Health Worker,,1,,,,,86404
2024-09-24,,Lebanon,LBN,South Governorate,,,censored by HDX,Health Care,Other,Unspecified Launch Method,Unspecified Explosive,Foreign Forces: Military,Israeli Defence Forces,Health Infrastructure,,,,,,,86401
2024-09-24,,OPT,PSE,Gaza Strip,,,censored,Protection,IDP/Refugee Service,Air-Launched: Plane,Aerial Bomb,Host Government: Military,Israeli Defence Forces,Protection Infrastructure,,,,,,,84755
2024-09-24,,Lebanon,LBN,South Governorate,,,censored by HDX,Health Care,Other,Unspecified Launch Method,Unspecified Explosive,Foreign Forces: Military,Israeli Defence Forces,Health Worker,,1,,,,,86405
2024-09-24,,Lebanon,LBN,Nabatieh Governorate,,,censored by HDX,Health Care,Private Health Care,Unspecified Launch Method,Unspecified Explosive,Foreign Forces: Military,Israeli Defence Forces,Health Infrastructure,,,,,,,86394
2024-09-24,,Lebanon,LBN,Nabatieh Governorate,,,censored by HDX,Health Care,Local Health Care Provider,Air-Launched: Plane,Aerial Bomb,Foreign Forces: Military,Israeli Defence Forces,Health Infrastructure,,,,,,,82640
2024-09-24,,Lebanon,LBN,South Governorate,,,censored by HDX,Health Care,Private Health Care,Unspecified Launch Method,Unspecified Explosive,Foreign Forces: Military,Israeli Defence Forces,Health Infrastructure,,1,,,,,86393
2024-09-24,,Lebanon,LBN,Nabatieh Governorate,,,censored by HDX,"Health Care, Aid Operations",National Red Cross Society,Air-Launched: Plane,Aerial Bomb,Foreign Forces: Military,Israeli Defence Forces,Health Infrastructure,,,,,,,82639
2024-09-24,,Lebanon,LBN,Beqaa Governorate,,,censored by HDX,Health Care,Local Health Care Provider,Air-Launched: Plane,Aerial Bomb,Foreign Forces: Military,Israeli Defence Forces,Multiple,,,,,,,85300
2024-09-24,,Lebanon,LBN,Nabatieh Governorate,,,censored by HDX,Health Care,Local Health Care Provider,Air-Launched: Plane,Aerial Bomb,Foreign Forces: Military,Israeli Defence Forces,Health Infrastructure,,,,,,,85299
2024-09-24,,Lebanon,LBN,South Governorate,,,censored by HDX,Health Care,Other,Air-Launched: Plane,Aerial Bomb,Foreign Forces: Military,Israeli Defence Forces,Health Worker,,1,,,,,82402
2024-09-24,,Lebanon,LBN,Nabatieh Governorate,,,censored by HDX,"Health Care, Aid Operations",Government Aid Agency,Unspecified Launch Method,Unspecified Explosive,Foreign Forces: Military,Israeli Defence Forces,Health Infrastructure,,1,,,,,86406
2024-09-24,,Lebanon,LBN,Nabatieh Governorate,,,censored by HDX,"Health Care, Aid Operations",Government Aid Agency,Unspecified Launch Method,Unspecified Explosive,Foreign Forces: Military,Israeli Defence Forces,Health Infrastructure,,1,,,,,86408
2024-09-24,,Lebanon,LBN,Nabatieh Governorate,,,censored by HDX,"Health Care, Aid Operations",Government Aid Agency,Unspecified Launch Method,Unspecified Explosive,Foreign Forces: Military,Israeli Defence Forces,Health Infrastructure,,3,,,,,86410
2024-09-24,,Lebanon,LBN,Nabatieh Governorate,,,censored by HDX,"Health Care, Aid Operations",Government Aid Agency,Unspecified Launch Method,Unspecified Explosive,Foreign Forces: Military,Israeli Defence Forces,Health Infrastructure,,1,,,,,86412
2024-09-24,,Lebanon,LBN,Nabatieh Governorate,,,censored by HDX,"Health Care, Aid Operations",Government Aid Agency,Unspecified Launch Method,Unspecified Explosive,Foreign Forces: Military,Israeli Defence Forces,Multiple,,,,,,,86413
2024-09-24,,Lebanon,LBN,Nabatieh Governorate,,,censored by HDX,"Health Care, Aid Operations",Government Aid Agency,Unspecified Launch Method,Unspecified Explosive,Foreign Forces: Military,Israeli Defence Forces,Multiple,,,,,,,86414
2024-09-24,,Lebanon,LBN,Nabatieh Governorate,,,censored by HDX,"Health Care, Aid Operations",Government Aid Agency,Unspecified Launch Method,Unspecified Explosive,Foreign Forces: Military,Israeli Defence Forces,Multiple,,,,,,,86415
2024-09-24,,Lebanon,LBN,Nabatieh Governorate,,,censored by HDX,"Health Care, Aid Operations",Government Aid Agency,Unspecified Launch Method,Unspecified Explosive,Foreign Forces: Military,Israeli Defence Forces,Health Infrastructure,,,,,,,86416
2024-09-24,,Lebanon,LBN,Nabatieh Governorate,,,censored by HDX,Health Care,Private Health Care,Unspecified Launch Method,Unspecified Explosive,Foreign Forces: Military,Israeli Defence Forces,Private/Voluntary Aid,,1,,,,,86397
2024-09-24,,Lebanon,LBN,Nabatieh Governorate,,,censored by HDX,"Health Care, Aid Operations",Government Aid Agency,Unspecified Launch Method,Unspecified Explosive,Foreign Forces: Military,Israeli Defence Forces,Multiple,,1,,,,,86417
2024-09-24,,Lebanon,LBN,Nabatieh Governorate,,,censored by HDX,"Health Care, Aid Operations",Government Aid Agency,Unspecified Launch Method,Unspecified Explosive,Foreign Forces: Military,Israeli Defence Forces,Multiple,,,,,,,86472
2024-09-24,,Lebanon,LBN,South Governorate,,,censored by HDX,"Health Care, Aid Operations",Government Aid Agency,Unspecified Launch Method,Unspecified Explosive,Foreign Forces: Military,Israeli Defence Forces,Multiple,,5,,,,,86473
2024-09-24,,Lebanon,LBN,Beqaa Governorate,,,censored by HDX,Health Care,Other,Unspecified Launch Method,Unspecified Explosive,Foreign Forces: Military,Israeli Defence Forces,Health Worker,,,,,,,86400
2024-09-24,,OPT,PSE,Gaza Strip,,,censored,Protection,IDP/Refugee Service,Air-Launched: Plane,Aerial Bomb,Host Government: Military,Israeli Defence Forces,Protection Infrastructure,,,,,,,84824
2024-09-24,,Lebanon,LBN,Nabatieh Governorate,,,censored by HDX,Health Care,Other,Unspecified Launch Method,Unspecified Explosive,Foreign Forces: Military,Israeli Defence Forces,Health Infrastructure,,,,,,,86399
2024-09-24,,Lebanon,LBN,South Governorate,,,censored by HDX,Health Care,Other,Unspecified Launch Method,Unspecified Explosive,Foreign Forces: Military,Israeli Defence Forces,Health Infrastructure,,,,,,,86402
2024-09-24,,OPT,PSE,Gaza Strip,,,censored,Protection,IDP/Refugee Service,Air-Launched: Plane,Aerial Bomb,Host Government: Military,Israeli Defence Forces,Protection Infrastructure,,,,,,,85025
2024-09-24,,Lebanon,LBN,South Governorate,,,censored by HDX,Health Care,Private Health Care,Unspecified Launch Method,Unspecified Explosive,Foreign Forces: Military,Israeli Defence Forces,Health Infrastructure,,2,,,,,86395
2024-09-24,,Lebanon,LBN,South Governorate,,,censored by HDX,Health Care,Local Health Care Provider,Air-Launched: Plane,Aerial Bomb,Foreign Forces: Military,Israeli Defence Forces,Health Infrastructure,,,,,,,81479
2024-09-24,,Lebanon,LBN,Nabatieh Governorate,,,censored by HDX,Health Care,Local Health Care Provider,Air-Launched: Plane,Aerial Bomb,Foreign Forces: Military,Israeli Defence Forces,Health Infrastructure,,,,,,,81478
2024-09-24,,Lebanon,LBN,Nabatieh Governorate,,,censored by HDX,Health Care,Private Health Care,Air-Launched: Plane,Aerial Bomb,Foreign Forces: Military,Israeli Defence Forces,Health Infrastructure,,,,,,,80760
2024-09-24,,Lebanon,LBN,Nabatieh Governorate,,,censored by HDX,Health Care,Private Health Care,Unspecified Launch Method,Unspecified Explosive,Foreign Forces: Military,Israeli Defence Forces,Health Infrastructure,,,,,,,80756
2024-09-23,,Lebanon,LBN,South Governorate,,,censored by HDX,Aid Operations,United Nations,Air-Launched: No Information on Platform Type,Aerial Bomb,Foreign Forces: Military,Israeli Defence Forces,Other,,,,,,,85075
2024-09-23,,Lebanon,LBN,Beqaa Governorate,,,censored by HDX,Health Care,Other,Unspecified Launch Method,Unspecified Explosive,Foreign Forces: Military,Israeli Defence Forces,Health Infrastructure,,,,,,,86364
2024-09-23,,Lebanon,LBN,Nabatieh Governorate,,,censored by HDX,Health Care,Local Health Care Provider,Air-Launched: Plane,Aerial Bomb,Foreign Forces: Military,Israeli Defence Forces,Health Infrastructure,,,,,,,82671
2024-09-23,,Lebanon,LBN,Nabatieh Governorate,,,censored by HDX,,Other,Air-Launched: Plane,Aerial Bomb,Foreign Forces: Military,Israeli Defence Forces,Other,,,,,,,82699
2024-09-23,,Lebanon,LBN,Baalbek-Hermel Governorate,,,censored by HDX,Health Care,Other,Unspecified Launch Method,Unspecified Explosive,Foreign Forces: Military,Israeli Defence Forces,Health Worker,,,,,,,86392
2024-09-23,,Lebanon,LBN,Beqaa Governorate,,,censored by HDX,"Protection, Aid Operations",UN Agency,Air-Launched: Plane,Aerial Bomb,Foreign Forces: Military,Israeli Defence Forces,Aid Infrastructure,1,,,,,,85072
2024-09-23,,OPT,PSE,Gaza Strip,,,censored,"Education, Protection","IDP/Refugee Service, Local Education Provider",Unspecified Launch Method,Unspecified Explosive,Host Government: Military,Israeli Defence Forces,Education Infrastructure,,,,,,,85024
2024-09-23,,Lebanon,LBN,South Governorate,,,censored by HDX,Health Care,Local Health Care Provider,Air-Launched: Plane,Aerial Bomb,Foreign Forces: Military,Israeli Defence Forces,Health Infrastructure,,,,,,,85286
2024-09-23,,Lebanon,LBN,Baalbek-Hermel Governorate,,,censored by HDX,Health Care,Local Health Care Provider,Air-Launched: Plane,Aerial Bomb,Foreign Forces: Military,Israeli Defence Forces,Health Infrastructure,,,,,,,85287
2024-09-23,,Lebanon,LBN,Baalbek-Hermel Governorate,,,censored by HDX,Health Care,Local Health Care Provider,Air-Launched: Plane,Aerial Bomb,Foreign Forces: Military,Israeli Defence Forces,Health Infrastructure,,,,,,,85288
2024-09-23,,Lebanon,LBN,Nabatieh Governorate,,,censored by HDX,Health Care,Local Health Care Provider,Air-Launched: Plane,Aerial Bomb,Foreign Forces: Military,Israeli Defence Forces,Health Infrastructure,,,,,,,85289
2024-09-23,,Lebanon,LBN,South Governorate,,,censored by HDX,Health Care,Local Health Care Provider,Air-Launched: Plane,Aerial Bomb,Foreign Forces: Military,Israeli Defence Forces,Health Infrastructure,,,,,,,85290
2024-09-23,,Lebanon,LBN,South Governorate,,,censored by HDX,Health Care,Local Health Care Provider,Air-Launched: Plane,Aerial Bomb,Foreign Forces: Military,Israeli Defence Forces,Health Infrastructure,,,,,,,85297
2024-09-23,,Lebanon,LBN,Baalbek-Hermel Governorate,,,censored by HDX,Health Care,Local Health Care Provider,Air-Launched: Plane,Aerial Bomb,Foreign Forces: Military,Israeli Defence Forces,Health Infrastructure,,,,,,,85298
2024-09-23,,Lebanon,LBN,South Governorate,,,censored by HDX,Health Care,Private Health Care,Unspecified Launch Method,Unspecified Explosive,Foreign Forces: Military,Israeli Defence Forces,Health Infrastructure,,,,,,,86349
2024-09-23,,Lebanon,LBN,Beqaa Governorate,,,censored by HDX,Health Care,Other,Air-Launched: Drone,Aerial Bomb,Foreign Forces: Military,Israeli Defence Forces,Health Infrastructure,,,,,,,80754
2024-09-23,,Lebanon,LBN,Nabatieh Governorate,,,censored by HDX,Health Care,Private Health Care,Unspecified Launch Method,Unspecified Explosive,Foreign Forces: Military,Israeli Defence Forces,Private/Voluntary Aid,,,,,,,86350
2024-09-23,,Lebanon,LBN,South Governorate,,,censored by HDX,Health Care,Private Health Care,Unspecified Launch Method,Unspecified Explosive,Foreign Forces: Military,Israeli Defence Forces,Health Infrastructure,,,,,,,86351
2024-09-23,,Lebanon,LBN,Beqaa Governorate,,,censored by HDX,"Protection, Aid Operations",UN Agency,Air-Launched: No Information on Platform Type,Aerial Bomb,Foreign Forces: Military,Israeli Defence Forces,Other,1,,,,,,85073
2024-09-23,,Lebanon,LBN,Nabatieh Governorate,,,censored by HDX,Health Care,Other,Air-Launched: Plane,Aerial Bomb,Foreign Forces: Military,Israeli Defence Forces,Health Infrastructure,,,,,,,80818
2024-09-23,,Lebanon,LBN,Nabatieh Governorate,,,censored by HDX,Health Care,Private Health Care,Unspecified Launch Method,Unspecified Explosive,Foreign Forces: Military,Israeli Defence Forces,Health Infrastructure,,,,,,,86352
2024-09-23,,Lebanon,LBN,South Governorate,,,censored by HDX,Health Care,Private Health Care,Unspecified Launch Method,Unspecified Explosive,Foreign Forces: Military,Israeli Defence Forces,Health Infrastructure,,2,,,,,86355
2024-09-23,,Lebanon,LBN,Nabatieh Governorate,,,censored by HDX,Health Care,Private Health Care,Unspecified Launch Method,Unspecified Explosive,Foreign Forces: Military,Israeli Defence Forces,Health Infrastructure,,,,,,,86356
2024-09-23,,Lebanon,LBN,South Governorate,,,censored by HDX,Health Care,Private Health Care,Unspecified Launch Method,Unspecified Explosive,Foreign Forces: Military,Israeli Defence Forces,Health Infrastructure,,1,,,,,86357
2024-09-23,,Lebanon,LBN,South Governorate,,,censored by HDX,Health Care,Private Health Care,Unspecified Launch Method,Unspecified Explosive,Foreign Forces: Military,Israeli Defence Forces,Health Infrastructure,,,,,,,86358
2024-09-23,,Lebanon,LBN,Nabatieh Governorate,,,censored by HDX,Health Care,Other,Unspecified Launch Method,Unspecified Explosive,Foreign Forces: Military,Israeli Defence Forces,Health Worker,,1,,,,,86359
2024-09-23,,Lebanon,LBN,No Information,,,censored by HDX,"Health Care, Aid Operations",Government Aid Agency,Air-Launched: Plane,Aerial Bomb,Foreign Forces: Military,Israeli Defence Forces,Health Worker,,1,,,,,81446
2024-09-23,,Lebanon,LBN,Beqaa Governorate,,,censored by HDX,"Health Care, Aid Operations",NGO,Air-Launched: Plane,Aerial Bomb,Foreign Forces: Military,Israeli Defence Forces,Health Infrastructure,,,,,,,84928
2024-09-23,,Lebanon,LBN,Beqaa Governorate,,,censored by HDX,Health Care,Local Health Care Provider,Air-Launched: Plane,Aerial Bomb,Foreign Forces: Military,Israeli Defence Forces,Health Infrastructure,,,,,,,84927
2024-09-23,,Lebanon,LBN,Baalbek-Hermel Governorate,,,censored by HDX,Health Care,Private Health Care,Air-Launched: Plane,Aerial Bomb,Foreign Forces: Military,Israeli Defence Forces,Health Infrastructure,,,,,,,81511
2024-09-23,,Lebanon,LBN,Nabatieh Governorate,,,censored by HDX,Health Care,Other,Air-Launched: Plane,Aerial Bomb,Foreign Forces: Military,Israeli Defence Forces,Health Infrastructure,,,,,,,84258
2024-09-23,,Lebanon,LBN,Nabatieh Governorate,,,censored by HDX,"Health Care, Aid Operations",Government Aid Agency,Air-Launched: Plane,Aerial Bomb,Foreign Forces: Military,Israeli Defence Forces,Health Infrastructure,,,,,,,81544
2024-09-23,,Lebanon,LBN,South Governorate,,,censored by HDX,Health Care,Other,Air-Launched: Plane,Aerial Bomb,Foreign Forces: Military,Israeli Defence Forces,Health Worker,,1,,,,,84257
2024-09-23,,Lebanon,LBN,Nabatieh Governorate,,,censored by HDX,Health Care,Other,Unspecified Launch Method,Unspecified Explosive,Foreign Forces: Military,Israeli Defence Forces,Health Worker,,,,,,,86360
2024-09-23,,Lebanon,LBN,South Governorate,,,censored by HDX,Health Care,Other,Unspecified Launch Method,Unspecified Explosive,Foreign Forces: Military,Israeli Defence Forces,Health Infrastructure,,,,,,,86361
2024-09-23,,Lebanon,LBN,South Governorate,,,censored by HDX,Health Care,Other,Unspecified Launch Method,Unspecified Explosive,Foreign Forces: Military,Israeli Defence Forces,Health Worker,,1,,,,,86362
2024-09-23,,Lebanon,LBN,South Governorate,,,censored by HDX,Health Care,Other,Unspecified Launch Method,Unspecified Explosive,Foreign Forces: Military,Israeli Defence Forces,Health Infrastructure,,,,,,,86363
2024-09-22,,OPT,PSE,Gaza Strip,,,censored,"Education, Protection, Aid Operations","IDP/Refugee Service, UN Agency",Air-Launched: Plane,Aerial Bomb,Host Government: Military,Israeli Defence Forces,Multiple,,,,,,,84765
2024-09-22,,OPT,PSE,Gaza Strip,,,censored,"Education, Protection","IDP/Refugee Service, Local Education Provider",Air-Launched: Plane,Aerial Bomb,Host Government: Military,Israeli Defence Forces,Multiple,,,,,,,84822
2024-09-22,,OPT,PSE,Gaza Strip,,,censored,Protection,IDP/Refugee Service,Air-Launched: Plane,Aerial Bomb,Host Government: Military,Israeli Defence Forces,Protection Infrastructure,,,,,,,84823
2024-09-22,,Lebanon,LBN,Nabatieh Governorate,,,censored by HDX,Health Care,Other,Unspecified Launch Method,Unspecified Explosive,Foreign Forces: Military,Israeli Defence Forces,Health Infrastructure,,,,,,,86347
2024-09-22,,Lebanon,LBN,Nabatieh Governorate,,,censored by HDX,Health Care,Other,Unspecified Launch Method,Unspecified Explosive,Foreign Forces: Military,Israeli Defence Forces,Health Infrastructure,,,,,,,86348
2024-09-22,,Syria,SYR,Dar'a Governorate,32.8,36.1,"(4) Province, State, Governorate ",Education,Local Education Provider,"Air-Launched: Drone, Unspecified Launch Method","Aerial Bomb, Unspecified Explosive",Multiple,"Islamic Resistance in Iraq, Israeli Defence Forces",Education Infrastructure,,,,,,,85335
2024-09-21,,OPT,PSE,Gaza Strip,,,censored,Protection,IDP/Refugee Service,Unspecified Launch Method,Missile,Host Government: Military,Israeli Defence Forces,Protection Infrastructure,,,,,,,85014
2024-09-21,,OPT,PSE,Gaza Strip,,,censored,"Health Care, Protection","IDP/Refugee Service, Local Health Care Provider",Unspecified Launch Method,Unspecified Explosive,Host Government: Military,Israeli Defence Forces,Multiple,,,,,,,86545
2024-09-21,,OPT,PSE,Gaza Strip,,,censored,"Education, Protection, Aid Operations","IDP/Refugee Service, UN Agency",Air-Launched: Plane,Aerial Bomb,Host Government: Military,Israeli Defence Forces,Education Infrastructure,,,,,,,85048
2024-09-21,,Lebanon,LBN,No Information,,,censored by HDX,"Health Care, Aid Operations",INGO,Air-Launched: Plane,Aerial Bomb,Foreign Forces: Military,Israeli Defence Forces,Other,,,,,,,84220
2024-09-21,,OPT,PSE,Gaza Strip,,,censored,"Health Care, Aid Operations",Government Aid Agency,Air-Launched: Plane,Aerial Bomb,Host Government: Military,Israeli Defence Forces,Health Worker,,5,,,,,84475
2024-09-20,,OPT,PSE,Gaza Strip,,,censored,Protection,IDP/Refugee Service,Air-Launched: Plane,Aerial Bomb,Host Government: Military,Israeli Defence Forces,Protection Infrastructure,,,,,,,85012
2024-09-20,,OPT,PSE,Gaza Strip,,,censored,Protection,IDP/Refugee Service,Air-Launched: Plane,Aerial Bomb,Host Government: Military,Israeli Defence Forces,Protection Infrastructure,,,,,,,85011
2024-09-20,,OPT,PSE,Gaza Strip,,,censored,Protection,IDP/Refugee Service,Air-Launched: Plane,Aerial Bomb,Host Government: Military,Israeli Defence Forces,Protection Infrastructure,,,,,,,85013
2024-09-20,,OPT,PSE,Gaza Strip,,,censored,Protection,IDP/Refugee Service,Air-Launched: Plane,Aerial Bomb,Host Government: Military,Israeli Defence Forces,Protection Infrastructure,,,,,,,84744
2024-09-19,,OPT,PSE,Gaza Strip,,,censored,Protection,IDP/Refugee Service,Air-Launched: Drone,Aerial Bomb,Host Government: Military,Israeli Defence Forces,Protection Infrastructure,,,,,,,85010
2024-09-19,,OPT,PSE,Gaza Strip,,,censored,Health Care,Local Health Care Provider,Air-Launched: Plane,Aerial Bomb,Host Government: Military,Israeli Defence Forces,Health Worker,,1,,,,,85378
2024-09-19,,OPT,PSE,Gaza Strip,,,censored,Protection,IDP/Refugee Service,Air-Launched: Plane,Aerial Bomb,Host Government: Military,Israeli Defence Forces,Protection Infrastructure,,,,,,,84821
2024-09-19,,OPT,PSE,Gaza Strip,,,censored,Health Care,Local Health Care Provider,Air-Launched: Plane,Aerial Bomb,Host Government: Military,Israeli Defence Forces,Health Worker,,1,,,,,84474
2024-09-18,,OPT,PSE,Gaza Strip,,,censored,Protection,IDP/Refugee Service,Air-Launched: Plane,Aerial Bomb,Host Government: Military,Israeli Defence Forces,Protection Infrastructure,,,,,,,85008
2024-09-18,,Lebanon,LBN,South Governorate,,,censored by HDX,,Other,Directly-Emplaced,Remote-Controlled IED,Foreign Forces: Military,Israeli Defence Forces,Other,,,,,,,82638
2024-09-18,,Lebanon,LBN,No Information,,,censored by HDX,Health Care,Other,Directly-Emplaced,Remote-Controlled IED,Foreign Forces: Military,Israeli Defence Forces,Health Infrastructure,,,,,,,80752
2024-09-18,,OPT,PSE,Gaza Strip,,,censored,Protection,IDP/Refugee Service,Air-Launched: Plane,Aerial Bomb,Host Government: Military,Israeli Defence Forces,Protection Infrastructure,,,,,,,84820
2024-09-18,,OPT,PSE,Gaza Strip,,,censored,Protection,IDP/Refugee Service,Air-Launched: Plane,Aerial Bomb,Host Government: Military,Israeli Defence Forces,Protection Infrastructure,,,,,,,84742
2024-09-17,,OPT,PSE,Gaza Strip,,,censored,"Protection, Aid Operations","Government Aid Agency, IDP/Refugee Service",Air-Launched: Plane,Aerial Bomb,Host Government: Military,Israeli Defence Forces,Protection Infrastructure,,,,,,,84739
2024-09-17,,OPT,PSE,Gaza Strip,,,censored,Protection,IDP/Refugee Service,Air-Launched: Plane,Aerial Bomb,Host Government: Military,Israeli Defence Forces,Protection Infrastructure,,,,,,,84738
2024-09-17,,OPT,PSE,Gaza Strip,,,censored,Protection,IDP/Refugee Service,Ground-Launched,Artillery,Host Government: Military,Israeli Defence Forces,Protection Infrastructure,,,,,,,84735
2024-09-17,,OPT,PSE,Gaza Strip,,,censored,Protection,IDP/Refugee Service,Air-Launched: Plane,Aerial Bomb,Host Government: Military,Israeli Defence Forces,Protection Infrastructure,,,,,,,85042
2024-09-17,,Lebanon,LBN,Mount Lebanon Governorate,,,censored by HDX,Health Care,Local Health Care Provider,Directly-Emplaced,Remote-Controlled IED,Foreign Forces: Military,Israeli Defence Forces,Health Infrastructure,,,,,,,85282
2024-09-17,,OPT,PSE,Gaza Strip,,,censored,Protection,IDP/Refugee Service,Ground-Launched,Shelling,Host Government: Military,Israeli Defence Forces,Protection Infrastructure,,,,,,,85007
2024-09-17,,Lebanon,LBN,Nabatieh Governorate,,,censored by HDX,Health Care,Local Health Care Provider,Directly-Emplaced,Remote-Controlled IED,Foreign Forces: Military,Israeli Defence Forces,Health Infrastructure,,,,,,,85284
2024-09-17,,OPT,PSE,Gaza Strip,,,censored,"Health Care, Protection","IDP/Refugee Service, Local Health Care Provider",Air-Launched: Drone,Aerial Bomb,Host Government: Military,Israeli Defence Forces,Health Infrastructure,,,,,,,84473
2024-09-17,,Lebanon,LBN,Mount Lebanon Governorate,,,censored by HDX,Health Care,Local Health Care Provider,Directly-Emplaced,Remote-Controlled IED,Foreign Forces: Military,Israeli Defence Forces,Health Infrastructure,,2,,,,,81248
2024-09-17,,Lebanon,LBN,Baalbek-Hermel Governorate,,,censored by HDX,Health Care,Local Health Care Provider,Directly-Emplaced,Remote-Controlled IED,Foreign Forces: Military,Israeli Defence Forces,Health Worker,,1,,,,,81214
2024-09-17,,OPT,PSE,Gaza Strip,,,censored,Protection,IDP/Refugee Service,Ground-Launched,Artillery,Host Government: Military,Israeli Defence Forces,Protection Infrastructure,,,,,,,84799
2024-09-17,,OPT,PSE,Gaza Strip,,,censored,Protection,IDP/Refugee Service,Air-Launched: Plane,Aerial Bomb,Host Government: Military,Israeli Defence Forces,Protection Infrastructure,,,,,,,84764
2024-09-16,,OPT,PSE,Gaza Strip,,,censored,Protection,IDP/Refugee Service,Air-Launched: Plane,Aerial Bomb,Host Government: Military,Israeli Defence Forces,Protection Infrastructure,,,,,,,84994
2024-09-16,,Lebanon,LBN,South Governorate,,,censored by HDX,Health Care,Other,Air-Launched: Plane,Aerial Bomb,Foreign Forces: Military,Israeli Defence Forces,Health Worker,,,,,,,84228
2024-09-16,,OPT,PSE,Gaza Strip,,,censored,Protection,IDP/Refugee Service,Unspecified Launch Method,Unspecified Explosive,Host Government: Military,Israeli Defence Forces,Protection Infrastructure,,,,,,,84993
2024-09-16,,Lebanon,LBN,Nabatieh Governorate,,,censored by HDX,Health Care,Other,Unspecified Launch Method,Unspecified Explosive,Foreign Forces: Military,Israeli Defence Forces,Health Infrastructure,,,,,,,86346
2024-09-16,,OPT,PSE,Gaza Strip,,,censored,Protection,IDP/Refugee Service,Air-Launched: Plane,Aerial Bomb,Host Government: Military,Israeli Defence Forces,Protection Infrastructure,,,,,,,85041
2024-09-15,,Lebanon,LBN,No Information,,,censored by HDX,"Aid Operations, Food Security",NGO,Air-Launched: Plane,Aerial Bomb,Foreign Forces: Military,Israeli Defence Forces,Food Infrastructure,,,,,,Food Production and Storage,84351
2024-09-15,,OPT,PSE,Gaza Strip,,,censored,Protection,IDP/Refugee Service,Air-Launched: Plane,Aerial Bomb,Host Government: Military,Israeli Defence Forces,Protection Infrastructure,,,,,,,84819
2024-09-15,,OPT,PSE,Gaza Strip,,,censored,Protection,IDP/Refugee Service,Air-Launched: Plane,Aerial Bomb,Host Government: Military,Israeli Defence Forces,Protection Infrastructure,,,,,,,84990
2024-09-15,,Lebanon,LBN,No Information,,,censored by HDX,Health Care,Local Health Care Provider,Air-Launched: Plane,Aerial Bomb,Foreign Forces: Military,Israeli Defence Forces,Health Infrastructure,,,,,,,84349
2024-09-15,,OPT,PSE,Gaza Strip,,,censored,Protection,IDP/Refugee Service,Air-Launched: Plane,Aerial Bomb,Host Government: Military,Israeli Defence Forces,Protection Infrastructure,,1,,,,,84991
2024-09-14,,OPT,PSE,Gaza Strip,,,censored,Education,Local Education Provider,Air-Launched: Plane,Aerial Bomb,Host Government: Military,Israeli Defence Forces,Education Infrastructure,,,,,,,85198
2024-09-14,,OPT,PSE,Gaza Strip,,,censored,Protection,IDP/Refugee Service,Air-Launched: Plane,Aerial Bomb,Host Government: Military,Israeli Defence Forces,Protection Infrastructure,,,,,,,84987
2024-09-14,,OPT,PSE,Gaza Strip,,,censored,"Education, Protection","IDP/Refugee Service, Local Education Provider",Unspecified Launch Method,Missile,Host Government: Military,Israeli Defence Forces,Education Infrastructure,,,,,,,85040
2024-09-14,,OPT,PSE,Gaza Strip,,,censored,"Education, Protection","IDP/Refugee Service, Local Education Provider",Air-Launched: Plane,Aerial Bomb,Host Government: Military,Israeli Defence Forces,Multiple,,,,,,,84818
2024-09-14,,OPT,PSE,Gaza Strip,,,censored,"Health Care, Protection, Aid Operations","IDP/Refugee Service, UN Agency",Ground-Launched,Artillery,Host Government: Military,Israeli Defence Forces,Multiple,,,,,,,84003
2024-09-14,,OPT,PSE,Gaza Strip,,,censored,Aid Operations,UN Agency,Ground-Launched,Artillery,Host Government: Military,Israeli Defence Forces,Aid Infrastructure,,,,,,,85367
2024-09-14,,OPT,PSE,Gaza Strip,,,censored,Protection,IDP/Refugee Service,Air-Launched: Plane,Aerial Bomb,Host Government: Military,Israeli Defence Forces,Protection Infrastructure,,,,,,,84797
2024-09-13,,OPT,PSE,Gaza Strip,,,censored,Protection,IDP/Refugee Service,Air-Launched: Plane,Aerial Bomb,Host Government: Military,Israeli Defence Forces,Protection Infrastructure,,,,,,,85038
2024-09-13,,OPT,PSE,Gaza Strip,,,censored,Protection,IDP/Refugee Service,Air-Launched: Plane,Aerial Bomb,Host Government: Military,Israeli Defence Forces,Protection Infrastructure,,,,,,,84817
2024-09-13,,OPT,PSE,Gaza Strip,,,censored,Protection,IDP/Refugee Service,Ground-Launched,Shelling,Host Government: Military,Israeli Defence Forces,Protection Infrastructure,,,,,,,85039
2024-09-13,,OPT,PSE,Gaza Strip,,,censored,Protection,IDP/Refugee Service,Air-Launched: Drone,Aerial Bomb,Host Government: Military,Israeli Defence Forces,Protection Infrastructure,,,,,,,84882
2024-09-13,,OPT,PSE,Gaza Strip,,,censored,Protection,IDP/Refugee Service,Air-Launched: Plane,Aerial Bomb,Host Government: Military,Israeli Defence Forces,Protection Infrastructure,,,,,,,84918
2024-09-12,,OPT,PSE,Gaza Strip,,,censored,Protection,IDP/Refugee Service,Unspecified Launch Method,Unspecified Explosive,Host Government: Military,Israeli Defence Forces,Protection Infrastructure,,,,,,,84731
2024-09-12,,OPT,PSE,Gaza Strip,,,censored,"Protection, Food Security",IDP/Refugee Service,Air-Launched: Drone,Aerial Bomb,Host Government: Military,Israeli Defence Forces,Protection Infrastructure,,,,,,Food Supply,84762
2024-09-12,,OPT,PSE,Gaza Strip,,,censored,Health Care,Local Health Care Provider,Ground-Launched,Shelling,Host Government: Military,Israeli Defence Forces,Health Worker,,1,,,,,85466
2024-09-12,,OPT,PSE,Gaza Strip,,,censored,Protection,IDP/Refugee Service,Air-Launched: Plane,Aerial Bomb,Host Government: Military,Israeli Defence Forces,Protection Infrastructure,,,,,,,84816
2024-09-12,,OPT,PSE,Gaza Strip,,,censored,Protection,IDP/Refugee Service,Air-Launched: Plane,Aerial Bomb,Host Government: Military,Israeli Defence Forces,Protection Infrastructure,,,,,,,84916
2024-09-12,,OPT,PSE,Gaza Strip,,,censored,Health Care,Local Health Care Provider,Air-Launched: Plane,Aerial Bomb,Host Government: Military,Israeli Defence Forces,Health Infrastructure,,,,,,,83998
2024-09-11,,OPT,PSE,Gaza Strip,,,censored,Protection,IDP/Refugee Service,Air-Launched: Plane,Aerial Bomb,Host Government: Military,Israeli Defence Forces,Protection Infrastructure,,,,,,,84815
2024-09-11,,OPT,PSE,Gaza Strip,,,censored,Protection,IDP/Refugee Service,Air-Launched: Plane,Aerial Bomb,Host Government: Military,Israeli Defence Forces,Protection Infrastructure,,,,,,,84814
2024-09-11,,OPT,PSE,Gaza Strip,,,censored,Protection,IDP/Refugee Service,Air-Launched: Plane,Aerial Bomb,Host Government: Military,Israeli Defence Forces,Protection Infrastructure,,,,,,,84915
2024-09-11,,OPT,PSE,Gaza Strip,,,censored,"Health Care, Protection, Aid Operations","Local Health Care Provider, UN Agency",Air-Launched: Plane,Aerial Bomb,Host Government: Military,Israeli Defence Forces,Education Infrastructure,6,,,,,,83989
2024-09-11,,Lebanon,LBN,No Information,,,censored by HDX,Health Care,Local Health Care Provider,Unspecified Launch Method,Unspecified Explosive,Foreign Forces: Military,Israeli Defence Forces,Health Worker,,1,,,,,80720
2024-09-11,,OPT,PSE,West Bank,,,censored,Protection,IDP/Refugee Service,Air-Launched: Plane,Aerial Bomb,Host Government: Military,Israeli Defence Forces,Protection Infrastructure,,,,,,,85087
2024-09-11,,OPT,PSE,Gaza Strip,,,censored,"Education, Protection","IDP/Refugee Service, Local Education Provider",Air-Launched: Plane,Aerial Bomb,Host Government: Military,Israeli Defence Forces,Education Infrastructure,,,,,,,85037
2024-09-10,,Lebanon,LBN,Nabatieh Governorate,,,censored by HDX,Health Care,Other,Unspecified Launch Method,Unspecified Explosive,Foreign Forces: Military,Israeli Defence Forces,Health Worker,,,,,,,86344
2024-09-10,,OPT,PSE,Gaza Strip,,,censored,Protection,IDP/Refugee Service,Air-Launched: Drone,Aerial Bomb,Host Government: Military,Israeli Defence Forces,Protection Infrastructure,,,,,,,84718
2024-09-10,,Lebanon,LBN,South Governorate,,,censored by HDX,Health Care,Private Health Care,Unspecified Launch Method,Unspecified Explosive,Foreign Forces: Military,Israeli Defence Forces,Health Infrastructure,,,,,,,86343
2024-09-10,,OPT,PSE,Gaza Strip,,,censored,Protection,IDP/Refugee Service,Air-Launched: Plane,Aerial Bomb,Host Government: Military,Israeli Defence Forces,Protection Infrastructure,,,,,,,85036
2024-09-10,,OPT,PSE,West Bank,,,censored,"Protection, Food Security",IDP/Refugee Service,Unspecified Launch Method,Unspecified Explosive,Host Government: Military,Israeli Defence Forces,Protection Infrastructure,,,,,,Food Supply,85189
2024-09-10,,Lebanon,LBN,Nabatieh Governorate,,,censored by HDX,Health Care,Local Health Care Provider,Unspecified Launch Method,Unspecified Explosive,Foreign Forces: Military,Israeli Defence Forces,Health Infrastructure,,,,,,,85281
2024-09-10,,OPT,PSE,Gaza Strip,,,censored,Protection,IDP/Refugee Service,Air-Launched: Plane,Aerial Bomb,Host Government: Military,Israeli Defence Forces,Protection Infrastructure,,,,,,,84730
2024-09-10,,OPT,PSE,Gaza Strip,,,censored,Protection,IDP/Refugee Service,Air-Launched: Plane,Aerial Bomb,Host Government: Military,Israeli Defence Forces,Protection Infrastructure,,,,,,,84729
2024-09-10,,Lebanon,LBN,Nabatieh Governorate,,,censored by HDX,Health Care,Local Health Care Provider,Air-Launched: Plane,Aerial Bomb,Foreign Forces: Military,Israeli Defence Forces,Health Infrastructure,,,,,,,85280
2024-09-09,,OPT,PSE,Gaza Strip,,,censored,Health Care,Local Health Care Provider,Unspecified Launch Method,Unspecified Explosive,Host Government: Military,Israeli Defence Forces,Health Infrastructure,,,,,,,83993
2024-09-09,,OPT,PSE,Gaza Strip,,,censored,Protection,IDP/Refugee Service,Air-Launched: Plane,Aerial Bomb,Host Government: Military,Israeli Defence Forces,Protection Infrastructure,,,,,,,84717
2024-09-09,,Lebanon,LBN,Nabatieh Governorate,,,censored by HDX,Health Care,Private Health Care,Unspecified Launch Method,Unspecified Explosive,Foreign Forces: Military,Israeli Defence Forces,Health Infrastructure,,,,,,,86342
2024-09-08,,OPT,PSE,Gaza Strip,,,censored,Health Care,Local Health Care Provider,Ground-Launched,Shelling,Host Government: Military,Israeli Defence Forces,Health Infrastructure,,,,,,,83887
2024-09-08,,OPT,PSE,Gaza Strip,,,censored,"Health Care, Protection, Aid Operations","Government Aid Agency, IDP/Refugee Service",Air-Launched: Plane,Aerial Bomb,Host Government: Military,Israeli Defence Forces,Protection Infrastructure,,1,,,,,83201
2024-09-07,,OPT,PSE,Gaza Strip,,,censored,Protection,IDP/Refugee Service,Ground-Launched,Shelling,Host Government: Military,Israeli Defence Forces,Protection Infrastructure,,,,,,,84715
2024-09-07,,OPT,PSE,Gaza Strip,,,censored,Protection,IDP/Refugee Service,Air-Launched: Plane,Aerial Bomb,Host Government: Military,Israeli Defence Forces,Protection Infrastructure,,,,,,,84714
2024-09-07,,OPT,PSE,Gaza Strip,,,censored,Protection,IDP/Refugee Service,Air-Launched: Plane,Aerial Bomb,Host Government: Military,Israeli Defence Forces,Protection Infrastructure,,,,,,,84713
2024-09-07,,Lebanon,LBN,Nabatieh Governorate,,,censored by HDX,"Health Care, Aid Operations",Government Aid Agency,Air-Launched: Plane,Aerial Bomb,Foreign Forces: Military,Israeli Defence Forces,Health Worker,,3,,,,,80719
2024-09-07,,OPT,PSE,Gaza Strip,,,censored,Protection,IDP/Refugee Service,Air-Launched: Plane,Aerial Bomb,Host Government: Military,Israeli Defence Forces,Protection Infrastructure,,,,,,,84914
2024-09-07,,Lebanon,LBN,Nabatieh Governorate,,,censored by HDX,Health Care,Private Health Care,Unspecified Launch Method,Unspecified Explosive,Foreign Forces: Military,Israeli Defence Forces,Private/Voluntary Aid,,,,,,,86319
2024-09-07,,Lebanon,LBN,Nabatieh Governorate,,,censored by HDX,Health Care,Private Health Care,Unspecified Launch Method,Unspecified Explosive,Foreign Forces: Military,Israeli Defence Forces,Health Infrastructure,,1,,,,,86320
2024-09-06,,OPT,PSE,Gaza Strip,,,censored,"Education, Protection","IDP/Refugee Service, Local Education Provider",Air-Launched: Plane,Aerial Bomb,Host Government: Military,Israeli Defence Forces,Multiple,,,,,,,84812
2024-09-06,,OPT,PSE,Gaza Strip,,,censored,Education,Local Education Provider,Unspecified Launch Method,Unspecified Explosive,Host Government: Military,Israeli Defence Forces,Education Infrastructure,,,,,,,85197
2024-09-06,,OPT,PSE,Gaza Strip,,,censored,Protection,IDP/Refugee Service,Air-Launched: Plane,Aerial Bomb,Host Government: Military,Israeli Defence Forces,Protection Infrastructure,,,,,,,84908
2024-09-06,,OPT,PSE,Gaza Strip,,,censored,Protection,IDP/Refugee Service,Ground-Launched,Shelling,Host Government: Military,Israeli Defence Forces,Protection Infrastructure,,,,,,,84712
2024-09-05,,OPT,PSE,Gaza Strip,,,censored,Protection,IDP/Refugee Service,Air-Launched: Plane,Aerial Bomb,Host Government: Military,Israeli Defence Forces,Protection Infrastructure,,,,,,,84795
2024-09-05,,OPT,PSE,Gaza Strip,,,censored,Health Care,Local Health Care Provider,Air-Launched: Plane,Aerial Bomb,Host Government: Military,Israeli Defence Forces,Health Infrastructure,,,,,,,84416
2024-09-05,,OPT,PSE,West Bank,,,censored,Protection,IDP/Refugee Service,Air-Launched: Plane,Aerial Bomb,Host Government: Military,Israeli Defence Forces,Protection Infrastructure,,,,,,,85083
2024-09-05,,OPT,PSE,West Bank,,,censored,Protection,IDP/Refugee Service,Unspecified Launch Method,Unspecified Explosive,Host Government: Military,Israeli Defence Forces,Protection Infrastructure,,,,,,,85181
2024-09-05,,OPT,PSE,Gaza Strip,,,censored,"Health Care, Protection, Aid Operations","IDP/Refugee Service, INGO",Unspecified Launch Method,Unspecified Explosive,Host Government: Military,Israeli Defence Forces,Multiple,,,,,,,82732
2024-09-04,,OPT,PSE,Gaza Strip,,,censored,Protection,IDP/Refugee Service,Air-Launched: Plane,Aerial Bomb,Host Government: Military,Israeli Defence Forces,Protection Infrastructure,,,,,,,84811
2024-09-04,,OPT,PSE,Gaza Strip,,,censored,Health Care,Local Health Care Provider,Air-Launched: Plane,Aerial Bomb,Host Government: Military,Israeli Defence Forces,Health Worker,,1,,,,,83999
2024-09-04,,OPT,PSE,Gaza Strip,,,censored,Protection,IDP/Refugee Service,Air-Launched: Plane,Aerial Bomb,Host Government: Military,Israeli Defence Forces,Protection Infrastructure,,,,,,,84907
2024-09-03,,OPT,PSE,Jerusalem District,,,censored,Protection,IDP/Refugee Service,Directly-Emplaced,Hand Grenade,Host Government: Military,Israeli Defence Forces,Protection Infrastructure,,,,,,,85156
2024-09-03,,OPT,PSE,Gaza Strip,,,censored,Education,Local Education Provider,Air-Launched: Plane,Aerial Bomb,Host Government: Military,Israeli Defence Forces,Education Infrastructure,,,,,,,85196
2024-09-03,,OPT,PSE,Gaza Strip,,,censored,Protection,IDP/Refugee Service,Air-Launched: Plane,Aerial Bomb,Host Government: Military,Israeli Defence Forces,Protection Infrastructure,,,,,,,84711
2024-09-02,,OPT,PSE,Gaza Strip,,,censored,"Education, Protection","IDP/Refugee Service, Local Education Provider",Air-Launched: Plane,Aerial Bomb,Host Government: Military,Israeli Defence Forces,Education Infrastructure,,,,,,,85193
2024-09-02,,OPT,PSE,Gaza Strip,,,censored,Education,Local Education Provider,Air-Launched: Plane,Aerial Bomb,Host Government: Military,Israeli Defence Forces,Education Infrastructure,,,,,,,85194
2024-09-02,,OPT,PSE,Gaza Strip,,,censored,Education,Local Education Provider,Air-Launched: Plane,Aerial Bomb,Host Government: Military,Israeli Defence Forces,Education Infrastructure,,,,,,,85195
2024-09-02,,OPT,PSE,Gaza Strip,,,censored,Protection,IDP/Refugee Service,Air-Launched: Plane,Aerial Bomb,Host Government: Military,Israeli Defence Forces,Protection Infrastructure,,,,,,,85035
2024-09-02,,OPT,PSE,Gaza Strip,,,censored,Protection,IDP/Refugee Service,Air-Launched: Plane,Aerial Bomb,Host Government: Military,Israeli Defence Forces,Protection Infrastructure,,,,,,,84906
2024-09-02,,OPT,PSE,Gaza Strip,,,censored,Protection,IDP/Refugee Service,Air-Launched: Drone,Aerial Bomb,Host Government: Military,Israeli Defence Forces,Protection Infrastructure,,,,,,,84888
2024-09-02,,OPT,PSE,Gaza Strip,,,censored,"Education, Health Care, Protection","IDP/Refugee Service, Local Education Provider, Local Health Care Provider",Air-Launched: Plane,Aerial Bomb,Host Government: Military,Israeli Defence Forces,Multiple,,1,,,,,84810
2024-09-02,,OPT,PSE,Gaza Strip,,,censored,Protection,IDP/Refugee Service,Air-Launched: Plane,Aerial Bomb,Host Government: Military,Israeli Defence Forces,Protection Infrastructure,,,,,,,84710
2024-09-02,,OPT,PSE,Gaza Strip,,,censored,Health Care,Local Health Care Provider,Air-Launched: Plane,Aerial Bomb,Host Government: Military,Israeli Defence Forces,Health Infrastructure,,,,,,,86265
2024-09-02,,OPT,PSE,West Bank,,,censored,Protection,IDP/Refugee Service,Air-Launched: Drone,Aerial Bomb,Host Government: Military,Israeli Defence Forces,Protection Infrastructure,,,,,,,79703
2024-09-01,,Lebanon,LBN,Mount Lebanon Governorate,,,censored by HDX,Health Care,Local Health Care Provider,Air-Launched: Plane,Aerial Bomb,Foreign Forces: Military,Israeli Defence Forces,Health Infrastructure,,,,,,,85279
2024-09-01,,OPT,PSE,West Bank,,,censored,Protection,IDP/Refugee Service,Directly-Emplaced,Remote-Controlled IED,Host Government: Military,Israeli Defence Forces,Protection Infrastructure,,,,,,,85129
2024-09-01,,OPT,PSE,Gaza Strip,,,censored,Health Care,Local Health Care Provider,Unspecified Launch Method,Unspecified Explosive,Host Government: Military,Israeli Defence Forces,Health Infrastructure,,,,,,,85319
2024-09-01,,OPT,PSE,Gaza Strip,,,censored,Protection,IDP/Refugee Service,Air-Launched: Plane,Aerial Bomb,Host Government: Military,Israeli Defence Forces,Protection Infrastructure,,,,,,,84839
2024-09-01,,OPT,PSE,Gaza Strip,,,censored,"Health Care, Aid Operations",INGO,Air-Launched: Plane,Aerial Bomb,Host Government: Military,Israeli Defence Forces,Health Infrastructure,,,,,,,77419
2024-09-01,,OPT,PSE,Gaza Strip,,,censored,Protection,IDP/Refugee Service,Air-Launched: Plane,Aerial Bomb,Host Government: Military,Israeli Defence Forces,Protection Infrastructure,,,,,,,84708
2024-09-01,,OPT,PSE,Gaza Strip,,,censored,Protection,IDP/Refugee Service,Air-Launched: Plane,Aerial Bomb,Host Government: Military,Israeli Defence Forces,Protection Infrastructure,,,,,,,85034
2024-09-01,,OPT,PSE,West Bank,,,censored,Protection,IDP/Refugee Service,Directly-Emplaced,Remote-Controlled IED,Host Government: Military,Israeli Defence Forces,Protection Infrastructure,,,,,,,85127
2024-09-01,,OPT,PSE,Gaza Strip,,,censored,"Education, Protection","IDP/Refugee Service, Local Education Provider",Air-Launched: Plane,Aerial Bomb,Host Government: Military,Israeli Defence Forces,Education Infrastructure,,,,,,,85033
2024-08-31,,OPT,PSE,West Bank,,,censored,Protection,IDP/Refugee Service,Directly-Emplaced,Hand Grenade,Host Government: Military,Israeli Defence Forces,Protection Infrastructure,,,,,,,84296
2024-08-31,,OPT,PSE,Gaza Strip,,,censored,"Health Care, Aid Operations",UN Agency,Air-Launched: Plane,Aerial Bomb,Host Government: Military,Israeli Defence Forces,Health Infrastructure,,,,,,,77386
2024-08-31,,OPT,PSE,Gaza Strip,,,censored,Protection,IDP/Refugee Service,Air-Launched: Plane,Aerial Bomb,Host Government: Military,Israeli Defence Forces,Protection Infrastructure,,,,,,,84807
2024-08-31,,OPT,PSE,Gaza Strip,,,censored,Protection,IDP/Refugee Service,Air-Launched: Plane,Aerial Bomb,Host Government: Military,Israeli Defence Forces,Protection Infrastructure,,,,,,,84808
2024-08-31,,OPT,PSE,Gaza Strip,,,censored,"Protection, Aid Operations, Food Security","IDP/Refugee Service, UN Agency, United Nations",Air-Launched: Plane,Aerial Bomb,Host Government: Military,Israeli Defence Forces,Food Infrastructure,,,,,,,85271
2024-08-31,,OPT,PSE,Gaza Strip,,,censored,Health Care,Local Health Care Provider,Air-Launched: Plane,Aerial Bomb,Host Government: Military,Israeli Defence Forces,Health Worker,,1,,,,,77353
2024-08-30,,OPT,PSE,Gaza Strip,,,censored,Protection,IDP/Refugee Service,Ground-Launched,Shelling,Host Government: Military,Israeli Defence Forces,Protection Infrastructure,,,,,,,76826
2024-08-30,,OPT,PSE,Gaza Strip,,,censored,Protection,IDP/Refugee Service,Air-Launched: Plane,Aerial Bomb,Host Government: Military,Israeli Defence Forces,Protection Infrastructure,,,,,,,80192
2024-08-30,,OPT,PSE,Gaza Strip,,,censored,Health Care,Local Health Care Provider,Air-Launched: Plane,Aerial Bomb,Host Government: Military,Israeli Defence Forces,Health Worker,,1,,,,,85379
2024-08-30,,Lebanon,LBN,Mount Lebanon Governorate,,,censored by HDX,Health Care,Local Health Care Provider,Air-Launched: Plane,Aerial Bomb,Foreign Forces: Military,Israeli Defence Forces,Health Infrastructure,,,,,,,85275
2024-08-30,,OPT,PSE,Gaza Strip,,,censored,Protection,IDP/Refugee Service,Air-Launched: Plane,Aerial Bomb,Host Government: Military,Israeli Defence Forces,Protection Infrastructure,,,,,,,84804
2024-08-30,,OPT,PSE,Gaza Strip,,,censored,Protection,IDP/Refugee Service,Air-Launched: Plane,Aerial Bomb,Host Government: Military,Israeli Defence Forces,Protection Infrastructure,,,,,,,84805
2024-08-29,,OPT,PSE,Gaza Strip,,,censored,Protection,IDP/Refugee Service,Air-Launched: Plane,Aerial Bomb,Host Government: Military,Israeli Defence Forces,Protection Infrastructure,,,,,,,84761
2024-08-29,,OPT,PSE,Gaza Strip,,,censored,Aid Operations,INGO,Unspecified Launch Method,Missile,Host Government: Military,Israeli Defence Forces,Aid Infrastructure,,,,,,,83821
2024-08-29,,OPT,PSE,Gaza Strip,,,censored,Protection,IDP/Refugee Service,Air-Launched: Plane,Aerial Bomb,Host Government: Military,Israeli Defence Forces,Protection Infrastructure,,,,,,,80159
2024-08-29,,OPT,PSE,West Bank,,,censored,Protection,IDP/Refugee Service,Unspecified Launch Method,Unspecified Explosive,Host Government: Military,Israeli Defence Forces,Protection Infrastructure,,,,,,,84263
2024-08-29,,OPT,PSE,West Bank,,,censored,Protection,IDP/Refugee Service,Ground-Launched,Unspecified Explosive,Host Government: Military,Israeli Defence Forces,Protection Infrastructure,,,,,,,84346
2024-08-29,,OPT,PSE,Gaza Strip,,,censored,Protection,IDP/Refugee Service,Air-Launched: Plane,Aerial Bomb,Host Government: Military,Israeli Defence Forces,Protection Infrastructure,,,,,,,82634
2024-08-28,,OPT,PSE,West Bank,,,censored,Protection,IDP/Refugee Service,Air-Launched: Drone,Aerial Bomb,Host Government: Military,Israeli Defence Forces,Protection Infrastructure,,,,,,,79070
2024-08-28,,OPT,PSE,Gaza Strip,,,censored,Protection,IDP/Refugee Service,Air-Launched: Plane,Aerial Bomb,Host Government: Military,Israeli Defence Forces,Protection Infrastructure,,,,,,,84802
2024-08-28,,OPT,PSE,Gaza Strip,,,censored,Protection,IDP/Refugee Service,Air-Launched: Plane,Aerial Bomb,Host Government: Military,Israeli Defence Forces,Protection Infrastructure,,,,,,,84886
2024-08-28,,OPT,PSE,Gaza Strip,,,censored,"Education, Protection","IDP/Refugee Service, Local Education Provider",Unspecified Launch Method,Unspecified Explosive,Host Government: Military,Israeli Defence Forces,Education Infrastructure,,,,,,,73789
2024-08-28,,OPT,PSE,Jerusalem District,,,censored,Protection,IDP/Refugee Service,Directly-Emplaced,Hand Grenade,Host Government: Military,Israeli Defence Forces,Protection Infrastructure,,,,,,,85155
2024-08-27,,OPT,PSE,Gaza Strip,,,censored,Protection,IDP/Refugee Service,Air-Launched: Plane,Aerial Bomb,Host Government: Military,Israeli Defence Forces,Protection Infrastructure,,,,,,,84884
2024-08-27,,OPT,PSE,Gaza Strip,,,censored,Protection,IDP/Refugee Service,Air-Launched: Drone,Aerial Bomb,Host Government: Military,Israeli Defence Forces,Protection Infrastructure,,,,,,,84885
2024-08-27,,OPT,PSE,Gaza Strip,,,censored,Protection,IDP/Refugee Service,Air-Launched: Plane,Aerial Bomb,Host Government: Military,Israeli Defence Forces,Protection Infrastructure,,,,,,,84833
2024-08-27,,OPT,PSE,Gaza Strip,,,censored,Protection,IDP/Refugee Service,Air-Launched: Plane,Aerial Bomb,Host Government: Military,Israeli Defence Forces,Protection Infrastructure,,,,,,,72472
2024-08-27,,OPT,PSE,Gaza Strip,,,censored,Protection,IDP/Refugee Service,Air-Launched: Plane,Aerial Bomb,Host Government: Military,Israeli Defence Forces,Protection Infrastructure,,,,,,,84794
2024-08-26,,OPT,PSE,West Bank,,,censored,Protection,IDP/Refugee Service,Air-Launched: Drone,Missile,Host Government: Military,Israeli Defence Forces,Protection Infrastructure,,,,,,,84298
2024-08-26,,OPT,PSE,Gaza Strip,,,censored,"Health Care, Aid Operations",INGO,Unspecified Launch Method,Unspecified Explosive,Host Government: Military,Israeli Defence Forces,Other,,,,,,,77320
2024-08-26,,OPT,PSE,Gaza Strip,,,censored,"Protection, Food Security",IDP/Refugee Service,Unspecified Launch Method,Missile,Host Government: Military,Israeli Defence Forces,Protection Infrastructure,,,,,,Food Supply,84800
2024-08-26,,OPT,PSE,Gaza Strip,,,censored,Protection,IDP/Refugee Service,Air-Launched: Plane,Aerial Bomb,Host Government: Military,Israeli Defence Forces,Protection Infrastructure,,,,,,,82603
2024-08-26,,OPT,PSE,Gaza Strip,,,censored,Protection,IDP/Refugee Service,Ground-Launched,Shelling,Host Government: Military,Israeli Defence Forces,Protection Infrastructure,,,,,,,84703
2024-08-26,,OPT,PSE,Gaza Strip,,,censored,Protection,IDP/Refugee Service,Air-Launched: Plane,Aerial Bomb,Host Government: Military,Israeli Defence Forces,Protection Infrastructure,,,,,,,84707
2024-08-26,,OPT,PSE,Gaza Strip,,,censored,Protection,IDP/Refugee Service,Air-Launched: Plane,Aerial Bomb,Host Government: Military,Israeli Defence Forces,Protection Infrastructure,,,,,,,84760
2024-08-26,,OPT,PSE,Gaza Strip,,,censored,Protection,IDP/Refugee Service,Air-Launched: Plane,Aerial Bomb,Host Government: Military,Israeli Defence Forces,Protection Infrastructure,,,,,,,84793
2024-08-25,,OPT,PSE,Gaza Strip,,,censored,"Health Care, Aid Operations",NGO,Unspecified Launch Method,Unspecified Explosive,Host Government: Military,Israeli Defence Forces,Health Infrastructure,,,,,,,77287
2024-08-25,,Lebanon,LBN,South Governorate,,,censored by HDX,"Health Care, Aid Operations",Government Aid Agency,Unspecified Launch Method,Unspecified Explosive,Foreign Forces: Military,Israeli Defence Forces,Health Worker,,,,,,,86318
2024-08-24,,OPT,PSE,Gaza Strip,,,censored,"Health Care, Aid Operations",National Red Cross Society,Air-Launched: Drone,Aerial Bomb,Host Government: Military,Israeli Defence Forces,Health Infrastructure,,,,,,,77254
2024-08-24,,OPT,PSE,Gaza Strip,,,censored,Protection,IDP/Refugee Service,Ground-Launched,Shelling,Host Government: Military,Israeli Defence Forces,Protection Infrastructure,,,,,,,76825
2024-08-23,,OPT,PSE,Gaza Strip,,,censored,"Health Care, Aid Operations",NGO,Ground-Launched,Artillery,Host Government: Military,Israeli Defence Forces,Health Infrastructure,,,,,,,85278
2024-08-23,,OPT,PSE,Gaza Strip,,,censored,Protection,IDP/Refugee Service,Air-Launched: Plane,Aerial Bomb,Host Government: Military,Israeli Defence Forces,Protection Infrastructure,,,,,,,79640
2024-08-22,,Lebanon,LBN,South Governorate,,,censored by HDX,Health Care,Other,Ground-Launched,Artillery,Foreign Forces: Military,Israeli Defence Forces,Health Infrastructure,,,,,,,84229
2024-08-22,,OPT,PSE,Gaza Strip,,,censored,Protection,IDP/Refugee Service,Air-Launched: Plane,Aerial Bomb,Host Government: Military,Israeli Defence Forces,Protection Infrastructure,,,,,,,78145
2024-08-22,,OPT,PSE,Gaza Strip,,,censored,Protection,IDP/Refugee Service,Air-Launched: Plane,Aerial Bomb,Host Government: Military,Israeli Defence Forces,Protection Infrastructure,,,,,,,78442
2024-08-22,,OPT,PSE,Gaza Strip,,,censored,Protection,IDP/Refugee Service,Air-Launched: Plane,Aerial Bomb,Host Government: Military,Israeli Defence Forces,Protection Infrastructure,,,,,,,79639
2024-08-22,,OPT,PSE,Gaza Strip,,,censored,Protection,IDP/Refugee Service,Air-Launched: Plane,Aerial Bomb,Host Government: Military,Israeli Defence Forces,Protection Infrastructure,,,,,,,79638
2024-08-22,,OPT,PSE,Gaza Strip,,,censored,Protection,IDP/Refugee Service,Ground-Launched,Shelling,Host Government: Military,Israeli Defence Forces,Protection Infrastructure,,,,,,,79636
2024-08-22,,OPT,PSE,Gaza Strip,,,censored,Protection,IDP/Refugee Service,Ground-Launched,Shelling,Host Government: Military,Israeli Defence Forces,Protection Infrastructure,,,,,,,79635
2024-08-22,,OPT,PSE,West Bank,,,censored,Protection,IDP/Refugee Service,Unspecified Launch Method,Unspecified Explosive,Host Government: Military,Israeli Defence Forces,Protection Infrastructure,,,,,,,84345
2024-08-21,,OPT,PSE,Gaza Strip,,,censored,Protection,IDP/Refugee Service,Air-Launched: Plane,Aerial Bomb,Host Government: Military,Israeli Defence Forces,Protection Infrastructure,,,,,,,72471
2024-08-21,,OPT,PSE,Gaza Strip,,,censored,Protection,IDP/Refugee Service,Air-Launched: Plane,Aerial Bomb,Host Government: Military,Israeli Defence Forces,Protection Infrastructure,,,,,,,79633
2024-08-21,,OPT,PSE,Gaza Strip,,,censored,Protection,IDP/Refugee Service,Air-Launched: Plane,Aerial Bomb,Host Government: Military,Israeli Defence Forces,Protection Infrastructure,,,,,,,79632
2024-08-21,,OPT,PSE,Gaza Strip,,,censored,Protection,IDP/Refugee Service,Air-Launched: Plane,Aerial Bomb,Host Government: Military,Israeli Defence Forces,Protection Infrastructure,,,,,,,78410
2024-08-21,,OPT,PSE,Gaza Strip,,,censored,"Health Care, Aid Operations",INGO,Ground-Launched,Shelling,Host Government: Military,Israeli Defence Forces,Aid Infrastructure,,,,,,,77222
2024-08-20,,OPT,PSE,Gaza Strip,,,censored,Protection,IDP/Refugee Service,Air-Launched: Plane,Aerial Bomb,Host Government: Military,Israeli Defence Forces,Protection Infrastructure,,,,,,,76794
2024-08-20,,OPT,PSE,Gaza Strip,,,censored,Protection,IDP/Refugee Service,Air-Launched: Plane,Aerial Bomb,Host Government: Military,Israeli Defence Forces,Protection Infrastructure,,,,,,,79630
2024-08-20,,Lebanon,LBN,South Governorate,,,censored by HDX,Health Care,Private Health Care,Air-Launched: Plane,Aerial Bomb,Foreign Forces: Military,Israeli Defence Forces,Health Infrastructure,,,,,,,71348
2024-08-20,,OPT,PSE,Gaza Strip,,,censored,Education,Local Education Provider,Air-Launched: Plane,Aerial Bomb,Host Government: Military,Israeli Defence Forces,Education Infrastructure,,,,,,,73756
2024-08-19,,OPT,PSE,Gaza Strip,,,censored,Protection,IDP/Refugee Service,Air-Launched: Plane,Aerial Bomb,Host Government: Military,Israeli Defence Forces,Protection Infrastructure,,,,,,,79564
2024-08-19,,OPT,PSE,Gaza Strip,,,censored,Protection,IDP/Refugee Service,Unspecified Launch Method,Unspecified Explosive,Host Government: Military,Israeli Defence Forces,Protection Infrastructure,,,,,,,79597
2024-08-19,,OPT,PSE,Gaza Strip,,,censored,Protection,IDP/Refugee Service,Air-Launched: Plane,Aerial Bomb,Host Government: Military,Israeli Defence Forces,Protection Infrastructure,,,,,,,77683
2024-08-19,,OPT,PSE,Gaza Strip,,,censored,Health Care,Local Health Care Provider,Air-Launched: Drone,Aerial Bomb,Host Government: Military,Israeli Defence Forces,Health Worker,,1,,,,,85469
2024-08-19,,Lebanon,LBN,Nabatieh Governorate,,,censored by HDX,Health Care,Other,Unspecified Launch Method,Unspecified Explosive,Foreign Forces: Military,Israeli Defence Forces,Health Infrastructure,,,,,,,86317
2024-08-19,,OPT,PSE,Gaza Strip,,,censored,Protection,IDP/Refugee Service,Air-Launched: Plane,Aerial Bomb,Host Government: Military,Israeli Defence Forces,Protection Infrastructure,,,,,,,79177
2024-08-18,,OPT,PSE,Gaza Strip,,,censored,Protection,IDP/Refugee Service,Air-Launched: Plane,Aerial Bomb,Host Government: Military,Israeli Defence Forces,Protection Infrastructure,,,,,,,79176
2024-08-18,,OPT,PSE,Gaza Strip,,,censored,Protection,IDP/Refugee Service,Air-Launched: Plane,Aerial Bomb,Host Government: Military,Israeli Defence Forces,Protection Infrastructure,,,,,,,72470
2024-08-18,,OPT,PSE,Gaza Strip,,,censored,Protection,IDP/Refugee Service,Air-Launched: Plane,Aerial Bomb,Host Government: Military,Israeli Defence Forces,Protection Infrastructure,,,,,,,78409
2024-08-17,,OPT,PSE,Gaza Strip,,,censored,Protection,IDP/Refugee Service,Air-Launched: Plane,Aerial Bomb,Host Government: Military,Israeli Defence Forces,Protection Infrastructure,,,,,,,78376
2024-08-17,,OPT,PSE,Gaza Strip,,,censored,Protection,IDP/Refugee Service,Air-Launched: Plane,Aerial Bomb,Host Government: Military,Israeli Defence Forces,Protection Infrastructure,,,,,,,79175
2024-08-17,,OPT,PSE,Gaza Strip,,,censored,Protection,IDP/Refugee Service,Air-Launched: Plane,Aerial Bomb,Host Government: Military,Israeli Defence Forces,Protection Infrastructure,,,,,,,79174
2024-08-17,,Lebanon,LBN,South Governorate,,,censored by HDX,Health Care,Other,Unspecified Launch Method,Unspecified Explosive,Foreign Forces: Military,Israeli Defence Forces,Health Worker,,1,,,,,86316
2024-08-17,,OPT,PSE,Gaza Strip,,,censored,Protection,IDP/Refugee Service,Air-Launched: Plane,Aerial Bomb,Host Government: Military,Israeli Defence Forces,Protection Infrastructure,,,,,,,72469
2024-08-16,,OPT,PSE,Gaza Strip,,,censored,Protection,IDP/Refugee Service,Air-Launched: Plane,Aerial Bomb,Host Government: Military,Israeli Defence Forces,Protection Infrastructure,,,,,,,79172
2024-08-16,,OPT,PSE,Gaza Strip,,,censored,Protection,IDP/Refugee Service,Unspecified Launch Method,Missile,Host Government: Military,Israeli Defence Forces,Protection Infrastructure,,,,,,,77651
2024-08-16,,OPT,PSE,Gaza Strip,,,censored,Protection,IDP/Refugee Service,Air-Launched: Plane,Aerial Bomb,Host Government: Military,Israeli Defence Forces,Protection Infrastructure,,,,,,,76793
2024-08-16,,OPT,PSE,Gaza Strip,,,censored,Protection,IDP/Refugee Service,Air-Launched: Plane,Aerial Bomb,Host Government: Military,Israeli Defence Forces,Protection Infrastructure,,,,,,,72407
2024-08-15,,OPT,PSE,Gaza Strip,,,censored,Protection,IDP/Refugee Service,Air-Launched: Plane,Aerial Bomb,Host Government: Military,Israeli Defence Forces,Protection Infrastructure,1,,,,,,76792
2024-08-15,,OPT,PSE,Gaza Strip,,,censored,"Health Care, Protection","IDP/Refugee Service, Local Health Care Provider",Air-Launched: Plane,Aerial Bomb,Host Government: Military,Israeli Defence Forces,Protection Infrastructure,,,,,,,70556
2024-08-15,,OPT,PSE,West Bank,,,censored,Protection,IDP/Refugee Service,Air-Launched: Plane,Aerial Bomb,Host Government: Military,Israeli Defence Forces,Protection Infrastructure,,,,,,,84000
2024-08-15,,OPT,PSE,Gaza Strip,,,censored,Protection,IDP/Refugee Service,Air-Launched: Drone,Aerial Bomb,Host Government: Military,Israeli Defence Forces,Protection Infrastructure,,,,,,,72406
2024-08-15,,OPT,PSE,Gaza Strip,,,censored,"Health Care, Aid Operations",National Red Cross Society,Unspecified Launch Method,Missile,Host Government: Military,Israeli Defence Forces,Health Infrastructure,,,,,,,87369
2024-08-15,,OPT,PSE,West Bank,,,censored,Protection,IDP/Refugee Service,Air-Launched: Drone,Aerial Bomb,Host Government: Military,Israeli Defence Forces,Protection Infrastructure,,,,,,,83995
2024-08-15,,OPT,PSE,Gaza Strip,,,censored,Protection,IDP/Refugee Service,Air-Launched: Plane,Aerial Bomb,Host Government: Military,Israeli Defence Forces,Protection Infrastructure,,,,,,,77584
2024-08-15,,OPT,PSE,Gaza Strip,,,censored,Protection,IDP/Refugee Service,Air-Launched: Plane,Aerial Bomb,Host Government: Military,Israeli Defence Forces,Protection Infrastructure,,,,,,,77617
2024-08-15,,OPT,PSE,Gaza Strip,,,censored,Protection,IDP/Refugee Service,Air-Launched: Plane,Aerial Bomb,Host Government: Military,Israeli Defence Forces,Protection Infrastructure,,,,,,,77650
2024-08-15,,Lebanon,LBN,Nabatieh Governorate,,,censored by HDX,Health Care,Other,Unspecified Launch Method,Unspecified Explosive,Foreign Forces: Military,Israeli Defence Forces,Health Infrastructure,,,,,,,86315
2024-08-15,,Lebanon,LBN,Nabatieh Governorate,,,censored by HDX,Health Care,Other,Unspecified Launch Method,Unspecified Explosive,Foreign Forces: Military,Israeli Defence Forces,Health Infrastructure,,,,,,,86314
2024-08-14,,OPT,PSE,Gaza Strip,,,censored,Protection,IDP/Refugee Service,Air-Launched: Plane,Aerial Bomb,Host Government: Military,Israeli Defence Forces,Protection Infrastructure,,,,,,,77783
2024-08-14,,OPT,PSE,Gaza Strip,,,censored,Protection,IDP/Refugee Service,Air-Launched: Plane,Aerial Bomb,Host Government: Military,Israeli Defence Forces,Protection Infrastructure,,,,,,,78079
2024-08-14,,OPT,PSE,Jerusalem District,,,censored,Protection,IDP/Refugee Service,Directly-Emplaced,Hand Grenade,Host Government: Military,Israeli Defence Forces,Protection Infrastructure,,,,,,,84329
2024-08-14,,OPT,PSE,Gaza Strip,,,censored,Protection,IDP/Refugee Service,Air-Launched: Plane,Aerial Bomb,Host Government: Military,Israeli Defence Forces,Protection Infrastructure,,,,,,,79171
2024-08-13,,OPT,PSE,Gaza Strip,,,censored,Health Care,Local Health Care Provider,Air-Launched: Plane,Aerial Bomb,Host Government: Military,Israeli Defence Forces,Health Worker,,1,,,,,70555
2024-08-13,,OPT,PSE,Gaza Strip,,,censored,Protection,IDP/Refugee Service,Air-Launched: Plane,Aerial Bomb,Host Government: Military,Israeli Defence Forces,Protection Infrastructure,,,,,,,79170
2024-08-13,,Lebanon,LBN,Nabatieh Governorate,,,censored by HDX,Health Care,Local Health Care Provider,Air-Launched: Plane,Aerial Bomb,Foreign Forces: Military,Israeli Defence Forces,Health Infrastructure,,,,,,,85274
2024-08-13,,OPT,PSE,Gaza Strip,,,censored,Protection,IDP/Refugee Service,Air-Launched: Plane,Aerial Bomb,Host Government: Military,Israeli Defence Forces,Protection Infrastructure,,,,,,,77782
2024-08-12,,OPT,PSE,Gaza Strip,,,censored,Education,Local Education Provider,Air-Launched: Plane,Aerial Bomb,Host Government: Military,Israeli Defence Forces,Education Infrastructure,,,,,,,73723
2024-08-12,,OPT,PSE,Gaza Strip,,,censored,Protection,IDP/Refugee Service,Air-Launched: Plane,Aerial Bomb,Host Government: Military,Israeli Defence Forces,Protection Infrastructure,,,,,,,76726
2024-08-12,,OPT,PSE,Gaza Strip,,,censored,Protection,IDP/Refugee Service,Air-Launched: Plane,Aerial Bomb,Host Government: Military,Israeli Defence Forces,Protection Infrastructure,,,,,,,79168
2024-08-12,,OPT,PSE,Gaza Strip,,,censored,Protection,IDP/Refugee Service,Ground-Launched,Artillery,Host Government: Military,Israeli Defence Forces,Protection Infrastructure,,,,,,,79169
2024-08-12,,Lebanon,LBN,Nabatieh Governorate,,,censored by HDX,Health Care,Other,Unspecified Launch Method,Unspecified Explosive,Foreign Forces: Military,Israeli Defence Forces,Health Worker,,1,,,,,86313
2024-08-11,,OPT,PSE,Gaza Strip,,,censored,Health Care,Local Health Care Provider,Air-Launched: Plane,Aerial Bomb,Host Government: Military,Israeli Defence Forces,Health Worker,,1,,,,,68322
2024-08-11,,OPT,PSE,Gaza Strip,,,censored,Protection,IDP/Refugee Service,Air-Launched: Plane,Aerial Bomb,Host Government: Military,Israeli Defence Forces,Protection Infrastructure,,,,,,,78848
2024-08-11,,OPT,PSE,Gaza Strip,,,censored,Health Care,Local Health Care Provider,Unspecified Launch Method,Unspecified Explosive,Host Government: Military,Israeli Defence Forces,Health Infrastructure,,,,,,,87367
2024-08-11,,OPT,PSE,Gaza Strip,,,censored,Protection,IDP/Refugee Service,Air-Launched: Plane,Aerial Bomb,Host Government: Military,Israeli Defence Forces,Protection Infrastructure,,,,,,,78850
2024-08-10,,OPT,PSE,Gaza Strip,,,censored,Protection,IDP/Refugee Service,Air-Launched: Plane,Aerial Bomb,Host Government: Military,Israeli Defence Forces,Protection Infrastructure,,,,,,,78846
2024-08-10,,OPT,PSE,Gaza Strip,,,censored,"Education, Protection","IDP/Refugee Service, Local Education Provider",Ground-Launched,Missile,Host Government: Military,Israeli Defence Forces,Education Infrastructure,,,,1,,,77123
2024-08-10,,OPT,PSE,Gaza Strip,,,censored,Protection,IDP/Refugee Service,Air-Launched: Plane,Aerial Bomb,Host Government: Military,Israeli Defence Forces,Protection Infrastructure,,,,,,,78279
2024-08-10,,OPT,PSE,Gaza Strip,,,censored,Protection,IDP/Refugee Service,Air-Launched: Plane,Aerial Bomb,Host Government: Military,Israeli Defence Forces,Protection Infrastructure,,,,,,,80394
2024-08-10,,OPT,PSE,Gaza Strip,,,censored,"Education, Health Care","Local Education Provider, Local Health Care Provider",Unspecified Launch Method,Unspecified Explosive,Host Government: Military,Israeli Defence Forces,Education Infrastructure,,2,,,,,78904
2024-08-10,,Lebanon,LBN,Nabatieh Governorate,,,censored by HDX,Health Care,Other,Unspecified Launch Method,Unspecified Explosive,Foreign Forces: Military,Israeli Defence Forces,Health Infrastructure,,,,,,,86311
2024-08-10,,Lebanon,LBN,South Governorate,,,censored by HDX,Health Care,Other,Unspecified Launch Method,Unspecified Explosive,Foreign Forces: Military,Israeli Defence Forces,Health Worker,,4,,,,,86312
2024-08-10,,OPT,PSE,Gaza Strip,,,censored,Protection,IDP/Refugee Service,Air-Launched: Plane,Aerial Bomb,Host Government: Military,Israeli Defence Forces,Protection Infrastructure,,,,,,,78847
2024-08-10,,OPT,PSE,Gaza Strip,,,censored,Protection,IDP/Refugee Service,Air-Launched: Plane,Aerial Bomb,Host Government: Military,Israeli Defence Forces,Protection Infrastructure,,,,,,,78844
2024-08-09,,Lebanon,LBN,Nabatieh Governorate,,,censored by HDX,Health Care,Other,Ground-Launched,Artillery,Foreign Forces: Military,Israeli Defence Forces,Health Worker,,2,,,,,71347
2024-08-09,,OPT,PSE,Gaza Strip,,,censored,Protection,IDP/Refugee Service,Air-Launched: Plane,Aerial Bomb,Host Government: Military,Israeli Defence Forces,Protection Infrastructure,,,,,,,77749
2024-08-09,,OPT,PSE,Gaza Strip,,,censored,Protection,IDP/Refugee Service,Air-Launched: Plane,Aerial Bomb,Host Government: Military,Israeli Defence Forces,Protection Infrastructure,,,,,,,78843
2024-08-09,,Lebanon,LBN,South Governorate,,,censored by HDX,Health Care,Other,Unspecified Launch Method,Unspecified Explosive,Foreign Forces: Military,Israeli Defence Forces,Health Infrastructure,,,,,,,86310
2024-08-09,,OPT,PSE,Gaza Strip,,,censored,Protection,IDP/Refugee Service,Air-Launched: Plane,Aerial Bomb,Host Government: Military,Israeli Defence Forces,Protection Infrastructure,,,,,,,78278
2024-08-09,,OPT,PSE,Gaza Strip,,,censored,Health Care,Local Health Care Provider,Air-Launched: Plane,Aerial Bomb,Host Government: Military,Israeli Defence Forces,Health Worker,,1,,,,,85388
2024-08-09,,OPT,PSE,Gaza Strip,,,censored,Protection,IDP/Refugee Service,Air-Launched: Plane,Aerial Bomb,Host Government: Military,Israeli Defence Forces,Protection Infrastructure,,,,,,,78845
2024-08-08,,OPT,PSE,Gaza Strip,,,censored,Health Care,Local Health Care Provider,Unspecified Launch Method,Unspecified Explosive,Host Government: Military,Israeli Defence Forces,Health Infrastructure,,,,,,,86263
2024-08-08,,OPT,PSE,Gaza Strip,,,censored,Protection,IDP/Refugee Service,Air-Launched: Plane,Aerial Bomb,Host Government: Military,Israeli Defence Forces,Protection Infrastructure,,,,,,,76660
2024-08-08,,OPT,PSE,Gaza Strip,,,censored,Protection,IDP/Refugee Service,Air-Launched: Plane,Aerial Bomb,Host Government: Military,Israeli Defence Forces,Protection Infrastructure,,,,,,,78277
2024-08-08,,OPT,PSE,Gaza Strip,,,censored,"Education, Protection","IDP/Refugee Service, Local Education Provider",Air-Launched: Plane,Aerial Bomb,Host Government: Military,Israeli Defence Forces,Education Infrastructure,,,,,,,73657
2024-08-08,,OPT,PSE,Gaza Strip,,,censored,"Education, Protection","IDP/Refugee Service, Local Education Provider",Air-Launched: Plane,Aerial Bomb,Host Government: Military,Israeli Defence Forces,Education Infrastructure,,,,,,,73690
2024-08-08,,OPT,PSE,Gaza Strip,,,censored,"Education, Protection","IDP/Refugee Service, Local Education Provider",Air-Launched: Drone,Aerial Bomb,Host Government: Military,Israeli Defence Forces,Education Infrastructure,,,,,,,73624
2024-08-07,,OPT,PSE,West Bank,,,censored,Protection,IDP/Refugee Service,Unspecified Launch Method,Unspecified Explosive,Host Government: Military,Israeli Defence Forces,Protection Infrastructure,,,,,,,83994
2024-08-07,,OPT,PSE,Gaza Strip,,,censored,Aid Operations,INGO,Air-Launched: No Information on Platform Type,Aerial Bomb,Host Government: Military,Israeli Defence Forces,Other,1,,,,,,73954
2024-08-07,,OPT,PSE,Gaza Strip,,,censored,Protection,IDP/Refugee Service,Air-Launched: Plane,Aerial Bomb,Host Government: Military,Israeli Defence Forces,Protection Infrastructure,,,,,,,72403
2024-08-07,,OPT,PSE,Gaza Strip,,,censored,Protection,IDP/Refugee Service,Air-Launched: Plane,Aerial Bomb,Host Government: Military,Israeli Defence Forces,Protection Infrastructure,,,,,,,78445
2024-08-06,,OPT,PSE,West Bank,,,censored,Health Care,Local Health Care Provider,Air-Launched: Drone,Aerial Bomb,Host Government: Military,Israeli Defence Forces,Health Worker,,1,,,,,64750
2024-08-06,,OPT,PSE,Gaza Strip,,,censored,Protection,IDP/Refugee Service,Air-Launched: Plane,Aerial Bomb,Host Government: Military,Israeli Defence Forces,Protection Infrastructure,,,,,,,76495
2024-08-05,,OPT,PSE,Gaza Strip,,,censored,"Health Care, Protection","IDP/Refugee Service, Local Health Care Provider",Air-Launched: Drone,Aerial Bomb,Host Government: Military,Israeli Defence Forces,Other,,,,,,,86537
2024-08-05,,OPT,PSE,Gaza Strip,,,censored,Aid Operations,NGO,Air-Launched: Plane,Aerial Bomb,Host Government: Military,Israeli Defence Forces,Other,,,,,,,73922
2024-08-05,,OPT,PSE,Gaza Strip,,,censored,"Education, Protection","IDP/Refugee Service, Local Education Provider",Unspecified Launch Method,Unspecified Explosive,Host Government: Military,Israeli Defence Forces,Multiple,,,,,,,73591
2024-08-05,,OPT,PSE,Gaza Strip,,,censored,Protection,IDP/Refugee Service,Air-Launched: Plane,Aerial Bomb,Host Government: Military,Israeli Defence Forces,Protection Infrastructure,,,,,,,76430
2024-08-05,,Lebanon,LBN,Nabatieh Governorate,,,censored by HDX,Health Care,Local Health Care Provider,Air-Launched: Drone,Missile,Foreign Forces: Military,Israeli Defence Forces,Health Worker,,1,,,,,84230
2024-08-04,,OPT,PSE,Gaza Strip,,,censored,Protection,IDP/Refugee Service,Air-Launched: Plane,Aerial Bomb,Host Government: Military,Israeli Defence Forces,Protection Infrastructure,,,,,,,78179
2024-08-04,,Lebanon,LBN,Nabatieh Governorate,,,censored by HDX,Health Care,Other,Air-Launched: Drone,Aerial Bomb,Foreign Forces: Military,Israeli Defence Forces,Health Worker,,1,,,,,71155
2024-08-04,,OPT,PSE,Gaza Strip,,,censored,"Health Care, Protection","IDP/Refugee Service, Local Health Care Provider",Air-Launched: Drone,Aerial Bomb,Host Government: Military,Israeli Defence Forces,Health Infrastructure,,,,,,,64780
2024-08-04,,OPT,PSE,Gaza Strip,,,censored,"Education, Protection","IDP/Refugee Service, Local Education Provider",Air-Launched: Plane,Aerial Bomb,Host Government: Military,Israeli Defence Forces,Education Infrastructure,,,,,,,73558
2024-08-04,,OPT,PSE,Gaza Strip,,,censored,"Education, Protection","IDP/Refugee Service, Local Education Provider",Air-Launched: Plane,Aerial Bomb,Host Government: Military,Israeli Defence Forces,Education Infrastructure,,,,,,,77089
2024-08-04,,OPT,PSE,Gaza Strip,,,censored,"Education, Protection","IDP/Refugee Service, Local Education Provider",Air-Launched: Plane,Aerial Bomb,Host Government: Military,Israeli Defence Forces,Education Infrastructure,,,,,,,77122
2024-08-04,,OPT,PSE,Gaza Strip,,,censored,Health Care,Local Health Care Provider,Air-Launched: Plane,Aerial Bomb,Host Government: Military,Israeli Defence Forces,Health Infrastructure,,1,,,,,85382
2024-08-03,,OPT,PSE,Gaza Strip,,,censored,Protection,IDP/Refugee Service,Air-Launched: Plane,Aerial Bomb,Host Government: Military,Israeli Defence Forces,Protection Infrastructure,,,,,,,76429
2024-08-03,,Lebanon,LBN,Nabatieh Governorate,,,censored by HDX,Health Care,Local Health Care Provider,Air-Launched: Plane,Aerial Bomb,Foreign Forces: Military,Israeli Defence Forces,Health Infrastructure,,,,,,,85265
2024-08-03,,OPT,PSE,Gaza Strip,,,censored,Education,Local Education Provider,Unspecified Launch Method,Unspecified Explosive,Host Government: Military,Israeli Defence Forces,Education Infrastructure,,,,,,,73525
2024-08-03,,OPT,PSE,Gaza Strip,,,censored,"Health Care, Protection","IDP/Refugee Service, Local Health Care Provider",Air-Launched: Plane,Aerial Bomb,Host Government: Military,Israeli Defence Forces,Education Infrastructure,,,,,,,64652
2024-08-02,,OPT,PSE,Gaza Strip,,,censored,Protection,IDP/Refugee Service,Air-Launched: Plane,Aerial Bomb,Host Government: Military,Israeli Defence Forces,Protection Infrastructure,,,,,,,76399
2024-08-02,,OPT,PSE,Gaza Strip,,,censored,Protection,IDP/Refugee Service,Unspecified Launch Method,Unspecified Explosive,Host Government: Military,Israeli Defence Forces,Protection Infrastructure,,,,,,,76398
2024-08-02,,OPT,PSE,Gaza Strip,,,censored,"Education, Protection","IDP/Refugee Service, Local Education Provider",Air-Launched: Plane,Aerial Bomb,Host Government: Military,Israeli Defence Forces,Education Infrastructure,,,,,,,82567
2024-08-02,,OPT,PSE,Gaza Strip,,,censored,"Education, Protection","IDP/Refugee Service, Local Education Provider",Air-Launched: Plane,Aerial Bomb,Host Government: Military,Israeli Defence Forces,Education Infrastructure,,,,,,,73459
2024-08-01,,OPT,PSE,Gaza Strip,,,censored,Protection,IDP/Refugee Service,Air-Launched: Drone,Aerial Bomb,Host Government: Military,Israeli Defence Forces,Protection Infrastructure,,,,,,,76397
2024-08-01,,OPT,PSE,Gaza Strip,,,censored,Protection,IDP/Refugee Service,Air-Launched: Plane,Aerial Bomb,Host Government: Military,Israeli Defence Forces,Protection Infrastructure,,,,,,,78839
2024-08-01,,OPT,PSE,Gaza Strip,,,censored,Protection,IDP/Refugee Service,Air-Launched: Plane,Aerial Bomb,Host Government: Military,Israeli Defence Forces,Protection Infrastructure,,,,,,,78477
2024-08-01,,OPT,PSE,Gaza Strip,,,censored,Protection,IDP/Refugee Service,Unspecified Launch Method,Unspecified Explosive,Host Government: Military,Israeli Defence Forces,Protection Infrastructure,,,,,,,77716
2024-08-01,,OPT,PSE,Gaza Strip,,,censored,"Education, Protection","IDP/Refugee Service, Local Education Provider",Air-Launched: Plane,Aerial Bomb,Host Government: Military,Israeli Defence Forces,Education Infrastructure,,,,,,,73426
2024-08-01,,OPT,PSE,Gaza Strip,,,censored,"Education, Protection","IDP/Refugee Service, Local Education Provider",Air-Launched: Plane,Aerial Bomb,Host Government: Military,Israeli Defence Forces,Education Infrastructure,,,,,,,82469
2024-07-31,,OPT,PSE,Gaza Strip,,,censored,Protection,IDP/Refugee Service,Air-Launched: Drone,Aerial Bomb,Host Government: Military,Israeli Defence Forces,Protection Infrastructure,,,,,,,64392
2024-07-31,,OPT,PSE,Gaza Strip,,,censored,Protection,IDP/Refugee Service,Air-Launched: Plane,Aerial Bomb,Host Government: Military,Israeli Defence Forces,Protection Infrastructure,,,,,,,67354
2024-07-30,,OPT,PSE,Gaza Strip,,,censored,Protection,IDP/Refugee Service,Ground-Launched,Shelling,Host Government: Military,Israeli Defence Forces,Protection Infrastructure,,,,,,,70544
2024-07-30,,OPT,PSE,Gaza Strip,,,censored,Protection,IDP/Refugee Service,Air-Launched: Plane,Aerial Bomb,Host Government: Military,Israeli Defence Forces,Protection Infrastructure,,,,,,,66437
2024-07-30,,OPT,PSE,Gaza Strip,,,censored,Protection,IDP/Refugee Service,Air-Launched: Plane,Aerial Bomb,Host Government: Military,Israeli Defence Forces,Protection Infrastructure,,,,,,,76396
2024-07-30,,OPT,PSE,West Bank,,,censored,Health Care,Local Health Care Provider,Unspecified Launch Method,Unspecified Explosive,Host Government: Military,Israeli Defence Forces,Multiple,,,,,,,64649
2024-07-30,,OPT,PSE,Gaza Strip,,,censored,Protection,IDP/Refugee Service,Ground-Launched,Shelling,Host Government: Military,Israeli Defence Forces,Protection Infrastructure,,,,,,,66434
2024-07-29,,OPT,PSE,Gaza Strip,,,censored,Protection,IDP/Refugee Service,Air-Launched: Plane,Aerial Bomb,Host Government: Military,Israeli Defence Forces,Protection Infrastructure,,,,,,,70542
2024-07-29,,OPT,PSE,Gaza Strip,,,censored,Education,Local Education Provider,Unspecified Launch Method,Unspecified Explosive,Host Government: Military,Israeli Defence Forces,Education Infrastructure,,,,,,,69633
2024-07-29,,OPT,PSE,Gaza Strip,,,censored,Protection,IDP/Refugee Service,Unspecified Launch Method,Unspecified Explosive,Host Government: Military,Israeli Defence Forces,Protection Infrastructure,,,,,,,76265
2024-07-29,,OPT,PSE,Gaza Strip,,,censored,Protection,IDP/Refugee Service,Air-Launched: Plane,Aerial Bomb,Host Government: Military,Israeli Defence Forces,Protection Infrastructure,,,,,,,66010
2024-07-28,,OPT,PSE,Gaza Strip,,,censored,Protection,IDP/Refugee Service,Air-Launched: Plane,Aerial Bomb,Host Government: Military,Israeli Defence Forces,Protection Infrastructure,,,,,,,72570
2024-07-27,,OPT,PSE,Gaza Strip,,,censored,Protection,IDP/Refugee Service,Ground-Launched,Shelling,Host Government: Military,Israeli Defence Forces,Protection Infrastructure,,,,,,,66008
2024-07-27,,OPT,PSE,Gaza Strip,,,censored,"Education, Protection, Aid Operations","IDP/Refugee Service, UN Agency",Ground-Launched,Artillery,Host Government: Military,Israeli Defence Forces,Education Infrastructure,,,,,,,73393
2024-07-27,,OPT,PSE,Gaza Strip,,,censored,Education,Local Education Provider,Air-Launched: Plane,Aerial Bomb,Host Government: Military,Israeli Defence Forces,Education Infrastructure,,,,,,,69598
2024-07-27,,OPT,PSE,Gaza Strip,,,censored,"Education, Protection","IDP/Refugee Service, Local Education Provider",Unspecified Launch Method,Unspecified Explosive,Host Government: Military,Israeli Defence Forces,Education Infrastructure,,,,,,,69631
2024-07-27,,OPT,PSE,Gaza Strip,,,censored,Education,Local Education Provider,Air-Launched: Plane,Aerial Bomb,Host Government: Military,Israeli Defence Forces,Teacher/Student,,,,1,,,69632
2024-07-27,,OPT,PSE,West Bank,,,censored,"Health Care, Protection, Aid Operations","IDP/Refugee Service, National Red Cross Society",Air-Launched: Drone,Aerial Bomb,Host Government: Military,Israeli Defence Forces,Aid Infrastructure,,,1,,,,64619
2024-07-27,,OPT,PSE,Gaza Strip,,,censored,Protection,IDP/Refugee Service,Air-Launched: Plane,Aerial Bomb,Host Government: Military,Israeli Defence Forces,Protection Infrastructure,,,,,,,67331
2024-07-27,,OPT,PSE,Gaza Strip,,,censored,Health Care,Local Health Care Provider,Air-Launched: Plane,Aerial Bomb,Host Government: Military,Israeli Defence Forces,Health Infrastructure,,,,,,,64391
2024-07-27,,OPT,PSE,West Bank,,,censored,Protection,IDP/Refugee Service,Air-Launched: Drone,Aerial Bomb,Host Government: Military,Israeli Defence Forces,Protection Infrastructure,,,,,,,74028
2024-07-27,,OPT,PSE,Gaza Strip,,,censored,"Education, Health Care, Protection","IDP/Refugee Service, Local Education Provider, Local Health Care Provider",Air-Launched: Plane,Aerial Bomb,Host Government: Military,Israeli Defence Forces,Multiple,,,,,,,64390
2024-07-26,,OPT,PSE,Gaza Strip,,,censored,Protection,IDP/Refugee Service,Air-Launched: Plane,Aerial Bomb,Host Government: Military,Israeli Defence Forces,Protection Infrastructure,,,,,,,70539
2024-07-26,,OPT,PSE,Gaza Strip,,,censored,Protection,IDP/Refugee Service,Air-Launched: Plane,Aerial Bomb,Host Government: Military,Israeli Defence Forces,Protection Infrastructure,,,,,,,70538
2024-07-25,,OPT,PSE,Gaza Strip,,,censored,Health Care,Local Health Care Provider,Unspecified Launch Method,Unspecified Explosive,Host Government: Military,Israeli Defence Forces,Health Infrastructure,,,,,,,64389
2024-07-25,,OPT,PSE,Gaza Strip,,,censored,Protection,IDP/Refugee Service,Air-Launched: Plane,Aerial Bomb,Host Government: Military,Israeli Defence Forces,Protection Infrastructure,,,,,,,66004
2024-07-25,,OPT,PSE,Gaza Strip,,,censored,Protection,IDP/Refugee Service,Ground-Launched,Shelling,Host Government: Military,Israeli Defence Forces,Protection Infrastructure,,,,,,,66003
2024-07-25,,OPT,PSE,Gaza Strip,,,censored,Protection,IDP/Refugee Service,Air-Launched: Plane,Aerial Bomb,Host Government: Military,Israeli Defence Forces,Protection Infrastructure,,,,,,,66628
2024-07-25,,OPT,PSE,Gaza Strip,,,censored,"Health Care, Aid Operations",NGO,Ground-Launched,Artillery,Host Government: Military,Israeli Defence Forces,Health Infrastructure,,,,,,,85277
2024-07-24,,OPT,PSE,Gaza Strip,,,censored,Protection,IDP/Refugee Service,Air-Launched: Plane,Aerial Bomb,Host Government: Military,Israeli Defence Forces,Protection Infrastructure,,,,,,,70532
2024-07-24,,OPT,PSE,Gaza Strip,,,censored,"Health Care, Aid Operations",NGO,Ground-Launched,Artillery,Host Government: Military,Israeli Defence Forces,Health Infrastructure,,,,,,,85276
2024-07-24,,OPT,PSE,West Bank,,,censored,Protection,IDP/Refugee Service,Unspecified Launch Method,Unspecified Explosive,Host Government: Military,Israeli Defence Forces,Protection Infrastructure,,,,,,,75407
2024-07-24,,OPT,PSE,Gaza Strip,,,censored,Aid Operations,NGO,Unspecified Launch Method,Unspecified Explosive,Host Government: Military,Israeli Defence Forces,Food Infrastructure,,,,,,,72139
2024-07-24,,OPT,PSE,Gaza Strip,,,censored,Aid Operations,United Nations,Ground-Launched,Shelling,Host Government: Military,Israeli Defence Forces,Other,,,,,,,73261
2024-07-23,,OPT,PSE,Gaza Strip,,,censored,Protection,IDP/Refugee Service,Air-Launched: Plane,Aerial Bomb,Host Government: Military,Israeli Defence Forces,Protection Infrastructure,,,,,,,65672
2024-07-23,,OPT,PSE,Gaza Strip,,,censored,Protection,IDP/Refugee Service,Air-Launched: Plane,Aerial Bomb,Host Government: Military,Israeli Defence Forces,Protection Infrastructure,,,,,,,65671
2024-07-23,,OPT,PSE,Gaza Strip,,,censored,Protection,IDP/Refugee Service,Air-Launched: Plane,Aerial Bomb,Host Government: Military,Israeli Defence Forces,Protection Infrastructure,,,,,,,68019
2024-07-23,,OPT,PSE,West Bank,,,censored,Protection,IDP/Refugee Service,Directly-emplaced,Unspecified Explosive,Host Government: Military,Israeli Defence Forces,Protection Infrastructure,,,,,,,75307
2024-07-23,,OPT,PSE,Gaza Strip,,,censored,Protection,IDP/Refugee Service,Air-Launched: Plane,Aerial Bomb,Host Government: Military,Israeli Defence Forces,Protection Infrastructure,,,,,,,70530
2024-07-22,,OPT,PSE,Gaza Strip,,,censored,Protection,IDP/Refugee Service,Air-Launched: Plane,Aerial Bomb,Host Government: Military,Israeli Defence Forces,Protection Infrastructure,,,,,,,70391
2024-07-22,,OPT,PSE,Gaza Strip,,,censored,"Education, Protection, Aid Operations","IDP/Refugee Service, UN Agency",Air-Launched: Drone,Aerial Bomb,Host Government: Military,Israeli Defence Forces,Multiple,,,,,,,67330
2024-07-22,,OPT,PSE,Gaza Strip,,,censored,Health Care,Local Health Care Provider,Air-Launched: Drone,Aerial Bomb,Host Government: Military,Israeli Defence Forces,Health Infrastructure,,,,,,,61086
2024-07-22,,OPT,PSE,Gaza Strip,,,censored,"Protection, Aid Operations",National Red Cross Society,Unspecified Launch Method,Unspecified Explosive,Host Government: Military,Israeli Defence Forces,Aid Infrastructure,,,,,,,87357
2024-07-22,,OPT,PSE,Gaza Strip,,,censored,Health Care,Local Health Care Provider,Air-Launched: Plane,Aerial Bomb,Host Government: Military,Israeli Defence Forces,Health Worker,,1,,,,,85474
2024-07-22,,OPT,PSE,West Bank,,,censored,Protection,IDP/Refugee Service,Air-Launched: Drone,Aerial Bomb,Host Government: Military,Israeli Defence Forces,Protection Infrastructure,,,,,,,75411
2024-07-21,,OPT,PSE,Gaza Strip,,,censored,Protection,IDP/Refugee Service,Ground-Launched,Shelling,Host Government: Military,Israeli Defence Forces,Protection Infrastructure,,,,,,,65276
2024-07-21,,OPT,PSE,Gaza Strip,,,censored,Protection,IDP/Refugee Service,Air-Launched: Plane,Aerial Bomb,Host Government: Military,Israeli Defence Forces,Protection Infrastructure,,,,,,,70360
2024-07-21,,OPT,PSE,Gaza Strip,,,censored,Protection,IDP/Refugee Service,Air-Launched: Plane,Aerial Bomb,Host Government: Military,Israeli Defence Forces,Protection Infrastructure,,,,,,,67356
2024-07-21,,OPT,PSE,Gaza Strip,,,censored,Protection,IDP/Refugee Service,Air-Launched: Plane,Aerial Bomb,Host Government: Military,Israeli Defence Forces,Protection Infrastructure,,,,,,,70358
2024-07-21,,OPT,PSE,Gaza Strip,,,censored,Protection,IDP/Refugee Service,Air-Launched: Plane,Aerial Bomb,Host Government: Military,Israeli Defence Forces,Protection Infrastructure,,,,,,,70359
2024-07-21,,OPT,PSE,Gaza Strip,,,censored,Protection,IDP/Refugee Service,Air-Launched: Plane,Aerial Bomb,Host Government: Military,Israeli Defence Forces,Protection Infrastructure,,,,,,,70390
2024-07-21,,OPT,PSE,Gaza Strip,,,censored,Protection,IDP/Refugee Service,Air-Launched: Plane,Aerial Bomb,Host Government: Military,Israeli Defence Forces,Protection Infrastructure,,,,,,,65275
2024-07-21,,OPT,PSE,Gaza Strip,,,censored,Protection,IDP/Refugee Service,Air-Launched: Plane,Aerial Bomb,Host Government: Military,Israeli Defence Forces,Protection Infrastructure,,,,,,,65308
2024-07-20,,OPT,PSE,Gaza Strip,,,censored,Protection,IDP/Refugee Service,Air-Launched: Plane,Aerial Bomb,Host Government: Military,Israeli Defence Forces,Protection Infrastructure,,,,,,,67422
2024-07-20,,Lebanon,LBN,South Governorate,,,censored by HDX,Health Care,Local Health Care Provider,Air-Launched: Plane,Aerial Bomb,Foreign Forces: Military,Israeli Defence Forces,Health Worker,,,,,,,84231
2024-07-20,,OPT,PSE,Gaza Strip,,,censored,Protection,IDP/Refugee Service,Air-Launched: Plane,Aerial Bomb,Host Government: Military,Israeli Defence Forces,Protection Infrastructure,,,,,,,72568
2024-07-20,,OPT,PSE,Gaza Strip,,,censored,Protection,IDP/Refugee Service,Air-Launched: Plane,Aerial Bomb,Host Government: Military,Israeli Defence Forces,Protection Infrastructure,,,,,,,65242
2024-07-20,,OPT,PSE,Gaza Strip,,,censored,Protection,IDP/Refugee Service,Air-Launched: Plane,Aerial Bomb,Host Government: Military,Israeli Defence Forces,Protection Infrastructure,,,,,,,65209
2024-07-20,,OPT,PSE,Gaza Strip,,,censored,Protection,IDP/Refugee Service,Air-Launched: Plane,Aerial Bomb,Host Government: Military,Israeli Defence Forces,Protection Infrastructure,,,,,,,65206
2024-07-20,,OPT,PSE,Gaza Strip,,,censored,Protection,IDP/Refugee Service,Air-Launched: Drone,Aerial Bomb,Host Government: Military,Israeli Defence Forces,Protection Infrastructure,,,,,,,65205
2024-07-20,,OPT,PSE,Gaza Strip,,,censored,Protection,IDP/Refugee Service,Air-Launched: Plane,Aerial Bomb,Host Government: Military,Israeli Defence Forces,Protection Infrastructure,,,,,,,70357
2024-07-20,,OPT,PSE,Gaza Strip,,,censored,Protection,IDP/Refugee Service,Air-Launched: Plane,Aerial Bomb,Host Government: Military,Israeli Defence Forces,Protection Infrastructure,,,,,,,70326
2024-07-19,,OPT,PSE,Gaza Strip,,,censored,Protection,IDP/Refugee Service,Air-Launched: Plane,Aerial Bomb,Host Government: Military,Israeli Defence Forces,Protection Infrastructure,,,,,,,70324
2024-07-19,,OPT,PSE,Gaza Strip,,,censored,Protection,IDP/Refugee Service,Air-Launched: Plane,Aerial Bomb,Host Government: Military,Israeli Defence Forces,Protection Infrastructure,,,,,,,69732
2024-07-19,,OPT,PSE,Gaza Strip,,,censored,Protection,IDP/Refugee Service,Ground-Launched,Shelling,Host Government: Military,Israeli Defence Forces,Protection Infrastructure,,,,,,,65202
2024-07-19,,OPT,PSE,Gaza Strip,,,censored,Protection,IDP/Refugee Service,Air-Launched: Plane,Aerial Bomb,Host Government: Military,Israeli Defence Forces,Protection Infrastructure,,,,,,,69720
2024-07-19,,OPT,PSE,Gaza Strip,,,censored,Protection,IDP/Refugee Service,Air-Launched: Plane,Aerial Bomb,Host Government: Military,Israeli Defence Forces,Protection Infrastructure,,,,,,,69721
2024-07-19,,OPT,PSE,Gaza Strip,,,censored,Protection,IDP/Refugee Service,Air-Launched: Plane,Aerial Bomb,Host Government: Military,Israeli Defence Forces,Protection Infrastructure,,,,,,,69730
2024-07-19,,OPT,PSE,Gaza Strip,,,censored,Protection,IDP/Refugee Service,Air-Launched: Plane,Aerial Bomb,Host Government: Military,Israeli Defence Forces,Protection Infrastructure,,,,,,,69731
2024-07-19,,Lebanon,LBN,Nabatieh Governorate,,,censored by HDX,Health Care,Private Health Care,Air-Launched: Plane,Aerial Bomb,Foreign Forces: Military,Israeli Defence Forces,Health Infrastructure,,,,,,,63527
2024-07-19,,OPT,PSE,Gaza Strip,,,censored,Education,Local Education Provider,Air-Launched: Plane,Aerial Bomb,Host Government: Military,Israeli Defence Forces,Education Infrastructure,,,,,,,69532
2024-07-18,,OPT,PSE,Gaza Strip,,,censored,"Protection, Aid Operations","IDP/Refugee Service, NGO",Air-Launched: Plane,Aerial Bomb,Host Government: Military,Israeli Defence Forces,Aid Infrastructure,,,,,,,64618
2024-07-18,,OPT,PSE,Gaza Strip,,,censored,Protection,IDP/Refugee Service,Air-Launched: Plane,Aerial Bomb,Host Government: Military,Israeli Defence Forces,Protection Infrastructure,,,,,,,65199
2024-07-18,,OPT,PSE,Gaza Strip,,,censored,Protection,IDP/Refugee Service,Unspecified Launch Method,Missile,Host Government: Military,Israeli Defence Forces,Protection Infrastructure,,,,,,,69719
2024-07-18,,OPT,PSE,Gaza Strip,,,censored,Protection,IDP/Refugee Service,Ground-Launched,Artillery,Host Government: Military,Israeli Defence Forces,Protection Infrastructure,,,,,,,69717
2024-07-18,,OPT,PSE,Gaza Strip,,,censored,Protection,IDP/Refugee Service,Air-Launched: Plane,Aerial Bomb,Host Government: Military,Israeli Defence Forces,Protection Infrastructure,,,,,,,65196
2024-07-18,,OPT,PSE,Gaza Strip,,,censored,Protection,IDP/Refugee Service,Air-Launched: Plane,Aerial Bomb,Host Government: Military,Israeli Defence Forces,Protection Infrastructure,,,,,,,69718
2024-07-18,,OPT,PSE,Gaza Strip,,,censored,Protection,IDP/Refugee Service,Ground-Launched,Artillery,Host Government: Military,Israeli Defence Forces,Protection Infrastructure,,,,,,,69714
2024-07-17,,OPT,PSE,Gaza Strip,,,censored,Education,Local Education Provider,Air-Launched: Plane,Aerial Bomb,Host Government: Military,Israeli Defence Forces,Education Infrastructure,,,,,,,69499
2024-07-17,,OPT,PSE,Gaza Strip,,,censored,Protection,IDP/Refugee Service,Air-Launched: Plane,Aerial Bomb,Host Government: Military,Israeli Defence Forces,Protection Infrastructure,,,,,,,66612
2024-07-17,,OPT,PSE,Gaza Strip,,,censored,Protection,IDP/Refugee Service,Ground-Launched,Artillery,Host Government: Military,Israeli Defence Forces,Protection Infrastructure,,,,,,,69260
2024-07-16,,OPT,PSE,Gaza Strip,,,censored,Aid Operations,INGO,Air-Launched: Plane,Aerial Bomb,Host Government: Military,Israeli Defence Forces,Other,,,,,,,64617
2024-07-16,,OPT,PSE,Gaza Strip,,,censored,Protection,IDP/Refugee Service,Air-Launched: Plane,Aerial Bomb,Host Government: Military,Israeli Defence Forces,Protection Infrastructure,,,,,,,69252
2024-07-16,,OPT,PSE,Gaza Strip,,,censored,"Education, Protection, Aid Operations","IDP/Refugee Service, UN Agency",Air-Launched: Plane,Aerial Bomb,Host Government: Military,Israeli Defence Forces,Multiple,,,,,,,69249
2024-07-16,,OPT,PSE,Gaza Strip,,,censored,Protection,IDP/Refugee Service,Air-Launched: Plane,Aerial Bomb,Host Government: Military,Israeli Defence Forces,Protection Infrastructure,,,,,,,69253
2024-07-16,,OPT,PSE,Gaza Strip,,,censored,Aid Operations,NGO,Air-Launched: Plane,Aerial Bomb,Host Government: Military,Israeli Defence Forces,Aid Infrastructure,,,,,,,64616
2024-07-16,,OPT,PSE,Gaza Strip,,,censored,Protection,IDP/Refugee Service,Ground-Launched,Artillery,Host Government: Military,Israeli Defence Forces,Protection Infrastructure,,,,,,,69256
2024-07-16,,OPT,PSE,Gaza Strip,,,censored,Protection,IDP/Refugee Service,Air-Launched: Plane,Aerial Bomb,Host Government: Military,Israeli Defence Forces,Protection Infrastructure,,,,,,,69255
2024-07-16,,OPT,PSE,Gaza Strip,,,censored,"Education, Protection","IDP/Refugee Service, Local Education Provider",Ground-Launched,Artillery,Host Government: Military,Israeli Defence Forces,Multiple,,,,,,,69254
2024-07-15,,OPT,PSE,Gaza Strip,,,censored,Protection,IDP/Refugee Service,Air-Launched: Drone,Aerial Bomb,Host Government: Military,Israeli Defence Forces,Protection Infrastructure,,,,,,,66695
2024-07-15,,OPT,PSE,Gaza Strip,,,censored,Protection,IDP/Refugee Service,Air-Launched: Plane,Aerial Bomb,Host Government: Military,Israeli Defence Forces,Protection Infrastructure,,,,,,,68839
2024-07-15,,OPT,PSE,Gaza Strip,,,censored,"Education, Protection, Aid Operations","IDP/Refugee Service, UN Agency",Air-Launched: Plane,Aerial Bomb,Host Government: Military,Israeli Defence Forces,Multiple,,,,,,,68808
2024-07-15,,OPT,PSE,Gaza Strip,,,censored,Protection,IDP/Refugee Service,Ground-Launched,Shelling,Host Government: Military,Israeli Defence Forces,Protection Infrastructure,,,,,,,68807
2024-07-15,,OPT,PSE,Gaza Strip,,,censored,Protection,IDP/Refugee Service,Air-Launched: Plane,Aerial Bomb,Host Government: Military,Israeli Defence Forces,Protection Infrastructure,,,,,,,66696
2024-07-14,,OPT,PSE,Gaza Strip,,,censored,Protection,IDP/Refugee Service,Air-Launched: Plane,Aerial Bomb,Host Government: Military,Israeli Defence Forces,Protection Infrastructure,,,,,,,68773
2024-07-14,,OPT,PSE,Gaza Strip,,,censored,"Education, Protection, Aid Operations","IDP/Refugee Service, UN Agency",Air-Launched: Plane,Aerial Bomb,Host Government: Military,Israeli Defence Forces,Multiple,,,,,,,68741
2024-07-14,,OPT,PSE,Gaza Strip,,,censored,Protection,IDP/Refugee Service,Air-Launched: Plane,Aerial Bomb,Host Government: Military,Israeli Defence Forces,Protection Infrastructure,,,,,,,68806
2024-07-13,,OPT,PSE,Gaza Strip,,,censored,"Protection, Aid Operations","Government Aid Agency, IDP/Refugee Service",Air-Launched: Plane,Aerial Bomb,Host Government: Military,Israeli Defence Forces,Protection Infrastructure,,,,,,,64387
2024-07-13,,OPT,PSE,Gaza Strip,,,censored,Protection,IDP/Refugee Service,Ground-Launched,Shelling,Host Government: Military,Israeli Defence Forces,Protection Infrastructure,,,,,,,66608
2024-07-13,,OPT,PSE,Gaza Strip,,,censored,Protection,IDP/Refugee Service,Air-Launched: Plane,Aerial Bomb,Host Government: Military,Israeli Defence Forces,Protection Infrastructure,,,,,,,66610
2024-07-13,,OPT,PSE,Gaza Strip,,,censored,Protection,IDP/Refugee Service,Air-Launched: Plane,Aerial Bomb,Host Government: Military,Israeli Defence Forces,Protection Infrastructure,,,,,,,68707
2024-07-13,,OPT,PSE,Gaza Strip,,,censored,Protection,IDP/Refugee Service,Ground-Launched,Shelling,Host Government: Military,Israeli Defence Forces,Protection Infrastructure,,,,,,,68740
2024-07-13,,OPT,PSE,Gaza Strip,,,censored,Health Care,Local Health Care Provider,Air-Launched: Plane,Aerial Bomb,Host Government: Military,Israeli Defence Forces,Health Worker,,1,,,,,85390
2024-07-12,,OPT,PSE,Gaza Strip,,,censored,Protection,IDP/Refugee Service,Air-Launched: Plane,Aerial Bomb,Host Government: Military,Israeli Defence Forces,Protection Infrastructure,,,,,,,68227
2024-07-12,,OPT,PSE,Gaza Strip,,,censored,Protection,IDP/Refugee Service,Air-Launched: Plane,Aerial Bomb,Host Government: Military,Israeli Defence Forces,Protection Infrastructure,,,,,,,68229
2024-07-12,,OPT,PSE,Gaza Strip,,,censored,Aid Operations,"INGO, NGO",Air-Launched: No Information on Platform Type,Aerial Bomb,Host Government: Military,Israeli Defence Forces,Aid Infrastructure,4,,,,,,64385
2024-07-12,,OPT,PSE,Gaza Strip,,,censored,"Health Care, Aid Operations",NGO,Unspecified Launch Method,Unspecified Explosive,Host Government: Military,Israeli Defence Forces,Health Infrastructure,,,,,,,60666
2024-07-12,,OPT,PSE,Gaza Strip,,,censored,"Health Care, Aid Operations",National Red Cross Society,Ground-Launched,Artillery,Host Government: Military,Israeli Defence Forces,Health Infrastructure,,,,,,,86232
2024-07-11,,Lebanon,LBN,Nabatieh Governorate,,,censored by HDX,Health Care,Other,Unspecified Launch Method,Unspecified Explosive,Foreign Forces: Military,Israeli Defence Forces,Health Worker,,,,,,,86309
2024-07-11,,OPT,PSE,Gaza Strip,,,censored,Health Care,Local Health Care Provider,Air-Launched: Plane,Aerial Bomb,Host Government: Military,Israeli Defence Forces,Health Infrastructure,,,,,,,86147
2024-07-11,,OPT,PSE,Gaza Strip,,,censored,Protection,IDP/Refugee Service,Air-Launched: Drone,Aerial Bomb,Host Government: Military,Israeli Defence Forces,Protection Infrastructure,,,,,,,68226
2024-07-11,,OPT,PSE,Gaza Strip,,,censored,Protection,IDP/Refugee Service,Air-Launched: Plane,Aerial Bomb,Host Government: Military,Israeli Defence Forces,Protection Infrastructure,,,,,,,72502
2024-07-10,,OPT,PSE,Gaza Strip,,,censored,Protection,IDP/Refugee Service,Air-Launched: Plane,Aerial Bomb,Host Government: Military,Israeli Defence Forces,Protection Infrastructure,,,,,,,68222
2024-07-10,,OPT,PSE,Gaza Strip,,,censored,Protection,IDP/Refugee Service,Air-Launched: Plane,Aerial Bomb,Host Government: Military,Israeli Defence Forces,Protection Infrastructure,,,,,,,68224
2024-07-09,,OPT,PSE,Gaza Strip,,,censored,Protection,IDP/Refugee Service,Air-Launched: Plane,Aerial Bomb,Host Government: Military,Israeli Defence Forces,Protection Infrastructure,,,,,,,68217
2024-07-09,,OPT,PSE,Gaza Strip,,,censored,"Protection, Food Security",IDP/Refugee Service,Air-Launched: Plane,Aerial Bomb,Host Government: Military,Israeli Defence Forces,Protection Infrastructure,,,,,,Food Supply,68219
2024-07-09,,OPT,PSE,West Bank,,,censored,Protection,IDP/Refugee Service,Unspecified Launch Method,Unspecified Explosive,Host Government: Military,Israeli Defence Forces,Protection Infrastructure,,,,,,,74615
2024-07-09,,OPT,PSE,Gaza Strip,,,censored,"Health Care, Aid Operations",National Red Cross Society,Unspecified Launch Method,Unspecified Explosive,Host Government: Military,Israeli Defence Forces,Other,,,,,,,60659
2024-07-09,,OPT,PSE,Gaza Strip,,,censored,"Education, Protection","IDP/Refugee Service, Local Education Provider",Air-Launched: Plane,Aerial Bomb,Host Government: Military,Israeli Defence Forces,Education Infrastructure,,,,,,,69466
2024-07-09,,OPT,PSE,Gaza Strip,,,censored,Protection,IDP/Refugee Service,Air-Launched: Plane,Aerial Bomb,Host Government: Military,Israeli Defence Forces,Protection Infrastructure,,,,,,,65194
2024-07-09,,OPT,PSE,Gaza Strip,,,censored,Protection,IDP/Refugee Service,Air-Launched: Plane,Aerial Bomb,Host Government: Military,Israeli Defence Forces,Protection Infrastructure,,,,,,,68215
2024-07-09,,OPT,PSE,Gaza Strip,,,censored,Health Care,Local Health Care Provider,Unspecified Launch Method,Unspecified Explosive,Host Government: Military,Israeli Defence Forces,Health Worker,,1,,,,,76562
2024-07-08,,OPT,PSE,Gaza Strip,,,censored,Protection,IDP/Refugee Service,Air-Launched: Drone,Aerial Bomb,Host Government: Military,Israeli Defence Forces,Protection Infrastructure,,,,,,,65193
2024-07-08,,OPT,PSE,Gaza Strip,,,censored,Health Care,Local Health Care Provider,Air-Launched: Plane,Aerial Bomb,Host Government: Military,Israeli Defence Forces,Health Infrastructure,,,,,,,57395
2024-07-08,,OPT,PSE,Gaza Strip,,,censored,"Education, Protection, Aid Operations","IDP/Refugee Service, UN Agency",Air-Launched: Plane,Aerial Bomb,Host Government: Military,Israeli Defence Forces,Multiple,,,,,,,68213
2024-07-08,,OPT,PSE,Gaza Strip,,,censored,"Education, Protection","IDP/Refugee Service, Local Education Provider",Air-Launched: Plane,Aerial Bomb,Host Government: Military,Israeli Defence Forces,Education Infrastructure,,,,,,,69433
2024-07-07,,OPT,PSE,Gaza Strip,,,censored,"Health Care, Aid Operations",INGO,Air-Launched: Drone,Aerial Bomb,Host Government: Military,Israeli Defence Forces,Health Infrastructure,,,,,,,57390
2024-07-07,,OPT,PSE,Gaza Strip,,,censored,Protection,IDP/Refugee Service,Air-Launched: Plane,Aerial Bomb,Host Government: Military,Israeli Defence Forces,Protection Infrastructure,,,,,,,66440
2024-07-07,,OPT,PSE,Gaza Strip,,,censored,Protection,IDP/Refugee Service,Air-Launched: Plane,Aerial Bomb,Host Government: Military,Israeli Defence Forces,Protection Infrastructure,,,,,,,68212
2024-07-07,,OPT,PSE,Gaza Strip,,,censored,Protection,IDP/Refugee Service,Air-Launched: Plane,Aerial Bomb,Host Government: Military,Israeli Defence Forces,Protection Infrastructure,,,,,,,66443
2024-07-07,,OPT,PSE,Gaza Strip,,,censored,"Education, Protection","IDP/Refugee Service, Local Education Provider",Air-Launched: Plane,Aerial Bomb,Host Government: Military,Israeli Defence Forces,Multiple,,,,,,,67355
2024-07-07,,OPT,PSE,Gaza Strip,,,censored,Protection,IDP/Refugee Service,Air-Launched: Plane,Aerial Bomb,Host Government: Military,Israeli Defence Forces,Protection Infrastructure,,,,,,,64920
2024-07-06,,OPT,PSE,Gaza Strip,,,censored,Protection,IDP/Refugee Service,Air-Launched: Plane,Aerial Bomb,Host Government: Military,Israeli Defence Forces,Protection Infrastructure,,,,,,,68087
2024-07-06,,OPT,PSE,Gaza Strip,,,censored,"Education, Protection, Aid Operations","IDP/Refugee Service, UN Agency",Air-Launched: Plane,Aerial Bomb,Host Government: Military,Israeli Defence Forces,Multiple,,,,,,,59883
2024-07-06,,OPT,PSE,Gaza Strip,,,censored,Protection,IDP/Refugee Service,Air-Launched: Drone,Aerial Bomb,Host Government: Military,Israeli Defence Forces,Protection Infrastructure,,,,,,,67421
2024-07-06,,OPT,PSE,Gaza Strip,,,censored,Protection,IDP/Refugee Service,Air-Launched: Plane,Aerial Bomb,Host Government: Military,Israeli Defence Forces,Protection Infrastructure,,,,,,,68086
2024-07-05,,OPT,PSE,Gaza Strip,,,censored,Health Care,Local Health Care Provider,Air-Launched: Plane,Aerial Bomb,Host Government: Military,Israeli Defence Forces,Health Worker,,1,,,,,68311
2024-07-05,,OPT,PSE,Gaza Strip,,,censored,"Health Care, Protection","IDP/Refugee Service, Local Health Care Provider",Unspecified Launch Method,Unspecified Explosive,Host Government: Military,Israeli Defence Forces,Multiple,,,,,,,56980
2024-07-04,,OPT,PSE,Gaza Strip,,,censored,"Education, Protection","IDP/Refugee Service, Local Education Provider",Air-Launched: Drone,Aerial Bomb,Host Government: Military,Israeli Defence Forces,Multiple,,,,,,,66439
2024-07-04,,OPT,PSE,Gaza Strip,,,censored,Protection,IDP/Refugee Service,Air-Launched: Plane,Aerial Bomb,Host Government: Military,Israeli Defence Forces,Protection Infrastructure,,,,,,,68080
2024-07-03,,OPT,PSE,Gaza Strip,,,censored,"Health Care, Protection","IDP/Refugee Service, Local Health Care Provider",Unspecified Launch Method,Unspecified Explosive,Host Government: Military,Israeli Defence Forces,Multiple,,,,,,,56977
2024-07-03,,OPT,PSE,Gaza Strip,,,censored,Protection,IDP/Refugee Service,Air-Launched: Drone,Aerial Bomb,Host Government: Military,Israeli Defence Forces,Protection Infrastructure,,,,,,,66694
2024-07-03,,OPT,PSE,Gaza Strip,,,censored,Protection,IDP/Refugee Service,Air-Launched: Plane,Aerial Bomb,Host Government: Military,Israeli Defence Forces,Protection Infrastructure,,,,,,,68047
2024-07-03,,OPT,PSE,Gaza Strip,,,censored,Protection,IDP/Refugee Service,Air-Launched: Plane,Aerial Bomb,Host Government: Military,Israeli Defence Forces,Protection Infrastructure,,,,,,,66438
2024-07-03,,OPT,PSE,Gaza Strip,,,censored,Protection,IDP/Refugee Service,Ground-Launched,Shelling,Host Government: Military,Israeli Defence Forces,Protection Infrastructure,,,,,,,67420
2024-07-03,,OPT,PSE,Gaza Strip,,,censored,"Education, Protection, Aid Operations","IDP/Refugee Service, UN Agency",Unspecified Launch Method,Unspecified Explosive,Host Government: Military,Israeli Defence Forces,Education Infrastructure,,,,,,,56978
2024-07-02,,OPT,PSE,West Bank,,,censored,Protection,IDP/Refugee Service,Air-Launched: Drone,Aerial Bomb,Host Government: Military,Israeli Defence Forces,Protection Infrastructure,,,,,,,74614
2024-07-02,,OPT,PSE,Gaza Strip,,,censored,Health Care,Local Health Care Provider,Air-Launched: Plane,Aerial Bomb,Host Government: Military,Israeli Defence Forces,Health Worker,,1,,,,,56598
2024-07-02,,OPT,PSE,Gaza Strip,,,censored,Protection,IDP/Refugee Service,Air-Launched: Plane,Aerial Bomb,Host Government: Military,Israeli Defence Forces,Protection Infrastructure,,,,,,,68021
2024-07-01,,OPT,PSE,West Bank,,,censored,"Protection, Aid Operations, Food Security","Government Aid Agency, IDP/Refugee Service",Directly-emplaced,Unspecified Explosive,Host Government: Military,Israeli Defence Forces,Protection Infrastructure,,,,,,Water Structures,74520
2024-07-01,,OPT,PSE,West Bank,,,censored,Protection,IDP/Refugee Service,Air-Launched: Plane,Aerial Bomb,Host Government: Military,Israeli Defence Forces,Protection Infrastructure,,,,,,,74523
2024-07-01,,OPT,PSE,Gaza Strip,,,censored,Health Care,Local Health Care Provider,Unspecified Launch Method,Unspecified Explosive,Host Government: Military,Israeli Defence Forces,Health Worker,,1,,,,,85399
2024-07-01,,OPT,PSE,Gaza Strip,,,censored,Protection,IDP/Refugee Service,Air-Launched: Plane,Aerial Bomb,Host Government: Military,Israeli Defence Forces,Protection Infrastructure,,,,,,,68020
2024-06-30,,OPT,PSE,West Bank,,,censored,Protection,IDP/Refugee Service,Air-Launched: Drone,Aerial Bomb,Host Government: Military,Israeli Defence Forces,Protection Infrastructure,,,,,,,61147
2024-06-30,,OPT,PSE,Gaza Strip,,,censored,Health Care,Local Health Care Provider,Air-Launched: Drone,Aerial Bomb,Host Government: Military,Israeli Defence Forces,Other,,,,,,,85017
2024-06-29,,OPT,PSE,Gaza Strip,,,censored,Health Care,Local Health Care Provider,Unspecified Launch Method,Unspecified Explosive,Host Government: Military,Israeli Defence Forces,Health Infrastructure,,,,,,,56596
2024-06-29,,OPT,PSE,Gaza Strip,,,censored,"Health Care, Aid Operations",National Red Cross Society,Ground-Launched,Shelling,Host Government: Military,Israeli Defence Forces,Aid Infrastructure,,,,,,,56572
2024-06-29,,OPT,PSE,Gaza Strip,,,censored,Health Care,Local Health Care Provider,Unspecified Launch Method,Unspecified Explosive,Host Government: Military,Israeli Defence Forces,Health Infrastructure,,,,,,,56597
2024-06-29,,OPT,PSE,Gaza Strip,,,censored,Protection,IDP/Refugee Service,Air-Launched: Plane,Aerial Bomb,Host Government: Military,Israeli Defence Forces,Protection Infrastructure,,,,,,,55489
2024-06-29,,OPT,PSE,Gaza Strip,,,censored,Protection,IDP/Refugee Service,Air-Launched: Plane,Aerial Bomb,Host Government: Military,Israeli Defence Forces,Protection Infrastructure,,,,,,,66662
2024-06-29,,OPT,PSE,Gaza Strip,,,censored,Protection,IDP/Refugee Service,Air-Launched: Plane,Aerial Bomb,Host Government: Military,Israeli Defence Forces,Protection Infrastructure,,,,,,,60564
2024-06-29,,OPT,PSE,Gaza Strip,,,censored,Protection,IDP/Refugee Service,Ground-Launched,Shelling,Host Government: Military,Israeli Defence Forces,Protection Infrastructure,,,,,,,60658
2024-06-29,,OPT,PSE,Gaza Strip,,,censored,Protection,IDP/Refugee Service,Air-Launched: Plane,Aerial Bomb,Host Government: Military,Israeli Defence Forces,Protection Infrastructure,,,,,,,67358
2024-06-28,,OPT,PSE,Gaza Strip,,,censored,Protection,IDP/Refugee Service,Ground-Launched,Shelling,Host Government: Military,Israeli Defence Forces,Protection Infrastructure,,,,,,,60565
2024-06-28,,OPT,PSE,Gaza Strip,,,censored,Protection,IDP/Refugee Service,Ground-Launched,Shelling,Host Government: Military,Israeli Defence Forces,Protection Infrastructure,,,,,,,64916
2024-06-28,,OPT,PSE,Gaza Strip,,,censored,Protection,IDP/Refugee Service,Air-Launched: Plane,Aerial Bomb,Host Government: Military,Israeli Defence Forces,Protection Infrastructure,,,,,,,66661
2024-06-28,,OPT,PSE,Gaza Strip,,,censored,"Health Care, Protection, Aid Operations","Government Aid Agency, IDP/Refugee Service",Air-Launched: Plane,Aerial Bomb,Host Government: Military,Israeli Defence Forces,Multiple,,,,,,,56574
2024-06-27,,OPT,PSE,Gaza Strip,,,censored,Protection,IDP/Refugee Service,Air-Launched: Plane,Aerial Bomb,Host Government: Military,Israeli Defence Forces,Protection Infrastructure,,,,,,,56567
2024-06-27,,OPT,PSE,Gaza Strip,,,censored,Protection,IDP/Refugee Service,Air-Launched: Plane,Aerial Bomb,Host Government: Military,Israeli Defence Forces,Protection Infrastructure,,,,,,,60173
2024-06-26,,OPT,PSE,Gaza Strip,,,censored,Protection,IDP/Refugee Service,Air-Launched: Plane,Aerial Bomb,Host Government: Military,Israeli Defence Forces,Protection Infrastructure,,,,,,,60170
2024-06-26,,OPT,PSE,Gaza Strip,,,censored,Protection,IDP/Refugee Service,Air-Launched: Plane,Aerial Bomb,Host Government: Military,Israeli Defence Forces,Protection Infrastructure,,,,,,,60171
2024-06-26,,OPT,PSE,Gaza Strip,,,censored,Education,Local Education Provider,Unspecified Launch Method,Unspecified Explosive,Host Government: Military,Israeli Defence Forces,Education Infrastructure,,,,,,,59072
2024-06-26,,OPT,PSE,West Bank,,,censored,Protection,IDP/Refugee Service,Directly-Emplaced,Hand Grenade,Host Government: Military,Israeli Defence Forces,Protection Infrastructure,,,,,,,61214
2024-06-26,,OPT,PSE,Gaza Strip,,,censored,Protection,IDP/Refugee Service,Air-Launched: Plane,Aerial Bomb,Host Government: Military,Israeli Defence Forces,Protection Infrastructure,,,,,,,56565
2024-06-25,,OPT,PSE,Gaza Strip,,,censored,"Education, Protection, Aid Operations","IDP/Refugee Service, United Nations",Air-Launched: Plane,Aerial Bomb,Host Government: Military,Israeli Defence Forces,Multiple,,,,,,,56103
2024-06-25,,OPT,PSE,Gaza Strip,,,censored,Protection,IDP/Refugee Service,Air-Launched: Plane,Aerial Bomb,Host Government: Military,Israeli Defence Forces,Protection Infrastructure,,,,,,,60169
2024-06-25,,OPT,PSE,Gaza Strip,,,censored,"Education, Protection","IDP/Refugee Service, Local Education Provider",Ground-Launched,Missile,Host Government: Military,Israeli Defence Forces,Education Infrastructure,,,,,,,59038
2024-06-25,,OPT,PSE,Gaza Strip,,,censored,Health Care,Local Health Care Provider,Air-Launched: Plane,Aerial Bomb,Host Government: Military,Israeli Defence Forces,Health Infrastructure,,,,,,,54055
2024-06-25,,OPT,PSE,Gaza Strip,,,censored,"Health Care, Aid Operations",INGO,Unspecified Launch Method,Unspecified Explosive,Host Government: Military,Israeli Defence Forces,Health Infrastructure,,,1,,,,54056
2024-06-25,,OPT,PSE,Gaza Strip,,,censored,Protection,IDP/Refugee Service,Ground-Launched,Artillery,Host Government: Military,Israeli Defence Forces,Protection Infrastructure,,,,,,,55488
2024-06-25,,OPT,PSE,Gaza Strip,,,censored,Protection,IDP/Refugee Service,Air-Launched: Plane,Aerial Bomb,Host Government: Military,Israeli Defence Forces,Protection Infrastructure,,,,,,,55754
2024-06-25,,OPT,PSE,Gaza Strip,,,censored,Protection,IDP/Refugee Service,Air-Launched: Plane,Aerial Bomb,Host Government: Military,Israeli Defence Forces,Protection Infrastructure,,,,,,,56183
2024-06-24,,OPT,PSE,Gaza Strip,,,censored,Protection,IDP/Refugee Service,Ground-Launched,Shelling,Host Government: Military,Israeli Defence Forces,Protection Infrastructure,,,,,,,56175
2024-06-24,,OPT,PSE,Gaza Strip,,,censored,Protection,IDP/Refugee Service,Ground-Launched,Shelling,Host Government: Military,Israeli Defence Forces,Protection Infrastructure,,,,,,,55486
2024-06-24,,OPT,PSE,Gaza Strip,,,censored,Protection,IDP/Refugee Service,Air-Launched: Plane,Aerial Bomb,Host Government: Military,Israeli Defence Forces,Protection Infrastructure,,,,,,,56182
2024-06-24,,Lebanon,LBN,Nabatieh Governorate,,,censored by HDX,Aid Operations,Government Aid Agency,Ground-Launched,Mortar,Foreign Forces: Military,Israeli Defence Forces,Other,,,,,,,61124
2024-06-23,,OPT,PSE,Gaza Strip,,,censored,Health Care,Local Health Care Provider,Air-Launched: Plane,Aerial Bomb,Host Government: Military,Israeli Defence Forces,Health Infrastructure,,2,,,,,53958
2024-06-23,,OPT,PSE,Gaza Strip,,,censored,Health Care,Local Health Care Provider,Unspecified Launch Method,Unspecified Explosive,Host Government: Military,Israeli Defence Forces,Health Worker,,1,,,,,72271
2024-06-23,,OPT,PSE,Gaza Strip,,,censored,Aid Operations,UN Agency,Air-Launched: Plane,Aerial Bomb,Host Government: Military,Israeli Defence Forces,Aid Infrastructure,,,,,,,60853
2024-06-23,,OPT,PSE,Gaza Strip,,,censored,"Education, Aid Operations",UN Agency,Air-Launched: Plane,Aerial Bomb,Host Government: Military,Israeli Defence Forces,Education Infrastructure,,,,,,,59005
2024-06-21,,OPT,PSE,Gaza Strip,,,censored,"Health Care, Aid Operations",Red Cross (ICRC or IFRC),Ground-Launched,Shelling,Host Government: Military,Israeli Defence Forces,Aid Infrastructure,,,,,,,53957
2024-06-21,,OPT,PSE,Gaza Strip,,,censored,Protection,IDP/Refugee Service,Unspecified Launch Method,Unspecified Explosive,Host Government: Military,Israeli Defence Forces,Protection Infrastructure,,,,,,,56530
2024-06-21,,OPT,PSE,Gaza Strip,,,censored,Protection,IDP/Refugee Service,Air-Launched: Plane,Aerial Bomb,Host Government: Military,Israeli Defence Forces,Protection Infrastructure,,,,,,,55748
2024-06-21,,OPT,PSE,Gaza Strip,,,censored,Health Care,Local Health Care Provider,Air-Launched: Plane,Aerial Bomb,Host Government: Military,Israeli Defence Forces,Health Worker,,1,,,,,85472
2024-06-21,,OPT,PSE,Gaza Strip,,,censored,Protection,IDP/Refugee Service,Air-Launched: Plane,Aerial Bomb,Host Government: Military,Israeli Defence Forces,Protection Infrastructure,,,,,,,60167
2024-06-20,,OPT,PSE,West Bank,,,censored,Protection,IDP/Refugee Service,Air-Launched: Drone,Aerial Bomb,Host Government: Military,Israeli Defence Forces,Protection Infrastructure,,,,,,,61149
2024-06-20,,OPT,PSE,Gaza Strip,,,censored,Health Care,Local Health Care Provider,Air-Launched: Plane,Aerial Bomb,Host Government: Military,Israeli Defence Forces,Health Infrastructure,,,,,,,45637
2024-06-20,,OPT,PSE,Gaza Strip,,,censored,"Health Care, Protection","IDP/Refugee Service, Local Health Care Provider",Air-Launched: Plane,Aerial Bomb,Host Government: Military,Israeli Defence Forces,Multiple,,,,,,,53890
2024-06-19,,OPT,PSE,Gaza Strip,,,censored,Protection,IDP/Refugee Service,Ground-Launched,Artillery,Host Government: Military,Israeli Defence Forces,Protection Infrastructure,,,,,,,55746
2024-06-19,,OPT,PSE,Gaza Strip,,,censored,"Health Care, Aid Operations","INGO, Local Health Care Provider",Ground-Launched,Artillery,Host Government: Military,Israeli Defence Forces,Health Infrastructure,,,,,,,53859
2024-06-19,,OPT,PSE,Gaza Strip,,,censored,Aid Operations,NGO,Air-Launched: No Information on Platform Type,Aerial Bomb,Host Government: Military,Israeli Defence Forces,Other,,,,,,,60671
2024-06-18,,OPT,PSE,Gaza Strip,,,censored,"Protection, Food Security",IDP/Refugee Service,Unspecified Launch Method,Unspecified Explosive,Host Government: Military,Israeli Defence Forces,Protection Infrastructure,,,,,,Agricultural Land,59902
2024-06-17,,Lebanon,LBN,Nabatieh Governorate,,,censored by HDX,"Health Care, Aid Operations",LNGO,Ground-Launched,Artillery,Foreign Forces: Military,Israeli Defence Forces,Health Infrastructure,,,,,,,57751
2024-06-17,,OPT,PSE,Gaza Strip,,,censored,Protection,IDP/Refugee Service,Unspecified Launch Method,Unspecified Explosive,Host Government: Military,Israeli Defence Forces,Protection Infrastructure,,,,,,,55484
2024-06-16,,OPT,PSE,Gaza Strip,,,censored,Protection,IDP/Refugee Service,Ground-Launched,Shelling,Host Government: Military,Israeli Defence Forces,Protection Infrastructure,,,,,,,56201
2024-06-16,,OPT,PSE,Gaza Strip,,,censored,Protection,IDP/Refugee Service,Air-Launched: Plane,Aerial Bomb,Host Government: Military,Israeli Defence Forces,Protection Infrastructure,,,,,,,55744
2024-06-16,,OPT,PSE,Gaza Strip,,,censored,Protection,IDP/Refugee Service,Unspecified Launch Method,Unspecified Explosive,Host Government: Military,Israeli Defence Forces,Protection Infrastructure,,,,,,,59897
2024-06-14,,OPT,PSE,Gaza Strip,,,censored,"Education, Health Care, Aid Operations","Local Health Care Provider, UN Agency",Ground-Launched,Artillery,Host Government: Military,Israeli Defence Forces,Multiple,,,,,,,53851
2024-06-13,,OPT,PSE,Gaza Strip,,,censored,Protection,IDP/Refugee Service,Air-Launched: Plane,Aerial Bomb,Host Government: Military,Israeli Defence Forces,Protection Infrastructure,,,,,,,55743
2024-06-13,,Lebanon,LBN,South Governorate,,,censored by HDX,Health Care,Other,Air-Launched: Plane,Aerial Bomb,Foreign Forces: Military,Israeli Defence Forces,Health Worker,,1,,,,,57718
2024-06-13,,OPT,PSE,Gaza Strip,,,censored,Protection,IDP/Refugee Service,Air-Launched: Plane,Aerial Bomb,Host Government: Military,Israeli Defence Forces,Protection Infrastructure,,,,,,,55483
2024-06-13,,OPT,PSE,Gaza Strip,,,censored,"Health Care, Aid Operations","Local Health Care Provider, NGO",Air-Launched: Plane,Aerial Bomb,Host Government: Military,Israeli Defence Forces,Aid Infrastructure,,1,,,,,85409
2024-06-12,,OPT,PSE,Gaza Strip,,,censored,Protection,IDP/Refugee Service,Air-Launched: Plane,Aerial Bomb,Host Government: Military,Israeli Defence Forces,Protection Infrastructure,,,,,,,55481
2024-06-12,,Lebanon,LBN,Nabatieh Governorate,,,censored by HDX,Health Care,Local Health Care Provider,Air-Launched: Drone,Aerial Bomb,Foreign Forces: Military,Israeli Defence Forces,Health Worker,,,,,,,57685
2024-06-12,,OPT,PSE,Gaza Strip,,,censored,Protection,IDP/Refugee Service,Air-Launched: Plane,Aerial Bomb,Host Government: Military,Israeli Defence Forces,Protection Infrastructure,,,,,,,56186
2024-06-12,,OPT,PSE,Gaza Strip,,,censored,Health Care,Local Health Care Provider,Air-Launched: Plane,Aerial Bomb,Host Government: Military,Israeli Defence Forces,Health Worker,,1,,,,,85403
2024-06-11,,OPT,PSE,Gaza Strip,,,censored,Protection,IDP/Refugee Service,Ground-Launched,Shelling,Host Government: Military,Israeli Defence Forces,Protection Infrastructure,,,,,,,56173
2024-06-10,,Lebanon,LBN,South Governorate,,,censored by HDX,Health Care,Private Health Care,Unspecified Launch Method,Unspecified Explosive,Foreign Forces: Military,Israeli Defence Forces,Health Infrastructure,,,,,,,86305
2024-06-10,,Lebanon,LBN,Nabatieh Governorate,,,censored by HDX,Health Care,Other,Unspecified Launch Method,Unspecified Explosive,Foreign Forces: Military,Israeli Defence Forces,Health Infrastructure,,,,,,,86308
2024-06-10,,Lebanon,LBN,South Governorate,,,censored by HDX,Health Care,Other,Unspecified Launch Method,Unspecified Explosive,Foreign Forces: Military,Israeli Defence Forces,Health Infrastructure,,,,,,,86307
2024-06-10,,Lebanon,LBN,Nabatieh Governorate,,,censored by HDX,Health Care,Other,Unspecified Launch Method,Unspecified Explosive,Foreign Forces: Military,Israeli Defence Forces,Health Worker,,,,,,,86306
2024-06-10,,Lebanon,LBN,South Governorate,,,censored by HDX,Health Care,Other,Unspecified Launch Method,Unspecified Explosive,Foreign Forces: Military,Israeli Defence Forces,Health Infrastructure,,,,,,,86304
2024-06-10,,OPT,PSE,Gaza Strip,,,censored,"Health Care, Aid Operations",NGO,Unspecified Launch Method,Unspecified Explosive,Host Government: Military,Israeli Defence Forces,Aid Infrastructure,,,1,,,,85372
2024-06-09,,OPT,PSE,Gaza Strip,,,censored,Protection,IDP/Refugee Service,Ground-Launched,Shelling,Host Government: Military,Israeli Defence Forces,Protection Infrastructure,,,,,,,57026
2024-06-09,,OPT,PSE,Gaza Strip,,,censored,Protection,IDP/Refugee Service,Air-Launched: Plane,Aerial Bomb,Host Government: Military,Israeli Defence Forces,Protection Infrastructure,,,,,,,55477
2024-06-09,,OPT,PSE,Gaza Strip,,,censored,Protection,IDP/Refugee Service,Unspecified Launch Method,Unspecified Explosive,Host Government: Military,Israeli Defence Forces,Protection Infrastructure,,,,,,,55479
2024-06-09,,OPT,PSE,Gaza Strip,,,censored,"Education, Protection","IDP/Refugee Service, Local Education Provider",Air-Launched: Plane,Aerial Bomb,Host Government: Military,Israeli Defence Forces,Multiple,,,,,,,58748
2024-06-09,,OPT,PSE,Gaza Strip,,,censored,"Health Care, Protection","IDP/Refugee Service, Local Health Care Provider",Air-Launched: Plane,Aerial Bomb,Host Government: Military,Israeli Defence Forces,Protection Infrastructure,,1,,,,,85473
2024-06-09,,OPT,PSE,Gaza Strip,,,censored,Protection,IDP/Refugee Service,Air-Launched: Plane,Aerial Bomb,Host Government: Military,Israeli Defence Forces,Protection Infrastructure,,,,,,,59886
2024-06-09,,OPT,PSE,Gaza Strip,,,censored,Protection,IDP/Refugee Service,Air-Launched: Plane,Aerial Bomb,Host Government: Military,Israeli Defence Forces,Protection Infrastructure,,,,,,,59887
2024-06-09,,OPT,PSE,Gaza Strip,,,censored,Health Care,Local Health Care Provider,Air-Launched: Drone,Aerial Bomb,Host Government: Military,Israeli Defence Forces,Health Infrastructure,,,,,,,50129
2024-06-08,,OPT,PSE,Gaza Strip,,,censored,Protection,IDP/Refugee Service,Ground-Launched,Artillery,Host Government: Military,Israeli Defence Forces,Protection Infrastructure,,,,,,,55475
2024-06-08,,OPT,PSE,Gaza Strip,,,censored,Protection,IDP/Refugee Service,Air-Launched: Plane,Aerial Bomb,Host Government: Military,Israeli Defence Forces,Protection Infrastructure,,,,,,,55445
2024-06-08,,OPT,PSE,Gaza Strip,,,censored,Aid Operations,INGO,Air-Launched: Plane,Aerial Bomb,Host Government: Military,Israeli Defence Forces,Aid Infrastructure,1,,,,,,62272
2024-06-08,,OPT,PSE,Gaza Strip,,,censored,Protection,IDP/Refugee Service,Air-Launched: Plane,Aerial Bomb,Host Government: Military,Israeli Defence Forces,Protection Infrastructure,,,,,,,56112
2024-06-08,,OPT,PSE,Gaza Strip,,,censored,Protection,IDP/Refugee Service,Ground-Launched,Artillery,Host Government: Military,Israeli Defence Forces,Protection Infrastructure,,,,,,,57025
2024-06-08,,OPT,PSE,Gaza Strip,,,censored,Protection,IDP/Refugee Service,Air-Launched: Plane,Aerial Bomb,Host Government: Military,Israeli Defence Forces,Protection Infrastructure,,,,,,,56992
2024-06-08,,OPT,PSE,Gaza Strip,,,censored,"Health Care, Protection, Aid Operations","IDP/Refugee Service, National Red Cross Society",Unspecified Launch Method,Unspecified Explosive,Host Government: Military,Israeli Defence Forces,Health Infrastructure,,,,,,,87356
2024-06-08,,OPT,PSE,Gaza Strip,,,censored,Health Care,Local Health Care Provider,Air-Launched: Plane,Aerial Bomb,Host Government: Military,Israeli Defence Forces,Health Infrastructure,,,,,,,50107
2024-06-08,,OPT,PSE,Gaza Strip,,,censored,Aid Operations,UN Agency,Unspecified Launch Method,Rocket,Host Government: Military,Israeli Defence Forces,Food Infrastructure,,,,,,,60160
2024-06-08,,OPT,PSE,Gaza Strip,,,censored,"Health Care, Protection","IDP/Refugee Service, Local Health Care Provider",Unspecified Launch Method,Unspecified Explosive,Host Government: Military,Israeli Defence Forces,Protection Infrastructure,,1,,,,,85400
2024-06-08,,Lebanon,LBN,Nabatieh Governorate,,,censored by HDX,Health Care,Other,Unspecified Launch Method,Unspecified Explosive,Foreign Forces: Military,Israeli Defence Forces,Health Infrastructure,,,,,,,86303
2024-06-07,,OPT,PSE,Gaza Strip,,,censored,Protection,IDP/Refugee Service,Air-Launched: Plane,Aerial Bomb,Host Government: Military,Israeli Defence Forces,Protection Infrastructure,,,,,,,56976
2024-06-07,,OPT,PSE,Gaza Strip,,,censored,"Health Care, Aid Operations",NGO,Air-Launched: Plane,Aerial Bomb,Host Government: Military,Israeli Defence Forces,Aid Infrastructure,,,1,,,,53660
2024-06-07,,OPT,PSE,Gaza Strip,,,censored,Protection,IDP/Refugee Service,Air-Launched: Plane,Aerial Bomb,Host Government: Military,Israeli Defence Forces,Protection Infrastructure,,,,,,,56111
2024-06-07,,OPT,PSE,Gaza Strip,,,censored,"Health Care, Aid Operations",NGO,Ground-Launched,Shelling,Host Government: Military,Israeli Defence Forces,Health Infrastructure,,,,,,,50106
2024-06-07,,OPT,PSE,Gaza Strip,,,censored,Protection,IDP/Refugee Service,Air-Launched: Plane,Aerial Bomb,Host Government: Military,Israeli Defence Forces,Protection Infrastructure,,,,,,,55443
2024-06-07,,OPT,PSE,Gaza Strip,,,censored,"Education, Protection, Aid Operations","IDP/Refugee Service, UN Agency",Air-Launched: Plane,Aerial Bomb,Host Government: Military,Israeli Defence Forces,Multiple,,,,,,,55741
2024-06-06,,OPT,PSE,West Bank,,,censored,Protection,IDP/Refugee Service,Air-Launched: Plane,Aerial Bomb,Host Government: Military,Israeli Defence Forces,Protection Infrastructure,,,,,,,61212
2024-06-06,,OPT,PSE,Gaza Strip,,,censored,Health Care,Local Health Care Provider,Air-Launched: Plane,Aerial Bomb,Host Government: Military,Israeli Defence Forces,Health Infrastructure,,,,,,,53659
2024-06-06,,Lebanon,LBN,South Governorate,,,censored by HDX,Health Care,Local Health Care Provider,Air-Launched: Plane,Aerial Bomb,Foreign Forces: Military,Israeli Defence Forces,Health Infrastructure,,,,,,,63493
2024-06-06,,OPT,PSE,Gaza Strip,,,censored,"Education, Protection, Aid Operations","IDP/Refugee Service, UN Agency",Air-Launched: Plane,Aerial Bomb,Host Government: Military,Israeli Defence Forces,Multiple,,,,,,,56968
2024-06-06,,OPT,PSE,Gaza Strip,,,censored,"Health Care, Protection, Aid Operations","IDP/Refugee Service, United Nations",Air-Launched: Plane,Aerial Bomb,Host Government: Military,Israeli Defence Forces,Multiple,,,,,,,58413
2024-06-06,,OPT,PSE,Gaza Strip,,,censored,"Aid Operations, Food Security",UN Agency,Unspecified Launch Method,Missile,Host Government: Military,Israeli Defence Forces,Food Infrastructure,,,,,,,58378
2024-06-05,,OPT,PSE,Gaza Strip,,,censored,"Education, Protection","IDP/Refugee Service, Local Education Provider",Air-Launched: Plane,Aerial Bomb,Host Government: Military,Israeli Defence Forces,Multiple,,,,,,,55441
2024-06-05,,OPT,PSE,Gaza Strip,,,censored,Protection,IDP/Refugee Service,Air-Launched: Drone,Aerial Bomb,Host Government: Military,Israeli Defence Forces,Protection Infrastructure,,,,,,,56967
2024-06-05,,OPT,PSE,Gaza Strip,,,censored,Protection,IDP/Refugee Service,Ground-Launched,Shelling,Host Government: Military,Israeli Defence Forces,Protection Infrastructure,,,,,,,56109
2024-06-05,,OPT,PSE,Gaza Strip,,,censored,Protection,IDP/Refugee Service,Unspecified Launch Method,Unspecified Explosive,Host Government: Military,Israeli Defence Forces,Protection Infrastructure,,,,,,,55408
2024-06-04,,OPT,PSE,Gaza Strip,,,censored,Protection,IDP/Refugee Service,Air-Launched: Drone,Aerial Bomb,Host Government: Military,Israeli Defence Forces,Protection Infrastructure,,,,,,,53634
2024-06-04,,OPT,PSE,Gaza Strip,,,censored,"Health Care, Protection","IDP/Refugee Service, Local Health Care Provider",Air-Launched: Plane,Aerial Bomb,Host Government: Military,Israeli Defence Forces,Multiple,,,,,,,49999
2024-06-04,,OPT,PSE,Gaza Strip,,,censored,"Health Care, Protection, Aid Operations","IDP/Refugee Service, INGO",Air-Launched: Drone,Aerial Bomb,Host Government: Military,Israeli Defence Forces,Health Infrastructure,,,,,,,53633
2024-06-04,,OPT,PSE,Gaza Strip,,,censored,Protection,IDP/Refugee Service,Air-Launched: Plane,Aerial Bomb,Host Government: Military,Israeli Defence Forces,Protection Infrastructure,,,,,,,55378
2024-06-04,,OPT,PSE,Gaza Strip,,,censored,Protection,IDP/Refugee Service,Air-Launched: Plane,Aerial Bomb,Host Government: Military,Israeli Defence Forces,Protection Infrastructure,,,,,,,55379
2024-06-04,,OPT,PSE,Gaza Strip,,,censored,Protection,IDP/Refugee Service,Air-Launched: Plane,Aerial Bomb,Host Government: Military,Israeli Defence Forces,Protection Infrastructure,,,,,,,56105
2024-06-04,,OPT,PSE,Gaza Strip,,,censored,Aid Operations,NGO,Unspecified Launch Method,Unspecified Explosive,Host Government: Military,Israeli Defence Forces,Other,2,,,,,,59929
2024-06-03,,OPT,PSE,Gaza Strip,,,censored,"Education, Protection","IDP/Refugee Service, Local Education Provider",Air-Launched: Plane,Aerial Bomb,Host Government: Military,Israeli Defence Forces,Education Infrastructure,,,,,,,58743
2024-06-03,,OPT,PSE,Gaza Strip,,,censored,Health Care,Local Health Care Provider,Ground-Launched,Shelling,Host Government: Military,Israeli Defence Forces,Health Infrastructure,,,,,,,49998
2024-06-03,,OPT,PSE,Gaza Strip,,,censored,Protection,IDP/Refugee Service,Ground-Launched,Shelling,Host Government: Military,Israeli Defence Forces,Protection Infrastructure,,,,,,,55739
2024-06-03,,Lebanon,LBN,South Governorate,,,censored by HDX,Health Care,Private Health Care,Air-Launched: No Information on Platform Type,Aerial Bomb,Foreign Forces: Military,Israeli Defence Forces,Private/Voluntary Aid,,2,,,,,61123
2024-06-03,,Lebanon,LBN,South Governorate,,,censored by HDX,Health Care,Other,Air-Launched: No Information on Platform Type,Aerial Bomb,Foreign Forces: Military,Israeli Defence Forces,Health Worker,,1,,,,,61122
2024-06-03,,OPT,PSE,Gaza Strip,,,censored,Protection,IDP/Refugee Service,Air-Launched: Plane,Aerial Bomb,Host Government: Military,Israeli Defence Forces,Protection Infrastructure,,,,,,,55376
2024-06-03,,OPT,PSE,Gaza Strip,,,censored,Protection,IDP/Refugee Service,Air-Launched: Plane,Aerial Bomb,Host Government: Military,Israeli Defence Forces,Protection Infrastructure,,,,,,,55377
2024-06-03,,OPT,PSE,Gaza Strip,,,censored,Protection,IDP/Refugee Service,Ground-Launched,Shelling,Host Government: Military,Israeli Defence Forces,Protection Infrastructure,,,,,,,56966
2024-06-03,,OPT,PSE,Gaza Strip,,,censored,Protection,IDP/Refugee Service,Air-Launched: Plane,Aerial Bomb,Host Government: Military,Israeli Defence Forces,Protection Infrastructure,,,,,,,56965
2024-06-03,,OPT,PSE,Gaza Strip,,,censored,Education,Local Education Provider,Ground-Launched,Artillery,Host Government: Military,Israeli Defence Forces,Education Infrastructure,,,,,,,58744
2024-06-02,,OPT,PSE,Gaza Strip,,,censored,"Health Care, Protection, Aid Operations","IDP/Refugee Service, National Red Cross Society",Unspecified Launch Method,Unspecified Explosive,Host Government: Military,Israeli Defence Forces,Health Infrastructure,,,,,,,52802
2024-06-02,,OPT,PSE,Gaza Strip,,,censored,Protection,IDP/Refugee Service,Ground-Launched,Shelling,Host Government: Military,Israeli Defence Forces,Protection Infrastructure,,,,,,,56563
2024-06-02,,OPT,PSE,Gaza Strip,,,censored,Protection,IDP/Refugee Service,Air-Launched: Plane,Aerial Bomb,Host Government: Military,Israeli Defence Forces,Protection Infrastructure,,,,,,,55375
2024-06-02,,OPT,PSE,Gaza Strip,,,censored,Health Care,Local Health Care Provider,Air-Launched: Plane,Aerial Bomb,Host Government: Military,Israeli Defence Forces,Health Infrastructure,,,,,,,49997
2024-06-02,,Lebanon,LBN,South Governorate,,,censored by HDX,Health Care,Local Health Care Provider,Air-Launched: Plane,Aerial Bomb,Foreign Forces: Military,Israeli Defence Forces,Health Infrastructure,,,,,,,85263
2024-06-02,,OPT,PSE,Gaza Strip,,,censored,Protection,IDP/Refugee Service,Air-Launched: Plane,Aerial Bomb,Host Government: Military,Israeli Defence Forces,Protection Infrastructure,,,,,,,56663
2024-06-01,,OPT,PSE,Gaza Strip,,,censored,Protection,IDP/Refugee Service,Air-Launched: Plane,Aerial Bomb,Host Government: Military,Israeli Defence Forces,Protection Infrastructure,,,,,,,55347
2024-06-01,,Lebanon,LBN,Nabatieh Governorate,,,censored by HDX,Health Care,Local Health Care Provider,Ground-Launched,Shelling,Foreign Forces: Military,Israeli Defence Forces,Health Infrastructure,,,,,,,57652
2024-06-01,,Lebanon,LBN,Nabatieh Governorate,,,censored by HDX,Health Care,Other,Unspecified Launch Method,Unspecified Explosive,Foreign Forces: Military,Israeli Defence Forces,Health Infrastructure,,,,,,,86302
2024-05-31,,OPT,PSE,Gaza Strip,,,censored,"Health Care, Protection, Aid Operations","IDP/Refugee Service, INGO",Unspecified Launch Method,Unspecified Explosive,Host Government: Military,Israeli Defence Forces,Health Infrastructure,,,,,,,49857
2024-05-31,,OPT,PSE,Gaza Strip,,,censored,"Health Care, Aid Operations",National Red Cross Society,Unspecified Launch Method,Unspecified Explosive,Host Government: Military,Israeli Defence Forces,Aid Infrastructure,,,1,,,,49858
2024-05-31,,OPT,PSE,Gaza Strip,,,censored,Protection,IDP/Refugee Service,Air-Launched: Plane,Aerial Bomb,Host Government: Military,Israeli Defence Forces,Protection Infrastructure,,,,,,,52240
2024-05-31,,OPT,PSE,Gaza Strip,,,censored,Protection,IDP/Refugee Service,Air-Launched: Plane,Aerial Bomb,Host Government: Military,Israeli Defence Forces,Protection Infrastructure,,,,,,,48797
2024-05-31,,OPT,PSE,Gaza Strip,,,censored,Protection,IDP/Refugee Service,Air-Launched: Plane,Aerial Bomb,Host Government: Military,Israeli Defence Forces,Protection Infrastructure,,,,,,,48799
2024-05-31,,OPT,PSE,Gaza Strip,,,censored,Protection,IDP/Refugee Service,Air-Launched: Plane,Aerial Bomb,Host Government: Military,Israeli Defence Forces,Protection Infrastructure,,,,,,,53318
2024-05-31,,OPT,PSE,Gaza Strip,,,censored,"Protection, Aid Operations","IDP/Refugee Service, LNGO",Air-Launched: Drone,Missile,Host Government: Military,Israeli Defence Forces,Protection Infrastructure,3,,,,,,53319
2024-05-31,,Lebanon,LBN,Nabatieh Governorate,,,censored by HDX,Health Care,Private Health Care,Unspecified Launch Method,Unspecified Explosive,Foreign Forces: Military,Israeli Defence Forces,Health Infrastructure,,2,,,,,86301
2024-05-31,,OPT,PSE,Gaza Strip,,,censored,"Protection, Aid Operations","IDP/Refugee Service, UN Agency",Ground-Launched,Artillery,Host Government: Military,Israeli Defence Forces,Aid Infrastructure,,,,,,,52241
2024-05-31,,OPT,PSE,Gaza Strip,,,censored,"Health Care, Protection, Aid Operations","IDP/Refugee Service, National Red Cross Society",Unspecified Launch Method,Unspecified Explosive,Host Government: Military,Israeli Defence Forces,Health Infrastructure,,,,,,,52801
2024-05-31,,Lebanon,LBN,South Governorate,,,censored by HDX,Health Care,Private Health Care,Air-Launched: Drone,Aerial Bomb,Foreign Forces: Military,Israeli Defence Forces,Health Infrastructure,,1,,,,,52604
2024-05-30,,OPT,PSE,Gaza Strip,,,censored,"Health Care, Protection, Aid Operations","IDP/Refugee Service, UN Agency",Ground-Launched,Artillery,Host Government: Military,Israeli Defence Forces,Multiple,,,,,,,49845
2024-05-30,,OPT,PSE,Gaza Strip,,,censored,Protection,IDP/Refugee Service,Air-Launched: No Information on Platform Type,Aerial Bomb,Host Government: Military,Israeli Defence Forces,Protection Infrastructure,,,,,,,49534
2024-05-30,,OPT,PSE,Gaza Strip,,,censored,Protection,IDP/Refugee Service,Air-Launched: Plane,Aerial Bomb,Host Government: Military,Israeli Defence Forces,Protection Infrastructure,,,,,,,53317
2024-05-30,,OPT,PSE,Gaza Strip,,,censored,"Education, Protection, Aid Operations","IDP/Refugee Service, UN Agency",Air-Launched: Plane,Aerial Bomb,Host Government: Military,Israeli Defence Forces,Multiple,,,,,,,52207
2024-05-30,,OPT,PSE,Gaza Strip,,,censored,Protection,IDP/Refugee Service,Air-Launched: Plane,Aerial Bomb,Host Government: Military,Israeli Defence Forces,Protection Infrastructure,,,,,,,53265
2024-05-30,,OPT,PSE,Gaza Strip,,,censored,"Health Care, Protection","IDP/Refugee Service, Local Health Care Provider",Ground-Launched,Artillery,Host Government: Military,Israeli Defence Forces,Multiple,,,,,,,49852
2024-05-29,,OPT,PSE,Gaza Strip,,,censored,Protection,IDP/Refugee Service,Air-Launched: Plane,Aerial Bomb,Host Government: Military,Israeli Defence Forces,Protection Infrastructure,,,,,,,53264
2024-05-29,,OPT,PSE,Gaza Strip,,,censored,"Health Care, Aid Operations",National Red Cross Society,Air-Launched: Plane,Aerial Bomb,Host Government: Military,Israeli Defence Forces,Health Worker,,,,,,,49849
2024-05-29,,OPT,PSE,Gaza Strip,,,censored,Protection,IDP/Refugee Service,Air-Launched: Plane,Aerial Bomb,Host Government: Military,Israeli Defence Forces,Protection Infrastructure,,,,,,,51779
2024-05-29,,OPT,PSE,Gaza Strip,,,censored,"Health Care, Aid Operations",National Red Cross Society,Air-Launched: Plane,Aerial Bomb,Host Government: Military,Israeli Defence Forces,Health Infrastructure,,,2,,,,47818
2024-05-29,,OPT,PSE,Gaza Strip,,,censored,Protection,IDP/Refugee Service,Air-Launched: Plane,Aerial Bomb,Host Government: Military,Israeli Defence Forces,Protection Infrastructure,,,,,,,51780
2024-05-29,,OPT,PSE,Gaza Strip,,,censored,Aid Operations,NGO,Air-Launched: Plane,Aerial Bomb,Host Government: Military,Israeli Defence Forces,Aid Infrastructure,,,,,,,57832
2024-05-28,,OPT,PSE,Gaza Strip,,,censored,Health Care,Local Health Care Provider,Ground-Launched,Artillery,Host Government: Military,Israeli Defence Forces,Health Infrastructure,,,,,,,47455
2024-05-28,,OPT,PSE,Gaza Strip,,,censored,"Health Care, Protection, Aid Operations","IDP/Refugee Service, National Red Cross Society",Unspecified Launch Method,Unspecified Explosive,Host Government: Military,Israeli Defence Forces,Aid Infrastructure,,,1,,,,48795
2024-05-28,,OPT,PSE,Gaza Strip,,,censored,Health Care,Local Health Care Provider,Ground-Launched,Artillery,Host Government: Military,Israeli Defence Forces,Health Infrastructure,,,,,,,47785
2024-05-28,,OPT,PSE,Gaza Strip,,,censored,Health Care,Local Health Care Provider,Ground-Launched,Artillery,Host Government: Military,Israeli Defence Forces,Health Infrastructure,,,,,,,47456
2024-05-28,,OPT,PSE,Gaza Strip,,,censored,Health Care,Local Health Care Provider,Ground-Launched,Shelling,Host Government: Military,Israeli Defence Forces,Health Infrastructure,,,,,,,84639
2024-05-28,,OPT,PSE,Gaza Strip,,,censored,Health Care,Local Health Care Provider,Ground-Launched,Shelling,Host Government: Military,Israeli Defence Forces,Health Infrastructure,,,,,,,85018
2024-05-28,,OPT,PSE,Gaza Strip,,,censored,Health Care,Local Health Care Provider,Unspecified Launch Method,Unspecified Explosive,Host Government: Military,Israeli Defence Forces,Multiple,,,,,,,49856
2024-05-28,,OPT,PSE,Gaza Strip,,,censored,Protection,IDP/Refugee Service,Air-Launched: Plane,Aerial Bomb,Host Government: Military,Israeli Defence Forces,Protection Infrastructure,,,,,,,53759
2024-05-28,,OPT,PSE,Gaza Strip,,,censored,Health Care,Local Health Care Provider,Unspecified Launch Method,Unspecified Explosive,Host Government: Military,Israeli Defence Forces,Health Infrastructure,,,,,,,86411
2024-05-28,,OPT,PSE,Gaza Strip,,,censored,Education,Local Education Provider,Ground-Launched,Artillery,Host Government: Military,Israeli Defence Forces,Education Infrastructure,,,,,,,58708
2024-05-27,,OPT,PSE,Gaza Strip,,,censored,Protection,IDP/Refugee Service,Air-Launched: Plane,Aerial Bomb,Host Government: Military,Israeli Defence Forces,Protection Infrastructure,,,,,,,53263
2024-05-27,,OPT,PSE,Gaza Strip,,,censored,Protection,IDP/Refugee Service,Air-Launched: Plane,Aerial Bomb,Host Government: Military,Israeli Defence Forces,Protection Infrastructure,,,,,,,53316
2024-05-27,,OPT,PSE,Gaza Strip,,,censored,"Health Care, Aid Operations","INGO, Local Health Care Provider",Ground-Launched,Artillery,Host Government: Military,Israeli Defence Forces,Health Infrastructure,,,,,,,47191
2024-05-27,,OPT,PSE,Gaza Strip,,,censored,"Health Care, Aid Operations",NGO,Air-Launched: Drone,Aerial Bomb,Host Government: Military,Israeli Defence Forces,Health Infrastructure,,,2,,,,47157
2024-05-27,,OPT,PSE,Gaza Strip,,,censored,Protection,IDP/Refugee Service,Air-Launched: Plane,Aerial Bomb,Host Government: Military,Israeli Defence Forces,Protection Infrastructure,,,,,,,48383
2024-05-27,,Lebanon,LBN,Nabatieh Governorate,,,censored by HDX,Health Care,Private Health Care,Air-Launched: Drone,Aerial Bomb,Foreign Forces: Military,Israeli Defence Forces,Health Infrastructure,,1,,,,,47554
2024-05-27,,Lebanon,LBN,Nabatieh Governorate,,,censored by HDX,Health Care,Local Health Care Provider,Air-Launched: Plane,Aerial Bomb,Foreign Forces: Military,Israeli Defence Forces,Health Worker,,,,,,,61121
2024-05-27,,OPT,PSE,Gaza Strip,,,censored,Protection,IDP/Refugee Service,Air-Launched: Plane,Aerial Bomb,Host Government: Military,Israeli Defence Forces,Protection Infrastructure,,,,,,,51725
2024-05-27,,OPT,PSE,Gaza Strip,,,censored,Protection,IDP/Refugee Service,Ground-Launched,Artillery,Host Government: Military,Israeli Defence Forces,Protection Infrastructure,,,,,,,48791
2024-05-27,,OPT,PSE,Gaza Strip,,,censored,Protection,IDP/Refugee Service,Air-Launched: Plane,Aerial Bomb,Host Government: Military,Israeli Defence Forces,Protection Infrastructure,,,,,,,53197
2024-05-26,,OPT,PSE,Gaza Strip,,,censored,"Health Care, Protection, Aid Operations","IDP/Refugee Service, Local Health Care Provider, UN Agency",Air-Launched: Plane,Aerial Bomb,Host Government: Military,Israeli Defence Forces,Aid Infrastructure,,2,,,,,53631
2024-05-26,,OPT,PSE,Gaza Strip,,,censored,Protection,IDP/Refugee Service,Air-Launched: Plane,Aerial Bomb,Host Government: Military,Israeli Defence Forces,Protection Infrastructure,,,,,,,56569
2024-05-26,,OPT,PSE,Gaza Strip,,,censored,Protection,IDP/Refugee Service,Ground-Launched,Artillery,Host Government: Military,Israeli Defence Forces,Protection Infrastructure,,,,,,,51659
2024-05-26,,OPT,PSE,Gaza Strip,,,censored,Protection,IDP/Refugee Service,Air-Launched: Plane,Aerial Bomb,Host Government: Military,Israeli Defence Forces,Protection Infrastructure,,,,,,,51658
2024-05-26,,OPT,PSE,Gaza Strip,,,censored,"Health Care, Protection, Aid Operations","IDP/Refugee Service, Local Health Care Provider, UN Agency",Air-Launched: Plane,Aerial Bomb,Host Government: Military,Israeli Defence Forces,Aid Infrastructure,,,,,,,47158
2024-05-26,,OPT,PSE,Gaza Strip,,,censored,Protection,IDP/Refugee Service,Air-Launched: Plane,Aerial Bomb,Host Government: Military,Israeli Defence Forces,Protection Infrastructure,,,,,,,51724
2024-05-26,,OPT,PSE,Gaza Strip,,,censored,Protection,IDP/Refugee Service,Air-Launched: Plane,Aerial Bomb,Host Government: Military,Israeli Defence Forces,Protection Infrastructure,,,,,,,48382
2024-05-26,,OPT,PSE,Gaza Strip,,,censored,"Health Care, Aid Operations",NGO,Air-Launched: Plane,Aerial Bomb,Host Government: Military,Israeli Defence Forces,Health Infrastructure,,,,,,,47147
2024-05-26,,OPT,PSE,Gaza Strip,,,censored,Protection,IDP/Refugee Service,Air-Launched: Plane,Aerial Bomb,Host Government: Military,Israeli Defence Forces,Protection Infrastructure,,,,,,,51723
2024-05-25,,OPT,PSE,Gaza Strip,,,censored,"Education, Aid Operations","Local Education Provider, NGO",Air-Launched: Plane,Aerial Bomb,Host Government: Military,Israeli Defence Forces,Education Infrastructure,,,,,,,47136
2024-05-25,,OPT,PSE,Gaza Strip,,,censored,Protection,IDP/Refugee Service,Air-Launched: No Information on Platform Type,Aerial Bomb,Host Government: Military,Israeli Defence Forces,Protection Infrastructure,,,,,,,49865
2024-05-25,,OPT,PSE,Gaza Strip,,,censored,Protection,IDP/Refugee Service,Air-Launched: Plane,Aerial Bomb,Host Government: Military,Israeli Defence Forces,Protection Infrastructure,,,,,,,51657
2024-05-25,,OPT,PSE,Gaza Strip,,,censored,Protection,IDP/Refugee Service,Air-Launched: Plane,Aerial Bomb,Host Government: Military,Israeli Defence Forces,Protection Infrastructure,,,,,,,53099
2024-05-25,,OPT,PSE,Gaza Strip,,,censored,Protection,IDP/Refugee Service,Air-Launched: Plane,Aerial Bomb,Host Government: Military,Israeli Defence Forces,Protection Infrastructure,,,,,,,53098
2024-05-25,,OPT,PSE,Gaza Strip,,,censored,Protection,IDP/Refugee Service,Air-Launched: Drone,Missile,Host Government: Military,Israeli Defence Forces,Protection Infrastructure,,,,,,,51656
2024-05-25,,OPT,PSE,Gaza Strip,,,censored,Protection,IDP/Refugee Service,Air-Launched: Plane,Aerial Bomb,Host Government: Military,Israeli Defence Forces,Protection Infrastructure,,,,,,,52966
2024-05-25,,OPT,PSE,Gaza Strip,,,censored,"Education, Protection","IDP/Refugee Service, Local Education Provider",Air-Launched: Drone,Aerial Bomb,Host Government: Military,Israeli Defence Forces,Education Infrastructure,,,,,,,58675
2024-05-25,,OPT,PSE,Gaza Strip,,,censored,Protection,IDP/Refugee Service,Air-Launched: Plane,Aerial Bomb,Host Government: Military,Israeli Defence Forces,Protection Infrastructure,,,,,,,48380
2024-05-25,,OPT,PSE,Gaza Strip,,,censored,"Education, Protection","IDP/Refugee Service, Local Education Provider",Air-Launched: Plane,Aerial Bomb,Host Government: Military,Israeli Defence Forces,Education Infrastructure,,,,,,,56761
2024-05-24,,OPT,PSE,Gaza Strip,,,censored,Health Care,Local Health Care Provider,Ground-Launched,Artillery,Host Government: Military,Israeli Defence Forces,Health Infrastructure,,,,,,,86277
2024-05-24,,OPT,PSE,Gaza Strip,,,censored,Health Care,Local Health Care Provider,Ground-Launched,Artillery,Host Government: Military,Israeli Defence Forces,Health Infrastructure,,,,,,,47144
2024-05-24,,OPT,PSE,Gaza Strip,,,censored,Protection,IDP/Refugee Service,Unspecified Launch Method,Missile,Host Government: Military,Israeli Defence Forces,Protection Infrastructure,,,,,,,53494
2024-05-24,,OPT,PSE,Gaza Strip,,,censored,Protection,IDP/Refugee Service,Air-Launched: Plane,Aerial Bomb,Host Government: Military,Israeli Defence Forces,Protection Infrastructure,,,,,,,51655
2024-05-24,,OPT,PSE,Gaza Strip,,,censored,Health Care,Local Health Care Provider,Air-Launched: Drone,Aerial Bomb,Host Government: Military,Israeli Defence Forces,Health Infrastructure,,,,,,,47143
2024-05-24,,OPT,PSE,Gaza Strip,,,censored,Protection,IDP/Refugee Service,Air-Launched: Plane,Aerial Bomb,Host Government: Military,Israeli Defence Forces,Protection Infrastructure,,,,,,,50029
2024-05-24,,OPT,PSE,Gaza Strip,,,censored,Protection,IDP/Refugee Service,Air-Launched: Plane,Aerial Bomb,Host Government: Military,Israeli Defence Forces,Protection Infrastructure,,,,,,,48379
2024-05-24,,OPT,PSE,Gaza Strip,,,censored,"Health Care, Aid Operations",NGO,Ground-Launched,Artillery,Host Government: Military,Israeli Defence Forces,Health Infrastructure,,,,,,,47077
2024-05-24,,OPT,PSE,Gaza Strip,,,censored,"Education, Aid Operations",UN Agency,Directly-emplaced,Unspecified Explosive,Host Government: Military,Israeli Defence Forces,Education Infrastructure,,,,,,,58642
2024-05-24,,OPT,PSE,Gaza Strip,,,censored,Protection,IDP/Refugee Service,Air-Launched: Plane,Aerial Bomb,Host Government: Military,Israeli Defence Forces,Protection Infrastructure,,,,,,,51654
2024-05-23,,OPT,PSE,Gaza Strip,,,censored,"Health Care, Aid Operations",National Red Cross Society,Unspecified Launch Method,Unspecified Explosive,Host Government: Military,Israeli Defence Forces,Aid Infrastructure,,,1,,,,47134
2024-05-23,,OPT,PSE,Gaza Strip,,,censored,"Education, Protection","IDP/Refugee Service, Local Education Provider",Ground-Launched,Artillery,Host Government: Military,Israeli Defence Forces,Education Infrastructure,,,,,,,19018
2024-05-23,,OPT,PSE,West Bank,,,censored,Protection,IDP/Refugee Service,Air-Launched: Plane,Aerial Bomb,Host Government: Military,Israeli Defence Forces,Protection Infrastructure,,,,,,,50426
2024-05-23,,OPT,PSE,Gaza Strip,,,censored,Protection,IDP/Refugee Service,Air-Launched: Plane,Aerial Bomb,Host Government: Military,Israeli Defence Forces,Protection Infrastructure,,,,,,,52933
2024-05-23,,OPT,PSE,Gaza Strip,,,censored,Education,Local Education Provider,Air-Launched: Drone,Aerial Bomb,Host Government: Military,Israeli Defence Forces,Education Infrastructure,,,,,,,58609
2024-05-23,,OPT,PSE,Gaza Strip,,,censored,Aid Operations,NGO,Air-Launched: Plane,Aerial Bomb,Host Government: Military,Israeli Defence Forces,Aid Infrastructure,,,,,,,55344
2024-05-23,,OPT,PSE,Gaza Strip,,,censored,"Education, Protection","IDP/Refugee Service, Local Education Provider",Unspecified Launch Method,Unspecified Explosive,Host Government: Military,Israeli Defence Forces,Education Infrastructure,,,,,,,58576
2024-05-23,,OPT,PSE,Gaza Strip,,,censored,Protection,IDP/Refugee Service,Air-Launched: Plane,Aerial Bomb,Host Government: Military,Israeli Defence Forces,Protection Infrastructure,,,,,,,51650
2024-05-23,,OPT,PSE,Gaza Strip,,,censored,Protection,IDP/Refugee Service,Ground-Launched,Shelling,Host Government: Military,Israeli Defence Forces,Protection Infrastructure,,,,,,,53926
2024-05-22,,OPT,PSE,Gaza Strip,,,censored,Protection,IDP/Refugee Service,Air-Launched: Plane,Aerial Bomb,Host Government: Military,Israeli Defence Forces,Protection Infrastructure,,,,,,,51316
2024-05-22,,OPT,PSE,Gaza Strip,,,censored,Protection,IDP/Refugee Service,Air-Launched: Plane,Aerial Bomb,Host Government: Military,Israeli Defence Forces,Protection Infrastructure,,,,,,,51647
2024-05-22,,OPT,PSE,Gaza Strip,,,censored,Protection,IDP/Refugee Service,Air-Launched: Plane,Aerial Bomb,Host Government: Military,Israeli Defence Forces,Protection Infrastructure,,,,,,,51250
2024-05-22,,OPT,PSE,Gaza Strip,,,censored,Protection,IDP/Refugee Service,Air-Launched: Plane,Aerial Bomb,Host Government: Military,Israeli Defence Forces,Protection Infrastructure,,,,,,,48346
2024-05-22,,OPT,PSE,Gaza Strip,,,censored,Protection,IDP/Refugee Service,Air-Launched: Plane,Aerial Bomb,Host Government: Military,Israeli Defence Forces,Protection Infrastructure,,,,,,,48347
2024-05-22,,OPT,PSE,Gaza Strip,,,censored,Protection,IDP/Refugee Service,Air-Launched: Plane,Aerial Bomb,Host Government: Military,Israeli Defence Forces,Protection Infrastructure,,,,,,,53315
2024-05-21,,OPT,PSE,Gaza Strip,,,censored,Health Care,Local Health Care Provider,Ground-Launched,Missile,Host Government: Military,Israeli Defence Forces,Health Infrastructure,,,,,,,47075
2024-05-21,,OPT,PSE,Gaza Strip,,,censored,"Health Care, Protection","IDP/Refugee Service, Local Health Care Provider",Air-Launched: Plane,Aerial Bomb,Host Government: Military,Israeli Defence Forces,Multiple,,,,,,,47074
2024-05-21,,OPT,PSE,Gaza Strip,,,censored,Health Care,Local Health Care Provider,Ground-Launched,Shelling,Host Government: Military,Israeli Defence Forces,Health Infrastructure,,,,,,,85019
2024-05-21,,OPT,PSE,Gaza Strip,,,censored,Protection,IDP/Refugee Service,Air-Launched: Plane,Aerial Bomb,Host Government: Military,Israeli Defence Forces,Protection Infrastructure,,,,,,,48189
2024-05-21,,OPT,PSE,Gaza Strip,,,censored,Protection,IDP/Refugee Service,Air-Launched: Plane,Aerial Bomb,Host Government: Military,Israeli Defence Forces,Protection Infrastructure,,,,,,,53402
2024-05-21,,OPT,PSE,Gaza Strip,,,censored,Protection,IDP/Refugee Service,Unspecified Launch Method,Unspecified Explosive,Host Government: Military,Israeli Defence Forces,Protection Infrastructure,,,,,,,49897
2024-05-20,,OPT,PSE,Gaza Strip,,,censored,Protection,IDP/Refugee Service,Air-Launched: Plane,Aerial Bomb,Host Government: Military,Israeli Defence Forces,Protection Infrastructure,,,,,,,51168
2024-05-20,,OPT,PSE,Gaza Strip,,,censored,Protection,IDP/Refugee Service,Unspecified Launch Method,Unspecified Explosive,Host Government: Military,Israeli Defence Forces,Protection Infrastructure,,,,,,,51217
2024-05-20,,OPT,PSE,Gaza Strip,,,censored,Protection,IDP/Refugee Service,Air-Launched: Plane,Aerial Bomb,Host Government: Military,Israeli Defence Forces,Protection Infrastructure,,,,,,,53627
2024-05-20,,OPT,PSE,Gaza Strip,,,censored,"Health Care, Protection, Aid Operations","IDP/Refugee Service, INGO",Ground-Launched,Artillery,Host Government: Military,Israeli Defence Forces,Health Infrastructure,,,,,,,47059
2024-05-20,,OPT,PSE,Gaza Strip,,,censored,Health Care,Local Health Care Provider,Air-Launched: Plane,Aerial Bomb,Host Government: Military,Israeli Defence Forces,Health Infrastructure,,,,,,,47057
2024-05-20,,OPT,PSE,Gaza Strip,,,censored,Protection,IDP/Refugee Service,Air-Launched: Plane,Aerial Bomb,Host Government: Military,Israeli Defence Forces,Protection Infrastructure,,,,,,,48184
2024-05-19,,OPT,PSE,Gaza Strip,,,censored,Health Care,Local Health Care Provider,Ground-Launched,Shelling,Host Government: Military,Israeli Defence Forces,Health Infrastructure,,,,,,,85016
2024-05-19,,OPT,PSE,Gaza Strip,,,censored,Education,Local Education Provider,Air-Launched: Plane,Aerial Bomb,Host Government: Military,Israeli Defence Forces,Education Infrastructure,,,,,,,19019
2024-05-19,,OPT,PSE,Gaza Strip,,,censored,Protection,IDP/Refugee Service,Air-Launched: Plane,Aerial Bomb,Host Government: Military,Israeli Defence Forces,Protection Infrastructure,,,,,,,48146
2024-05-19,,OPT,PSE,Gaza Strip,,,censored,Protection,IDP/Refugee Service,Air-Launched: No Information on Platform Type,Aerial Bomb,Host Government: Military,Israeli Defence Forces,Protection Infrastructure,,,,,,,52772
2024-05-19,,OPT,PSE,Gaza Strip,,,censored,Protection,IDP/Refugee Service,Air-Launched: Plane,Aerial Bomb,Host Government: Military,Israeli Defence Forces,Protection Infrastructure,,,,,,,48182
2024-05-19,,OPT,PSE,Gaza Strip,,,censored,Protection,IDP/Refugee Service,Air-Launched: Plane,Aerial Bomb,Host Government: Military,Israeli Defence Forces,Protection Infrastructure,,,,,,,51167
2024-05-19,,OPT,PSE,Gaza Strip,,,censored,"Health Care, Aid Operations",INGO,Ground-Launched,Artillery,Host Government: Military,Israeli Defence Forces,Health Infrastructure,,,,,,,47033
2024-05-19,,OPT,PSE,Gaza Strip,,,censored,Health Care,Local Health Care Provider,Air-Launched: Plane,Aerial Bomb,Host Government: Military,Israeli Defence Forces,Health Infrastructure,,,,,,,47032
2024-05-19,,OPT,PSE,Gaza Strip,,,censored,Protection,IDP/Refugee Service,Air-Launched: Plane,Aerial Bomb,Host Government: Military,Israeli Defence Forces,Protection Infrastructure,,,,,,,52900
2024-05-19,,Lebanon,LBN,Nabatieh Governorate,,,censored by HDX,Health Care,Local Health Care Provider,Ground-Launched,Shelling,Foreign Forces: Military,Israeli Defence Forces,Health Infrastructure,,,,,,,84232
2024-05-18,,OPT,PSE,Gaza Strip,,,censored,"Education, Protection","IDP/Refugee Service, Local Education Provider",Air-Launched: Plane,Aerial Bomb,Host Government: Military,Israeli Defence Forces,Multiple,,,,,,,53314
2024-05-18,,OPT,PSE,Gaza Strip,,,censored,Protection,IDP/Refugee Service,Ground-Launched,Artillery,Host Government: Military,Israeli Defence Forces,Protection Infrastructure,,,,,,,53791
2024-05-18,,OPT,PSE,West Bank,,,censored,Protection,IDP/Refugee Service,Air-Launched: Plane,Aerial Bomb,Host Government: Military,Israeli Defence Forces,Protection Infrastructure,,,,,,,50392
2024-05-18,,OPT,PSE,Gaza Strip,,,censored,Protection,IDP/Refugee Service,Air-Launched: No Information on Platform Type,Aerial Bomb,Host Government: Military,Israeli Defence Forces,Protection Infrastructure,,,,,,,52770
2024-05-18,,OPT,PSE,Gaza Strip,,,censored,Health Care,Local Health Care Provider,Air-Launched: Drone,Aerial Bomb,Host Government: Military,Israeli Defence Forces,Health Infrastructure,,,,,,,47028
2024-05-18,,OPT,PSE,Gaza Strip,,,censored,Protection,IDP/Refugee Service,Unspecified Launch Method,Missile,Host Government: Military,Israeli Defence Forces,Protection Infrastructure,,,,,,,49501
2024-05-18,,OPT,PSE,Gaza Strip,,,censored,"Health Care, Protection, Aid Operations","IDP/Refugee Service, UN Agency",Air-Launched: Plane,Aerial Bomb,Host Government: Military,Israeli Defence Forces,Multiple,,,,,,,47031
2024-05-18,,OPT,PSE,Gaza Strip,,,censored,"Health Care, Aid Operations","INGO, Local Health Care Provider",Air-Launched: Plane,Aerial Bomb,Host Government: Military,Israeli Defence Forces,Health Infrastructure,,,,,,,47027
2024-05-18,,OPT,PSE,Gaza Strip,,,censored,Protection,IDP/Refugee Service,Air-Launched: Plane,Aerial Bomb,Host Government: Military,Israeli Defence Forces,Protection Infrastructure,,,,,,,53320
2024-05-18,,OPT,PSE,Gaza Strip,,,censored,"Education, Protection","IDP/Refugee Service, Local Education Provider",Air-Launched: Plane,Aerial Bomb,Host Government: Military,Israeli Defence Forces,Protection Infrastructure,,,,,,,51165
2024-05-18,,OPT,PSE,Gaza Strip,,,censored,Protection,IDP/Refugee Service,Air-Launched: Plane,Aerial Bomb,Host Government: Military,Israeli Defence Forces,Protection Infrastructure,,,,,,,51166
2024-05-17,,OPT,PSE,Gaza Strip,,,censored,"Education, Protection, Aid Operations","IDP/Refugee Service, UN Agency",Air-Launched: Plane,Aerial Bomb,Host Government: Military,Israeli Defence Forces,Education Infrastructure,,,,,,,58510
2024-05-17,,OPT,PSE,Gaza Strip,,,censored,"Education, Protection, Aid Operations","IDP/Refugee Service, UN Agency",Air-Launched: Plane,Aerial Bomb,Host Government: Military,Israeli Defence Forces,Education Infrastructure,,,,,,,58543
2024-05-17,,OPT,PSE,Gaza Strip,,,censored,"Education, Protection, Aid Operations","IDP/Refugee Service, UN Agency",Air-Launched: Plane,Aerial Bomb,Host Government: Military,Israeli Defence Forces,Education Infrastructure,,,,,,,58544
2024-05-17,,OPT,PSE,Gaza Strip,,,censored,"Education, Protection, Aid Operations","IDP/Refugee Service, UN Agency",Air-Launched: Plane,Aerial Bomb,Host Government: Military,Israeli Defence Forces,Education Infrastructure,,,,,,,58545
2024-05-17,,OPT,PSE,Gaza Strip,,,censored,"Education, Protection, Aid Operations","IDP/Refugee Service, UN Agency",Air-Launched: Plane,Aerial Bomb,Host Government: Military,Israeli Defence Forces,Education Infrastructure,,,,,,,58546
2024-05-17,,OPT,PSE,Gaza Strip,,,censored,"Education, Protection, Aid Operations","IDP/Refugee Service, UN Agency",Air-Launched: Plane,Aerial Bomb,Host Government: Military,Israeli Defence Forces,Education Infrastructure,,,,,,,58547
2024-05-17,,OPT,PSE,Gaza Strip,,,censored,Protection,IDP/Refugee Service,Air-Launched: Drone,Aerial Bomb,Host Government: Military,Israeli Defence Forces,Protection Infrastructure,,,,,,,50855
2024-05-17,,OPT,PSE,Gaza Strip,,,censored,Protection,IDP/Refugee Service,Air-Launched: Plane,Aerial Bomb,Host Government: Military,Israeli Defence Forces,Protection Infrastructure,,,,,,,50854
2024-05-17,,OPT,PSE,Gaza Strip,,,censored,"Protection, Food Security",IDP/Refugee Service,Air-Launched: Plane,Aerial Bomb,Host Government: Military,Israeli Defence Forces,Protection Infrastructure,,,,,,Food Supply,50825
2024-05-17,,OPT,PSE,Gaza Strip,,,censored,"Education, Protection","IDP/Refugee Service, Local Education Provider",Air-Launched: Drone,Missile,Host Government: Military,Israeli Defence Forces,Education Infrastructure,,,,,,,50824
2024-05-17,,OPT,PSE,West Bank,,,censored,Protection,IDP/Refugee Service,Air-Launched: Plane,Aerial Bomb,Host Government: Military,Israeli Defence Forces,Protection Infrastructure,,,,,,,50359
2024-05-17,,OPT,PSE,Gaza Strip,,,censored,Protection,IDP/Refugee Service,Unspecified Launch Method,Missile,Host Government: Military,Israeli Defence Forces,Protection Infrastructure,,,,,,,49014
2024-05-17,,OPT,PSE,Gaza Strip,,,censored,Protection,IDP/Refugee Service,Air-Launched: Plane,Aerial Bomb,Host Government: Military,Israeli Defence Forces,Protection Infrastructure,,,,,,,48143
2024-05-17,,Lebanon,LBN,Nabatieh Governorate,,,censored by HDX,Health Care,Other,Unspecified Launch Method,Unspecified Explosive,Foreign Forces: Military,Israeli Defence Forces,Health Infrastructure,,,,,,,86258
2024-05-16,,OPT,PSE,Gaza Strip,,,censored,Protection,IDP/Refugee Service,Ground-Launched,Artillery,Host Government: Military,Israeli Defence Forces,Protection Infrastructure,,,,,,,48139
2024-05-16,,OPT,PSE,Gaza Strip,,,censored,Protection,IDP/Refugee Service,Air-Launched: Plane,Aerial Bomb,Host Government: Military,Israeli Defence Forces,Protection Infrastructure,,,,,,,53313
2024-05-16,,OPT,PSE,Gaza Strip,,,censored,"Education, Protection","IDP/Refugee Service, Local Education Provider",Air-Launched: Drone,Aerial Bomb,Host Government: Military,Israeli Defence Forces,Education Infrastructure,,,,,,,50597
2024-05-16,,OPT,PSE,Gaza Strip,,,censored,Protection,IDP/Refugee Service,Air-Launched: Plane,Aerial Bomb,Host Government: Military,Israeli Defence Forces,Protection Infrastructure,,,,,,,50596
2024-05-16,,OPT,PSE,Gaza Strip,,,censored,"Health Care, Aid Operations",NGO,Air-Launched: Plane,Aerial Bomb,Host Government: Military,Israeli Defence Forces,Multiple,,,,,,,85296
2024-05-16,,OPT,PSE,Gaza Strip,,,censored,"Education, Health Care, Protection, Aid Operations","IDP/Refugee Service, Local Education Provider, National Red Cross Society",Air-Launched: Plane,Aerial Bomb,Host Government: Military,Israeli Defence Forces,Multiple,,,1,,,,47014
2024-05-16,,OPT,PSE,Gaza Strip,,,censored,Protection,IDP/Refugee Service,Air-Launched: Plane,Aerial Bomb,Host Government: Military,Israeli Defence Forces,Protection Infrastructure,,,,,,,53398
2024-05-16,,OPT,PSE,West Bank,,,censored,Health Care,Local Health Care Provider,Ground-Launched,Unspecified Explosive,Host Government: Military,Israeli Defence Forces,Health Infrastructure,,,,,,,48192
2024-05-16,,OPT,PSE,Gaza Strip,,,censored,"Health Care, Protection, Aid Operations","IDP/Refugee Service, INGO",Air-Launched: Drone,Aerial Bomb,Host Government: Military,Israeli Defence Forces,Health Infrastructure,,,,,,,86039
2024-05-16,,OPT,PSE,Gaza Strip,,,censored,"Health Care, Aid Operations","INGO, Local Health Care Provider",Ground-Launched,Artillery,Host Government: Military,Israeli Defence Forces,Health Infrastructure,,,,,,,53857
2024-05-15,,OPT,PSE,Gaza Strip,,,censored,Health Care,Local Health Care Provider,Unspecified Launch Method,Unspecified Explosive,Host Government: Military,Israeli Defence Forces,Health Infrastructure,,,,,,,47024
2024-05-15,,OPT,PSE,Gaza Strip,,,censored,"Protection, Aid Operations","IDP/Refugee Service, UN Agency",Air-Launched: No Information on Platform Type,Aerial Bomb,Host Government: Military,Israeli Defence Forces,Multiple,,,,,,,55079
2024-05-15,,OPT,PSE,Gaza Strip,,,censored,Education,Local Education Provider,Air-Launched: Plane,Aerial Bomb,Host Government: Military,Israeli Defence Forces,Teacher/Student,,,,1,,,58477
2024-05-15,,OPT,PSE,Gaza Strip,,,censored,"Health Care, Protection","IDP/Refugee Service, Local Health Care Provider",Air-Launched: Plane,Aerial Bomb,Host Government: Military,Israeli Defence Forces,Health Infrastructure,,,,,,,47008
2024-05-15,,OPT,PSE,Gaza Strip,,,censored,Health Care,Local Health Care Provider,Air-Launched: Plane,Aerial Bomb,Host Government: Military,Israeli Defence Forces,Health Worker,,1,,,,,47009
2024-05-15,,OPT,PSE,Gaza Strip,,,censored,Protection,IDP/Refugee Service,Air-Launched: Plane,Aerial Bomb,Host Government: Military,Israeli Defence Forces,Protection Infrastructure,,,,,,,50590
2024-05-15,,OPT,PSE,Gaza Strip,,,censored,Protection,IDP/Refugee Service,Air-Launched: Drone,Missile,Host Government: Military,Israeli Defence Forces,Protection Infrastructure,,,,,,,50492
2024-05-15,,OPT,PSE,Gaza Strip,,,censored,Protection,IDP/Refugee Service,Air-Launched: Plane,Aerial Bomb,Host Government: Military,Israeli Defence Forces,Protection Infrastructure,,,,,,,49848
2024-05-15,,OPT,PSE,Gaza Strip,,,censored,"Health Care, Aid Operations",UN Agency,Air-Launched: Plane,Aerial Bomb,Host Government: Military,Israeli Defence Forces,Health Infrastructure,,,,,,,47010
2024-05-15,,OPT,PSE,Gaza Strip,,,censored,Protection,IDP/Refugee Service,Air-Launched: No Information on Platform Type,Aerial Bomb,Host Government: Military,Israeli Defence Forces,Protection Infrastructure,,,,,,,47753
2024-05-15,,OPT,PSE,Gaza Strip,,,censored,Protection,IDP/Refugee Service,Air-Launched: Plane,Aerial Bomb,Host Government: Military,Israeli Defence Forces,Protection Infrastructure,,,,,,,52835
2024-05-14,,OPT,PSE,Gaza Strip,,,censored,Protection,IDP/Refugee Service,Air-Launched: Plane,Aerial Bomb,Host Government: Military,Israeli Defence Forces,Protection Infrastructure,,,,,,,47752
2024-05-14,,OPT,PSE,Gaza Strip,,,censored,"Education, Protection, Aid Operations","IDP/Refugee Service, UN Agency",Air-Launched: Plane,Aerial Bomb,Host Government: Military,Israeli Defence Forces,Aid Infrastructure,,,,,,,53164
2024-05-14,,OPT,PSE,Gaza Strip,,,censored,Protection,IDP/Refugee Service,Air-Launched: Plane,Aerial Bomb,Host Government: Military,Israeli Defence Forces,Protection Infrastructure,,,,,,,52834
2024-05-14,,OPT,PSE,Gaza Strip,,,censored,Protection,IDP/Refugee Service,Ground-Launched,Artillery,Host Government: Military,Israeli Defence Forces,Protection Infrastructure,,,,,,,50585
2024-05-14,,OPT,PSE,Gaza Strip,,,censored,Protection,IDP/Refugee Service,Air-Launched: Plane,Aerial Bomb,Host Government: Military,Israeli Defence Forces,Protection Infrastructure,,,,,,,53401
2024-05-14,,OPT,PSE,Gaza Strip,,,censored,"Education, Protection, Aid Operations","IDP/Refugee Service, UN Agency",Air-Launched: Plane,Aerial Bomb,Host Government: Military,Israeli Defence Forces,Aid Infrastructure,,,,,,,53230
2024-05-14,,OPT,PSE,Gaza Strip,,,censored,Protection,IDP/Refugee Service,Air-Launched: Plane,Aerial Bomb,Host Government: Military,Israeli Defence Forces,Protection Infrastructure,,,,,,,50330
2024-05-14,,OPT,PSE,Gaza Strip,,,censored,Protection,IDP/Refugee Service,Air-Launched: Plane,Aerial Bomb,Host Government: Military,Israeli Defence Forces,Protection Infrastructure,,,,,,,50332
2024-05-13,,OPT,PSE,Gaza Strip,,,censored,Protection,IDP/Refugee Service,Air-Launched: Plane,Aerial Bomb,Host Government: Military,Israeli Defence Forces,Protection Infrastructure,,,,,,,53330
2024-05-13,,OPT,PSE,Gaza Strip,,,censored,"Health Care, Aid Operations","UN Agency, United Nations",Unspecified Launch Method,Unspecified Explosive,Host Government: Military,Israeli Defence Forces,Aid Infrastructure,,,1,,,,46811
2024-05-13,,OPT,PSE,Gaza Strip,,,censored,"Health Care, Aid Operations",National Red Cross Society,Ground-Launched,Shelling,Host Government: Military,Israeli Defence Forces,Aid Infrastructure,,,,,,,46814
2024-05-13,,OPT,PSE,Gaza Strip,,,censored,"Education, Protection","IDP/Refugee Service, Local Education Provider",Air-Launched: Plane,Aerial Bomb,Host Government: Military,Israeli Defence Forces,Multiple,,,,,,,53103
2024-05-13,,Lebanon,LBN,Nabatieh Governorate,,,censored by HDX,Health Care,Other,Unspecified Launch Method,Unspecified Explosive,Foreign Forces: Military,Israeli Defence Forces,Health Infrastructure,,,,,,,86257
2024-05-13,,OPT,PSE,Gaza Strip,,,censored,Protection,IDP/Refugee Service,Ground-Launched,Shelling,Host Government: Military,Israeli Defence Forces,Protection Infrastructure,,,,,,,50326
2024-05-13,,OPT,PSE,Gaza Strip,,,censored,Protection,IDP/Refugee Service,Air-Launched: Plane,Aerial Bomb,Host Government: Military,Israeli Defence Forces,Protection Infrastructure,,,,,,,50294
2024-05-13,,OPT,PSE,Gaza Strip,,,censored,Protection,IDP/Refugee Service,Ground-Launched,Artillery,Host Government: Military,Israeli Defence Forces,Multiple,,,,,,,50260
2024-05-13,,OPT,PSE,Gaza Strip,,,censored,Aid Operations,UN Agency,Ground-Launched,Shelling,Host Government: Military,Israeli Defence Forces,Aid Infrastructure,1,,,,,,48316
2024-05-12,,OPT,PSE,Gaza Strip,,,censored,"Health Care, Protection","IDP/Refugee Service, Local Health Care Provider",Air-Launched: Plane,Aerial Bomb,Host Government: Military,Israeli Defence Forces,Multiple,,,,,,,46760
2024-05-12,,OPT,PSE,Gaza Strip,,,censored,Protection,IDP/Refugee Service,Air-Launched: Plane,Aerial Bomb,Host Government: Military,Israeli Defence Forces,Protection Infrastructure,,,,,,,50293
2024-05-12,,OPT,PSE,Gaza Strip,,,censored,Health Care,Local Health Care Provider,Ground-Launched,Artillery,Host Government: Military,Israeli Defence Forces,Health Infrastructure,,,,,,,46957
2024-05-12,,OPT,PSE,Gaza Strip,,,censored,Health Care,Local Health Care Provider,Air-Launched: Drone,Aerial Bomb,Host Government: Military,Israeli Defence Forces,Health Worker,,1,,,,,85401
2024-05-12,,OPT,PSE,Gaza Strip,,,censored,Protection,IDP/Refugee Service,Air-Launched: Plane,Aerial Bomb,Host Government: Military,Israeli Defence Forces,Protection Infrastructure,,,,,,,53758
2024-05-12,,OPT,PSE,Gaza Strip,,,censored,"Health Care, Protection","IDP/Refugee Service, Local Health Care Provider",Ground-Launched,Unspecified Explosive,Host Government: Military,Israeli Defence Forces,Health Infrastructure,,,,,,,46809
2024-05-12,,OPT,PSE,Gaza Strip,,,censored,Health Care,Local Health Care Provider,Ground-Launched,Artillery,Host Government: Military,Israeli Defence Forces,Health Infrastructure,,,,,,,86409
2024-05-12,,OPT,PSE,Gaza Strip,,,censored,"Health Care, Protection, Aid Operations","Government Aid Agency, IDP/Refugee Service",Air-Launched: Drone,Missile,Host Government: Military,Israeli Defence Forces,Multiple,,,,,,,53395
2024-05-11,,OPT,PSE,Gaza Strip,,,censored,Protection,IDP/Refugee Service,Air-Launched: Plane,Aerial Bomb,Host Government: Military,Israeli Defence Forces,Protection Infrastructure,,,,,,,49843
2024-05-11,,OPT,PSE,Gaza Strip,,,censored,Health Care,Local Health Care Provider,Air-Launched: Plane,Aerial Bomb,Host Government: Military,Israeli Defence Forces,Health Worker,,2,,,,,46955
2024-05-11,,OPT,PSE,Gaza Strip,,,censored,Protection,IDP/Refugee Service,Ground-Launched,Shelling,Host Government: Military,Israeli Defence Forces,Protection Infrastructure,,,,,,,53329
2024-05-11,,OPT,PSE,Gaza Strip,,,censored,Protection,IDP/Refugee Service,Air-Launched: Plane,Aerial Bomb,Host Government: Military,Israeli Defence Forces,Protection Infrastructure,,,,,,,53102
2024-05-11,,OPT,PSE,Gaza Strip,,,censored,Aid Operations,UN Agency,Air-Launched: No Information on Platform Type,Aerial Bomb,Host Government: Military,Israeli Defence Forces,Other,1,,,,,,55078
2024-05-11,,OPT,PSE,Gaza Strip,,,censored,Protection,IDP/Refugee Service,Air-Launched: Plane,Aerial Bomb,Host Government: Military,Israeli Defence Forces,Protection Infrastructure,,,,,,,50097
2024-05-11,,OPT,PSE,Gaza Strip,,,censored,Protection,IDP/Refugee Service,Air-Launched: No Information on Platform Type,Aerial Bomb,Host Government: Military,Israeli Defence Forces,Protection Infrastructure,,,,,,,49898
2024-05-11,,OPT,PSE,Gaza Strip,,,censored,"Health Care, Protection, Aid Operations","IDP/Refugee Service, Local Health Care Provider, UN Agency",Air-Launched: Drone,Aerial Bomb,Host Government: Military,Israeli Defence Forces,Multiple,,,,,,,46810
2024-05-10,,OPT,PSE,Gaza Strip,,,censored,Protection,IDP/Refugee Service,Ground-Launched,Shelling,Host Government: Military,Israeli Defence Forces,Multiple,,,,,,,52682
2024-05-10,,Lebanon,LBN,No Information,,,censored by HDX,Health Care,Local Health Care Provider,Unspecified Launch Method,Unspecified Explosive,Foreign Forces: Military,Israeli Defence Forces,Health Worker,,1,,,,,46620
2024-05-10,,Lebanon,LBN,Nabatieh Governorate,,,censored by HDX,Health Care,Other,Unspecified Launch Method,Unspecified Explosive,Foreign Forces: Military,Israeli Defence Forces,Health Infrastructure,,,,,,,86255
2024-05-10,,OPT,PSE,Gaza Strip,,,censored,"Health Care, Aid Operations",NGO,Ground-Launched,Artillery,Host Government: Military,Israeli Defence Forces,Health Infrastructure,,,,,,,85295
2024-05-10,,Lebanon,LBN,South Governorate,,,censored by HDX,Health Care,Other,Air-Launched: Plane,Aerial Bomb,Foreign Forces: Military,Israeli Defence Forces,Health Worker,,1,,,,,46932
2024-05-10,,OPT,PSE,Gaza Strip,,,censored,Protection,IDP/Refugee Service,Air-Launched: Plane,Aerial Bomb,Host Government: Military,Israeli Defence Forces,Protection Infrastructure,,,,,,,53100
2024-05-10,,OPT,PSE,Gaza Strip,,,censored,Health Care,Local Health Care Provider,Ground-Launched,Artillery,Host Government: Military,Israeli Defence Forces,Health Infrastructure,,,,,,,46954
2024-05-10,,OPT,PSE,Gaza Strip,,,censored,Protection,IDP/Refugee Service,Air-Launched: Plane,Aerial Bomb,Host Government: Military,Israeli Defence Forces,Protection Infrastructure,,,,,,,49012
2024-05-10,,OPT,PSE,Gaza Strip,,,censored,Protection,IDP/Refugee Service,Air-Launched: Plane,Aerial Bomb,Host Government: Military,Israeli Defence Forces,Protection Infrastructure,,,,,,,50096
2024-05-10,,OPT,PSE,Gaza Strip,,,censored,Protection,IDP/Refugee Service,Air-Launched: Plane,Aerial Bomb,Host Government: Military,Israeli Defence Forces,Protection Infrastructure,,,,,,,50095
2024-05-09,,OPT,PSE,Gaza Strip,,,censored,"Health Care, Aid Operations",UN Agency,Unspecified Launch Method,Unspecified Explosive,Host Government: Military,Israeli Defence Forces,Other,,,,,,,46949
2024-05-09,,OPT,PSE,Gaza Strip,,,censored,Protection,IDP/Refugee Service,Air-Launched: Plane,Aerial Bomb,Host Government: Military,Israeli Defence Forces,Protection Infrastructure,,,,,,,49011
2024-05-09,,OPT,PSE,Gaza Strip,,,censored,Protection,IDP/Refugee Service,Air-Launched: Plane,Aerial Bomb,Host Government: Military,Israeli Defence Forces,Protection Infrastructure,,,,,,,47723
2024-05-09,,OPT,PSE,Jerusalem District,,,censored,Protection,IDP/Refugee Service,Directly-emplaced,Unspecified Explosive,Host Government: Military,Israeli Defence Forces,Protection Infrastructure,,,,,,,51911
2024-05-08,,OPT,PSE,Gaza Strip,,,censored,Health Care,Local Health Care Provider,Ground-Launched,Shelling,Host Government: Military,Israeli Defence Forces,Health Infrastructure,,,,,,,46689
2024-05-08,,OPT,PSE,Gaza Strip,,,censored,Health Care,Local Health Care Provider,Unspecified Launch Method,Unspecified Explosive,Host Government: Military,Israeli Defence Forces,Health Infrastructure,,,,,,,46688
2024-05-08,,OPT,PSE,Gaza Strip,,,censored,Protection,IDP/Refugee Service,Air-Launched: Plane,Aerial Bomb,Host Government: Military,Israeli Defence Forces,Protection Infrastructure,,,,,,,52678
2024-05-07,,OPT,PSE,Gaza Strip,,,censored,Protection,IDP/Refugee Service,Air-Launched: Plane,Aerial Bomb,Host Government: Military,Israeli Defence Forces,Protection Infrastructure,,,,,,,52677
2024-05-07,,OPT,PSE,Gaza Strip,,,censored,Health Care,Local Health Care Provider,Air-Launched: Drone,Aerial Bomb,Host Government: Military,Israeli Defence Forces,Other,,,,,,,86260
2024-05-07,,OPT,PSE,Gaza Strip,,,censored,Protection,IDP/Refugee Service,Air-Launched: Plane,Aerial Bomb,Host Government: Military,Israeli Defence Forces,Protection Infrastructure,,,,,,,53363
2024-05-07,,OPT,PSE,Gaza Strip,,,censored,Protection,IDP/Refugee Service,Air-Launched: Plane,Aerial Bomb,Host Government: Military,Israeli Defence Forces,Protection Infrastructure,,,,,,,49010
2024-05-07,,OPT,PSE,Gaza Strip,,,censored,Protection,IDP/Refugee Service,Air-Launched: No Information on Platform Type,Aerial Bomb,Host Government: Military,Israeli Defence Forces,Protection Infrastructure,,,,,,,49567
2024-05-07,,OPT,PSE,Gaza Strip,,,censored,Protection,IDP/Refugee Service,Air-Launched: Drone,Rocket,Host Government: Military,Israeli Defence Forces,Protection Infrastructure,,,,,,,49847
2024-05-06,,OPT,PSE,West Bank,,,censored,"Health Care, Protection, Aid Operations","IDP/Refugee Service, National Red Cross Society",Unspecified Launch Method,Unspecified Explosive,Host Government: Military,Israeli Defence Forces,Health Infrastructure,,,,,,,46871
2024-05-06,,Lebanon,LBN,Nabatieh Governorate,,,censored by HDX,Health Care,Other,Unspecified Launch Method,Unspecified Explosive,Foreign Forces: Military,Israeli Defence Forces,Health Infrastructure,,,,,,,86254
2024-05-06,,OPT,PSE,Gaza Strip,,,censored,Protection,IDP/Refugee Service,Ground-Launched,Artillery,Host Government: Military,Israeli Defence Forces,Protection Infrastructure,,,,,,,47722
2024-05-05,,OPT,PSE,Gaza Strip,,,censored,Protection,IDP/Refugee Service,Air-Launched: Plane,Aerial Bomb,Host Government: Military,Israeli Defence Forces,Protection Infrastructure,,,,,,,52675
2024-05-05,,OPT,PSE,Gaza Strip,,,censored,"Education, Protection, Aid Operations","IDP/Refugee Service, UN Agency",Air-Launched: Plane,Aerial Bomb,Host Government: Military,Israeli Defence Forces,Multiple,,,,,,,52673
2024-05-05,,OPT,PSE,Gaza Strip,,,censored,Protection,IDP/Refugee Service,Air-Launched: Plane,Aerial Bomb,Host Government: Military,Israeli Defence Forces,Protection Infrastructure,,,,,,,53400
2024-05-05,,Lebanon,LBN,Nabatieh Governorate,,,censored by HDX,Health Care,Local Health Care Provider,Air-Launched: Plane,Aerial Bomb,Foreign Forces: Military,Israeli Defence Forces,Health Worker,,1,,,,,46621
2024-05-04,,OPT,PSE,Gaza Strip,,,censored,Protection,IDP/Refugee Service,Air-Launched: Plane,Aerial Bomb,Host Government: Military,Israeli Defence Forces,Protection Infrastructure,,,,,,,52672
2024-05-03,,OPT,PSE,Gaza Strip,,,censored,Protection,IDP/Refugee Service,Air-Launched: Plane,Aerial Bomb,Host Government: Military,Israeli Defence Forces,Protection Infrastructure,,,,,,,47720
2024-05-03,,OPT,PSE,Gaza Strip,,,censored,Protection,IDP/Refugee Service,Air-Launched: Plane,Aerial Bomb,Host Government: Military,Israeli Defence Forces,Protection Infrastructure,,,,,,,48809
2024-05-02,,OPT,PSE,Gaza Strip,,,censored,Protection,IDP/Refugee Service,Air-Launched: Plane,Aerial Bomb,Host Government: Military,Israeli Defence Forces,Protection Infrastructure,,,,,,,52669
2024-05-02,,OPT,PSE,Gaza Strip,,,censored,Protection,IDP/Refugee Service,Air-Launched: Plane,Aerial Bomb,Host Government: Military,Israeli Defence Forces,Protection Infrastructure,,,,,,,47139
2024-05-02,,OPT,PSE,Gaza Strip,,,censored,Protection,IDP/Refugee Service,Air-Launched: No Information on Platform Type,Aerial Bomb,Host Government: Military,Israeli Defence Forces,Protection Infrastructure,,,,,,,47140
2024-05-02,,OPT,PSE,Gaza Strip,,,censored,Protection,IDP/Refugee Service,Air-Launched: Plane,Aerial Bomb,Host Government: Military,Israeli Defence Forces,Protection Infrastructure,,,,,,,47138
2024-05-02,,OPT,PSE,Gaza Strip,,,censored,Protection,IDP/Refugee Service,Air-Launched: Plane,Aerial Bomb,Host Government: Military,Israeli Defence Forces,Protection Infrastructure,,,,,,,52670
2024-05-01,,OPT,PSE,Gaza Strip,,,censored,"Education, Protection","IDP/Refugee Service, Local Education Provider",Unspecified Launch Method,Unspecified Explosive,Host Government: Military,Israeli Defence Forces,Education Infrastructure,,,,,,,58742
2024-05-01,,OPT,PSE,Gaza Strip,,,censored,Health Care,Local Health Care Provider,Air-Launched: Drone,Aerial Bomb,Host Government: Military,Israeli Defence Forces,Other,,,,,,,86276
2024-05-01,,OPT,PSE,Gaza Strip,,,censored,Protection,IDP/Refugee Service,Ground-Launched,Shelling,Host Government: Military,Israeli Defence Forces,Protection Infrastructure,,,,,,,60568
2024-05-01,,OPT,PSE,Gaza Strip,,,censored,Protection,IDP/Refugee Service,Air-Launched: Plane,Aerial Bomb,Host Government: Military,Israeli Defence Forces,Protection Infrastructure,,,,,,,50062
2024-05-01,,OPT,PSE,Gaza Strip,,,censored,Protection,IDP/Refugee Service,Air-Launched: Plane,Aerial Bomb,Host Government: Military,Israeli Defence Forces,Protection Infrastructure,,,,,,,53101
2024-05-01,,OPT,PSE,Gaza Strip,,,censored,Protection,IDP/Refugee Service,Air-Launched: No Information on Platform Type,Aerial Bomb,Host Government: Military,Israeli Defence Forces,Protection Infrastructure,,,,,,,49535
2024-05-01,,OPT,PSE,Gaza Strip,,,censored,Protection,IDP/Refugee Service,Air-Launched: Plane,Aerial Bomb,Host Government: Military,Israeli Defence Forces,Protection Infrastructure,,,,,,,49846
2024-05-01,,OPT,PSE,Gaza Strip,,,censored,Protection,IDP/Refugee Service,Air-Launched: Plane,Aerial Bomb,Host Government: Military,Israeli Defence Forces,Protection Infrastructure,,,,,,,52243
2024-04-30,,OPT,PSE,Gaza Strip,,,censored,Protection,IDP/Refugee Service,None,Aerial Bomb,Host Government: Military,Israeli Defence Forces,Protection Infrastructure,,,,,,,46936
2024-04-30,,OPT,PSE,Gaza Strip,,,censored,Protection,IDP/Refugee Service,Air-Launched: Plane,Aerial Bomb,Host Government: Military,Israeli Defence Forces,Protection Infrastructure,,,,,,,46517
2024-04-30,,OPT,PSE,Gaza Strip,,,censored,Protection,IDP/Refugee Service,Air-Launched: Plane,Aerial Bomb,Host Government: Military,Israeli Defence Forces,Protection Infrastructure,,,,,,,46597
2024-04-30,,OPT,PSE,Gaza Strip,,,censored,Protection,IDP/Refugee Service,None,Aerial Bomb,Host Government: Military,Israeli Defence Forces,Protection Infrastructure,,,,,,,46935
2024-04-30,,OPT,PSE,Gaza Strip,,,censored,Protection,IDP/Refugee Service,Air-Launched: No Information on Platform Type,Aerial Bomb,Host Government: Military,Israeli Defence Forces,Protection Infrastructure,,,,,,,48208
2024-04-30,,OPT,PSE,Gaza Strip,,,censored,Protection,IDP/Refugee Service,None,Aerial Bomb,Host Government: Military,Israeli Defence Forces,Protection Infrastructure,,,,,,,46865
2024-04-30,,OPT,PSE,Gaza Strip,,,censored,Protection,IDP/Refugee Service,Ground-Launched,Artillery,Host Government: Military,Israeli Defence Forces,Protection Infrastructure,,,,,,,46583
2024-04-30,,OPT,PSE,Gaza Strip,,,censored,Protection,IDP/Refugee Service,Air-Launched: Plane,Aerial Bomb,Host Government: Military,Israeli Defence Forces,Protection Infrastructure,,,,,,,52245
2024-04-29,,OPT,PSE,Gaza Strip,,,censored,Protection,IDP/Refugee Service,Air-Launched: Plane,Aerial Bomb,Host Government: Military,Israeli Defence Forces,Protection Infrastructure,,,,,,,46924
2024-04-29,,OPT,PSE,Gaza Strip,,,censored,Protection,IDP/Refugee Service,Air-Launched: Plane,Aerial Bomb,Host Government: Military,Israeli Defence Forces,Protection Infrastructure,,,,,,,46923
2024-04-28,,Lebanon,LBN,South Governorate,,,censored by HDX,Health Care,Local Health Care Provider,Air-Launched: Plane,Aerial Bomb,Foreign Forces: Military,Israeli Defence Forces,Health Worker,,,,,,,46930
2024-04-28,,OPT,PSE,Gaza Strip,,,censored,Protection,IDP/Refugee Service,Air-Launched: No Information on Platform Type,Aerial Bomb,Host Government: Military,Israeli Defence Forces,Protection Infrastructure,,,,,,,47095
2024-04-28,,OPT,PSE,Gaza Strip,,,censored,Protection,IDP/Refugee Service,Air-Launched: No Information on Platform Type,Aerial Bomb,Host Government: Military,Israeli Defence Forces,Protection Infrastructure,,,,,,,48214
2024-04-27,,Lebanon,LBN,Nabatieh Governorate,,,censored by HDX,Health Care,Local Health Care Provider,Ground-Launched,Artillery,Foreign Forces: Military,Israeli Defence Forces,Health Infrastructure,,,,,,,84234
2024-04-27,,OPT,PSE,Gaza Strip,,,censored,Protection,IDP/Refugee Service,Air-Launched: Plane,Aerial Bomb,Host Government: Military,Israeli Defence Forces,Protection Infrastructure,,,,,,,46922
2024-04-26,,OPT,PSE,Gaza Strip,,,censored,Protection,IDP/Refugee Service,Air-Launched: Plane,Aerial Bomb,Host Government: Military,Israeli Defence Forces,Protection Infrastructure,,,,,,,46921
2024-04-26,,OPT,PSE,Gaza Strip,,,censored,Health Care,Local Health Care Provider,Unspecified Launch Method,Unspecified Explosive,Host Government: Military,Israeli Defence Forces,Health Infrastructure,,,,,,,46361
2024-04-25,,OPT,PSE,Gaza Strip,,,censored,Health Care,Local Health Care Provider,Air-Launched: Plane,Aerial Bomb,Host Government: Military,Israeli Defence Forces,Health Infrastructure,,,,,,,46360
2024-04-25,,OPT,PSE,Gaza Strip,,,censored,Protection,IDP/Refugee Service,Air-Launched: Plane,Aerial Bomb,Host Government: Military,Israeli Defence Forces,Protection Infrastructure,,,,,,,46920
2024-04-25,,OPT,PSE,Gaza Strip,,,censored,Protection,IDP/Refugee Service,Air-Launched: No Information on Platform Type,Aerial Bomb,Host Government: Military,Israeli Defence Forces,Protection Infrastructure,,,,,,,47093
2024-04-25,,OPT,PSE,Gaza Strip,,,censored,Aid Operations,Government Aid Agency,Unspecified Launch Method,Unspecified Explosive,Host Government: Military,Israeli Defence Forces,Other,,,,,,,55446
2024-04-25,,OPT,PSE,Gaza Strip,,,censored,Protection,IDP/Refugee Service,Air-Launched: No Information on Platform Type,Aerial Bomb,Host Government: Military,Israeli Defence Forces,Protection Infrastructure,,,,,,,47094
2024-04-24,,OPT,PSE,Gaza Strip,,,censored,Protection,IDP/Refugee Service,Air-Launched: Plane,Aerial Bomb,Host Government: Military,Israeli Defence Forces,Protection Infrastructure,,,,,,,46557
2024-04-24,,OPT,PSE,Gaza Strip,,,censored,Protection,IDP/Refugee Service,Air-Launched: Plane,Aerial Bomb,Host Government: Military,Israeli Defence Forces,Protection Infrastructure,,,,,,,46916
2024-04-24,,OPT,PSE,Gaza Strip,,,censored,Protection,IDP/Refugee Service,Air-Launched: Plane,Aerial Bomb,Host Government: Military,Israeli Defence Forces,Protection Infrastructure,,,,,,,46915
2024-04-24,,OPT,PSE,Gaza Strip,,,censored,Protection,IDP/Refugee Service,Air-Launched: Plane,Aerial Bomb,Host Government: Military,Israeli Defence Forces,Protection Infrastructure,,,,,,,46919
2024-04-24,,OPT,PSE,Gaza Strip,,,censored,Protection,IDP/Refugee Service,Air-Launched: Plane,Aerial Bomb,Host Government: Military,Israeli Defence Forces,Protection Infrastructure,,,,,,,46941
2024-04-24,,OPT,PSE,Gaza Strip,,,censored,Protection,IDP/Refugee Service,None,Aerial Bomb,Host Government: Military,Israeli Defence Forces,Protection Infrastructure,,,,,,,46862
2024-04-24,,OPT,PSE,Gaza Strip,,,censored,Protection,IDP/Refugee Service,Air-Launched: No Information on Platform Type,Aerial Bomb,Host Government: Military,Israeli Defence Forces,Protection Infrastructure,,,,,,,47092
2024-04-24,,OPT,PSE,Gaza Strip,,,censored,Health Care,Local Health Care Provider,Ground-Launched,Artillery,Host Government: Military,Israeli Defence Forces,Health Infrastructure,,,,,,,46353
2024-04-23,,OPT,PSE,Gaza Strip,,,censored,Protection,IDP/Refugee Service,Air-Launched: Plane,Aerial Bomb,Host Government: Military,Israeli Defence Forces,Protection Infrastructure,,,,,,,46914
2024-04-22,,OPT,PSE,Gaza Strip,,,censored,"Education, Protection","IDP/Refugee Service, Local Education Provider",Air-Launched: Plane,Aerial Bomb,Host Government: Military,Israeli Defence Forces,Education Infrastructure,,,,,,,46512
2024-04-22,,OPT,PSE,Gaza Strip,,,censored,"Education, Protection","IDP/Refugee Service, Local Education Provider",Air-Launched: Plane,Aerial Bomb,Host Government: Military,Israeli Defence Forces,Education Infrastructure,,,,,,,49799
2024-04-22,,OPT,PSE,Gaza Strip,,,censored,Health Care,Local Health Care Provider,Air-Launched: Plane,Aerial Bomb,Host Government: Military,Israeli Defence Forces,Health Infrastructure,,,,,,,46330
2024-04-22,,OPT,PSE,Gaza Strip,,,censored,Protection,IDP/Refugee Service,Air-Launched: Plane,Aerial Bomb,Host Government: Military,Israeli Defence Forces,Protection Infrastructure,,,,,,,46514
2024-04-22,,OPT,PSE,Gaza Strip,,,censored,Protection,IDP/Refugee Service,Air-Launched: Plane,Aerial Bomb,Host Government: Military,Israeli Defence Forces,Protection Infrastructure,,,,,,,46513
2024-04-22,,OPT,PSE,Gaza Strip,,,censored,Protection,IDP/Refugee Service,Air-Launched: Plane,Aerial Bomb,Host Government: Military,Israeli Defence Forces,Protection Infrastructure,,,,,,,46511
2024-04-22,,OPT,PSE,Gaza Strip,,,censored,Protection,IDP/Refugee Service,Ground-Launched,Shelling,Host Government: Military,Israeli Defence Forces,Protection Infrastructure,,,,,,,46582
2024-04-22,,OPT,PSE,Gaza Strip,,,censored,"Education, Protection","IDP/Refugee Service, Local Education Provider",Air-Launched: Plane,Aerial Bomb,Host Government: Military,Israeli Defence Forces,Education Infrastructure,,,,,,,49798
2024-04-22,,OPT,PSE,Gaza Strip,,,censored,"Health Care, Protection, Aid Operations","IDP/Refugee Service, INGO",Ground-Launched,Artillery,Host Government: Military,Israeli Defence Forces,Multiple,,,,,,,46333
2024-04-22,,OPT,PSE,Gaza Strip,,,censored,Protection,IDP/Refugee Service,Air-Launched: Plane,Aerial Bomb,Host Government: Military,Israeli Defence Forces,Protection Infrastructure,,,,,,,46912
2024-04-21,,OPT,PSE,Gaza Strip,,,censored,"Health Care, Aid Operations",National Red Cross Society,Ground-Launched,Shelling,Host Government: Military,Israeli Defence Forces,Health Infrastructure,,,,,,,46329
2024-04-21,,OPT,PSE,Gaza Strip,,,censored,Protection,IDP/Refugee Service,None,Aerial Bomb,Host Government: Military,Israeli Defence Forces,Protection Infrastructure,,,,,,,46911
2024-04-20,,OPT,PSE,Gaza Strip,,,censored,"Health Care, Protection","IDP/Refugee Service, Local Health Care Provider",Air-Launched: Plane,Aerial Bomb,Host Government: Military,Israeli Defence Forces,Health Infrastructure,,1,,,,,46324
2024-04-20,,OPT,PSE,Gaza Strip,,,censored,Protection,IDP/Refugee Service,Air-Launched: Drone,Aerial Bomb,Host Government: Military,Israeli Defence Forces,Protection Infrastructure,,,,,,,46605
2024-04-20,,OPT,PSE,Gaza Strip,,,censored,Protection,IDP/Refugee Service,None,Aerial Bomb,Host Government: Military,Israeli Defence Forces,Protection Infrastructure,,,,,,,46859
2024-04-20,,OPT,PSE,Gaza Strip,,,censored,Health Care,Local Health Care Provider,Air-Launched: Plane,Aerial Bomb,Host Government: Military,Israeli Defence Forces,Other,,,,,,,46328
2024-04-20,,OPT,PSE,Gaza Strip,,,censored,"Health Care, Aid Operations",UN Agency,Unspecified Launch Method,Unspecified Explosive,Host Government: Military,Israeli Defence Forces,Other,,,,,,,46350
2024-04-20,,OPT,PSE,Gaza Strip,,,censored,Protection,IDP/Refugee Service,Air-Launched: Plane,Aerial Bomb,Host Government: Military,Israeli Defence Forces,Protection Infrastructure,,,,,,,82468
2024-04-20,,OPT,PSE,Gaza Strip,,,censored,"Health Care, Aid Operations",UN Agency,Unspecified Launch Method,Unspecified Explosive,Host Government: Military,Israeli Defence Forces,Other,,,,,,,46352
2024-04-19,,OPT,PSE,Gaza Strip,,,censored,Protection,IDP/Refugee Service,Air-Launched: Plane,Aerial Bomb,Host Government: Military,Israeli Defence Forces,Protection Infrastructure,,,,,,,46556
2024-04-19,,OPT,PSE,Gaza Strip,,,censored,"Health Care, Aid Operations",UN Agency,Unspecified Launch Method,Unspecified Explosive,Host Government: Military,Israeli Defence Forces,Other,,,,,,,46351
2024-04-18,,OPT,PSE,Gaza Strip,,,censored,Protection,IDP/Refugee Service,Air-Launched: Plane,Aerial Bomb,Host Government: Military,Israeli Defence Forces,Protection Infrastructure,,,,,,,46596
2024-04-18,,OPT,PSE,Gaza Strip,,,censored,Protection,IDP/Refugee Service,None,Aerial Bomb,Host Government: Military,Israeli Defence Forces,Protection Infrastructure,,,,,,,46940
2024-04-18,,OPT,PSE,Gaza Strip,,,censored,Protection,IDP/Refugee Service,Air-Launched: Plane,Aerial Bomb,Host Government: Military,Israeli Defence Forces,Protection Infrastructure,,,,,,,46549
2024-04-17,,OPT,PSE,Gaza Strip,,,censored,Protection,IDP/Refugee Service,Air-Launched: Plane,Aerial Bomb,Host Government: Military,Israeli Defence Forces,Protection Infrastructure,,,,,,,82435
2024-04-17,,OPT,PSE,Gaza Strip,,,censored,"Education, Protection","IDP/Refugee Service, Local Education Provider",Air-Launched: Plane,Aerial Bomb,Host Government: Military,Israeli Defence Forces,Education Infrastructure,,,,,,,46546
2024-04-17,,OPT,PSE,Gaza Strip,,,censored,"Education, Protection","IDP/Refugee Service, Local Education Provider",Air-Launched: Plane,Aerial Bomb,Host Government: Military,Israeli Defence Forces,Education Infrastructure,,,,,,,46547
2024-04-16,,OPT,PSE,Gaza Strip,,,censored,Protection,IDP/Refugee Service,Air-Launched: Plane,Aerial Bomb,Host Government: Military,Israeli Defence Forces,Protection Infrastructure,,,,,,,46523
2024-04-16,,OPT,PSE,Gaza Strip,,,censored,Protection,IDP/Refugee Service,Air-Launched: Drone,Aerial Bomb,Host Government: Military,Israeli Defence Forces,Protection Infrastructure,,,,,,,46909
2024-04-16,,OPT,PSE,Gaza Strip,,,censored,Protection,IDP/Refugee Service,Air-Launched: Plane,Aerial Bomb,Host Government: Military,Israeli Defence Forces,Protection Infrastructure,,,,,,,46887
2024-04-16,,OPT,PSE,Gaza Strip,,,censored,Protection,IDP/Refugee Service,Air-Launched: Plane,Aerial Bomb,Host Government: Military,Israeli Defence Forces,Protection Infrastructure,,,,,,,46581
2024-04-15,,OPT,PSE,Gaza Strip,,,censored,"Education, Protection","IDP/Refugee Service, Local Education Provider",Ground-Launched,Shelling,Host Government: Military,Israeli Defence Forces,Education Infrastructure,,,,,,,49732
2024-04-15,,OPT,PSE,Gaza Strip,,,censored,Health Care,Local Health Care Provider,Air-Launched: Plane,Aerial Bomb,Host Government: Military,Israeli Defence Forces,Health Infrastructure,,,,,,,85317
2024-04-15,,OPT,PSE,Gaza Strip,,,censored,Protection,IDP/Refugee Service,Air-Launched: Plane,Aerial Bomb,Host Government: Military,Israeli Defence Forces,Protection Infrastructure,,,,,,,46886
2024-04-14,,OPT,PSE,Gaza Strip,,,censored,Protection,IDP/Refugee Service,Air-Launched: Plane,Aerial Bomb,Host Government: Military,Israeli Defence Forces,Protection Infrastructure,,,,,,,46885
2024-04-13,,OPT,PSE,Gaza Strip,,,censored,"Education, Aid Operations",UN Agency,Air-Launched: Plane,Aerial Bomb,Host Government: Military,Israeli Defence Forces,Education Infrastructure,,,,,,,95731
2024-04-13,,OPT,PSE,Gaza Strip,,,censored,"Protection, Aid Operations",UN Agency,None,Aerial Bomb,Host Government: Military,Israeli Defence Forces,Aid Infrastructure,,,,,,,46884
2024-04-13,,OPT,PSE,Gaza Strip,,,censored,Protection,IDP/Refugee Service,Air-Launched: Plane,Aerial Bomb,Host Government: Military,Israeli Defence Forces,Protection Infrastructure,,,,,,,46882
2024-04-13,,OPT,PSE,Gaza Strip,,,censored,Protection,IDP/Refugee Service,Air-Launched: Plane,Aerial Bomb,Host Government: Military,Israeli Defence Forces,Protection Infrastructure,,,,,,,46879
2024-04-12,,OPT,PSE,Gaza Strip,,,censored,"Education, Protection","IDP/Refugee Service, Local Education Provider",Ground-Launched,Artillery,Host Government: Military,Israeli Defence Forces,Education Infrastructure,,,,,,,46876
2024-04-12,,OPT,PSE,Gaza Strip,,,censored,"Education, Protection","IDP/Refugee Service, Local Education Provider",Air-Launched: Plane,Aerial Bomb,Host Government: Military,Israeli Defence Forces,Education Infrastructure,,,,,,,46769
2024-04-12,,OPT,PSE,Gaza Strip,,,censored,"Health Care, Protection, Aid Operations","IDP/Refugee Service, National Red Cross Society",Air-Launched: Plane,Aerial Bomb,Host Government: Military,Israeli Defence Forces,Multiple,,,,,,,46599
2024-04-12,,OPT,PSE,Gaza Strip,,,censored,Protection,IDP/Refugee Service,Air-Launched: Plane,Aerial Bomb,Host Government: Military,Israeli Defence Forces,Protection Infrastructure,,,,,,,46874
2024-04-12,,OPT,PSE,Gaza Strip,,,censored,Protection,IDP/Refugee Service,Air-Launched: Plane,Aerial Bomb,Host Government: Military,Israeli Defence Forces,Protection Infrastructure,,,,,,,46872
2024-04-12,,OPT,PSE,Gaza Strip,,,censored,Protection,IDP/Refugee Service,Air-Launched: Plane,Aerial Bomb,Host Government: Military,Israeli Defence Forces,Protection Infrastructure,,,,,,,46598
2024-04-12,,OPT,PSE,West Bank,,,censored,Protection,IDP/Refugee Service,Air-Launched: Drone,Aerial Bomb,Host Government: Military,Israeli Defence Forces,Protection Infrastructure,,,,,,,46290
2024-04-12,,OPT,PSE,Gaza Strip,,,censored,Protection,IDP/Refugee Service,Air-Launched: Plane,Aerial Bomb,Host Government: Military,Israeli Defence Forces,Protection Infrastructure,,,,,,,46875
2024-04-11,,OPT,PSE,Gaza Strip,,,censored,Protection,IDP/Refugee Service,Air-Launched: Plane,Aerial Bomb,Host Government: Military,Israeli Defence Forces,Protection Infrastructure,,,,,,,46602
2024-04-11,,OPT,PSE,Gaza Strip,,,censored,Protection,IDP/Refugee Service,Air-Launched: Plane,Aerial Bomb,Host Government: Military,Israeli Defence Forces,Protection Infrastructure,,,,,,,46768
2024-04-11,,OPT,PSE,Gaza Strip,,,censored,Protection,IDP/Refugee Service,Air-Launched: Plane,Aerial Bomb,Host Government: Military,Israeli Defence Forces,Education Infrastructure,,,,,,,46767
2024-04-11,,OPT,PSE,Gaza Strip,,,censored,Protection,IDP/Refugee Service,Air-Launched: Plane,Aerial Bomb,Host Government: Military,Israeli Defence Forces,Protection Infrastructure,,,,,,,46604
2024-04-11,,OPT,PSE,Gaza Strip,,,censored,Protection,IDP/Refugee Service,Air-Launched: Plane,Aerial Bomb,Host Government: Military,Israeli Defence Forces,Protection Infrastructure,,,,,,,46807
2024-04-11,,OPT,PSE,Gaza Strip,,,censored,Protection,IDP/Refugee Service,Unspecified Launch Method,Unspecified Explosive,Host Government: Military,Israeli Defence Forces,Protection Infrastructure,,,,,,,46522
2024-04-10,,Lebanon,LBN,Nabatieh Governorate,,,censored by HDX,Health Care,Other,Unspecified Launch Method,Unspecified Explosive,Foreign Forces: Military,Israeli Defence Forces,Health Worker,,,,,,,86253
2024-04-10,,Lebanon,LBN,South Governorate,,,censored by HDX,Health Care,Other,Unspecified Launch Method,Unspecified Explosive,Foreign Forces: Military,Israeli Defence Forces,Health Infrastructure,,,,,,,86252
2024-04-10,,Lebanon,LBN,Nabatieh Governorate,,,censored by HDX,Health Care,Private Health Care,Unspecified Launch Method,Unspecified Explosive,Foreign Forces: Military,Israeli Defence Forces,Health Infrastructure,,1,,,,,86251
2024-04-10,,Lebanon,LBN,South Governorate,,,censored by HDX,Health Care,Private Health Care,Unspecified Launch Method,Unspecified Explosive,Foreign Forces: Military,Israeli Defence Forces,Health Infrastructure,,1,,,,,86249
2024-04-10,,Lebanon,LBN,South Governorate,,,censored by HDX,Health Care,Private Health Care,Unspecified Launch Method,Unspecified Explosive,Foreign Forces: Military,Israeli Defence Forces,Private/Voluntary Aid,,2,,,,,86248
2024-04-10,,Lebanon,LBN,South Governorate,,,censored by HDX,Health Care,Private Health Care,Unspecified Launch Method,Unspecified Explosive,Foreign Forces: Military,Israeli Defence Forces,Health Infrastructure,,,,,,,86246
2024-04-10,,Lebanon,LBN,South Governorate,,,censored by HDX,Health Care,Private Health Care,Unspecified Launch Method,Unspecified Explosive,Foreign Forces: Military,Israeli Defence Forces,Health Infrastructure,,1,,,,,86244
2024-04-10,,Lebanon,LBN,South Governorate,,,censored by HDX,Health Care,Private Health Care,Unspecified Launch Method,Unspecified Explosive,Foreign Forces: Military,Israeli Defence Forces,Health Infrastructure,,3,,,,,86247
2024-04-10,,OPT,PSE,Gaza Strip,,,censored,Protection,IDP/Refugee Service,Air-Launched: Plane,Aerial Bomb,Host Government: Military,Israeli Defence Forces,Other,,,,,,,46521
2024-04-10,,Lebanon,LBN,South Governorate,,,censored by HDX,Health Care,Private Health Care,Unspecified Launch Method,Unspecified Explosive,Foreign Forces: Military,Israeli Defence Forces,Private/Voluntary Aid,,1,,,,,86243
2024-04-10,,OPT,PSE,Gaza Strip,,,censored,"Education, Aid Operations",UN Agency,Air-Launched: Plane,Aerial Bomb,Host Government: Military,Israeli Defence Forces,Education Infrastructure,,,,,,,95487
2024-04-10,,OPT,PSE,Gaza Strip,,,censored,Health Care,Local Health Care Provider,Unspecified Launch Method,Unspecified Explosive,Host Government: Military,Israeli Defence Forces,Health Infrastructure,,,,,,,46323
2024-04-10,,OPT,PSE,Gaza Strip,,,censored,"Health Care, Aid Operations",NGO,Unspecified Launch Method,Unspecified Explosive,Host Government: Military,Israeli Defence Forces,Multiple,,,,,,,46281
2024-04-09,,OPT,PSE,Gaza Strip,,,censored,Protection,IDP/Refugee Service,Air-Launched: Plane,Aerial Bomb,Host Government: Military,Israeli Defence Forces,Protection Infrastructure,,,,,,,46766
2024-04-09,,Lebanon,LBN,Nabatieh Governorate,,,censored by HDX,Health Care,Other,Unspecified Launch Method,Unspecified Explosive,Foreign Forces: Military,Israeli Defence Forces,Health Infrastructure,,,,,,,86242
2024-04-09,,OPT,PSE,Gaza Strip,,,censored,Aid Operations,NGO,Air-Launched: Plane,Aerial Bomb,Host Government: Military,Israeli Defence Forces,Other,1,,,,,,46493
2024-04-08,,OPT,PSE,Gaza Strip,,,censored,"Health Care, Protection","IDP/Refugee Service, Local Health Care Provider",Air-Launched: Plane,Aerial Bomb,Host Government: Military,Israeli Defence Forces,Protection Infrastructure,,1,,,,,46580
2024-04-08,,OPT,PSE,Gaza Strip,,,censored,Health Care,Local Health Care Provider,Air-Launched: Plane,Aerial Bomb,Host Government: Military,Israeli Defence Forces,Health Worker,,1,,,,,46274
2024-04-08,,OPT,PSE,Gaza Strip,,,censored,Protection,IDP/Refugee Service,Ground-Launched,Artillery,Host Government: Military,Israeli Defence Forces,Protection Infrastructure,,,,,,,46579
2024-04-07,,OPT,PSE,Gaza Strip,,,censored,Protection,IDP/Refugee Service,Ground-Launched,Artillery,Host Government: Military,Israeli Defence Forces,Protection Infrastructure,,,,,,,46868
2024-04-07,,Lebanon,LBN,Mount Lebanon Governorate,,,censored by HDX,"Health Care, Aid Operations",Government Aid Agency,Unspecified Launch Method,Unspecified Explosive,Foreign Forces: Military,Israeli Defence Forces,Health Worker,,1,,,,,86241
2024-04-07,,OPT,PSE,Gaza Strip,,,censored,Protection,IDP/Refugee Service,Air-Launched: Plane,Aerial Bomb,Host Government: Military,Israeli Defence Forces,Protection Infrastructure,,,,,,,46758
2024-04-07,,OPT,PSE,Gaza Strip,,,censored,Protection,IDP/Refugee Service,Air-Launched: Plane,Aerial Bomb,Host Government: Military,Israeli Defence Forces,Protection Infrastructure,,,,,,,46510
2024-04-06,,Lebanon,LBN,Nabatieh Governorate,,,censored by HDX,Health Care,Other,Air-Launched: Plane,Aerial Bomb,Foreign Forces: Military,Israeli Defence Forces,Health Worker,,1,,,,,46618
2024-04-06,,Lebanon,LBN,Nabatieh Governorate,,,censored by HDX,"Health Care, Aid Operations",Government Aid Agency,Air-Launched: Plane,Aerial Bomb,Foreign Forces: Military,Israeli Defence Forces,Health Worker,,1,,,,,46448
2024-04-05,,OPT,PSE,Gaza Strip,,,censored,Protection,IDP/Refugee Service,Air-Launched: Plane,Aerial Bomb,Host Government: Military,Israeli Defence Forces,Protection Infrastructure,,,,,,,46574
2024-04-05,,OPT,PSE,Gaza Strip,,,censored,Protection,IDP/Refugee Service,Ground-Launched,Artillery,Host Government: Military,Israeli Defence Forces,Protection Infrastructure,,,,,,,46589
2024-04-05,,OPT,PSE,Gaza Strip,,,censored,Protection,IDP/Refugee Service,Air-Launched: Plane,Aerial Bomb,Host Government: Military,Israeli Defence Forces,Protection Infrastructure,,,,,,,46681
2024-04-04,,OPT,PSE,Gaza Strip,,,censored,"Health Care, Aid Operations",National Red Cross Society,Air-Launched: Plane,Aerial Bomb,Host Government: Military,Israeli Defence Forces,Health Infrastructure,,,,,,,46267
2024-04-04,,OPT,PSE,Gaza Strip,,,censored,Health Care,Local Health Care Provider,Air-Launched: Plane,Aerial Bomb,Host Government: Military,Israeli Defence Forces,Health Worker,,1,,,,,46268
2024-04-04,,OPT,PSE,Gaza Strip,,,censored,Protection,IDP/Refugee Service,Air-Launched: Plane,Aerial Bomb,Host Government: Military,Israeli Defence Forces,Protection Infrastructure,,,,,,,46571
2024-04-04,,OPT,PSE,Gaza Strip,,,censored,Protection,IDP/Refugee Service,Air-Launched: Plane,Aerial Bomb,Host Government: Military,Israeli Defence Forces,Protection Infrastructure,,,,,,,46629
2024-04-04,,OPT,PSE,Gaza Strip,,,censored,"Health Care, Protection","IDP/Refugee Service, Local Health Care Provider",Air-Launched: Plane,Aerial Bomb,Host Government: Military,Israeli Defence Forces,Multiple,,,,,,,46266
2024-04-03,,OPT,PSE,Gaza Strip,,,censored,Protection,IDP/Refugee Service,Air-Launched: Plane,Aerial Bomb,Host Government: Military,Israeli Defence Forces,Protection Infrastructure,,,,,,,46560
2024-04-03,,Lebanon,LBN,Nabatieh Governorate,,,censored by HDX,Health Care,Other,Unspecified Launch Method,Unspecified Explosive,Foreign Forces: Military,Israeli Defence Forces,Health Worker,,,,,,,86240
2024-04-02,,OPT,PSE,Gaza Strip,,,censored,"Health Care, Protection","IDP/Refugee Service, Local Health Care Provider",Air-Launched: Plane,Aerial Bomb,Host Government: Military,Israeli Defence Forces,Multiple,,,,,,,46265
2024-04-02,,OPT,PSE,Gaza Strip,,,censored,Protection,IDP/Refugee Service,Air-Launched: Plane,Aerial Bomb,Host Government: Military,Israeli Defence Forces,Protection Infrastructure,,,,,,,46628
2024-04-01,,OPT,PSE,Gaza Strip,,,censored,Protection,IDP/Refugee Service,None,Aerial Bomb,Host Government: Military,Israeli Defence Forces,Protection Infrastructure,,,,,,,46937
2024-04-01,,OPT,PSE,Gaza Strip,,,censored,"Health Care, Aid Operations",INGO,Unspecified Launch Method,Unspecified Explosive,Host Government: Military,Israeli Defence Forces,Health Infrastructure,,,,,,,46715
2024-04-01,,OPT,PSE,Gaza Strip,,,censored,Aid Operations,INGO,Air-Launched: Plane,Aerial Bomb,Host Government: Military,Israeli Defence Forces,Aid Infrastructure,,,,,,,62239
2024-04-01,,OPT,PSE,Gaza Strip,,,censored,"Aid Operations, Food Security",INGO,Air-Launched: Drone,Aerial Bomb,Host Government: Military,Israeli Defence Forces,Food Infrastructure,7,,,,,,46089
2024-04-01,,OPT,PSE,Gaza Strip,,,censored,Protection,IDP/Refugee Service,Air-Launched: Plane,Aerial Bomb,Host Government: Military,Israeli Defence Forces,Protection Infrastructure,,,,,,,46627
2024-03-31,,OPT,PSE,Gaza Strip,,,censored,"Health Care, Protection, Aid Operations","IDP/Refugee Service, INGO, Local Health Care Provider",Air-Launched: Drone,Aerial Bomb,Host Government: Military,Israeli Defence Forces,Multiple,,,,,,,45655
2024-03-31,,OPT,PSE,Gaza Strip,,,censored,Protection,IDP/Refugee Service,None,Aerial Bomb,Host Government: Military,Israeli Defence Forces,Protection Infrastructure,,,,,,,46573
2024-03-31,,OPT,PSE,Gaza Strip,,,censored,Protection,IDP/Refugee Service,None,Aerial Bomb,Host Government: Military,Israeli Defence Forces,Protection Infrastructure,,,,,,,46593
2024-03-31,,OPT,PSE,Gaza Strip,,,censored,Health Care,Local Health Care Provider,Unspecified Launch Method,Unspecified Explosive,Host Government: Military,Israeli Defence Forces,Health Worker,,3,,,,,71314
2024-03-30,,OPT,PSE,Gaza Strip,,,censored,Protection,IDP/Refugee Service,None,Aerial Bomb,Host Government: Military,Israeli Defence Forces,Protection Infrastructure,,,,,,,46578
2024-03-30,,OPT,PSE,Gaza Strip,,,censored,"Aid Operations, Food Security",NGO,Air-Launched: Plane,Aerial Bomb,Host Government: Military,Israeli Defence Forces,Other,12,,,,,,46463
2024-03-30,,OPT,PSE,Gaza Strip,,,censored,Protection,IDP/Refugee Service,Air-Launched: Plane,Aerial Bomb,Host Government: Military,Israeli Defence Forces,Protection Infrastructure,,,,,,,46626
2024-03-30,,OPT,PSE,Gaza Strip,,,censored,"Health Care, Protection","IDP/Refugee Service, Local Health Care Provider",Air-Launched: Plane,Aerial Bomb,Host Government: Military,Israeli Defence Forces,Multiple,,,,,,,45654
2024-03-29,,OPT,PSE,Gaza Strip,,,censored,Protection,IDP/Refugee Service,None,Aerial Bomb,Host Government: Military,Israeli Defence Forces,Protection Infrastructure,,,,,,,46577
2024-03-29,,OPT,PSE,Gaza Strip,,,censored,Protection,IDP/Refugee Service,Air-Launched: Plane,Aerial Bomb,Host Government: Military,Israeli Defence Forces,Protection Infrastructure,,,,,,,46606
2024-03-29,,OPT,PSE,Gaza Strip,,,censored,Protection,IDP/Refugee Service,Air-Launched: Plane,Aerial Bomb,Host Government: Military,Israeli Defence Forces,Health Infrastructure,,,,,,,81281
2024-03-29,,OPT,PSE,Gaza Strip,,,censored,Health Care,Local Health Care Provider,Ground-Launched,Artillery,Host Government: Military,Israeli Defence Forces,Health Infrastructure,,,,,,,86136
2024-03-29,,OPT,PSE,Gaza Strip,,,censored,Protection,IDP/Refugee Service,Air-Launched: Plane,Aerial Bomb,Host Government: Military,Israeli Defence Forces,Protection Infrastructure,,,,,,,81282
2024-03-28,,OPT,PSE,Gaza Strip,,,censored,Protection,IDP/Refugee Service,Air-Launched: Plane,Aerial Bomb,Host Government: Military,Israeli Defence Forces,Protection Infrastructure,,,,,,,46520
2024-03-28,,OPT,PSE,Gaza Strip,,,censored,Protection,IDP/Refugee Service,Air-Launched: Plane,Aerial Bomb,Host Government: Military,Israeli Defence Forces,Protection Infrastructure,,,,,,,46601
2024-03-28,,Lebanon,LBN,Nabatieh Governorate,,,censored by HDX,Health Care,Local Health Care Provider,Unspecified Launch Method,Unspecified Explosive,Foreign Forces: Military,Israeli Defence Forces,Health Infrastructure,,14,,,,,86239
2024-03-28,,OPT,PSE,Gaza Strip,,,censored,"Aid Operations, Food Security",INGO,Ground-Launched,Artillery,Host Government: Military,Israeli Defence Forces,Other,,,,,,,46992
2024-03-28,,OPT,PSE,Gaza Strip,,,censored,"Health Care, Protection, Aid Operations","IDP/Refugee Service, National Red Cross Society",Unspecified Launch Method,Unspecified Explosive,Host Government: Military,Israeli Defence Forces,Aid Infrastructure,,,,,,,45647
2024-03-27,,OPT,PSE,Gaza Strip,,,censored,"Health Care, Protection, Aid Operations","IDP/Refugee Service, INGO",Air-Launched: Plane,Aerial Bomb,Host Government: Military,Israeli Defence Forces,Health Infrastructure,,,,,,,46714
2024-03-27,,Lebanon,LBN,Nabatieh Governorate,,,censored by HDX,Health Care,Other,Unspecified Launch Method,Unspecified Explosive,Foreign Forces: Military,Israeli Defence Forces,Health Infrastructure,,,,,,,86238
2024-03-27,,Lebanon,LBN,South Governorate,,,censored by HDX,Health Care,Private Health Care,Unspecified Launch Method,Unspecified Explosive,Foreign Forces: Military,Israeli Defence Forces,Private/Voluntary Aid,,2,,,,,46619
2024-03-27,,OPT,PSE,Gaza Strip,,,censored,Protection,IDP/Refugee Service,Air-Launched: Plane,Aerial Bomb,Host Government: Military,Israeli Defence Forces,Protection Infrastructure,,,,,,,46519
2024-03-27,,Lebanon,LBN,No Information,,,censored by HDX,Health Care,Local Health Care Provider,Unspecified Launch Method,Unspecified Explosive,Foreign Forces: Military,Israeli Defence Forces,Health Worker,,1,,,,,46615
2024-03-27,,Lebanon,LBN,Nabatieh Governorate,,,censored by HDX,Health Care,Private Health Care,Unspecified Launch Method,Unspecified Explosive,Foreign Forces: Military,Israeli Defence Forces,Health Infrastructure,,2,,,,,86237
2024-03-27,,OPT,PSE,Gaza Strip,,,censored,Protection,IDP/Refugee Service,Air-Launched: Plane,Aerial Bomb,Host Government: Military,Israeli Defence Forces,Protection Infrastructure,,,,,,,46642
2024-03-27,,OPT,PSE,Gaza Strip,,,censored,"Health Care, Protection","IDP/Refugee Service, Local Health Care Provider",Air-Launched: Plane,Aerial Bomb,Host Government: Military,Israeli Defence Forces,Multiple,,,,,,,45643
2024-03-27,,OPT,PSE,Gaza Strip,,,censored,Health Care,Local Health Care Provider,Ground-Launched,Artillery,Host Government: Military,Israeli Defence Forces,Health Infrastructure,,,,,,,45644
2024-03-27,,OPT,PSE,Gaza Strip,,,censored,Protection,IDP/Refugee Service,Air-Launched: Plane,Aerial Bomb,Host Government: Military,Israeli Defence Forces,Protection Infrastructure,,,,,,,46508
2024-03-27,,OPT,PSE,Gaza Strip,,,censored,Health Care,Local Health Care Provider,Ground-Launched,Unspecified Explosive,Host Government: Military,Israeli Defence Forces,Other,,,,,,,45646
2024-03-27,,OPT,PSE,Gaza Strip,,,censored,Protection,IDP/Refugee Service,Air-Launched: Plane,Aerial Bomb,Host Government: Military,Israeli Defence Forces,Protection Infrastructure,,,,,,,46509
2024-03-27,,OPT,PSE,Gaza Strip,,,censored,Protection,IDP/Refugee Service,Air-Launched: Plane,Aerial Bomb,Host Government: Military,Israeli Defence Forces,Protection Infrastructure,,,,,,,46603
2024-03-27,,OPT,PSE,Gaza Strip,,,censored,Protection,IDP/Refugee Service,Air-Launched: Plane,Aerial Bomb,Host Government: Military,Israeli Defence Forces,Protection Infrastructure,,,,,,,46594
2024-03-27,,OPT,PSE,Gaza Strip,,,censored,Health Care,Local Health Care Provider,Air-Launched: Plane,Aerial Bomb,Host Government: Military,Israeli Defence Forces,Health Infrastructure,,,,,,,86135
2024-03-27,,OPT,PSE,Gaza Strip,,,censored,Health Care,Local Health Care Provider,Air-Launched: Plane,Aerial Bomb,Host Government: Military,Israeli Defence Forces,Health Infrastructure,,,,,,,86134
2024-03-27,,Lebanon,LBN,South Governorate,,,censored by HDX,Health Care,Other,Air-Launched: Plane,Aerial Bomb,Foreign Forces: Military,Israeli Defence Forces,Health Worker,,1,,,,,46226
2024-03-27,,Lebanon,LBN,Nabatieh Governorate,,,censored by HDX,Health Care,Local Health Care Provider,Air-Launched: Plane,Aerial Bomb,Foreign Forces: Military,Israeli Defence Forces,Health Infrastructure,,7,,,,,46225
2024-03-26,,OPT,PSE,Gaza Strip,,,censored,Protection,IDP/Refugee Service,Air-Launched: Plane,Aerial Bomb,Host Government: Military,Israeli Defence Forces,Protection Infrastructure,,,,,,,81280
2024-03-26,,OPT,PSE,Gaza Strip,,,censored,Protection,IDP/Refugee Service,None,Aerial Bomb,Host Government: Military,Israeli Defence Forces,Protection Infrastructure,,,,,,,46658
2024-03-26,,OPT,PSE,Gaza Strip,,,censored,Health Care,Local Health Care Provider,Unspecified Launch Method,Unspecified Explosive,Host Government: Military,Israeli Defence Forces,Health Infrastructure,,,,,,,86130
2024-03-26,,OPT,PSE,Gaza Strip,,,censored,Protection,IDP/Refugee Service,Air-Launched: Plane,Aerial Bomb,Host Government: Military,Israeli Defence Forces,Protection Infrastructure,,,,,,,46559
2024-03-26,,Lebanon,LBN,South Governorate,,,censored by HDX,Health Care,Local Health Care Provider,Air-Launched: Plane,Aerial Bomb,Foreign Forces: Military,Israeli Defence Forces,Health Worker,,2,,,,,56568
2024-03-26,,OPT,PSE,Gaza Strip,,,censored,Health Care,Local Health Care Provider,Air-Launched: Plane,Aerial Bomb,Host Government: Military,Israeli Defence Forces,Health Infrastructure,,,,,,,86129
2024-03-26,,OPT,PSE,Gaza Strip,,,censored,Protection,IDP/Refugee Service,Air-Launched: Plane,Aerial Bomb,Host Government: Military,Israeli Defence Forces,Protection Infrastructure,,,,,,,81016
2024-03-26,,OPT,PSE,Gaza Strip,,,censored,Health Care,Local Health Care Provider,Ground-Launched,Shelling,Host Government: Military,Israeli Defence Forces,Health Infrastructure,,,,,,,86127
2024-03-26,,Lebanon,LBN,South Governorate,,,censored by HDX,Health Care,Local Health Care Provider,Air-Launched: Plane,Aerial Bomb,Foreign Forces: Military,Israeli Defence Forces,Multiple,,,,,,,46224
2024-03-26,,OPT,PSE,Gaza Strip,,,censored,Protection,IDP/Refugee Service,None,Aerial Bomb,Host Government: Military,Israeli Defence Forces,Protection Infrastructure,,,,,,,46938
2024-03-26,,Syria,SYR,Deir ez-Zor Governorate,35.3,40.1,(2) 25 km Precision ,Aid Operations,UN Agency,Air-Launched: Plane,Aerial Bomb,Foreign Forces: Military,Israeli Defence Forces,Aid Infrastructure,1,,1,,,,46123
2024-03-25,,OPT,PSE,Gaza Strip,,,censored,"Aid Operations, Food Security",NGO,Ground-Launched,Artillery,Host Government: Military,Israeli Defence Forces,Other,,,,,,,46055
2024-03-25,,OPT,PSE,Gaza Strip,,,censored,Health Care,Local Health Care Provider,Ground-Launched,Shelling,Host Government: Military,Israeli Defence Forces,Health Infrastructure,,,,,,,45621
2024-03-25,,OPT,PSE,Gaza Strip,,,censored,"Health Care, Aid Operations",National Red Cross Society,Unspecified Launch Method,Unspecified Explosive,Host Government: Military,Israeli Defence Forces,Aid Infrastructure,,,,,,,87352
2024-03-25,,OPT,PSE,Gaza Strip,,,censored,Health Care,Local Health Care Provider,Air-Launched: Plane,Aerial Bomb,Host Government: Military,Israeli Defence Forces,Health Infrastructure,,,,,,,45625
2024-03-25,,OPT,PSE,Gaza Strip,,,censored,"Aid Operations, Food Security",NGO,Unspecified Launch Method,Unspecified Explosive,Host Government: Military,Israeli Defence Forces,Other,,,,,,,46056
2024-03-24,,OPT,PSE,Gaza Strip,,,censored,Protection,IDP/Refugee Service,Air-Launched: Plane,Aerial Bomb,Host Government: Military,Israeli Defence Forces,Protection Infrastructure,,,,,,,46567
2024-03-24,,OPT,PSE,Gaza Strip,,,censored,Education,Local Education Provider,Ground-Launched,Artillery,Host Government: Military,Israeli Defence Forces,Education Infrastructure,,,,,,,46835
2024-03-24,,OPT,PSE,Gaza Strip,,,censored,"Health Care, Aid Operations",National Red Cross Society,Air-Launched: Drone,Aerial Bomb,Host Government: Military,Israeli Defence Forces,Multiple,,,,,,,87351
2024-03-24,,OPT,PSE,Gaza Strip,,,censored,Aid Operations,"NGO, UN Agency",Unspecified Launch Method,Unspecified Explosive,Host Government: Military,Israeli Defence Forces,Other,,,,,,,46052
2024-03-24,,OPT,PSE,Gaza Strip,,,censored,"Health Care, Protection","IDP/Refugee Service, Local Health Care Provider",Air-Launched: Plane,Aerial Bomb,Host Government: Military,Israeli Defence Forces,Multiple,,,,,,,45619
2024-03-23,,Lebanon,LBN,Nabatieh Governorate,,,censored by HDX,Health Care,Local Health Care Provider,Air-Launched: Plane,Aerial Bomb,Foreign Forces: Military,Israeli Defence Forces,Other,,,,,,,46188
2024-03-23,,OPT,PSE,Gaza Strip,,,censored,Protection,IDP/Refugee Service,Air-Launched: Plane,Aerial Bomb,Host Government: Military,Israeli Defence Forces,Protection Infrastructure,,,,,,,80983
2024-03-23,,OPT,PSE,Gaza Strip,,,censored,Protection,IDP/Refugee Service,Air-Launched: Plane,Aerial Bomb,Host Government: Military,Israeli Defence Forces,Protection Infrastructure,,,,,,,80950
2024-03-23,,OPT,PSE,Gaza Strip,,,censored,"Aid Operations, Food Security",NGO,Air-Launched: Plane,Aerial Bomb,Host Government: Military,Israeli Defence Forces,Other,,,,,,,46050
2024-03-23,,OPT,PSE,Gaza Strip,,,censored,Protection,IDP/Refugee Service,Air-Launched: Plane,Aerial Bomb,Host Government: Military,Israeli Defence Forces,Protection Infrastructure,,,,,,,46566
2024-03-23,,OPT,PSE,Gaza Strip,,,censored,Health Care,Local Health Care Provider,Ground-Launched,Artillery,Host Government: Military,Israeli Defence Forces,Health Infrastructure,,,,,,,85311
2024-03-23,,OPT,PSE,Gaza Strip,,,censored,Health Care,Local Health Care Provider,Unspecified Launch Method,Unspecified Explosive,Host Government: Military,Israeli Defence Forces,Health Infrastructure,,,,,,,45610
2024-03-23,,OPT,PSE,Gaza Strip,,,censored,Health Care,Local Health Care Provider,Air-Launched: Drone,Aerial Bomb,Host Government: Military,Israeli Defence Forces,Health Worker,,1,,,,,61227
2024-03-22,,OPT,PSE,Gaza Strip,,,censored,Health Care,Local Health Care Provider,Air-Launched: Plane,Aerial Bomb,Host Government: Military,Israeli Defence Forces,Health Infrastructure,,1,,,,,84770
2024-03-21,,OPT,PSE,Gaza Strip,,,censored,Protection,IDP/Refugee Service,None,Aerial Bomb,Host Government: Military,Israeli Defence Forces,Protection Infrastructure,,,,,,,46657
2024-03-21,,OPT,PSE,Gaza Strip,,,censored,Protection,IDP/Refugee Service,Air-Launched: Plane,Aerial Bomb,Host Government: Military,Israeli Defence Forces,Protection Infrastructure,,,,,,,46565
2024-03-21,,OPT,PSE,Gaza Strip,,,censored,Protection,IDP/Refugee Service,Air-Launched: Plane,Aerial Bomb,Host Government: Military,Israeli Defence Forces,Protection Infrastructure,,,,,,,46564
2024-03-21,,OPT,PSE,Gaza Strip,,,censored,"Health Care, Aid Operations",LNGO,Air-Launched: Plane,Aerial Bomb,Host Government: Military,Israeli Defence Forces,Other,,,,,,,45609
2024-03-21,,OPT,PSE,Gaza Strip,,,censored,Health Care,Local Health Care Provider,Ground-Launched,Shelling,Host Government: Military,Israeli Defence Forces,Multiple,,,,,,,45595
2024-03-21,,OPT,PSE,Gaza Strip,,,censored,Health Care,Local Health Care Provider,Ground-Launched,Shelling,Host Government: Military,Israeli Defence Forces,Health Infrastructure,,,,,,,85478
2024-03-20,,OPT,PSE,Gaza Strip,,,censored,Protection,IDP/Refugee Service,Air-Launched: Plane,Aerial Bomb,Host Government: Military,Israeli Defence Forces,Other,,,,,,,46641
2024-03-20,,OPT,PSE,Gaza Strip,,,censored,Protection,IDP/Refugee Service,Air-Launched: Plane,Aerial Bomb,Host Government: Military,Israeli Defence Forces,Protection Infrastructure,,,,,,,46563
2024-03-20,,OPT,PSE,Gaza Strip,,,censored,Protection,IDP/Refugee Service,None,Aerial Bomb,Host Government: Military,Israeli Defence Forces,Protection Infrastructure,,,,,,,46653
2024-03-20,,OPT,PSE,Gaza Strip,,,censored,Protection,IDP/Refugee Service,Air-Launched: No Information on Platform Type,Aerial Bomb,Host Government: Military,Israeli Defence Forces,Other,,,,,,,46411
2024-03-20,,OPT,PSE,West Bank,,,censored,Protection,IDP/Refugee Service,Air-Launched: Plane,Aerial Bomb,Host Government: Military,Israeli Defence Forces,Protection Infrastructure,,,,,,,45661
2024-03-19,,OPT,PSE,Gaza Strip,,,censored,Protection,IDP/Refugee Service,Air-Launched: Plane,Aerial Bomb,Host Government: Military,Israeli Defence Forces,Protection Infrastructure,,,,,,,46649
2024-03-19,,OPT,PSE,Gaza Strip,,,censored,"Protection, Aid Operations","IDP/Refugee Service, UN Agency",Unspecified Launch Method,Unspecified Explosive,Host Government: Military,Israeli Defence Forces,Multiple,,,,,,,46047
2024-03-19,,OPT,PSE,Gaza Strip,,,censored,Protection,IDP/Refugee Service,None,Aerial Bomb,Host Government: Military,Israeli Defence Forces,Protection Infrastructure,,,,,,,46651
2024-03-19,,OPT,PSE,Gaza Strip,,,censored,Protection,IDP/Refugee Service,None,Aerial Bomb,Host Government: Military,Israeli Defence Forces,Protection Infrastructure,,,,,,,46652
2024-03-19,,OPT,PSE,Gaza Strip,,,censored,"Aid Operations, Food Security",NGO,Air-Launched: Plane,Aerial Bomb,Host Government: Military,Israeli Defence Forces,Other,2,,,,,,46024
2024-03-19,,OPT,PSE,Gaza Strip,,,censored,"Protection, Aid Operations","IDP/Refugee Service, NGO",Air-Launched: Plane,Aerial Bomb,Host Government: Military,Israeli Defence Forces,Multiple,,,,,,,46046
2024-03-19,,OPT,PSE,Gaza Strip,,,censored,Protection,IDP/Refugee Service,Air-Launched: Plane,Aerial Bomb,Host Government: Military,Israeli Defence Forces,Protection Infrastructure,,,,,,,46650
2024-03-19,,OPT,PSE,Gaza Strip,,,censored,Protection,IDP/Refugee Service,Air-Launched: No Information on Platform Type,Aerial Bomb,Host Government: Military,Israeli Defence Forces,Protection Infrastructure,,,,,,,46335
2024-03-18,,OPT,PSE,Gaza Strip,,,censored,Protection,IDP/Refugee Service,Air-Launched: Plane,Aerial Bomb,Host Government: Military,Israeli Defence Forces,Protection Infrastructure,,,,,,,46647
2024-03-18,,OPT,PSE,Gaza Strip,,,censored,Protection,IDP/Refugee Service,Air-Launched: Plane,Aerial Bomb,Host Government: Military,Israeli Defence Forces,Protection Infrastructure,,,,,,,46648
2024-03-18,,OPT,PSE,Gaza Strip,,,censored,"Health Care, Protection","IDP/Refugee Service, Local Health Care Provider",Ground-Launched,Missile,Host Government: Military,Israeli Defence Forces,Multiple,,1,,,,,45438
2024-03-17,,OPT,PSE,Gaza Strip,,,censored,Protection,IDP/Refugee Service,Air-Launched: Plane,Aerial Bomb,Host Government: Military,Israeli Defence Forces,Protection Infrastructure,,,,,,,46646
2024-03-16,,OPT,PSE,Gaza Strip,,,censored,Protection,IDP/Refugee Service,Air-Launched: Plane,Aerial Bomb,Host Government: Military,Israeli Defence Forces,Protection Infrastructure,,,,,,,46645
2024-03-16,,OPT,PSE,Gaza Strip,,,censored,Protection,IDP/Refugee Service,Air-Launched: Plane,Aerial Bomb,Host Government: Military,Israeli Defence Forces,Protection Infrastructure,,,,,,,46562
2024-03-16,,OPT,PSE,Gaza Strip,,,censored,Protection,IDP/Refugee Service,Air-Launched: Plane,Aerial Bomb,Host Government: Military,Israeli Defence Forces,Protection Infrastructure,,,,,,,80917
2024-03-15,,OPT,PSE,Gaza Strip,,,censored,Protection,IDP/Refugee Service,Air-Launched: Plane,Aerial Bomb,Host Government: Military,Israeli Defence Forces,Protection Infrastructure,,,,,,,46643
2024-03-15,,OPT,PSE,Gaza Strip,,,censored,Protection,IDP/Refugee Service,Air-Launched: Plane,Aerial Bomb,Host Government: Military,Israeli Defence Forces,Other,,,,,,,46644
2024-03-15,,OPT,PSE,Gaza Strip,,,censored,Protection,IDP/Refugee Service,Air-Launched: Plane,Aerial Bomb,Host Government: Military,Israeli Defence Forces,Protection Infrastructure,,,,,,,80884
2024-03-15,,OPT,PSE,Gaza Strip,,,censored,Protection,IDP/Refugee Service,None,Aerial Bomb,Host Government: Military,Israeli Defence Forces,Protection Infrastructure,,,,,,,46576
2024-03-14,,OPT,PSE,Gaza Strip,,,censored,"Health Care, Protection, Aid Operations, Food Security","IDP/Refugee Service, Local Health Care Provider, NGO",Air-Launched: Plane,Aerial Bomb,Host Government: Military,Israeli Defence Forces,Food Infrastructure,,1,,,,,46298
2024-03-14,,OPT,PSE,Gaza Strip,,,censored,Protection,IDP/Refugee Service,Unspecified Launch Method,Unspecified Explosive,Host Government: Military,Israeli Defence Forces,Protection Infrastructure,,,,,,,46303
2024-03-14,,OPT,PSE,Gaza Strip,,,censored,Protection,IDP/Refugee Service,Air-Launched: No Information on Platform Type,Aerial Bomb,Host Government: Military,Israeli Defence Forces,Protection Infrastructure,,,,,,,46498
2024-03-14,,OPT,PSE,Gaza Strip,,,censored,Protection,IDP/Refugee Service,Air-Launched: Plane,Aerial Bomb,Host Government: Military,Israeli Defence Forces,Protection Infrastructure,,,,,,,46561
2024-03-14,,OPT,PSE,Gaza Strip,,,censored,Protection,IDP/Refugee Service,Unspecified Launch Method,Unspecified Explosive,Host Government: Military,Israeli Defence Forces,Protection Infrastructure,,,,,,,46308
2024-03-13,,OPT,PSE,Gaza Strip,,,censored,"Aid Operations, Food Security",UN Agency,Air-Launched: Plane,Aerial Bomb,Host Government: Military,Israeli Defence Forces,Aid Infrastructure,1,,,,,,45966
2024-03-13,,OPT,PSE,Gaza Strip,,,censored,Protection,IDP/Refugee Service,None,Aerial Bomb,Host Government: Military,Israeli Defence Forces,Protection Infrastructure,,,,,,,46636
2024-03-13,,OPT,PSE,Gaza Strip,,,censored,"Health Care, Aid Operations",INGO,Unspecified Launch Method,Unspecified Explosive,Host Government: Military,Israeli Defence Forces,Health Infrastructure,,,,,,,45039
2024-03-13,,OPT,PSE,Gaza Strip,,,censored,"Health Care, Aid Operations",National Red Cross Society,Ground-Launched,Artillery,Host Government: Military,Israeli Defence Forces,Health Infrastructure,,,,,,,45034
2024-03-13,,OPT,PSE,Gaza Strip,,,censored,Protection,IDP/Refugee Service,Air-Launched: No Information on Platform Type,Aerial Bomb,Host Government: Military,Israeli Defence Forces,Protection Infrastructure,,,,,,,46410
2024-03-11,,Lebanon,LBN,Baalbek-Hermel Governorate,,,censored by HDX,Health Care,Local Health Care Provider,Air-Launched: Plane,Aerial Bomb,Foreign Forces: Military,Israeli Defence Forces,Health Infrastructure,,,,,,,84233
2024-03-10,,Lebanon,LBN,Nabatieh Governorate,,,censored by HDX,Health Care,Private Health Care,Unspecified Launch Method,Unspecified Explosive,Foreign Forces: Military,Israeli Defence Forces,Health Infrastructure,,,,,,,86228
2024-03-10,,OPT,PSE,Gaza Strip,,,censored,Protection,IDP/Refugee Service,Air-Launched: Plane,Aerial Bomb,Host Government: Military,Israeli Defence Forces,Protection Infrastructure,,,,,,,80857
2024-03-10,,Lebanon,LBN,South Governorate,,,censored by HDX,Health Care,Private Health Care,Unspecified Launch Method,Unspecified Explosive,Foreign Forces: Military,Israeli Defence Forces,Health Infrastructure,,1,,,,,86236
2024-03-09,,OPT,PSE,Gaza Strip,,,censored,Protection,IDP/Refugee Service,Air-Launched: No Information on Platform Type,Aerial Bomb,Host Government: Military,Israeli Defence Forces,Protection Infrastructure,,,,,,,46451
2024-03-08,,OPT,PSE,Gaza Strip,,,censored,Health Care,Local Health Care Provider,Ground-Launched,Shelling,Host Government: Military,Israeli Defence Forces,Health Infrastructure,,,,,,,45032
2024-03-08,,OPT,PSE,Gaza Strip,,,censored,Protection,IDP/Refugee Service,None,Aerial Bomb,Host Government: Military,Israeli Defence Forces,Protection Infrastructure,,,,,,,46635
2024-03-08,,OPT,PSE,Gaza Strip,,,censored,"Protection, Aid Operations","IDP/Refugee Service, INGO",Air-Launched: Plane,Aerial Bomb,Host Government: Military,Israeli Defence Forces,Aid Infrastructure,1,,,,,,45965
2024-03-08,,OPT,PSE,Gaza Strip,,,censored,Protection,IDP/Refugee Service,None,Aerial Bomb,Host Government: Military,Israeli Defence Forces,Protection Infrastructure,,,,,,,46575
2024-03-07,,OPT,PSE,Gaza Strip,,,censored,Aid Operations,NGO,Ground-Launched,Artillery,Host Government: Military,Israeli Defence Forces,Other,,,,,,,46232
2024-03-07,,OPT,PSE,Gaza Strip,,,censored,Protection,IDP/Refugee Service,None,Aerial Bomb,Host Government: Military,Israeli Defence Forces,Protection Infrastructure,,,,,,,46634
2024-03-06,,OPT,PSE,West Bank,,,censored,Protection,IDP/Refugee Service,None,Aerial Bomb,Host Government: Military,Israeli Defence Forces,Protection Infrastructure,,,,,,,46679
2024-03-06,,OPT,PSE,Gaza Strip,,,censored,Health Care,Local Health Care Provider,Unspecified Launch Method,Unspecified Explosive,Host Government: Military,Israeli Defence Forces,Health Worker,,1,,,,,84664
2024-03-06,,OPT,PSE,Gaza Strip,,,censored,Protection,IDP/Refugee Service,None,Aerial Bomb,Host Government: Military,Israeli Defence Forces,Protection Infrastructure,,,,,,,46633
2024-03-06,,OPT,PSE,Gaza Strip,,,censored,Protection,IDP/Refugee Service,Unspecified Launch Method,Unspecified Explosive,Host Government: Military,Israeli Defence Forces,Protection Infrastructure,,,,,,,46302
2024-03-05,,Lebanon,LBN,No Information,,,censored by HDX,Health Care,Local Health Care Provider,Unspecified Launch Method,Unspecified Explosive,Foreign Forces: Military,Israeli Defence Forces,Health Worker,,1,,,,,46622
2024-03-05,,Lebanon,LBN,No Information,,,censored by HDX,Health Care,Local Health Care Provider,Unspecified Launch Method,Unspecified Explosive,Foreign Forces: Military,Israeli Defence Forces,Health Worker,,1,,,,,46617
2024-03-05,,OPT,PSE,Gaza Strip,,,censored,Health Care,Local Health Care Provider,Air-Launched: Plane,Aerial Bomb,Host Government: Military,Israeli Defence Forces,Health Infrastructure,,,,,,,85283
2024-03-05,,OPT,PSE,Gaza Strip,,,censored,Protection,IDP/Refugee Service,None,Aerial Bomb,Host Government: Military,Israeli Defence Forces,Protection Infrastructure,,,,,,,46632
2024-03-04,,OPT,PSE,Gaza Strip,,,censored,Health Care,Local Health Care Provider,Unspecified Launch Method,Unspecified Explosive,Host Government: Military,Israeli Defence Forces,Health Infrastructure,,,,,,,45015
2024-03-04,,Lebanon,LBN,Nabatieh Governorate,,,censored by HDX,Health Care,Private Health Care,Unspecified Launch Method,Unspecified Explosive,Foreign Forces: Military,Israeli Defence Forces,Health Infrastructure,,,,,,,86227
2024-03-04,,Lebanon,LBN,Nabatieh Governorate,,,censored by HDX,Health Care,Local Health Care Provider,Air-Launched: Plane,Aerial Bomb,Foreign Forces: Military,Israeli Defence Forces,Health Infrastructure,,3,,,,,57586
2024-03-04,,OPT,PSE,Gaza Strip,,,censored,Protection,IDP/Refugee Service,None,Aerial Bomb,Host Government: Military,Israeli Defence Forces,Protection Infrastructure,,,,,,,46631
2024-03-03,,OPT,PSE,Gaza Strip,,,censored,Protection,IDP/Refugee Service,Air-Launched: Plane,Aerial Bomb,Host Government: Military,Israeli Defence Forces,Protection Infrastructure,,,,,,,46640
2024-03-03,,Lebanon,LBN,Nabatieh Governorate,,,censored by HDX,Health Care,Local Health Care Provider,Air-Launched: Plane,Aerial Bomb,Foreign Forces: Military,Israeli Defence Forces,Health Infrastructure,,3,,,,,44836
2024-03-03,,OPT,PSE,Gaza Strip,,,censored,"Aid Operations, Food Security",NGO,Air-Launched: Plane,Aerial Bomb,Host Government: Military,Israeli Defence Forces,Food Infrastructure,,,,,,,45670
2024-03-03,,OPT,PSE,Gaza Strip,,,censored,"Aid Operations, Food Security",NGO,Air-Launched: Plane,Aerial Bomb,Host Government: Military,Israeli Defence Forces,Aid Infrastructure,,,,,,,45624
2024-03-03,,OPT,PSE,Gaza Strip,,,censored,Protection,IDP/Refugee Service,None,Aerial Bomb,Host Government: Military,Israeli Defence Forces,Protection Infrastructure,,,,,,,46609
2024-03-03,,OPT,PSE,Gaza Strip,,,censored,"Health Care, Aid Operations",INGO,Air-Launched: Plane,Aerial Bomb,Host Government: Military,Israeli Defence Forces,Aid Infrastructure,,,1,,,,45014
2024-03-02,,OPT,PSE,Gaza Strip,,,censored,"Health Care, Protection, Aid Operations","IDP/Refugee Service, INGO, Local Health Care Provider",Air-Launched: Plane,Aerial Bomb,Host Government: Military,Israeli Defence Forces,Multiple,,2,,,,,44666
2024-03-02,,OPT,PSE,Gaza Strip,,,censored,Health Care,Local Health Care Provider,Directly-emplaced,Unspecified Explosive,Host Government: Military,Israeli Defence Forces,Health Infrastructure,,,,,,,44669
2024-03-02,,OPT,PSE,Gaza Strip,,,censored,Protection,IDP/Refugee Service,None,Aerial Bomb,Host Government: Military,Israeli Defence Forces,Protection Infrastructure,,,,,,,46608
2024-03-02,,OPT,PSE,Gaza Strip,,,censored,Health Care,Local Health Care Provider,Air-Launched: Plane,Aerial Bomb,Host Government: Military,Israeli Defence Forces,Health Worker,,1,,,,,85407
2024-03-02,,OPT,PSE,Gaza Strip,,,censored,Protection,IDP/Refugee Service,None,Aerial Bomb,Host Government: Military,Israeli Defence Forces,Protection Infrastructure,,,,,,,46607
2024-03-02,,OPT,PSE,Gaza Strip,,,censored,"Health Care, Aid Operations",UN Agency,Directly-emplaced,Unspecified Explosive,Host Government: Military,Israeli Defence Forces,Health Infrastructure,,,,,,,44667
2024-03-01,,OPT,PSE,Gaza Strip,,,censored,Protection,IDP/Refugee Service,Air-Launched: Plane,Aerial Bomb,Host Government: Military,Israeli Defence Forces,Protection Infrastructure,,,,,,,46236
2024-03-01,,OPT,PSE,Gaza Strip,,,censored,Protection,IDP/Refugee Service,None,Aerial Bomb,Host Government: Military,Israeli Defence Forces,Protection Infrastructure,,,,,,,46595
2024-03-01,,OPT,PSE,Gaza Strip,,,censored,Protection,IDP/Refugee Service,Air-Launched: No Information on Platform Type,Aerial Bomb,Host Government: Military,Israeli Defence Forces,Protection Infrastructure,,,,,,,46358
2024-03-01,,OPT,PSE,Gaza Strip,,,censored,Health Care,Local Health Care Provider,Air-Launched: Plane,Aerial Bomb,Host Government: Military,Israeli Defence Forces,Health Infrastructure,,,,,,,44670
2024-02-29,,OPT,PSE,Gaza Strip,,,censored,"Aid Operations, Food Security",NGO,Ground-Launched,Artillery,Host Government: Military,Israeli Defence Forces,Aid Infrastructure,,,,,,,45615
2024-02-28,,OPT,PSE,Gaza Strip,,,censored,Protection,IDP/Refugee Service,Air-Launched: Plane,Aerial Bomb,Host Government: Military,Israeli Defence Forces,Protection Infrastructure,,,,,,,45088
2024-02-28,,OPT,PSE,Gaza Strip,,,censored,Health Care,Local Health Care Provider,Ground-Launched,Artillery,Host Government: Military,Israeli Defence Forces,Health Infrastructure,,,,,,,44707
2024-02-28,,Lebanon,LBN,Nabatieh Governorate,,,censored by HDX,Health Care,Local Health Care Provider,Air-Launched: Drone,Missile,Foreign Forces: Military,Israeli Defence Forces,Health Infrastructure,,,,,,,44837
2024-02-27,,Lebanon,LBN,South Governorate,,,censored by HDX,Health Care,Private Health Care,Unspecified Launch Method,Unspecified Explosive,Foreign Forces: Military,Israeli Defence Forces,Health Infrastructure,,,,,,,86225
2024-02-26,,OPT,PSE,Gaza Strip,,,censored,Health Care,Local Health Care Provider,Air-Launched: Plane,Aerial Bomb,Host Government: Military,Israeli Defence Forces,Health Infrastructure,,,,,,,44713
2024-02-26,,OPT,PSE,Gaza Strip,,,censored,"Health Care, Aid Operations",National Red Cross Society,Unspecified Launch Method,Unspecified Explosive,Host Government: Military,Israeli Defence Forces,Other,,,,,,,44690
2024-02-26,,OPT,PSE,Gaza Strip,,,censored,Protection,IDP/Refugee Service,Air-Launched: Plane,Aerial Bomb,Host Government: Military,Israeli Defence Forces,Protection Infrastructure,,,,,,,45064
2024-02-26,,OPT,PSE,Gaza Strip,,,censored,"Health Care, Aid Operations",National Red Cross Society,Unspecified Launch Method,Unspecified Explosive,Host Government: Military,Israeli Defence Forces,Health Infrastructure,,,,,,,87350
2024-02-26,,OPT,PSE,Gaza Strip,,,censored,Health Care,Local Health Care Provider,Unspecified Launch Method,Unspecified Explosive,Host Government: Military,Israeli Defence Forces,Health Infrastructure,,,,,,,44689
2024-02-26,,Lebanon,LBN,Nabatieh Governorate,,,censored by HDX,Health Care,Local Health Care Provider,Air-Launched: Plane,Aerial Bomb,Foreign Forces: Military,Israeli Defence Forces,Health Infrastructure,,,,,,,44835
2024-02-26,,OPT,PSE,Gaza Strip,,,censored,Health Care,Local Health Care Provider,Air-Launched: Plane,Aerial Bomb,Host Government: Military,Israeli Defence Forces,Health Infrastructure,,,,,,,44712
2024-02-26,,OPT,PSE,Gaza Strip,,,censored,Protection,IDP/Refugee Service,Air-Launched: Plane,Aerial Bomb,Host Government: Military,Israeli Defence Forces,Protection Infrastructure,,,,,,,44782
2024-02-26,,OPT,PSE,Gaza Strip,,,censored,"Health Care, Aid Operations",NGO,Air-Launched: Plane,Aerial Bomb,Host Government: Military,Israeli Defence Forces,Health Infrastructure,,,,,,,44711
2024-02-25,,OPT,PSE,Gaza Strip,,,censored,Health Care,Local Health Care Provider,Unspecified Launch Method,Unspecified Explosive,Host Government: Military,Israeli Defence Forces,Health Infrastructure,,,,,,,44714
2024-02-25,,OPT,PSE,Gaza Strip,,,censored,Health Care,Local Health Care Provider,Air-Launched: Plane,Aerial Bomb,Host Government: Military,Israeli Defence Forces,Health Worker,,1,,,,,44710
2024-02-24,,OPT,PSE,Gaza Strip,,,censored,Protection,IDP/Refugee Service,Air-Launched: Drone,Aerial Bomb,Host Government: Military,Israeli Defence Forces,Protection Infrastructure,,,,,,,44797
2024-02-24,,OPT,PSE,Gaza Strip,,,censored,Protection,IDP/Refugee Service,Air-Launched: Plane,Aerial Bomb,Host Government: Military,Israeli Defence Forces,Protection Infrastructure,,,,,,,44825
2024-02-24,,OPT,PSE,Gaza Strip,,,censored,Protection,IDP/Refugee Service,Air-Launched: Plane,Aerial Bomb,Host Government: Military,Israeli Defence Forces,Protection Infrastructure,,,,,,,44799
2024-02-24,,OPT,PSE,Gaza Strip,,,censored,"Health Care, Protection","IDP/Refugee Service, Local Health Care Provider",Air-Launched: Plane,Aerial Bomb,Host Government: Military,Israeli Defence Forces,Health Infrastructure,,,,,,,44702
2024-02-23,,OPT,PSE,Gaza Strip,,,censored,"Education, Protection","IDP/Refugee Service, Local Education Provider",Air-Launched: Plane,Aerial Bomb,Host Government: Military,Israeli Defence Forces,Education Infrastructure,,,,,,,45887
2024-02-23,,OPT,PSE,Gaza Strip,,,censored,"Health Care, Protection","IDP/Refugee Service, Local Health Care Provider",Unspecified Launch Method,Unspecified Explosive,Host Government: Military,Israeli Defence Forces,Protection Infrastructure,,1,,,,,68641
2024-02-23,,Lebanon,LBN,No Information,,,censored by HDX,Health Care,Local Health Care Provider,Unspecified Launch Method,Unspecified Explosive,Foreign Forces: Military,Israeli Defence Forces,Health Worker,,1,,,,,46624
2024-02-23,,OPT,PSE,Gaza Strip,,,censored,"Health Care, Aid Operations",National Red Cross Society,Air-Launched: Plane,Aerial Bomb,Host Government: Military,Israeli Defence Forces,Aid Infrastructure,,,1,,,,44693
2024-02-23,,Lebanon,LBN,Nabatieh Governorate,,,censored by HDX,"Health Care, Aid Operations",Government Aid Agency,Air-Launched: Plane,Aerial Bomb,Foreign Forces: Military,Israeli Defence Forces,Multiple,,2,,,,,44838
2024-02-23,,Lebanon,LBN,South Governorate,,,censored by HDX,Health Care,Private Health Care,Unspecified Launch Method,Unspecified Explosive,Foreign Forces: Military,Israeli Defence Forces,Private/Voluntary Aid,,,,,,,86224
2024-02-23,,OPT,PSE,Gaza Strip,,,censored,"Health Care, Aid Operations",National Red Cross Society,Air-Launched: Plane,Aerial Bomb,Host Government: Military,Israeli Defence Forces,Health Infrastructure,,,,,,,44687
2024-02-23,,Lebanon,LBN,No Information,,,censored by HDX,Health Care,Local Health Care Provider,Unspecified Launch Method,Unspecified Explosive,Foreign Forces: Military,Israeli Defence Forces,Health Worker,,1,,,,,46623
2024-02-22,,OPT,PSE,Gaza Strip,,,censored,"Health Care, Aid Operations",National Red Cross Society,Ground-Launched,Artillery,Host Government: Military,Israeli Defence Forces,Health Infrastructure,,,,,,,44674
2024-02-22,,OPT,PSE,Gaza Strip,,,censored,Aid Operations,UN Agency,Air-Launched: Plane,Aerial Bomb,Host Government: Military,Israeli Defence Forces,Other,1,,,,,,45364
2024-02-22,,OPT,PSE,Gaza Strip,,,censored,"Health Care, Aid Operations",National Red Cross Society,Ground-Launched,Artillery,Host Government: Military,Israeli Defence Forces,Health Infrastructure,,,,,,,86333
2024-02-22,,OPT,PSE,Gaza Strip,,,censored,Health Care,Local Health Care Provider,Air-Launched: Plane,Aerial Bomb,Host Government: Military,Israeli Defence Forces,Health Worker,,1,,,,,44671
2024-02-22,,OPT,PSE,West Bank,,,censored,Protection,IDP/Refugee Service,Air-Launched: Drone,Aerial Bomb,Host Government: Military,Israeli Defence Forces,Protection Infrastructure,,,,,,,45339
2024-02-22,,OPT,PSE,Gaza Strip,,,censored,"Health Care, Aid Operations",National Red Cross Society,Unspecified Launch Method,Unspecified Explosive,Host Government: Military,Israeli Defence Forces,Health Infrastructure,,,,,,,87349
2024-02-22,,OPT,PSE,Gaza Strip,,,censored,Protection,IDP/Refugee Service,Air-Launched: Plane,Aerial Bomb,Host Government: Military,Israeli Defence Forces,Protection Infrastructure,,,,,,,44796
2024-02-22,,Lebanon,LBN,Nabatieh Governorate,,,censored by HDX,Health Care,Local Health Care Provider,Air-Launched: Plane,Aerial Bomb,Foreign Forces: Military,Israeli Defence Forces,Health Worker,,4,,,,,44840
2024-02-22,,OPT,PSE,Gaza Strip,,,censored,Protection,IDP/Refugee Service,Ground-Launched,Shelling,Host Government: Military,Israeli Defence Forces,Protection Infrastructure,,,,,,,44968
2024-02-22,,OPT,PSE,Gaza Strip,,,censored,"Aid Operations, Food Security",NGO,Ground-Launched,Shelling,Host Government: Military,Israeli Defence Forces,Food Infrastructure,,,,,,,45363
2024-02-21,,OPT,PSE,Gaza Strip,,,censored,Protection,IDP/Refugee Service,Air-Launched: Plane,Aerial Bomb,Host Government: Military,Israeli Defence Forces,Protection Infrastructure,,,,,,,45057
2024-02-21,,OPT,PSE,Gaza Strip,,,censored,Protection,IDP/Refugee Service,Air-Launched: No Information on Platform Type,Aerial Bomb,Host Government: Military,Israeli Defence Forces,Protection Infrastructure,,,,,,,44967
2024-02-21,,OPT,PSE,Gaza Strip,,,censored,Protection,IDP/Refugee Service,Unspecified Launch Method,Unspecified Explosive,Host Government: Military,Israeli Defence Forces,Protection Infrastructure,,,,,,,45062
2024-02-20,,OPT,PSE,Gaza Strip,,,censored,"Health Care, Protection","IDP/Refugee Service, Local Health Care Provider",Unspecified Launch Method,Unspecified Explosive,Host Government: Military,Israeli Defence Forces,Protection Infrastructure,,1,,,,,64846
2024-02-20,,OPT,PSE,West Bank,,,censored,Protection,IDP/Refugee Service,Air-Launched: No Information on Platform Type,Aerial Bomb,Host Government: Military,Israeli Defence Forces,Protection Infrastructure,,,,,,,45249
2024-02-20,,OPT,PSE,Gaza Strip,,,censored,"Health Care, Aid Operations",National Red Cross Society,Unspecified Launch Method,Unspecified Explosive,Host Government: Military,Israeli Defence Forces,Aid Infrastructure,,,,,,,87348
2024-02-20,,OPT,PSE,Gaza Strip,,,censored,"Health Care, Protection","IDP/Refugee Service, Local Health Care Provider",Unspecified Launch Method,Unspecified Explosive,Host Government: Military,Israeli Defence Forces,Protection Infrastructure,,1,,,,,75278
2024-02-20,,OPT,PSE,Gaza Strip,,,censored,"Health Care, Aid Operations",INGO,Ground-Launched,Unspecified Explosive,Host Government: Military,Israeli Defence Forces,Aid Infrastructure,,,,,,,44582
2024-02-20,,OPT,PSE,Gaza Strip,,,censored,"Education, Health Care","Local Education Provider, Local Health Care Provider",Air-Launched: Plane,Aerial Bomb,Host Government: Military,Israeli Defence Forces,Health Worker,,1,,,,,44584
2024-02-20,,OPT,PSE,Gaza Strip,,,censored,"Health Care, Aid Operations",National Red Cross Society,Ground-Launched,Artillery,Host Government: Military,Israeli Defence Forces,Health Infrastructure,,,,,,,44585
2024-02-19,,Lebanon,LBN,South Governorate,,,censored by HDX,Protection,IDP/Refugee Service,Air-Launched: No Information on Platform Type,Aerial Bomb,Foreign Forces: Military,Israeli Defence Forces,Protection Infrastructure,,,,,,,45024
2024-02-19,,OPT,PSE,Gaza Strip,,,censored,"Health Care, Aid Operations",National Red Cross Society,Air-Launched: Plane,Aerial Bomb,Host Government: Military,Israeli Defence Forces,Health Infrastructure,,,,,,,44607
2024-02-19,,OPT,PSE,West Bank,,,censored,Protection,IDP/Refugee Service,Directly-Emplaced,Hand Grenade,Host Government: Military,Israeli Defence Forces,Protection Infrastructure,,,,,,,45176
2024-02-19,,OPT,PSE,Gaza Strip,,,censored,"Health Care, Aid Operations",National Red Cross Society,Ground-Launched,Shelling,Host Government: Military,Israeli Defence Forces,Health Infrastructure,,,,,,,44606
2024-02-19,,OPT,PSE,Gaza Strip,,,censored,Aid Operations,NGO,Ground-Launched,Unspecified Explosive,Host Government: Military,Israeli Defence Forces,Food Infrastructure,,,,,,,46545
2024-02-18,,OPT,PSE,Gaza Strip,,,censored,"Health Care, Aid Operations",National Red Cross Society,Ground-Launched,Artillery,Host Government: Military,Israeli Defence Forces,Health Infrastructure,,,,,,,44414
2024-02-17,,OPT,PSE,Gaza Strip,,,censored,Protection,IDP/Refugee Service,Air-Launched: Plane,Aerial Bomb,Host Government: Military,Israeli Defence Forces,Protection Infrastructure,,,,,,,44826
2024-02-17,,OPT,PSE,Gaza Strip,,,censored,"Health Care, Protection","IDP/Refugee Service, Local Health Care Provider",Air-Launched: Drone,Aerial Bomb,Host Government: Military,Israeli Defence Forces,Multiple,,,,,,,44564
2024-02-17,,OPT,PSE,Gaza Strip,,,censored,Protection,IDP/Refugee Service,Air-Launched: Plane,Aerial Bomb,Host Government: Military,Israeli Defence Forces,Protection Infrastructure,,,,,,,45055
2024-02-17,,OPT,PSE,Gaza Strip,,,censored,Health Care,Local Health Care Provider,Air-Launched: Plane,Aerial Bomb,Host Government: Military,Israeli Defence Forces,Health Infrastructure,,,,,,,44411
2024-02-17,,OPT,PSE,Gaza Strip,,,censored,"Health Care, Aid Operations",National Red Cross Society,Ground-Launched,Unspecified Explosive,Host Government: Military,Israeli Defence Forces,Health Infrastructure,,,,,,,44413
2024-02-17,,OPT,PSE,Gaza Strip,,,censored,Protection,IDP/Refugee Service,Air-Launched: Plane,Aerial Bomb,Host Government: Military,Israeli Defence Forces,Protection Infrastructure,,,,,,,80759
2024-02-16,,OPT,PSE,Gaza Strip,,,censored,"Health Care, Aid Operations",National Red Cross Society,Unspecified Launch Method,Unspecified Explosive,Host Government: Military,Israeli Defence Forces,Health Infrastructure,,,,,,,44402
2024-02-16,,OPT,PSE,Gaza Strip,,,censored,"Health Care, Aid Operations",National Red Cross Society,Ground-Launched,Unspecified Explosive,Host Government: Military,Israeli Defence Forces,Health Infrastructure,,,,,,,87339
2024-02-15,,OPT,PSE,Gaza Strip,,,censored,"Health Care, Protection, Aid Operations","IDP/Refugee Service, INGO, Local Health Care Provider",Ground-Launched,Shelling,Host Government: Military,Israeli Defence Forces,Multiple,,,,,,,44408
2024-02-15,,OPT,PSE,Gaza Strip,,,censored,Protection,IDP/Refugee Service,Air-Launched: Plane,Aerial Bomb,Host Government: Military,Israeli Defence Forces,Protection Infrastructure,,,,,,,45052
2024-02-14,,OPT,PSE,Gaza Strip,,,censored,"Health Care, Protection","IDP/Refugee Service, Local Health Care Provider",Unspecified Launch Method,Unspecified Explosive,Host Government: Military,Israeli Defence Forces,Protection Infrastructure,,1,,,,,75276
2024-02-14,,OPT,PSE,Gaza Strip,,,censored,"Health Care, Protection","IDP/Refugee Service, Local Health Care Provider",Unspecified Launch Method,Unspecified Explosive,Host Government: Military,Israeli Defence Forces,Protection Infrastructure,,1,,,,,75277
2024-02-14,,OPT,PSE,Gaza Strip,,,censored,Health Care,Local Health Care Provider,Unspecified Launch Method,Unspecified Explosive,Host Government: Military,Israeli Defence Forces,Health Infrastructure,,,,,,,44449
2024-02-14,,OPT,PSE,Gaza Strip,,,censored,"Health Care, Protection, Aid Operations","IDP/Refugee Service, INGO, Local Health Care Provider",Unspecified Launch Method,Unspecified Explosive,Host Government: Military,Israeli Defence Forces,Health Infrastructure,,,,,,,44370
2024-02-14,,OPT,PSE,Gaza Strip,,,censored,Protection,IDP/Refugee Service,Air-Launched: No Information on Platform Type,Aerial Bomb,Host Government: Military,Israeli Defence Forces,Protection Infrastructure,,,,,,,45025
2024-02-14,,Lebanon,LBN,Nabatieh Governorate,,,censored by HDX,"Health Care, Aid Operations",National Red Cross Society,Unspecified Launch Method,Unspecified Explosive,Foreign Forces: Military,Israeli Defence Forces,Health Worker,,,,,,,57557
2024-02-14,,OPT,PSE,Gaza Strip,,,censored,"Health Care, Aid Operations",National Red Cross Society,Ground-Launched,Shelling,Host Government: Military,Israeli Defence Forces,Health Infrastructure,,,,,,,44374
2024-02-14,,OPT,PSE,Gaza Strip,,,censored,Protection,IDP/Refugee Service,Air-Launched: No Information on Platform Type,Aerial Bomb,Host Government: Military,Israeli Defence Forces,Protection Infrastructure,,,,,,,45026
2024-02-12,,OPT,PSE,Gaza Strip,,,censored,Protection,IDP/Refugee Service,Air-Launched: No Information on Platform Type,Aerial Bomb,Host Government: Military,Israeli Defence Forces,Protection Infrastructure,,,,,,,45175
2024-02-12,,OPT,PSE,Gaza Strip,,,censored,"Health Care, Protection","IDP/Refugee Service, Local Health Care Provider",Ground-Launched,Shelling,Host Government: Military,Israeli Defence Forces,Multiple,,,,,,,44338
2024-02-12,,OPT,PSE,Gaza Strip,,,censored,"Health Care, Aid Operations",INGO,Unspecified Launch Method,Unspecified Explosive,Host Government: Military,Israeli Defence Forces,Aid Infrastructure,,,,,,,44360
2024-02-12,,OPT,PSE,Gaza Strip,,,censored,"Health Care, Aid Operations",National Red Cross Society,Ground-Launched,Missile,Host Government: Military,Israeli Defence Forces,Aid Infrastructure,,,,,,,45002
2024-02-12,,OPT,PSE,Gaza Strip,,,censored,Protection,IDP/Refugee Service,Air-Launched: Plane,Aerial Bomb,Host Government: Military,Israeli Defence Forces,Protection Infrastructure,,,,,,,45049
2024-02-12,,OPT,PSE,Gaza Strip,,,censored,"Health Care, Protection","IDP/Refugee Service, Local Health Care Provider",Air-Launched: Plane,Aerial Bomb,Host Government: Military,Israeli Defence Forces,Health Infrastructure,,,,,,,44335
2024-02-12,,OPT,PSE,Gaza Strip,,,censored,"Health Care, Protection, Aid Operations","IDP/Refugee Service, NGO",Air-Launched: Plane,Aerial Bomb,Host Government: Military,Israeli Defence Forces,Multiple,,,,,,,44333
2024-02-11,,OPT,PSE,Gaza Strip,,,censored,"Health Care, Aid Operations",National Red Cross Society,Ground-Launched,Artillery,Host Government: Military,Israeli Defence Forces,Multiple,,,,,,,44327
2024-02-11,,OPT,PSE,Gaza Strip,,,censored,"Education, Protection","IDP/Refugee Service, Local Education Provider",Air-Launched: Plane,Aerial Bomb,Host Government: Military,Israeli Defence Forces,Education Infrastructure,,,,,,,45877
2024-02-11,,OPT,PSE,Gaza Strip,,,censored,Health Care,Local Health Care Provider,Unspecified Launch Method,Unspecified Explosive,Host Government: Military,Israeli Defence Forces,Other,,,,,,,44315
2024-02-11,,OPT,PSE,Gaza Strip,,,censored,Protection,IDP/Refugee Service,Ground-Launched,Artillery,Host Government: Military,Israeli Defence Forces,Protection Infrastructure,,,,,,,44798
2024-02-10,,Lebanon,LBN,South Governorate,,,censored by HDX,Health Care,Private Health Care,Unspecified Launch Method,Unspecified Explosive,Foreign Forces: Military,Israeli Defence Forces,Health Infrastructure,,,,,,,86220
2024-02-10,,Lebanon,LBN,South Governorate,,,censored by HDX,Health Care,Other,Unspecified Launch Method,Unspecified Explosive,Foreign Forces: Military,Israeli Defence Forces,Health Infrastructure,,,,,,,86221
2024-02-10,,Lebanon,LBN,Nabatieh Governorate,,,censored by HDX,Health Care,Other,Unspecified Launch Method,Unspecified Explosive,Foreign Forces: Military,Israeli Defence Forces,Health Infrastructure,,,,,,,86223
2024-02-10,,OPT,PSE,Gaza Strip,,,censored,"Health Care, Aid Operations",National Red Cross Society,Unspecified Launch Method,Unspecified Explosive,Host Government: Military,Israeli Defence Forces,Health Infrastructure,,,2,,,,61228
2024-02-09,,OPT,PSE,Gaza Strip,,,censored,"Health Care, Protection, Aid Operations","IDP/Refugee Service, NGO",Unspecified Launch Method,Unspecified Explosive,Host Government: Military,Israeli Defence Forces,Multiple,,,,,,,44448
2024-02-09,,OPT,PSE,Gaza Strip,,,censored,Education,Local Education Provider,Air-Launched: Plane,Aerial Bomb,Host Government: Military,Israeli Defence Forces,Education Infrastructure,,,,,,,45867
2024-02-09,,OPT,PSE,Gaza Strip,,,censored,"Education, Protection, Aid Operations","IDP/Refugee Service, UN Agency",Ground-Launched,Missile,Host Government: Military,Israeli Defence Forces,Education Infrastructure,,,,,,,45866
2024-02-08,,OPT,PSE,Gaza Strip,,,censored,Health Care,Local Health Care Provider,Air-Launched: Plane,Aerial Bomb,Host Government: Military,Israeli Defence Forces,Health Infrastructure,,,,,,,44265
2024-02-08,,OPT,PSE,Gaza Strip,,,censored,"Health Care, Protection","IDP/Refugee Service, Local Health Care Provider",Air-Launched: Plane,Aerial Bomb,Host Government: Military,Israeli Defence Forces,Multiple,,,,,,,44281
2024-02-08,,OPT,PSE,Gaza Strip,,,censored,"Health Care, Protection","IDP/Refugee Service, Local Health Care Provider",Air-Launched: Drone,Aerial Bomb,Host Government: Military,Israeli Defence Forces,Multiple,,,,,,,44272
2024-02-08,,OPT,PSE,Gaza Strip,,,censored,Health Care,Local Health Care Provider,Unspecified Launch Method,Unspecified Explosive,Host Government: Military,Israeli Defence Forces,Other,,,,,,,44271
2024-02-08,,OPT,PSE,Gaza Strip,,,censored,"Health Care, Aid Operations",National Red Cross Society,Ground-Launched,Artillery,Host Government: Military,Israeli Defence Forces,Health Infrastructure,,,,,,,44270
2024-02-07,,OPT,PSE,West Bank,,,censored,Protection,IDP/Refugee Service,Ground-Launched,Missile,Host Government: Military,Israeli Defence Forces,Protection Infrastructure,,,,,,,45362
2024-02-07,,OPT,PSE,Gaza Strip,,,censored,"Protection, Aid Operations","IDP/Refugee Service, LNGO",Ground-Launched,Unspecified Explosive,Host Government: Military,Israeli Defence Forces,Other,,,,,,,45946
2024-02-07,,Syria,SYR,Homs Governorate,34.7,36.7,"(3) District, Communicipality or Commune ",Health Care,Local Health Care Provider,Air-Launched: Plane,Aerial Bomb,Foreign Forces: Military,Israeli Defence Forces,Health Worker,,1,,,,,45423
2024-02-06,,OPT,PSE,Gaza Strip,,,censored,"Health Care, Protection","IDP/Refugee Service, Local Health Care Provider",Air-Launched: Plane,Missile,Host Government: Military,Israeli Defence Forces,Protection Infrastructure,,1,,,,,44241
2024-02-06,,OPT,PSE,Gaza Strip,,,censored,Health Care,Local Health Care Provider,Unspecified Launch Method,Unspecified Explosive,Host Government: Military,Israeli Defence Forces,Health Worker,,1,,,,,72569
2024-02-06,,Lebanon,LBN,Nabatieh Governorate,,,censored by HDX,Health Care,Other,Unspecified Launch Method,Unspecified Explosive,Foreign Forces: Military,Israeli Defence Forces,Health Infrastructure,,,,,,,86219
2024-02-06,,OPT,PSE,Gaza Strip,,,censored,"Aid Operations, Food Security",NGO,Unspecified Launch Method,Unspecified Explosive,Host Government: Military,Israeli Defence Forces,Aid Infrastructure,,,,,,,45945
2024-02-06,,OPT,PSE,Gaza Strip,,,censored,Education,Local Education Provider,Air-Launched: Plane,Aerial Bomb,Host Government: Military,Israeli Defence Forces,Education Infrastructure,,,,,,,45860
2024-02-06,,OPT,PSE,Gaza Strip,,,censored,Protection,IDP/Refugee Service,Air-Launched: Plane,Aerial Bomb,Host Government: Military,Israeli Defence Forces,Protection Infrastructure,,,,,,,44781
2024-02-05,,Lebanon,LBN,Nabatieh Governorate,,,censored by HDX,Health Care,Other,Unspecified Launch Method,Unspecified Explosive,Foreign Forces: Military,Israeli Defence Forces,Health Infrastructure,,,,,,,86217
2024-02-05,,OPT,PSE,Gaza Strip,,,censored,"Health Care, Protection","IDP/Refugee Service, Local Health Care Provider",Ground-Launched,Shelling,Host Government: Military,Israeli Defence Forces,Multiple,,,,,,,86528
2024-02-05,,Lebanon,LBN,South Governorate,,,censored by HDX,Health Care,Local Health Care Provider,Air-Launched: Plane,Aerial Bomb,Foreign Forces: Military,Israeli Defence Forces,Health Infrastructure,,,,,,,44841
2024-02-05,,Lebanon,LBN,South Governorate,,,censored by HDX,Health Care,Other,Unspecified Launch Method,Unspecified Explosive,Foreign Forces: Military,Israeli Defence Forces,Health Infrastructure,,,,,,,86218
2024-02-05,,Lebanon,LBN,South Governorate,,,censored by HDX,Health Care,Other,Air-Launched: Plane,Aerial Bomb,Foreign Forces: Military,Israeli Defence Forces,Health Infrastructure,,,,,,,84235
2024-02-05,,OPT,PSE,Gaza Strip,,,censored,"Health Care, Aid Operations",National Red Cross Society,Unspecified Launch Method,Unspecified Explosive,Host Government: Military,Israeli Defence Forces,Health Infrastructure,,,,,,,44240
2024-02-05,,OPT,PSE,Gaza Strip,,,censored,"Aid Operations, Food Security",UN Agency,Unspecified Launch Method,Unspecified Explosive,Host Government: Military,Israeli Defence Forces,Aid Infrastructure,,,,,,,45943
2024-02-05,,OPT,PSE,Gaza Strip,,,censored,Protection,IDP/Refugee Service,Air-Launched: Plane,Aerial Bomb,Host Government: Military,Israeli Defence Forces,Protection Infrastructure,,,,,,,44992
2024-02-04,,OPT,PSE,Gaza Strip,,,censored,"Education, Protection","IDP/Refugee Service, Local Education Provider",Unspecified Launch Method,Unspecified Explosive,Host Government: Military,Israeli Defence Forces,Education Infrastructure,,,,,,,46824
2024-02-04,,OPT,PSE,Gaza Strip,,,censored,"Health Care, Aid Operations",National Red Cross Society,Ground-Launched,Shelling,Host Government: Military,Israeli Defence Forces,Aid Infrastructure,,,,,,,44095
2024-02-03,,OPT,PSE,Gaza Strip,,,censored,"Health Care, Aid Operations",National Red Cross Society,Unspecified Launch Method,Unspecified Explosive,Host Government: Military,Israeli Defence Forces,Aid Infrastructure,,,,,,,44122
2024-02-03,,OPT,PSE,Gaza Strip,,,censored,"Health Care, Aid Operations",National Red Cross Society,Unspecified Launch Method,Unspecified Explosive,Host Government: Military,Israeli Defence Forces,Health Infrastructure,,,,,,,44118
2024-02-03,,OPT,PSE,Gaza Strip,,,censored,Health Care,Local Health Care Provider,Air-Launched: Plane,Aerial Bomb,Host Government: Military,Israeli Defence Forces,Health Infrastructure,,,,,,,44062
2024-02-03,,OPT,PSE,Gaza Strip,,,censored,Health Care,Local Health Care Provider,Unspecified Launch Method,Unspecified Explosive,Host Government: Military,Israeli Defence Forces,Health Infrastructure,,,,,,,85292
2024-02-03,,OPT,PSE,Gaza Strip,,,censored,"Education, Protection","IDP/Refugee Service, Local Education Provider",Air-Launched: Plane,Aerial Bomb,Host Government: Military,Israeli Defence Forces,Education Infrastructure,,,,,,,45849
2024-02-02,,OPT,PSE,Gaza Strip,,,censored,"Health Care, Aid Operations",National Red Cross Society,Ground-Launched,Shelling,Host Government: Military,Israeli Defence Forces,Aid Infrastructure,,,1,,,,43998
2024-02-02,,OPT,PSE,Gaza Strip,,,censored,"Health Care, Aid Operations","INGO, Local Health Care Provider",Air-Launched: Plane,Aerial Bomb,Host Government: Military,Israeli Defence Forces,Aid Infrastructure,,3,,,,,45578
2024-02-02,,OPT,PSE,Gaza Strip,,,censored,"Health Care, Aid Operations",National Red Cross Society,Unspecified Launch Method,Unspecified Explosive,Host Government: Military,Israeli Defence Forces,Health Worker,,,,,,,43994
2024-02-02,,OPT,PSE,Gaza Strip,,,censored,"Health Care, Aid Operations",Government Aid Agency,Unspecified Launch Method,Unspecified Explosive,Host Government: Military,Israeli Defence Forces,Health Infrastructure,,,,,,,44000
2024-02-02,,OPT,PSE,Gaza Strip,,,censored,Health Care,Local Health Care Provider,Air-Launched: Plane,Aerial Bomb,Host Government: Military,Israeli Defence Forces,Health Infrastructure,,,,,,,43995
2024-02-01,,OPT,PSE,Gaza Strip,,,censored,"Health Care, Aid Operations",National Red Cross Society,Unspecified Launch Method,Unspecified Explosive,Host Government: Military,Israeli Defence Forces,Other,,,,,,,44015
2024-02-01,,OPT,PSE,Gaza Strip,,,censored,Aid Operations,Government Aid Agency,Unspecified Launch Method,Unspecified Explosive,Host Government: Military,Israeli Defence Forces,Other,,,,,,,44663
2024-02-01,,OPT,PSE,Gaza Strip,,,censored,"Health Care, Aid Operations",National Red Cross Society,Air-Launched: Plane,Aerial Bomb,Host Government: Military,Israeli Defence Forces,Aid Infrastructure,,,,,,,44114
2024-02-01,,OPT,PSE,Gaza Strip,,,censored,"Health Care, Protection, Aid Operations","IDP/Refugee Service, National Red Cross Society",Air-Launched: Plane,Aerial Bomb,Host Government: Military,Israeli Defence Forces,Health Infrastructure,,,,,,,44113
2024-02-01,,Lebanon,LBN,Nabatieh Governorate,,,censored by HDX,Health Care,Local Health Care Provider,Air-Launched: Plane,Aerial Bomb,Foreign Forces: Military,Israeli Defence Forces,Health Infrastructure,,,,,,,85260
2024-01-31,,OPT,PSE,Gaza Strip,,,censored,"Education, Protection","IDP/Refugee Service, Local Education Provider",Unspecified Launch Method,Unspecified Explosive,Host Government: Military,Israeli Defence Forces,Education Infrastructure,,,,,,,44047
2024-01-31,,OPT,PSE,Gaza Strip,,,censored,Protection,IDP/Refugee Service,Unspecified Launch Method,Unspecified Explosive,Host Government: Military,Israeli Defence Forces,Protection Infrastructure,,,,,,,44004
2024-01-31,,OPT,PSE,Gaza Strip,,,censored,"Health Care, Protection, Aid Operations","IDP/Refugee Service, INGO",Ground-Launched,Artillery,Host Government: Military,Israeli Defence Forces,Health Infrastructure,,,,,,,43967
2024-01-31,,Lebanon,LBN,Nabatieh Governorate,,,censored by HDX,Health Care,Local Health Care Provider,Air-Launched: Drone,Aerial Bomb,Foreign Forces: Military,Israeli Defence Forces,Health Infrastructure,,,,,,,44480
2024-01-31,,OPT,PSE,Gaza Strip,,,censored,"Education, Protection, Aid Operations","IDP/Refugee Service, UN Agency",Air-Launched: Drone,Aerial Bomb,Host Government: Military,Israeli Defence Forces,Aid Infrastructure,,,,,,,44055
2024-01-31,,OPT,PSE,Gaza Strip,,,censored,Protection,IDP/Refugee Service,Air-Launched: Drone,Aerial Bomb,Host Government: Military,Israeli Defence Forces,Education Infrastructure,,,,,,,44050
2024-01-31,,OPT,PSE,Gaza Strip,,,censored,Protection,IDP/Refugee Service,Air-Launched: Drone,Aerial Bomb,Host Government: Military,Israeli Defence Forces,Multiple,,,,,,,44537
2024-01-31,,OPT,PSE,Gaza Strip,,,censored,Protection,IDP/Refugee Service,Air-Launched: Drone,Aerial Bomb,Host Government: Military,Israeli Defence Forces,Protection Infrastructure,,,,,,,44539
2024-01-31,,Lebanon,LBN,South Governorate,,,censored by HDX,Health Care,Other,Unspecified Launch Method,Unspecified Explosive,Foreign Forces: Military,Israeli Defence Forces,Health Worker,,,,,,,86216
2024-01-31,,OPT,PSE,Gaza Strip,,,censored,Aid Operations,INGO,Unspecified Launch Method,Unspecified Explosive,Host Government: Military,Israeli Defence Forces,Aid Infrastructure,,,,,,,44662
2024-01-30,,OPT,PSE,Gaza Strip,,,censored,Protection,IDP/Refugee Service,Air-Launched: Plane,Aerial Bomb,Host Government: Military,Israeli Defence Forces,Protection Infrastructure,,,,,,,44460
2024-01-30,,OPT,PSE,Gaza Strip,,,censored,Protection,IDP/Refugee Service,Air-Launched: Plane,Aerial Bomb,Host Government: Military,Israeli Defence Forces,Protection Infrastructure,,,,,,,44010
2024-01-30,,OPT,PSE,Gaza Strip,,,censored,"Health Care, Aid Operations",National Red Cross Society,Unspecified Launch Method,Unspecified Explosive,Host Government: Military,Israeli Defence Forces,Health Infrastructure,,,,,,,43897
2024-01-30,,OPT,PSE,Gaza Strip,,,censored,Protection,IDP/Refugee Service,Air-Launched: Plane,Aerial Bomb,Host Government: Military,Israeli Defence Forces,Protection Infrastructure,,,,,,,44210
2024-01-30,,OPT,PSE,Gaza Strip,,,censored,"Health Care, Protection, Aid Operations","IDP/Refugee Service, National Red Cross Society",Ground-Launched,Shelling,Host Government: Military,Israeli Defence Forces,Multiple,,,,,,,43866
2024-01-30,,OPT,PSE,Gaza Strip,,,censored,"Education, Protection","IDP/Refugee Service, Local Education Provider",Air-Launched: Plane,Aerial Bomb,Host Government: Military,Israeli Defence Forces,Multiple,,,,,,,44046
2024-01-30,,OPT,PSE,Gaza Strip,,,censored,"Health Care, Protection","IDP/Refugee Service, Local Health Care Provider",Air-Launched: Plane,Aerial Bomb,Host Government: Military,Israeli Defence Forces,Multiple,,,,,,,43966
2024-01-30,,OPT,PSE,Gaza Strip,,,censored,"Health Care, Protection, Aid Operations","IDP/Refugee Service, INGO",Ground-Launched,Shelling,Host Government: Military,Israeli Defence Forces,Health Infrastructure,,,,,,,43968
2024-01-29,,OPT,PSE,Gaza Strip,,,censored,Health Care,Local Health Care Provider,Air-Launched: Plane,Missile,Host Government: Military,Israeli Defence Forces,Health Infrastructure,,,,,,,43849
2024-01-29,,OPT,PSE,Gaza Strip,,,censored,"Health Care, Aid Operations",National Red Cross Society,Air-Launched: Plane,Aerial Bomb,Host Government: Military,Israeli Defence Forces,Health Worker,,,,,,,43845
2024-01-29,,OPT,PSE,Gaza Strip,,,censored,"Health Care, Aid Operations",National Red Cross Society,Unspecified Launch Method,Unspecified Explosive,Host Government: Military,Israeli Defence Forces,Health Infrastructure,,,2,,,,43867
2024-01-29,,OPT,PSE,Gaza Strip,,,censored,"Education, Protection","IDP/Refugee Service, Local Education Provider",Ground-Launched,Missile,Host Government: Military,Israeli Defence Forces,Education Infrastructure,,,,,,,43934
2024-01-29,,OPT,PSE,Gaza Strip,,,censored,Protection,IDP/Refugee Service,Air-Launched: Plane,Aerial Bomb,Host Government: Military,Israeli Defence Forces,Protection Infrastructure,,,,,,,43938
2024-01-29,,OPT,PSE,Gaza Strip,,,censored,Health Care,Local Health Care Provider,Air-Launched: Plane,Aerial Bomb,Host Government: Military,Israeli Defence Forces,Health Infrastructure,,1,,,,,84806
2024-01-29,,OPT,PSE,Gaza Strip,,,censored,Protection,IDP/Refugee Service,Air-Launched: Plane,Aerial Bomb,Host Government: Military,Israeli Defence Forces,Protection Infrastructure,,,,,,,44205
2024-01-29,,OPT,PSE,Gaza Strip,,,censored,"Health Care, Protection, Aid Operations","IDP/Refugee Service, INGO",Air-Launched: Plane,Aerial Bomb,Host Government: Military,Israeli Defence Forces,Health Infrastructure,,,,,,,43834
2024-01-28,,OPT,PSE,Gaza Strip,,,censored,"Health Care, Protection","IDP/Refugee Service, Local Health Care Provider",Unspecified Launch Method,Unspecified Explosive,Host Government: Military,Israeli Defence Forces,Protection Infrastructure,,1,,,,,43937
2024-01-28,,OPT,PSE,Gaza Strip,,,censored,"Education, Protection","IDP/Refugee Service, Local Education Provider",Unspecified Launch Method,Unspecified Explosive,Host Government: Military,Israeli Defence Forces,Education Infrastructure,,,,,,,43931
2024-01-28,,OPT,PSE,Gaza Strip,,,censored,Health Care,Local Health Care Provider,Ground-Launched,Shelling,Host Government: Military,Israeli Defence Forces,Health Infrastructure,,,,,,,43915
2024-01-28,,OPT,PSE,Gaza Strip,,,censored,Aid Operations,NGO,Unspecified Launch Method,Unspecified Explosive,Host Government: Military,Israeli Defence Forces,Aid Infrastructure,,,,,,,44542
2024-01-28,,OPT,PSE,Gaza Strip,,,censored,Protection,IDP/Refugee Service,Air-Launched: Plane,Aerial Bomb,Host Government: Military,Israeli Defence Forces,Protection Infrastructure,,,,,,,44459
2024-01-28,,OPT,PSE,Gaza Strip,,,censored,Protection,IDP/Refugee Service,Air-Launched: Plane,Aerial Bomb,Host Government: Military,Israeli Defence Forces,Protection Infrastructure,,,,,,,44486
2024-01-28,,OPT,PSE,Gaza Strip,,,censored,Protection,IDP/Refugee Service,Air-Launched: Plane,Aerial Bomb,Host Government: Military,Israeli Defence Forces,Protection Infrastructure,,,,,,,44487
2024-01-27,,OPT,PSE,Gaza Strip,,,censored,"Health Care, Aid Operations",National Red Cross Society,Air-Launched: Plane,Aerial Bomb,Host Government: Military,Israeli Defence Forces,Health Infrastructure,,,,,,,43787
2024-01-27,,OPT,PSE,Gaza Strip,,,censored,Health Care,Local Health Care Provider,Ground-Launched,Shelling,Host Government: Military,Israeli Defence Forces,Health Infrastructure,,,,,,,43986
2024-01-27,,OPT,PSE,Gaza Strip,,,censored,"Health Care, Aid Operations",National Red Cross Society,Unspecified Launch Method,Unspecified Explosive,Host Government: Military,Israeli Defence Forces,Health Infrastructure,,,,,,,87334
2024-01-27,,OPT,PSE,Gaza Strip,,,censored,Protection,IDP/Refugee Service,Air-Launched: Plane,Aerial Bomb,Host Government: Military,Israeli Defence Forces,Protection Infrastructure,,,,,,,44485
2024-01-27,,OPT,PSE,Gaza Strip,,,censored,"Health Care, Aid Operations",National Red Cross Society,Unspecified Launch Method,Unspecified Explosive,Host Government: Military,Israeli Defence Forces,Health Infrastructure,,,,,,,43916
2024-01-27,,OPT,PSE,Gaza Strip,,,censored,"Health Care, Aid Operations",National Red Cross Society,Unspecified Launch Method,Unspecified Explosive,Host Government: Military,Israeli Defence Forces,Aid Infrastructure,,,,,,,87332
2024-01-26,,OPT,PSE,Gaza Strip,,,censored,"Health Care, Aid Operations",National Red Cross Society,Ground-Launched,Artillery,Host Government: Military,Israeli Defence Forces,Health Infrastructure,,,,,,,43810
2024-01-26,,OPT,PSE,Gaza Strip,,,censored,Health Care,Local Health Care Provider,Air-Launched: Drone,Aerial Bomb,Host Government: Military,Israeli Defence Forces,Health Infrastructure,,,,,,,43832
2024-01-26,,OPT,PSE,Gaza Strip,,,censored,Protection,IDP/Refugee Service,None,Artillery,Host Government: Military,Israeli Defence Forces,Protection Infrastructure,,,,,,,43902
2024-01-26,,OPT,PSE,Gaza Strip,,,censored,"Health Care, Aid Operations",National Red Cross Society,Unspecified Launch Method,Unspecified Explosive,Host Government: Military,Israeli Defence Forces,Aid Infrastructure,,,,,,,43980
2024-01-25,,OPT,PSE,Gaza Strip,,,censored,Health Care,Local Health Care Provider,Air-Launched: Drone,Aerial Bomb,Host Government: Military,Israeli Defence Forces,Health Infrastructure,,,,,,,43790
2024-01-25,,OPT,PSE,Gaza Strip,,,censored,Education,Local Education Provider,Ground-Launched,Shelling,Host Government: Military,Israeli Defence Forces,Education Infrastructure,,,,,,,44056
2024-01-25,,OPT,PSE,Gaza Strip,,,censored,"Health Care, Protection, Aid Operations",UN Agency,Ground-Launched,Shelling,Host Government: Military,Israeli Defence Forces,Other,,,,,,,44061
2024-01-25,,OPT,PSE,Gaza Strip,,,censored,Protection,IDP/Refugee Service,Air-Launched: Plane,Aerial Bomb,Host Government: Military,Israeli Defence Forces,Protection Infrastructure,,,,,,,44354
2024-01-25,,OPT,PSE,Gaza Strip,,,censored,Health Care,Local Health Care Provider,Air-Launched: Drone,Aerial Bomb,Host Government: Military,Israeli Defence Forces,Health Infrastructure,,,,,,,43786
2024-01-25,,OPT,PSE,Gaza Strip,,,censored,"Health Care, Aid Operations",NGO,Air-Launched: Plane,Aerial Bomb,Host Government: Military,Israeli Defence Forces,Health Infrastructure,,,,,,,44039
2024-01-25,,OPT,PSE,Gaza Strip,,,censored,Protection,IDP/Refugee Service,Unspecified Launch Method,Unspecified Explosive,Host Government: Military,Israeli Defence Forces,Protection Infrastructure,,,,,,,44011
2024-01-24,,OPT,PSE,Gaza Strip,,,censored,Health Care,Local Health Care Provider,Air-Launched: Plane,Aerial Bomb,Host Government: Military,Israeli Defence Forces,Other,,,,,,,43964
2024-01-24,,OPT,PSE,Gaza Strip,,,censored,Protection,IDP/Refugee Service,Air-Launched: Plane,Aerial Bomb,Host Government: Military,Israeli Defence Forces,Protection Infrastructure,,,,,,,44353
2024-01-24,,OPT,PSE,Gaza Strip,,,censored,"Health Care, Aid Operations",National Red Cross Society,Ground-Launched,Shelling,Host Government: Military,Israeli Defence Forces,Health Infrastructure,,,,,,,43784
2024-01-24,,OPT,PSE,Gaza Strip,,,censored,Health Care,Local Health Care Provider,Air-Launched: Plane,Aerial Bomb,Host Government: Military,Israeli Defence Forces,Health Infrastructure,,,,,,,44041
2024-01-24,,OPT,PSE,Gaza Strip,,,censored,Aid Operations,United Nations,Unspecified Launch Method,Unspecified Explosive,Host Government: Military,Israeli Defence Forces,Other,,,,,,,44540
2024-01-24,,OPT,PSE,Gaza Strip,,,censored,Education,Local Education Provider,Ground-Launched,Shelling,Host Government: Military,Israeli Defence Forces,Education Infrastructure,,,,,,,43884
2024-01-24,,OPT,PSE,Gaza Strip,,,censored,Education,Local Education Provider,Ground-Launched,Unspecified Explosive,Host Government: Military,Israeli Defence Forces,Education Infrastructure,,,,,,,43927
2024-01-24,,OPT,PSE,Gaza Strip,,,censored,Health Care,Local Health Care Provider,Air-Launched: Plane,Aerial Bomb,Host Government: Military,Israeli Defence Forces,Health Infrastructure,,,,,,,43948
2024-01-23,,OPT,PSE,Gaza Strip,,,censored,"Education, Protection","IDP/Refugee Service, Local Education Provider",Ground-Launched,Artillery,Host Government: Military,Israeli Defence Forces,Education Infrastructure,,,,,,,44395
2024-01-23,,OPT,PSE,Gaza Strip,,,censored,"Health Care, Aid Operations",National Red Cross Society,Air-Launched: Drone,Aerial Bomb,Host Government: Military,Israeli Defence Forces,Health Infrastructure,,,,,,,43755
2024-01-23,,OPT,PSE,Gaza Strip,,,censored,"Health Care, Aid Operations",National Red Cross Society,Air-Launched: Drone,Aerial Bomb,Host Government: Military,Israeli Defence Forces,Health Infrastructure,,,,,,,43745
2024-01-23,,OPT,PSE,Gaza Strip,,,censored,Health Care,Local Health Care Provider,Air-Launched: Plane,Aerial Bomb,Host Government: Military,Israeli Defence Forces,Health Infrastructure,,,,,,,43780
2024-01-23,,OPT,PSE,Gaza Strip,,,censored,Protection,IDP/Refugee Service,Unspecified Launch Method,Unspecified Explosive,Host Government: Military,Israeli Defence Forces,Protection Infrastructure,,,,,,,43903
2024-01-23,,OPT,PSE,Gaza Strip,,,censored,"Health Care, Aid Operations",National Red Cross Society,Unspecified Launch Method,Unspecified Explosive,Host Government: Military,Israeli Defence Forces,Health Infrastructure,,,,,,,43753
2024-01-23,,OPT,PSE,Gaza Strip,,,censored,"Health Care, Aid Operations",National Red Cross Society,Air-Launched: Drone,Artillery,Host Government: Military,Israeli Defence Forces,Health Infrastructure,,,,,,,43744
2024-01-23,,OPT,PSE,Gaza Strip,,,censored,Health Care,Local Health Care Provider,Unspecified Launch Method,Unspecified Explosive,Host Government: Military,Israeli Defence Forces,Health Infrastructure,,,,,,,43766
2024-01-23,,OPT,PSE,Gaza Strip,,,censored,"Aid Operations, Food Security",UN Agency,Unspecified Launch Method,Unspecified Explosive,Host Government: Military,Israeli Defence Forces,Aid Infrastructure,,,,,,,45903
2024-01-23,,OPT,PSE,Gaza Strip,,,censored,Protection,IDP/Refugee Service,Air-Launched: Plane,Aerial Bomb,Host Government: Military,Israeli Defence Forces,Protection Infrastructure,,,,,,,44323
2024-01-23,,OPT,PSE,Gaza Strip,,,censored,Health Care,Local Health Care Provider,Ground-Launched,Unspecified Explosive,Host Government: Military,Israeli Defence Forces,Health Infrastructure,,,,,,,43771
2024-01-23,,OPT,PSE,Gaza Strip,,,censored,Health Care,Local Health Care Provider,Ground-Launched,Artillery,Host Government: Military,Israeli Defence Forces,Health Infrastructure,,,,,,,43775
2024-01-22,,OPT,PSE,Gaza Strip,,,censored,"Health Care, Aid Operations","INGO, Local Health Care Provider",Unspecified Launch Method,Unspecified Explosive,Host Government: Military,Israeli Defence Forces,Health Infrastructure,,,,,,,43743
2024-01-22,,OPT,PSE,Gaza Strip,,,censored,Education,Local Education Provider,Unspecified Launch Method,Unspecified Explosive,Host Government: Military,Israeli Defence Forces,Education Infrastructure,,,,,,,43776
2024-01-22,,OPT,PSE,Gaza Strip,,,censored,Health Care,Local Health Care Provider,Unspecified Launch Method,Unspecified Explosive,Host Government: Military,Israeli Defence Forces,Other,,,,,,,43781
2024-01-22,,OPT,PSE,Gaza Strip,,,censored,Protection,IDP/Refugee Service,Air-Launched: Plane,Aerial Bomb,Host Government: Military,Israeli Defence Forces,Protection Infrastructure,,,,,,,44381
2024-01-22,,OPT,PSE,Gaza Strip,,,censored,"Education, Protection","IDP/Refugee Service, Local Education Provider",Unspecified Launch Method,Unspecified Explosive,Host Government: Military,Israeli Defence Forces,Education Infrastructure,,,,,,,43883
2024-01-22,,Lebanon,LBN,Nabatieh Governorate,,,censored by HDX,Education,Local Education Provider,Air-Launched: Plane,Aerial Bomb,Foreign Forces: Military,Israeli Defence Forces,Education Infrastructure,,,,,,,87320
2024-01-22,,OPT,PSE,Gaza Strip,,,censored,"Health Care, Aid Operations",National Red Cross Society,Unspecified Launch Method,Unspecified Explosive,Host Government: Military,Israeli Defence Forces,Health Infrastructure,,,,,,,43694
2024-01-22,,OPT,PSE,Gaza Strip,,,censored,"Health Care, Protection","IDP/Refugee Service, Local Health Care Provider",Ground-Launched,Shelling,Host Government: Military,Israeli Defence Forces,Protection Infrastructure,,1,,,,,69251
2024-01-22,,OPT,PSE,Gaza Strip,,,censored,Protection,IDP/Refugee Service,Ground-Launched,"RPG, Shelling",Multiple,"Israeli Defence Forces, Qassam Brigades",Protection Infrastructure,,,,,,,44017
2024-01-22,,OPT,PSE,Gaza Strip,,,censored,Health Care,Local Health Care Provider,Unspecified Launch Method,Unspecified Explosive,Host Government: Military,Israeli Defence Forces,Health Worker,,1,,,,,74252
2024-01-21,,OPT,PSE,Gaza Strip,,,censored,Protection,IDP/Refugee Service,Air-Launched: Plane,Aerial Bomb,Host Government: Military,Israeli Defence Forces,Protection Infrastructure,,,,,,,44320
2024-01-21,,OPT,PSE,Gaza Strip,,,censored,Protection,IDP/Refugee Service,Air-Launched: Plane,Aerial Bomb,Host Government: Military,Israeli Defence Forces,Protection Infrastructure,,,,,,,44321
2024-01-21,,Lebanon,LBN,Nabatieh Governorate,,,censored by HDX,Health Care,Private Health Care,Unspecified Launch Method,Unspecified Explosive,Foreign Forces: Military,Israeli Defence Forces,Health Infrastructure,,,,,,,86214
2024-01-21,,OPT,PSE,Gaza Strip,,,censored,Health Care,Local Health Care Provider,Air-Launched: Drone,Rocket,Host Government: Military,Israeli Defence Forces,Health Worker,,1,,,,,43686
2024-01-21,,OPT,PSE,Gaza Strip,,,censored,"Health Care, Aid Operations",National Red Cross Society,Unspecified Launch Method,Unspecified Explosive,Host Government: Military,Israeli Defence Forces,Health Infrastructure,,,,,,,43683
2024-01-21,,Lebanon,LBN,Nabatieh Governorate,,,censored by HDX,"Health Care, Aid Operations","Government Aid Agency, Private Health Care",Air-Launched: Plane,Aerial Bomb,Foreign Forces: Military,Israeli Defence Forces,Multiple,,,,,,,57619
2024-01-21,,OPT,PSE,Gaza Strip,,,censored,Health Care,Local Health Care Provider,Air-Launched: Plane,Aerial Bomb,Host Government: Military,Israeli Defence Forces,Health Infrastructure,,,,,,,43684
2024-01-20,,OPT,PSE,Gaza Strip,,,censored,"Health Care, Protection","IDP/Refugee Service, Local Health Care Provider",Unspecified Launch Method,Unspecified Explosive,Host Government: Military,Israeli Defence Forces,Multiple,,,,,,,86527
2024-01-20,,OPT,PSE,Gaza Strip,,,censored,"Health Care, Aid Operations",National Red Cross Society,Unspecified Launch Method,Unspecified Explosive,Host Government: Military,Israeli Defence Forces,Aid Infrastructure,,,,,,,87331
2024-01-20,,OPT,PSE,Gaza Strip,,,censored,"Health Care, Aid Operations",National Red Cross Society,Air-Launched: Plane,Aerial Bomb,Host Government: Military,Israeli Defence Forces,Health Infrastructure,,,,,,,43682
2024-01-20,,OPT,PSE,Gaza Strip,,,censored,Protection,IDP/Refugee Service,Unspecified Launch Method,"Rocket, Unspecified Explosive",Multiple,"Israeli Defence Forces, Qassam Brigades",Protection Infrastructure,,,,,,,43877
2024-01-20,,OPT,PSE,Gaza Strip,,,censored,Protection,IDP/Refugee Service,Air-Launched: Plane,Aerial Bomb,Host Government: Military,Israeli Defence Forces,Protection Infrastructure,,,,,,,43831
2024-01-20,,OPT,PSE,Gaza Strip,,,censored,Health Care,Local Health Care Provider,Air-Launched: Plane,Aerial Bomb,Host Government: Military,Israeli Defence Forces,Health Infrastructure,,,,,,,43762
2024-01-19,,OPT,PSE,Gaza Strip,,,censored,"Health Care, Aid Operations",National Red Cross Society,Air-Launched: Drone,Aerial Bomb,Host Government: Military,Israeli Defence Forces,Health Worker,,,,,,,43652
2024-01-19,,OPT,PSE,Gaza Strip,,,censored,Health Care,Local Health Care Provider,Air-Launched: Plane,Aerial Bomb,Host Government: Military,Israeli Defence Forces,Health Infrastructure,,,,,,,43678
2024-01-19,,OPT,PSE,Gaza Strip,,,censored,Protection,IDP/Refugee Service,Air-Launched: Plane,Aerial Bomb,Host Government: Military,Israeli Defence Forces,Protection Infrastructure,,,,,,,44267
2024-01-19,,OPT,PSE,Gaza Strip,,,censored,"Health Care, Protection, Aid Operations","IDP/Refugee Service, National Red Cross Society",Air-Launched: Drone,Aerial Bomb,Host Government: Military,Israeli Defence Forces,Health Infrastructure,,,,,,,43651
2024-01-19,,OPT,PSE,Gaza Strip,,,censored,Protection,IDP/Refugee Service,Air-Launched: Plane,Aerial Bomb,Host Government: Military,Israeli Defence Forces,Protection Infrastructure,,,,,,,43761
2024-01-19,,OPT,PSE,Gaza Strip,,,censored,Health Care,Local Health Care Provider,Air-Launched: Plane,Aerial Bomb,Host Government: Military,Israeli Defence Forces,Health Infrastructure,,,,,,,43681
2024-01-19,,OPT,PSE,Gaza Strip,,,censored,Health Care,Local Health Care Provider,Air-Launched: Plane,Aerial Bomb,Host Government: Military,Israeli Defence Forces,Health Worker,,1,,,,,84663
2024-01-19,,OPT,PSE,Gaza Strip,,,censored,"Health Care, Aid Operations",National Red Cross Society,Ground-Launched,Artillery,Host Government: Military,Israeli Defence Forces,Health Infrastructure,,,,,,,43759
2024-01-18,,OPT,PSE,Gaza Strip,,,censored,Education,Local Education Provider,Air-Launched: Plane,Aerial Bomb,Host Government: Military,Israeli Defence Forces,Education Infrastructure,,,,,,,44385
2024-01-18,,OPT,PSE,Gaza Strip,,,censored,Education,Local Education Provider,Directly-emplaced,Unspecified Explosive,Host Government: Military,Israeli Defence Forces,Education Infrastructure,,,,,,,43924
2024-01-18,,OPT,PSE,Gaza Strip,,,censored,"Health Care, Aid Operations",INGO,Unspecified Launch Method,Missile,Host Government: Military,Israeli Defence Forces,Aid Infrastructure,,,,,,,43650
2024-01-18,,OPT,PSE,Gaza Strip,,,censored,"Health Care, Aid Operations",National Red Cross Society,Ground-Launched,Artillery,Host Government: Military,Israeli Defence Forces,Health Infrastructure,,,,,,,43648
2024-01-17,,OPT,PSE,West Bank,,,censored,Protection,IDP/Refugee Service,Air-Launched: Plane,Aerial Bomb,Host Government: Military,Israeli Defence Forces,Protection Infrastructure,,,,,,,44005
2024-01-17,,OPT,PSE,West Bank,,,censored,"Health Care, Protection, Aid Operations","IDP/Refugee Service, National Red Cross Society",Air-Launched: Plane,Aerial Bomb,Host Government: Military,Israeli Defence Forces,Multiple,,,,,,,43795
2024-01-17,,OPT,PSE,West Bank,,,censored,"Health Care, Aid Operations",National Red Cross Society,Air-Launched: Plane,Aerial Bomb,Host Government: Military,Israeli Defence Forces,Health Infrastructure,,,,,,,43796
2024-01-17,,OPT,PSE,Gaza Strip,,,censored,Education,Local Education Provider,Unspecified Launch Method,Unspecified Explosive,Host Government: Military,Israeli Defence Forces,Education Infrastructure,,,,,,,43700
2024-01-17,,OPT,PSE,Gaza Strip,,,censored,"Health Care, Aid Operations",UN Agency,Unspecified Launch Method,Missile,Host Government: Military,Israeli Defence Forces,Health Infrastructure,,,,,,,43647
2024-01-17,,OPT,PSE,Gaza Strip,,,censored,Health Care,Local Health Care Provider,Air-Launched: Drone,Aerial Bomb,Host Government: Military,Israeli Defence Forces,Health Infrastructure,,,,,,,43645
2024-01-16,,OPT,PSE,Gaza Strip,,,censored,Health Care,Local Health Care Provider,Ground-Launched,Artillery,Host Government: Military,Israeli Defence Forces,Health Infrastructure,,,,,,,43643
2024-01-16,,OPT,PSE,Gaza Strip,,,censored,Health Care,Local Health Care Provider,Air-Launched: Plane,Aerial Bomb,Host Government: Military,Israeli Defence Forces,Health Infrastructure,,,,,,,43642
2024-01-16,,OPT,PSE,Gaza Strip,,,censored,Health Care,Local Health Care Provider,Unspecified Launch Method,Unspecified Explosive,Host Government: Military,Israeli Defence Forces,Health Infrastructure,,,,,,,43632
2024-01-16,,OPT,PSE,Gaza Strip,,,censored,"Health Care, Aid Operations",National Red Cross Society,Ground-Launched,Shelling,Host Government: Military,Israeli Defence Forces,Aid Infrastructure,,,,,,,43621
2024-01-16,,OPT,PSE,Gaza Strip,,,censored,Education,Local Education Provider,Ground-Launched,Artillery,Host Government: Military,Israeli Defence Forces,Education Infrastructure,,,,,,,43815
2024-01-16,,OPT,PSE,Gaza Strip,,,censored,Protection,IDP/Refugee Service,Air-Launched: Plane,Aerial Bomb,Host Government: Military,Israeli Defence Forces,Protection Infrastructure,,,,,,,44266
2024-01-15,,OPT,PSE,Gaza Strip,,,censored,Education,Local Education Provider,Ground-Launched,Shelling,Host Government: Military,Israeli Defence Forces,Education Infrastructure,,,,,,,43813
2024-01-15,,OPT,PSE,Gaza Strip,,,censored,Health Care,Local Health Care Provider,Ground-Launched,Shelling,Host Government: Military,Israeli Defence Forces,Health Infrastructure,,,,,,,43620
2024-01-15,,OPT,PSE,Gaza Strip,,,censored,"Health Care, Aid Operations",Government Aid Agency,Air-Launched: Plane,Aerial Bomb,Host Government: Military,Israeli Defence Forces,Health Worker,,1,,,,,45902
2024-01-14,,OPT,PSE,Gaza Strip,,,censored,Education,Local Education Provider,Unspecified Launch Method,Unspecified Explosive,Host Government: Military,Israeli Defence Forces,Education Infrastructure,,,,,,,43699
2024-01-14,,OPT,PSE,Gaza Strip,,,censored,Protection,IDP/Refugee Service,Air-Launched: Plane,Aerial Bomb,Host Government: Military,Israeli Defence Forces,Protection Infrastructure,,,,,,,44155
2024-01-14,,OPT,PSE,Gaza Strip,,,censored,Protection,IDP/Refugee Service,Air-Launched: Plane,Aerial Bomb,Host Government: Military,Israeli Defence Forces,Protection Infrastructure,,,,,,,44264
2024-01-14,,OPT,PSE,Gaza Strip,,,censored,Protection,IDP/Refugee Service,Ground-Launched,Artillery,Host Government: Military,Israeli Defence Forces,Protection Infrastructure,,,,,,,44176
2024-01-13,,OPT,PSE,Gaza Strip,,,censored,Health Care,Local Health Care Provider,Ground-Launched,Artillery,Host Government: Military,Israeli Defence Forces,Health Infrastructure,,,,,,,43453
2024-01-13,,OPT,PSE,Gaza Strip,,,censored,Health Care,Local Health Care Provider,Ground-Launched,Artillery,Host Government: Military,Israeli Defence Forces,Health Infrastructure,,,,,,,43447
2024-01-12,,Lebanon,LBN,Nabatieh Governorate,,,censored by HDX,Health Care,Local Health Care Provider,Unspecified Launch Method,Unspecified Explosive,Foreign Forces: Military,Israeli Defence Forces,Health Worker,,1,,,,,46625
2024-01-12,,OPT,PSE,Gaza Strip,,,censored,Protection,IDP/Refugee Service,Air-Launched: Plane,Artillery,Host Government: Military,Israeli Defence Forces,Protection Infrastructure,,,,,,,44237
2024-01-12,,OPT,PSE,Gaza Strip,,,censored,Protection,IDP/Refugee Service,Air-Launched: Plane,Aerial Bomb,Host Government: Military,Israeli Defence Forces,Protection Infrastructure,,,,,,,44238
2024-01-12,,OPT,PSE,Gaza Strip,,,censored,Protection,IDP/Refugee Service,Air-Launched: Plane,Aerial Bomb,Host Government: Military,Israeli Defence Forces,Protection Infrastructure,,,,,,,43823
2024-01-12,,OPT,PSE,Gaza Strip,,,censored,Protection,IDP/Refugee Service,Ground-Launched,Shelling,Host Government: Military,Israeli Defence Forces,Protection Infrastructure,,,,,,,44132
2024-01-11,,OPT,PSE,Gaza Strip,,,censored,Health Care,Local Health Care Provider,Air-Launched: Plane,Aerial Bomb,Host Government: Military,Israeli Defence Forces,Health Infrastructure,,,,,,,43442
2024-01-11,,OPT,PSE,Gaza Strip,,,censored,Protection,IDP/Refugee Service,Ground-Launched,Artillery,Host Government: Military,Israeli Defence Forces,Protection Infrastructure,,,,,,,44175
2024-01-11,,Lebanon,LBN,Nabatieh Governorate,,,censored by HDX,Health Care,Private Health Care,Air-Launched: Plane,Aerial Bomb,Foreign Forces: Military,Israeli Defence Forces,Private/Voluntary Aid,,2,,,,,43949
2024-01-11,,OPT,PSE,Gaza Strip,,,censored,"Aid Operations, Food Security",NGO,Air-Launched: Drone,Aerial Bomb,Host Government: Military,Israeli Defence Forces,Other,,,,,,,45899
2024-01-11,,OPT,PSE,Gaza Strip,,,censored,"Health Care, Aid Operations",Government Aid Agency,Unspecified Launch Method,Unspecified Explosive,Host Government: Military,Israeli Defence Forces,Health Worker,,,,,,,45900
2024-01-11,,Lebanon,LBN,Nabatieh Governorate,,,censored by HDX,Health Care,Local Health Care Provider,Ground-Launched,Artillery,Foreign Forces: Military,Israeli Defence Forces,Health Infrastructure,,,,,,,43961
2024-01-11,,OPT,PSE,Gaza Strip,,,censored,Protection,IDP/Refugee Service,Air-Launched: Plane,Aerial Bomb,Host Government: Military,Israeli Defence Forces,Protection Infrastructure,,,,,,,44236
2024-01-11,,OPT,PSE,Gaza Strip,,,censored,Protection,IDP/Refugee Service,Ground-Launched,Artillery,Host Government: Military,Israeli Defence Forces,Protection Infrastructure,,,,,,,44069
2024-01-10,,OPT,PSE,Gaza Strip,,,censored,Protection,IDP/Refugee Service,Ground-Launched,Artillery,Host Government: Military,Israeli Defence Forces,Protection Infrastructure,,,,,,,44131
2024-01-10,,OPT,PSE,Gaza Strip,,,censored,Protection,IDP/Refugee Service,Ground-Launched,Artillery,Host Government: Military,Israeli Defence Forces,Protection Infrastructure,,,,,,,44158
2024-01-10,,OPT,PSE,Gaza Strip,,,censored,"Health Care, Protection, Aid Operations","IDP/Refugee Service, National Red Cross Society",Air-Launched: Plane,Aerial Bomb,Host Government: Military,Israeli Defence Forces,Multiple,,,4,,,,43430
2024-01-10,,OPT,PSE,Gaza Strip,,,censored,Health Care,Local Health Care Provider,Air-Launched: Plane,Aerial Bomb,Host Government: Military,Israeli Defence Forces,Health Infrastructure,,,,,,,43440
2024-01-10,,OPT,PSE,Gaza Strip,,,censored,Protection,IDP/Refugee Service,Air-Launched: Plane,Aerial Bomb,Host Government: Military,Israeli Defence Forces,Protection Infrastructure,,,,,,,44148
2024-01-10,,OPT,PSE,Gaza Strip,,,censored,Protection,IDP/Refugee Service,Ground-Launched,Rocket,Host Government: Military,Israeli Defence Forces,Protection Infrastructure,,,,,,,44144
2024-01-10,,OPT,PSE,Gaza Strip,,,censored,Education,Local Education Provider,Ground-Launched,Missile,Host Government: Military,Israeli Defence Forces,Teacher/Student,,,,1,,,43812
2024-01-09,,OPT,PSE,Gaza Strip,,,censored,Health Care,Local Health Care Provider,Air-Launched: Plane,Aerial Bomb,Host Government: Military,Israeli Defence Forces,Health Worker,,1,,,,,69210
2024-01-09,,OPT,PSE,Gaza Strip,,,censored,Protection,IDP/Refugee Service,Ground-Launched,Shelling,Host Government: Military,Israeli Defence Forces,Health Infrastructure,,,,,,,43618
2024-01-09,,OPT,PSE,Gaza Strip,,,censored,Protection,IDP/Refugee Service,Air-Launched: Plane,Aerial Bomb,Host Government: Military,Israeli Defence Forces,Protection Infrastructure,,,,,,,43609
2024-01-09,,OPT,PSE,West Bank,,,censored,Protection,IDP/Refugee Service,Air-Launched: Plane,Aerial Bomb,Host Government: Military,Israeli Defence Forces,Protection Infrastructure,,,,,,,43751
2024-01-09,,OPT,PSE,Gaza Strip,,,censored,"Health Care, Protection","IDP/Refugee Service, Local Health Care Provider",Ground-Launched,Unspecified Explosive,Host Government: Military,Israeli Defence Forces,Protection Infrastructure,,1,,,,,72667
2024-01-09,,OPT,PSE,Gaza Strip,,,censored,"Education, Aid Operations",UN Agency,Ground-Launched,Shelling,Host Government: Military,Israeli Defence Forces,Education Infrastructure,,,,,,,43677
2024-01-09,,OPT,PSE,Gaza Strip,,,censored,Protection,IDP/Refugee Service,Ground-Launched,Artillery,Host Government: Military,Israeli Defence Forces,Protection Infrastructure,,,,,,,43672
2024-01-09,,Lebanon,LBN,Nabatieh Governorate,,,censored by HDX,Health Care,Local Health Care Provider,Air-Launched: Drone,Missile,Foreign Forces: Military,Israeli Defence Forces,Health Infrastructure,,,,,,,43939
2024-01-09,,OPT,PSE,West Bank,,,censored,Protection,IDP/Refugee Service,Unspecified Launch Method,Unspecified Explosive,Host Government: Military,Israeli Defence Forces,Protection Infrastructure,,,,,,,43638
2024-01-09,,OPT,PSE,Gaza Strip,,,censored,Protection,IDP/Refugee Service,Ground-Launched,Shelling,Host Government: Military,Israeli Defence Forces,Other,,,,,,,43636
2024-01-09,,OPT,PSE,Gaza Strip,,,censored,"Health Care, Protection, Aid Operations","IDP/Refugee Service, National Red Cross Society",Ground-Launched,Unspecified Explosive,Host Government: Military,Israeli Defence Forces,Aid Infrastructure,,,1,,,,45165
2024-01-09,,OPT,PSE,Gaza Strip,,,censored,Protection,IDP/Refugee Service,Air-Launched: Plane,Aerial Bomb,Host Government: Military,Israeli Defence Forces,Protection Infrastructure,,,,,,,44235
2024-01-08,,OPT,PSE,Gaza Strip,,,censored,Health Care,Local Health Care Provider,Air-Launched: Plane,Aerial Bomb,Host Government: Military,Israeli Defence Forces,Other,,,,,,,43333
2024-01-08,,OPT,PSE,Gaza Strip,,,censored,"Education, Aid Operations",UN Agency,Air-Launched: Plane,Aerial Bomb,Host Government: Military,Israeli Defence Forces,Education Infrastructure,,,,,,,43594
2024-01-08,,OPT,PSE,Gaza Strip,,,censored,Health Care,Local Health Care Provider,Air-Launched: Drone,Aerial Bomb,Host Government: Military,Israeli Defence Forces,Health Infrastructure,,,,,,,43193
2024-01-08,,OPT,PSE,West Bank,,,censored,Education,Local Education Provider,Air-Launched: Plane,Aerial Bomb,Host Government: Military,Israeli Defence Forces,Education Infrastructure,,,,,,,43626
2024-01-08,,OPT,PSE,Gaza Strip,,,censored,Protection,IDP/Refugee Service,Air-Launched: Plane,Aerial Bomb,Host Government: Military,Israeli Defence Forces,Other,,,,,,,43633
2024-01-08,,OPT,PSE,Gaza Strip,,,censored,"Health Care, Aid Operations",INGO,Ground-Launched,Shelling,Host Government: Military,Israeli Defence Forces,Health Infrastructure,,,,,,,43332
2024-01-08,,OPT,PSE,Gaza Strip,,,censored,Health Care,Local Health Care Provider,Air-Launched: Plane,Aerial Bomb,Host Government: Military,Israeli Defence Forces,Health Infrastructure,,,,,,,43194
2024-01-07,,OPT,PSE,Gaza Strip,,,censored,Education,Local Education Provider,Ground-Launched,Artillery,Host Government: Military,Israeli Defence Forces,Teacher/Student,,,,1,,,43624
2024-01-07,,OPT,PSE,Gaza Strip,,,censored,Protection,IDP/Refugee Service,Air-Launched: Plane,Aerial Bomb,Host Government: Military,Israeli Defence Forces,Protection Infrastructure,,,,,,,43595
2024-01-07,,OPT,PSE,Gaza Strip,,,censored,Health Care,Local Health Care Provider,Air-Launched: Drone,Aerial Bomb,Host Government: Military,Israeli Defence Forces,Health Infrastructure,,,,,,,43195
2024-01-07,,OPT,PSE,West Bank,,,censored,Protection,IDP/Refugee Service,Air-Launched: Plane,Aerial Bomb,Host Government: Military,Israeli Defence Forces,Protection Infrastructure,,,,,,,43637
2024-01-07,,OPT,PSE,Gaza Strip,,,censored,Protection,IDP/Refugee Service,Ground-Launched,Artillery,Host Government: Military,Israeli Defence Forces,Protection Infrastructure,,,,,,,43635
2024-01-07,,OPT,PSE,Gaza Strip,,,censored,Health Care,Local Health Care Provider,Air-Launched: Drone,Aerial Bomb,Host Government: Military,Israeli Defence Forces,Health Infrastructure,,,,,,,43327
2024-01-06,,OPT,PSE,Gaza Strip,,,censored,Health Care,Local Health Care Provider,Air-Launched: Plane,Aerial Bomb,Host Government: Military,Israeli Defence Forces,Health Worker,,3,,,,,43187
2024-01-06,,OPT,PSE,Gaza Strip,,,censored,"Health Care, Protection","IDP/Refugee Service, Local Health Care Provider",Air-Launched: Plane,Aerial Bomb,Host Government: Military,Israeli Defence Forces,Protection Infrastructure,,1,,,,,72701
2024-01-06,,OPT,PSE,Gaza Strip,,,censored,Protection,IDP/Refugee Service,Air-Launched: Drone,Aerial Bomb,Host Government: Military,Israeli Defence Forces,Protection Infrastructure,,,,,,,43670
2024-01-06,,OPT,PSE,Gaza Strip,,,censored,Health Care,Local Health Care Provider,Air-Launched: Drone,Shelling,Host Government: Military,Israeli Defence Forces,Health Infrastructure,,,,,,,43304
2024-01-06,,OPT,PSE,Gaza Strip,,,censored,Health Care,Local Health Care Provider,Air-Launched: Plane,Aerial Bomb,Host Government: Military,Israeli Defence Forces,Health Worker,,,,,,,43188
2024-01-06,,OPT,PSE,Gaza Strip,,,censored,Education,Local Education Provider,Unspecified Launch Method,Unspecified Explosive,Host Government: Military,Israeli Defence Forces,Education Infrastructure,,,,,,,43772
2024-01-06,,OPT,PSE,Gaza Strip,,,censored,Protection,IDP/Refugee Service,Air-Launched: Plane,Aerial Bomb,Host Government: Military,Israeli Defence Forces,Protection Infrastructure,,,,,,,43822
2024-01-06,,OPT,PSE,Gaza Strip,,,censored,"Protection, Aid Operations",UN Agency,Air-Launched: Plane,Aerial Bomb,Host Government: Military,Israeli Defence Forces,Aid Infrastructure,,,,,,,43065
2024-01-06,,OPT,PSE,Gaza Strip,,,censored,Protection,IDP/Refugee Service,Unspecified Launch Method,Unspecified Explosive,Host Government: Military,Israeli Defence Forces,Protection Infrastructure,,,,,,,44161
2024-01-06,,OPT,PSE,Gaza Strip,,,censored,Health Care,Local Health Care Provider,Air-Launched: Plane,Aerial Bomb,Host Government: Military,Israeli Defence Forces,Other,,,,,,,43307
2024-01-06,,OPT,PSE,Gaza Strip,,,censored,Protection,IDP/Refugee Service,Air-Launched: No Information on Platform Type,Aerial Bomb,Host Government: Military,Israeli Defence Forces,Protection Infrastructure,,,,,,,44234
2024-01-05,,OPT,PSE,Gaza Strip,,,censored,Protection,IDP/Refugee Service,Air-Launched: Plane,Aerial Bomb,Host Government: Military,Israeli Defence Forces,Protection Infrastructure,,,,,,,43820
2024-01-05,,OPT,PSE,Gaza Strip,,,censored,Health Care,Local Health Care Provider,Air-Launched: Drone,Artillery,Host Government: Military,Israeli Defence Forces,Health Infrastructure,,,,,,,43302
2024-01-05,,OPT,PSE,Gaza Strip,,,censored,Protection,IDP/Refugee Service,Air-Launched: Plane,Aerial Bomb,Host Government: Military,Israeli Defence Forces,Protection Infrastructure,,,,,,,44068
2024-01-05,,OPT,PSE,Gaza Strip,,,censored,Health Care,Local Health Care Provider,Unspecified Launch Method,Unspecified Explosive,Host Government: Military,Israeli Defence Forces,Health Infrastructure,,,,,,,43301
2024-01-05,,OPT,PSE,Gaza Strip,,,censored,Protection,IDP/Refugee Service,Air-Launched: Plane,Aerial Bomb,Host Government: Military,Israeli Defence Forces,Protection Infrastructure,,,,,,,43611
2024-01-05,,OPT,PSE,Gaza Strip,,,censored,Health Care,Local Health Care Provider,Air-Launched: Drone,Missile,Host Government: Military,Israeli Defence Forces,Health Infrastructure,,,,,,,43300
2024-01-05,,OPT,PSE,Gaza Strip,,,censored,"Health Care, Aid Operations",National Red Cross Society,Air-Launched: Drone,Aerial Bomb,Host Government: Military,Israeli Defence Forces,Health Infrastructure,,,,,,,43299
2024-01-05,,OPT,PSE,Gaza Strip,,,censored,Protection,IDP/Refugee Service,Ground-Launched,Artillery,Host Government: Military,Israeli Defence Forces,Protection Infrastructure,,,,,,,44233
2024-01-05,,OPT,PSE,Gaza Strip,,,censored,Protection,IDP/Refugee Service,Air-Launched: Plane,Aerial Bomb,Host Government: Military,Israeli Defence Forces,Protection Infrastructure,,,,,,,44209
2024-01-05,,OPT,PSE,Gaza Strip,,,censored,Protection,IDP/Refugee Service,Air-Launched: Plane,Aerial Bomb,Host Government: Military,Israeli Defence Forces,Protection Infrastructure,,,,,,,44156
2024-01-04,,OPT,PSE,Gaza Strip,,,censored,"Aid Operations, Food Security",UN Agency,Air-Launched: No Information on Platform Type,Aerial Bomb,Host Government: Military,Israeli Defence Forces,Aid Infrastructure,1,,,,,,45027
2024-01-04,,OPT,PSE,Gaza Strip,,,censored,Protection,IDP/Refugee Service,Air-Launched: Plane,Aerial Bomb,Host Government: Military,Israeli Defence Forces,Protection Infrastructure,,,,,,,44226
2024-01-04,,OPT,PSE,Gaza Strip,,,censored,"Health Care, Aid Operations",National Red Cross Society,Ground-Launched,Shelling,Host Government: Military,Israeli Defence Forces,Aid Infrastructure,,,,,,,42923
2024-01-04,,OPT,PSE,Gaza Strip,,,censored,"Health Care, Aid Operations",National Red Cross Society,Air-Launched: Plane,Aerial Bomb,Host Government: Military,Israeli Defence Forces,Health Infrastructure,,,,,,,87330
2024-01-04,,OPT,PSE,West Bank,,,censored,Protection,IDP/Refugee Service,Unspecified Launch Method,Unspecified Explosive,Host Government: Military,Israeli Defence Forces,Protection Infrastructure,,,,,,,43659
2024-01-04,,OPT,PSE,Gaza Strip,,,censored,Health Care,Local Health Care Provider,Air-Launched: Plane,Aerial Bomb,Host Government: Military,Israeli Defence Forces,Health Infrastructure,,,,,,,43297
2024-01-04,,OPT,PSE,Gaza Strip,,,censored,"Health Care, Protection, Aid Operations","IDP/Refugee Service, National Red Cross Society",Air-Launched: Plane,Aerial Bomb,Host Government: Military,Israeli Defence Forces,Multiple,,,,,,,43298
2024-01-04,,OPT,PSE,Gaza Strip,,,censored,Protection,IDP/Refugee Service,Air-Launched: Plane,Aerial Bomb,Host Government: Military,Israeli Defence Forces,Protection Infrastructure,,,,,,,43639
2024-01-04,,OPT,PSE,Gaza Strip,,,censored,Health Care,Local Health Care Provider,Unspecified Launch Method,Unspecified Explosive,Host Government: Military,Israeli Defence Forces,Health Worker,,1,,,,,43598
2024-01-04,,OPT,PSE,Gaza Strip,,,censored,Protection,IDP/Refugee Service,Air-Launched: Plane,Aerial Bomb,Host Government: Military,Israeli Defence Forces,Protection Infrastructure,,,,,,,43597
2024-01-04,,OPT,PSE,Gaza Strip,,,censored,"Health Care, Aid Operations",National Red Cross Society,Air-Launched: Plane,Aerial Bomb,Host Government: Military,Israeli Defence Forces,Aid Infrastructure,,,,,,,87329
2024-01-03,,OPT,PSE,Gaza Strip,,,censored,"Health Care, Protection, Aid Operations","IDP/Refugee Service, UN Agency",Air-Launched: Plane,Aerial Bomb,Host Government: Military,Israeli Defence Forces,Multiple,,,,,,,43267
2024-01-03,,OPT,PSE,Gaza Strip,,,censored,Protection,IDP/Refugee Service,Air-Launched: Plane,Aerial Bomb,Host Government: Military,Israeli Defence Forces,Protection Infrastructure,,,,,,,43539
2024-01-03,,OPT,PSE,Gaza Strip,,,censored,"Education, Protection","IDP/Refugee Service, Local Education Provider",Air-Launched: Plane,Aerial Bomb,Host Government: Military,Israeli Defence Forces,Education Infrastructure,,,,,,,43543
2024-01-03,,OPT,PSE,Gaza Strip,,,censored,"Education, Protection, Aid Operations","IDP/Refugee Service, UN Agency",Air-Launched: Plane,Aerial Bomb,Host Government: Military,Israeli Defence Forces,Multiple,,,,,,,43616
2024-01-03,,OPT,PSE,West Bank,,,censored,Protection,IDP/Refugee Service,Air-Launched: Drone,Missile,Host Government: Military,Israeli Defence Forces,Protection Infrastructure,,,,,,,43697
2024-01-03,,OPT,PSE,Gaza Strip,,,censored,Education,Local Education Provider,Air-Launched: Plane,Aerial Bomb,Host Government: Military,Israeli Defence Forces,Education Infrastructure,,,,,,,43704
2024-01-03,,OPT,PSE,Gaza Strip,,,censored,Education,Local Education Provider,Air-Launched: Plane,Aerial Bomb,Host Government: Military,Israeli Defence Forces,Education Infrastructure,,,,,,,43770
2024-01-03,,OPT,PSE,Gaza Strip,,,censored,Protection,IDP/Refugee Service,Air-Launched: Plane,Aerial Bomb,Host Government: Military,Israeli Defence Forces,Protection Infrastructure,,,,,,,43779
2024-01-03,,OPT,PSE,Gaza Strip,,,censored,Protection,IDP/Refugee Service,Ground-Launched,Shelling,Host Government: Military,Israeli Defence Forces,Protection Infrastructure,,,,,,,43794
2024-01-03,,OPT,PSE,Gaza Strip,,,censored,Protection,IDP/Refugee Service,Air-Launched: Plane,Aerial Bomb,Host Government: Military,Israeli Defence Forces,Protection Infrastructure,,,,,,,44012
2024-01-03,,OPT,PSE,Gaza Strip,,,censored,"Health Care, Aid Operations",National Red Cross Society,Ground-Launched,Artillery,Host Government: Military,Israeli Defence Forces,Health Infrastructure,,,,,,,42942
2024-01-03,,OPT,PSE,Gaza Strip,,,censored,"Health Care, Protection","IDP/Refugee Service, Local Health Care Provider",Air-Launched: Plane,Aerial Bomb,Host Government: Military,Israeli Defence Forces,Protection Infrastructure,,1,,,,,44186
2024-01-03,,OPT,PSE,Gaza Strip,,,censored,"Health Care, Aid Operations",National Red Cross Society,Ground-Launched,Artillery,Host Government: Military,Israeli Defence Forces,Aid Infrastructure,,,,,,,87328
2024-01-02,,OPT,PSE,Gaza Strip,,,censored,Protection,IDP/Refugee Service,Air-Launched: Plane,Aerial Bomb,Host Government: Military,Israeli Defence Forces,Protection Infrastructure,,,,,,,44149
2024-01-02,,OPT,PSE,Gaza Strip,,,censored,Health Care,Local Health Care Provider,Air-Launched: Plane,Aerial Bomb,Host Government: Military,Israeli Defence Forces,Health Infrastructure,,,,,,,42943
2024-01-02,,OPT,PSE,Gaza Strip,,,censored,"Health Care, Aid Operations",National Red Cross Society,Air-Launched: Drone,Aerial Bomb,Host Government: Military,Israeli Defence Forces,Health Infrastructure,,,,,,,43049
2024-01-02,,OPT,PSE,Gaza Strip,,,censored,Education,Local Education Provider,Ground-Launched,Artillery,Host Government: Military,Israeli Defence Forces,Education Infrastructure,,,,,,,43619
2024-01-02,,OPT,PSE,Gaza Strip,,,censored,Protection,IDP/Refugee Service,Air-Launched: Plane,Aerial Bomb,Host Government: Military,Israeli Defence Forces,Protection Infrastructure,,,,,,,44052
2024-01-01,,OPT,PSE,Gaza Strip,,,censored,Health Care,Local Health Care Provider,Unspecified Launch Method,Unspecified Explosive,Host Government: Military,Israeli Defence Forces,Health Infrastructure,,,,,,,85252
2024-01-01,,OPT,PSE,Gaza Strip,,,censored,Protection,IDP/Refugee Service,Air-Launched: Plane,Aerial Bomb,Host Government: Military,Israeli Defence Forces,Protection Infrastructure,,,,,,,43588
2024-01-01,,OPT,PSE,Gaza Strip,,,censored,Health Care,Local Health Care Provider,Ground-Launched,Artillery,Host Government: Military,Israeli Defence Forces,Health Worker,,1,,,,,43040
2024-01-01,,Lebanon,LBN,Nabatieh Governorate,,,censored by HDX,Health Care,Local Health Care Provider,Ground-Launched,Shelling,Foreign Forces: Military,Israeli Defence Forces,Health Infrastructure,,,,,,,43912
2023-12-31,,OPT,PSE,Gaza Strip,,,censored,Health Care,Local Health Care Provider,Ground-Launched,Shelling,Host Government: Military,Israeli Defence Forces,Health Infrastructure,,,,,,,43356
2023-12-31,,OPT,PSE,Gaza Strip,,,censored,Protection,IDP/Refugee Service,Unspecified Launch Method,Unspecified Explosive,Host Government: Military,Israeli Defence Forces,Protection Infrastructure,,,,,,,43221
2023-12-31,,OPT,PSE,Gaza Strip,,,censored,"Health Care, Protection","IDP/Refugee Service, Local Health Care Provider",Air-Launched: Plane,Aerial Bomb,Host Government: Military,Israeli Defence Forces,Protection Infrastructure,,1,,,,,42936
2023-12-31,,OPT,PSE,Gaza Strip,,,censored,Education,Local Education Provider,Air-Launched: Plane,Aerial Bomb,Host Government: Military,Israeli Defence Forces,Education Infrastructure,,,,,,,43497
2023-12-31,,OPT,PSE,Gaza Strip,,,censored,Health Care,Local Health Care Provider,Air-Launched: Plane,Aerial Bomb,Host Government: Military,Israeli Defence Forces,Health Infrastructure,,,,,,,42938
2023-12-31,,OPT,PSE,Gaza Strip,,,censored,"Health Care, Aid Operations",National Red Cross Society,Ground-Launched,Shelling,Host Government: Military,Israeli Defence Forces,Other,,,,,,,42939
2023-12-30,,OPT,PSE,Gaza Strip,,,censored,Protection,IDP/Refugee Service,Ground-Launched,Shelling,Host Government: Military,Israeli Defence Forces,Protection Infrastructure,,,,,,,43143
2023-12-30,,OPT,PSE,Gaza Strip,,,censored,Health Care,Local Health Care Provider,Ground-Launched,Shelling,Host Government: Military,Israeli Defence Forces,Other,,,,,,,42934
2023-12-30,,OPT,PSE,Gaza Strip,,,censored,Protection,IDP/Refugee Service,Air-Launched: Plane,Aerial Bomb,Host Government: Military,Israeli Defence Forces,Protection Infrastructure,,,,,,,43220
2023-12-30,,OPT,PSE,Gaza Strip,,,censored,Health Care,Local Health Care Provider,Air-Launched: Plane,Aerial Bomb,Host Government: Military,Israeli Defence Forces,Health Infrastructure,,,,,,,43039
2023-12-29,,OPT,PSE,West Bank,,,censored,Protection,IDP/Refugee Service,Air-Launched: Plane,Aerial Bomb,Host Government: Military,Israeli Defence Forces,Protection Infrastructure,,,,,,,43281
2023-12-29,,OPT,PSE,Gaza Strip,,,censored,Protection,IDP/Refugee Service,Unspecified Launch Method,Unspecified Explosive,Host Government: Military,Israeli Defence Forces,Education Infrastructure,,,,,,,43074
2023-12-29,,OPT,PSE,Gaza Strip,,,censored,"Protection, Food Security",IDP/Refugee Service,Directly-Emplaced,Hand Grenade,Host Government: Military,Israeli Defence Forces,Protection Infrastructure,,,,,,,43400
2023-12-29,,OPT,PSE,Gaza Strip,,,censored,Protection,IDP/Refugee Service,Air-Launched: Plane,Aerial Bomb,Host Government: Military,Israeli Defence Forces,Protection Infrastructure,,,,,,,43296
2023-12-29,,OPT,PSE,Gaza Strip,,,censored,"Health Care, Aid Operations",National Red Cross Society,Air-Launched: Plane,Aerial Bomb,Host Government: Military,Israeli Defence Forces,Multiple,,,,,,,42933
2023-12-29,,OPT,PSE,Gaza Strip,,,censored,Protection,IDP/Refugee Service,Air-Launched: Plane,Aerial Bomb,Host Government: Military,Israeli Defence Forces,Protection Infrastructure,,,,,,,43398
2023-12-29,,OPT,PSE,Gaza Strip,,,censored,Health Care,Local Health Care Provider,Air-Launched: Plane,Aerial Bomb,Host Government: Military,Israeli Defence Forces,Health Infrastructure,,,,,,,43358
2023-12-29,,OPT,PSE,Gaza Strip,,,censored,Health Care,Local Health Care Provider,Air-Launched: Plane,Aerial Bomb,Host Government: Military,Israeli Defence Forces,Health Infrastructure,,,,,,,43357
2023-12-28,,OPT,PSE,Gaza Strip,,,censored,"Health Care, Aid Operations",NGO,Air-Launched: Plane,Aerial Bomb,Host Government: Military,Israeli Defence Forces,Health Infrastructure,,,,,,,42914
2023-12-28,,OPT,PSE,Gaza Strip,,,censored,Protection,IDP/Refugee Service,Air-Launched: Plane,Aerial Bomb,Host Government: Military,Israeli Defence Forces,Protection Infrastructure,,,,,,,43140
2023-12-28,,OPT,PSE,Gaza Strip,,,censored,"Health Care, Aid Operations",National Red Cross Society,Air-Launched: Plane,Aerial Bomb,Host Government: Military,Israeli Defence Forces,Health Infrastructure,,,,,,,42920
2023-12-28,,OPT,PSE,Gaza Strip,,,censored,Protection,IDP/Refugee Service,Unspecified Launch Method,Unspecified Explosive,Host Government: Military,Israeli Defence Forces,Protection Infrastructure,,,,,,,43086
2023-12-27,,OPT,PSE,Gaza Strip,,,censored,Health Care,Local Health Care Provider,Air-Launched: Plane,Aerial Bomb,Host Government: Military,Israeli Defence Forces,Health Infrastructure,,,,,,,42907
2023-12-27,,OPT,PSE,Gaza Strip,,,censored,"Health Care, Aid Operations",National Red Cross Society,Ground-Launched,Shelling,Host Government: Military,Israeli Defence Forces,Multiple,,,,,,,42911
2023-12-27,,OPT,PSE,Gaza Strip,,,censored,Health Care,Local Health Care Provider,Air-Launched: Plane,Aerial Bomb,Host Government: Military,Israeli Defence Forces,Health Worker,,1,,,,,84801
2023-12-27,,OPT,PSE,Gaza Strip,,,censored,"Health Care, Aid Operations",UN Agency,Unspecified Launch Method,Unspecified Explosive,Host Government: Military,Israeli Defence Forces,Health Infrastructure,,,,,,,43265
2023-12-27,,OPT,PSE,Gaza Strip,,,censored,Protection,IDP/Refugee Service,Air-Launched: Plane,Aerial Bomb,Host Government: Military,Israeli Defence Forces,Protection Infrastructure,,,,,,,43043
2023-12-27,,OPT,PSE,Gaza Strip,,,censored,"Protection, Aid Operations","IDP/Refugee Service, UN Agency",Ground-Launched,Artillery,Host Government: Military,Israeli Defence Forces,Education Infrastructure,,,,,,,43217
2023-12-27,,OPT,PSE,West Bank,,,censored,Protection,IDP/Refugee Service,Air-Launched: Drone,Aerial Bomb,Host Government: Military,Israeli Defence Forces,Protection Infrastructure,,,,,,,43318
2023-12-27,,OPT,PSE,West Bank,,,censored,Protection,IDP/Refugee Service,Unspecified Launch Method,Unspecified Explosive,Host Government: Military,Israeli Defence Forces,Multiple,,,,,,,43317
2023-12-27,,OPT,PSE,Gaza Strip,,,censored,"Health Care, Protection","IDP/Refugee Service, Local Health Care Provider",Unspecified Launch Method,Missile,Host Government: Military,Israeli Defence Forces,Protection Infrastructure,,,,,,,42904
2023-12-27,,OPT,PSE,Gaza Strip,,,censored,"Health Care, Aid Operations",National Red Cross Society,Ground-Launched,Shelling,Host Government: Military,Israeli Defence Forces,Health Infrastructure,,,,,,,42906
2023-12-26,,OPT,PSE,Gaza Strip,,,censored,Health Care,Local Health Care Provider,Unspecified Launch Method,Missile,Host Government: Military,Israeli Defence Forces,Health Infrastructure,,,,,,,42878
2023-12-26,,OPT,PSE,Gaza Strip,,,censored,Health Care,Local Health Care Provider,Unspecified Launch Method,Missile,Host Government: Military,Israeli Defence Forces,Health Infrastructure,,,,,,,42880
2023-12-26,,OPT,PSE,Gaza Strip,,,censored,"Health Care, Aid Operations",National Red Cross Society,Ground-Launched,Artillery,Host Government: Military,Israeli Defence Forces,Multiple,,,,,,,42874
2023-12-26,,OPT,PSE,Gaza Strip,,,censored,Protection,IDP/Refugee Service,Unspecified Launch Method,Missile,Host Government: Military,Israeli Defence Forces,Protection Infrastructure,,,,,,,43584
2023-12-26,,OPT,PSE,West Bank,,,censored,Education,Local Education Provider,Unspecified Launch Method,Unspecified Explosive,Host Government: Military,Israeli Defence Forces,Education Infrastructure,,,,,,,43316
2023-12-26,,OPT,PSE,Gaza Strip,,,censored,Health Care,Local Health Care Provider,Unspecified Launch Method,Unspecified Explosive,Host Government: Military,Israeli Defence Forces,Health Infrastructure,,,,,,,43359
2023-12-26,,OPT,PSE,Gaza Strip,,,censored,Health Care,Local Health Care Provider,Unspecified Launch Method,Unspecified Explosive,Host Government: Military,Israeli Defence Forces,Health Infrastructure,,,,,,,43360
2023-12-26,,OPT,PSE,West Bank,,,censored,Protection,IDP/Refugee Service,Unspecified Launch Method,Unspecified Explosive,Host Government: Military,Israeli Defence Forces,Multiple,,,,,,,43314
2023-12-26,,OPT,PSE,Gaza Strip,,,censored,Protection,IDP/Refugee Service,Air-Launched: Plane,Aerial Bomb,Host Government: Military,Israeli Defence Forces,Protection Infrastructure,,,,,,,43402
2023-12-26,,OPT,PSE,Gaza Strip,,,censored,Protection,IDP/Refugee Service,Unspecified Launch Method,Unspecified Explosive,Host Government: Military,Israeli Defence Forces,Protection Infrastructure,,,,,,,43138
2023-12-26,,OPT,PSE,Gaza Strip,,,censored,Health Care,Local Health Care Provider,Unspecified Launch Method,Unspecified Explosive,Host Government: Military,Israeli Defence Forces,Health Worker,,1,,,,,70458
2023-12-25,,OPT,PSE,Gaza Strip,,,censored,Health Care,Local Health Care Provider,Unspecified Launch Method,Unspecified Explosive,Host Government: Military,Israeli Defence Forces,Health Infrastructure,,,,,,,42845
2023-12-25,,OPT,PSE,Gaza Strip,,,censored,"Health Care, Protection, Aid Operations","IDP/Refugee Service, NGO",Air-Launched: Plane,Aerial Bomb,Host Government: Military,Israeli Defence Forces,Multiple,,,,,,,42843
2023-12-25,,OPT,PSE,Gaza Strip,,,censored,"Education, Protection","IDP/Refugee Service, Local Education Provider",Air-Launched: Plane,Aerial Bomb,Host Government: Military,Israeli Defence Forces,Protection Infrastructure,,,,1,,,43133
2023-12-25,,OPT,PSE,Gaza Strip,,,censored,Health Care,Local Health Care Provider,Ground-Launched,Artillery,Host Government: Military,Israeli Defence Forces,Health Infrastructure,,1,,,,,74350
2023-12-25,,OPT,PSE,Gaza Strip,,,censored,Protection,IDP/Refugee Service,Air-Launched: Plane,Aerial Bomb,Host Government: Military,Israeli Defence Forces,Protection Infrastructure,,,,,,,43210
2023-12-25,,Lebanon,LBN,South Governorate,,,censored by HDX,Education,Local Education Provider,Ground-Launched,Missile,Foreign Forces: Military,Israeli Defence Forces,Education Infrastructure,,,,,,,87321
2023-12-24,,OPT,PSE,Gaza Strip,,,censored,"Health Care, Aid Operations",National Red Cross Society,Air-Launched: Drone,Aerial Bomb,Host Government: Military,Israeli Defence Forces,Health Infrastructure,,,,,,,43209
2023-12-24,,OPT,PSE,Gaza Strip,,,censored,Education,Local Education Provider,Unspecified Launch Method,Unspecified Explosive,Host Government: Military,Israeli Defence Forces,Education Infrastructure,,,,,,,43495
2023-12-24,,OPT,PSE,Gaza Strip,,,censored,Protection,IDP/Refugee Service,Ground-Launched,Shelling,Host Government: Military,Israeli Defence Forces,Protection Infrastructure,,,,,,,43084
2023-12-24,,OPT,PSE,Gaza Strip,,,censored,Health Care,Local Health Care Provider,Unspecified Launch Method,Unspecified Explosive,Host Government: Military,Israeli Defence Forces,Health Worker,,1,,,,,84709
2023-12-24,,OPT,PSE,West Bank,,,censored,Health Care,Local Health Care Provider,Air-Launched: Plane,Aerial Bomb,Host Government: Military,Israeli Defence Forces,Other,,,,,,,42978
2023-12-24,,Lebanon,LBN,Baalbek-Hermel Governorate,,,censored by HDX,Education,Local Education Provider,Air-Launched: Drone,Aerial Bomb,Foreign Forces: Military,Israeli Defence Forces,Education Infrastructure,,,,,,,43502
2023-12-24,,OPT,PSE,Gaza Strip,,,censored,Protection,IDP/Refugee Service,Ground-Launched,Artillery,Host Government: Military,Israeli Defence Forces,Protection Infrastructure,,,,,,,43404
2023-12-24,,OPT,PSE,Gaza Strip,,,censored,Protection,IDP/Refugee Service,Air-Launched: Plane,Aerial Bomb,Host Government: Military,Israeli Defence Forces,Protection Infrastructure,,,,,,,43205
2023-12-24,,OPT,PSE,Gaza Strip,,,censored,Protection,IDP/Refugee Service,Air-Launched: Plane,Aerial Bomb,Host Government: Military,Israeli Defence Forces,Protection Infrastructure,,,,,,,43041
2023-12-23,,OPT,PSE,Gaza Strip,,,censored,Protection,IDP/Refugee Service,Air-Launched: Plane,Aerial Bomb,Host Government: Military,Israeli Defence Forces,Protection Infrastructure,,,,,,,43405
2023-12-23,,OPT,PSE,Gaza Strip,,,censored,Education,Local Education Provider,Air-Launched: Plane,Aerial Bomb,Host Government: Military,Israeli Defence Forces,Education Infrastructure,,,,,,,43075
2023-12-23,,OPT,PSE,Gaza Strip,,,censored,"Protection, Aid Operations","IDP/Refugee Service, UN Agency",Air-Launched: Plane,Aerial Bomb,Host Government: Military,Israeli Defence Forces,Education Infrastructure,,,,,,,43237
2023-12-22,,OPT,PSE,Gaza Strip,,,censored,"Health Care, Aid Operations",National Red Cross Society,Ground-Launched,Shelling,Host Government: Military,Israeli Defence Forces,Health Infrastructure,,,,,,,42835
2023-12-22,,OPT,PSE,Gaza Strip,,,censored,Protection,IDP/Refugee Service,Unspecified Launch Method,Missile,Host Government: Military,Israeli Defence Forces,Protection Infrastructure,,,,,,,43037
2023-12-22,,OPT,PSE,Gaza Strip,,,censored,Aid Operations,UN Agency,Air-Launched: Plane,Aerial Bomb,Host Government: Military,Israeli Defence Forces,Aid Infrastructure,1,,,,,,42993
2023-12-22,,OPT,PSE,Gaza Strip,,,censored,"Health Care, Aid Operations",Government Aid Agency,Air-Launched: Plane,Aerial Bomb,Host Government: Military,Israeli Defence Forces,Health Worker,,,,,,,42850
2023-12-22,,OPT,PSE,Gaza Strip,,,censored,Protection,IDP/Refugee Service,Air-Launched: Plane,Aerial Bomb,Host Government: Military,Israeli Defence Forces,Protection Infrastructure,,,,,,,43407
2023-12-22,,OPT,PSE,Gaza Strip,,,censored,Education,Local Education Provider,Air-Launched: Plane,Aerial Bomb,Host Government: Military,Israeli Defence Forces,Teacher/Student,,,,1,,,43427
2023-12-21,,OPT,PSE,Gaza Strip,,,censored,"Health Care, Aid Operations",National Red Cross Society,Ground-Launched,Shelling,Host Government: Military,Israeli Defence Forces,Health Infrastructure,,,,,,,42833
2023-12-21,,OPT,PSE,Gaza Strip,,,censored,Protection,IDP/Refugee Service,Air-Launched: Plane,Aerial Bomb,Host Government: Military,Israeli Defence Forces,Protection Infrastructure,,,,,,,43524
2023-12-21,,OPT,PSE,Gaza Strip,,,censored,"Health Care, Aid Operations",National Red Cross Society,Ground-Launched,Shelling,Host Government: Military,Israeli Defence Forces,Multiple,,,,,,,42828
2023-12-21,,OPT,PSE,Gaza Strip,,,censored,Health Care,Local Health Care Provider,Air-Launched: Plane,Aerial Bomb,Host Government: Military,Israeli Defence Forces,Health Worker,,1,,,,,43204
2023-12-21,,OPT,PSE,Gaza Strip,,,censored,"Health Care, Aid Operations",National Red Cross Society,Ground-Launched,Artillery,Host Government: Military,Israeli Defence Forces,Health Infrastructure,,,,,,,42821
2023-12-21,,OPT,PSE,Gaza Strip,,,censored,"Health Care, Protection, Aid Operations","Government Aid Agency, IDP/Refugee Service",Air-Launched: Plane,Aerial Bomb,Host Government: Military,Israeli Defence Forces,Multiple,,,,,,,42815
2023-12-21,,OPT,PSE,Gaza Strip,,,censored,Health Care,Local Health Care Provider,Unspecified Launch Method,Unspecified Explosive,Host Government: Military,Israeli Defence Forces,Health Infrastructure,,,,,,,42834
2023-12-21,,OPT,PSE,Gaza Strip,,,censored,Protection,IDP/Refugee Service,Air-Launched: Plane,Aerial Bomb,Host Government: Military,Israeli Defence Forces,Protection Infrastructure,,,,,,,43528
2023-12-21,,OPT,PSE,Gaza Strip,,,censored,Protection,IDP/Refugee Service,Unspecified Launch Method,Unspecified Explosive,Host Government: Military,Israeli Defence Forces,Protection Infrastructure,,,,,,,43534
2023-12-21,,OPT,PSE,Jerusalem District,,,censored,Protection,IDP/Refugee Service,Directly-Emplaced,Hand Grenade,Host Government: Military,Israeli Defence Forces,Protection Infrastructure,,,,,,,43026
2023-12-20,,OPT,PSE,Gaza Strip,,,censored,Health Care,Local Health Care Provider,Unspecified Launch Method,Unspecified Explosive,Host Government: Military,Israeli Defence Forces,Health Infrastructure,,,,,,,42813
2023-12-20,,OPT,PSE,Gaza Strip,,,censored,Health Care,Local Health Care Provider,Ground-Launched,Artillery,Host Government: Military,Israeli Defence Forces,Health Infrastructure,,,,,,,42799
2023-12-20,,OPT,PSE,Gaza Strip,,,censored,"Health Care, Aid Operations",Government Aid Agency,Air-Launched: Plane,Aerial Bomb,Host Government: Military,Israeli Defence Forces,Health Infrastructure,,,,,,,42798
2023-12-20,,OPT,PSE,Gaza Strip,,,censored,Protection,IDP/Refugee Service,Ground-Launched,Shelling,Host Government: Military,Israeli Defence Forces,Protection Infrastructure,,,,,,,43248
2023-12-20,,OPT,PSE,Gaza Strip,,,censored,"Health Care, Protection","IDP/Refugee Service, Local Health Care Provider",Air-Launched: Plane,Aerial Bomb,Host Government: Military,Israeli Defence Forces,Protection Infrastructure,,1,,,,,76594
2023-12-20,,OPT,PSE,Gaza Strip,,,censored,"Health Care, Protection, Aid Operations","IDP/Refugee Service, National Red Cross Society",Ground-Launched,Artillery,Host Government: Military,Israeli Defence Forces,Multiple,,,,,,,42789
2023-12-20,,OPT,PSE,Gaza Strip,,,censored,Protection,IDP/Refugee Service,Ground-Launched,Shelling,Host Government: Military,Israeli Defence Forces,Protection Infrastructure,,,,,,,43529
2023-12-20,,OPT,PSE,Gaza Strip,,,censored,"Health Care, Aid Operations",National Red Cross Society,Air-Launched: Plane,Aerial Bomb,Host Government: Military,Israeli Defence Forces,Aid Infrastructure,,,,,,,85113
2023-12-20,,OPT,PSE,Gaza Strip,,,censored,"Health Care, Aid Operations",National Red Cross Society,Air-Launched: Plane,Aerial Bomb,Host Government: Military,Israeli Defence Forces,Health Infrastructure,,,,,,,42767
2023-12-20,,OPT,PSE,Gaza Strip,,,censored,"Health Care, Aid Operations",INGO,Air-Launched: Plane,Aerial Bomb,Host Government: Military,Israeli Defence Forces,Health Infrastructure,,,,,,,42814
2023-12-20,,OPT,PSE,Gaza Strip,,,censored,Education,Local Education Provider,Air-Launched: Plane,Aerial Bomb,Host Government: Military,Israeli Defence Forces,Education Infrastructure,,,,,,,43115
2023-12-20,,OPT,PSE,Gaza Strip,,,censored,Health Care,Local Health Care Provider,Ground-Launched,Artillery,Host Government: Military,Israeli Defence Forces,Health Infrastructure,,,,,,,86470
2023-12-19,,OPT,PSE,Gaza Strip,,,censored,Aid Operations,UN Agency,Air-Launched: Plane,Aerial Bomb,Host Government: Military,Israeli Defence Forces,Aid Infrastructure,,,,,,,42990
2023-12-19,,OPT,PSE,Gaza Strip,,,censored,"Protection, Aid Operations","IDP/Refugee Service, UN Agency",Ground-Launched,Shelling,Host Government: Military,Israeli Defence Forces,Education Infrastructure,1,,,,,,43634
2023-12-19,,OPT,PSE,Gaza Strip,,,censored,"Health Care, Aid Operations",National Red Cross Society,Air-Launched: Plane,Aerial Bomb,Host Government: Military,Israeli Defence Forces,Aid Infrastructure,,,,,,,42753
2023-12-19,,OPT,PSE,Gaza Strip,,,censored,Protection,IDP/Refugee Service,Unspecified Launch Method,Unspecified Explosive,Host Government: Military,Israeli Defence Forces,Protection Infrastructure,,,,,,,43525
2023-12-18,,OPT,PSE,Gaza Strip,,,censored,Protection,IDP/Refugee Service,Air-Launched: Plane,Aerial Bomb,Host Government: Military,Israeli Defence Forces,Protection Infrastructure,,,,,,,43229
2023-12-18,,OPT,PSE,Gaza Strip,,,censored,Education,Local Education Provider,Air-Launched: Plane,Aerial Bomb,Host Government: Military,Israeli Defence Forces,Education Infrastructure,,,,,,,43291
2023-12-18,,OPT,PSE,Gaza Strip,,,censored,Health Care,Local Health Care Provider,Air-Launched: Plane,Aerial Bomb,Host Government: Military,Israeli Defence Forces,Health Worker,,1,,,,,85371
2023-12-18,,OPT,PSE,Gaza Strip,,,censored,Protection,IDP/Refugee Service,Air-Launched: Plane,Aerial Bomb,Host Government: Military,Israeli Defence Forces,Protection Infrastructure,,,,,,,43532
2023-12-18,,OPT,PSE,Gaza Strip,,,censored,Health Care,Local Health Care Provider,Ground-Launched,Shelling,Host Government: Military,Israeli Defence Forces,Health Infrastructure,,,,,,,42733
2023-12-18,,OPT,PSE,Gaza Strip,,,censored,Health Care,Local Health Care Provider,Ground-Launched,Artillery,Host Government: Military,Israeli Defence Forces,Health Infrastructure,,,,,,,42734
2023-12-18,,OPT,PSE,Gaza Strip,,,censored,"Health Care, Protection, Aid Operations","Government Aid Agency, IDP/Refugee Service, Local Health Care Provider",Ground-Launched,Shelling,Host Government: Military,Israeli Defence Forces,Multiple,,,,,,,42751
2023-12-18,,OPT,PSE,Gaza Strip,,,censored,Health Care,Local Health Care Provider,Ground-Launched,Shelling,Host Government: Military,Israeli Defence Forces,Health Infrastructure,,,,,,,42752
2023-12-17,,OPT,PSE,Gaza Strip,,,censored,Protection,IDP/Refugee Service,Air-Launched: Plane,Aerial Bomb,Host Government: Military,Israeli Defence Forces,Multiple,,,,,,,43558
2023-12-17,,OPT,PSE,Gaza Strip,,,censored,"Education, Aid Operations",United Nations,Air-Launched: Plane,Aerial Bomb,Host Government: Military,Israeli Defence Forces,Education Infrastructure,,,,,,,43423
2023-12-17,,OPT,PSE,Gaza Strip,,,censored,Protection,IDP/Refugee Service,Air-Launched: Plane,Aerial Bomb,Host Government: Military,Israeli Defence Forces,Protection Infrastructure,,,,,,,43491
2023-12-17,,OPT,PSE,Gaza Strip,,,censored,"Protection, Aid Operations",UN Agency,Air-Launched: Plane,Aerial Bomb,Host Government: Military,Israeli Defence Forces,Other,,,,,,,43162
2023-12-17,,OPT,PSE,Gaza Strip,,,censored,"Health Care, Protection","IDP/Refugee Service, Local Health Care Provider",Unspecified Launch Method,Unspecified Explosive,Host Government: Military,Israeli Defence Forces,Protection Infrastructure,,1,,,,,84667
2023-12-17,,OPT,PSE,Gaza Strip,,,censored,Health Care,Local Health Care Provider,Air-Launched: Plane,Aerial Bomb,Host Government: Military,Israeli Defence Forces,Health Worker,,2,,,,,42731
2023-12-17,,OPT,PSE,Gaza Strip,,,censored,Health Care,Local Health Care Provider,Ground-Launched,Shelling,Host Government: Military,Israeli Defence Forces,Health Worker,,1,,,,,42730
2023-12-17,,OPT,PSE,Gaza Strip,,,censored,Health Care,Local Health Care Provider,Unspecified Launch Method,Unspecified Explosive,Host Government: Military,Israeli Defence Forces,Health Worker,,1,,,,,75242
2023-12-17,,OPT,PSE,West Bank,,,censored,Protection,IDP/Refugee Service,Unspecified Launch Method,Unspecified Explosive,Host Government: Military,Israeli Defence Forces,Protection Infrastructure,,,,,,,43311
2023-12-17,,OPT,PSE,Gaza Strip,,,censored,"Education, Aid Operations",UN Agency,Ground-Launched,Shelling,Host Government: Military,Israeli Defence Forces,Education Infrastructure,,,,,,,43128
2023-12-17,,OPT,PSE,Gaza Strip,,,censored,"Health Care, Aid Operations","INGO, Local Health Care Provider",Ground-Launched,Artillery,Host Government: Military,Israeli Defence Forces,Health Infrastructure,,,,,,,42702
2023-12-16,,OPT,PSE,Gaza Strip,,,censored,Health Care,Local Health Care Provider,Unspecified Launch Method,Unspecified Explosive,Host Government: Military,Israeli Defence Forces,Health Worker,,1,,,,,68323
2023-12-16,,OPT,PSE,Gaza Strip,,,censored,Health Care,Missionary,Ground-Launched,Rocket,Host Government: Military,Israeli Defence Forces,Health Infrastructure,,,,,,,42728
2023-12-16,,OPT,PSE,Gaza Strip,,,censored,"Health Care, Aid Operations",INGO,Ground-Launched,Artillery,Host Government: Military,Israeli Defence Forces,Health Infrastructure,,,,,,,85251
2023-12-16,,OPT,PSE,Gaza Strip,,,censored,"Protection, Aid Operations",LNGO,Air-Launched: Plane,Aerial Bomb,Host Government: Military,Israeli Defence Forces,Other,,,,,,,43163
2023-12-16,,OPT,PSE,Gaza Strip,,,censored,Protection,IDP/Refugee Service,Air-Launched: Plane,Aerial Bomb,Host Government: Military,Israeli Defence Forces,Protection Infrastructure,,,,,,,43566
2023-12-16,,OPT,PSE,West Bank,,,censored,Protection,IDP/Refugee Service,Air-Launched: Plane,Aerial Bomb,Host Government: Military,Israeli Defence Forces,Multiple,,,,,,,43308
2023-12-15,,OPT,PSE,Gaza Strip,,,censored,Health Care,Local Health Care Provider,Ground-Launched,Shelling,Host Government: Military,Israeli Defence Forces,Health Infrastructure,,,,,,,46320
2023-12-15,,OPT,PSE,Gaza Strip,,,censored,"Health Care, Aid Operations",NGO,Unspecified Launch Method,Unspecified Explosive,Host Government: Military,Israeli Defence Forces,Health Worker,,,1,,,,85377
2023-12-14,,OPT,PSE,Gaza Strip,,,censored,Protection,IDP/Refugee Service,Air-Launched: Plane,Aerial Bomb,Host Government: Military,Israeli Defence Forces,Protection Infrastructure,,,,,,,43527
2023-12-14,,OPT,PSE,Gaza Strip,,,censored,Health Care,Local Health Care Provider,Unspecified Launch Method,Unspecified Explosive,Host Government: Military,Israeli Defence Forces,Health Infrastructure,,,,,,,42672
2023-12-14,,OPT,PSE,Gaza Strip,,,censored,"Health Care, Aid Operations",INGO,Air-Launched: Plane,Aerial Bomb,Host Government: Military,Israeli Defence Forces,Health Infrastructure,,,,,,,42676
2023-12-14,,OPT,PSE,Gaza Strip,,,censored,Health Care,Local Health Care Provider,Air-Launched: Plane,Aerial Bomb,Host Government: Military,Israeli Defence Forces,Health Worker,,2,,,,,70425
2023-12-14,,OPT,PSE,Gaza Strip,,,censored,Education,Local Education Provider,Air-Launched: Plane,Aerial Bomb,Host Government: Military,Israeli Defence Forces,Teacher/Student,,,,1,,,43951
2023-12-13,,OPT,PSE,Gaza Strip,,,censored,"Protection, Aid Operations",UN Agency,Ground-Launched,Shelling,Host Government: Military,Israeli Defence Forces,Aid Infrastructure,,,,,,,42989
2023-12-13,,OPT,PSE,Gaza Strip,,,censored,"Health Care, Aid Operations",UN Agency,Air-Launched: Plane,Aerial Bomb,Host Government: Military,Israeli Defence Forces,Health Infrastructure,,,,,,,42655
2023-12-13,,OPT,PSE,West Bank,,,censored,Protection,IDP/Refugee Service,Unspecified Launch Method,Unspecified Explosive,Host Government: Military,Israeli Defence Forces,Protection Infrastructure,,,,,,,43553
2023-12-13,,OPT,PSE,Gaza Strip,,,censored,Education,Local Education Provider,Air-Launched: Plane,Aerial Bomb,Host Government: Military,Israeli Defence Forces,Education Infrastructure,,,,,,,43200
2023-12-13,,OPT,PSE,Gaza Strip,,,censored,Education,Local Education Provider,Air-Launched: Plane,Aerial Bomb,Host Government: Military,Israeli Defence Forces,Education Infrastructure,,,,,,,43363
2023-12-13,,OPT,PSE,Gaza Strip,,,censored,Health Care,Private Health Care,Air-Launched: Plane,Aerial Bomb,Host Government: Military,Israeli Defence Forces,Private/Voluntary Aid,,1,,,,,85510
2023-12-13,,OPT,PSE,Gaza Strip,,,censored,Protection,IDP/Refugee Service,Air-Launched: Plane,Aerial Bomb,Host Government: Military,Israeli Defence Forces,Protection Infrastructure,,,,,,,43243
2023-12-13,,OPT,PSE,Gaza Strip,,,censored,"Protection, Aid Operations",United Nations,Unspecified Launch Method,Unspecified Explosive,Host Government: Military,Israeli Defence Forces,Protection Infrastructure,,,,,,,42988
2023-12-12,,OPT,PSE,Gaza Strip,,,censored,Protection,IDP/Refugee Service,Air-Launched: Plane,Aerial Bomb,Host Government: Military,Israeli Defence Forces,Protection Infrastructure,,,,,,,43225
2023-12-12,,OPT,PSE,West Bank,,,censored,Protection,IDP/Refugee Service,Air-Launched: Drone,Aerial Bomb,Host Government: Military,Israeli Defence Forces,Protection Infrastructure,,,,,,,43542
2023-12-12,,OPT,PSE,Gaza Strip,,,censored,Aid Operations,INGO,Air-Launched: Plane,Aerial Bomb,Host Government: Military,Israeli Defence Forces,Other,1,,,,,,42977
2023-12-12,,Lebanon,LBN,Nabatieh Governorate,,,censored by HDX,Education,Local Education Provider,Ground-Launched,Missile,Foreign Forces: Military,Israeli Defence Forces,Education Infrastructure,,,,,,,87319
2023-12-12,,OPT,PSE,Gaza Strip,,,censored,Protection,IDP/Refugee Service,Air-Launched: Plane,Aerial Bomb,Host Government: Military,Israeli Defence Forces,Protection Infrastructure,,,,,,,43241
2023-12-12,,OPT,PSE,Gaza Strip,,,censored,Protection,IDP/Refugee Service,Air-Launched: Plane,Aerial Bomb,Host Government: Military,Israeli Defence Forces,Protection Infrastructure,,,,,,,43564
2023-12-11,,OPT,PSE,West Bank,,,censored,Protection,IDP/Refugee Service,Air-Launched: Drone,Aerial Bomb,Host Government: Military,Israeli Defence Forces,Protection Infrastructure,,,,,,,43289
2023-12-11,,OPT,PSE,Gaza Strip,,,censored,"Protection, Aid Operations","IDP/Refugee Service, UN Agency",Air-Launched: Plane,Aerial Bomb,Host Government: Military,Israeli Defence Forces,Education Infrastructure,,,,,,,42918
2023-12-11,,OPT,PSE,Gaza Strip,,,censored,Health Care,Local Health Care Provider,Ground-Launched,Artillery,Host Government: Military,Israeli Defence Forces,Health Worker,,1,,,,,74416
2023-12-11,,OPT,PSE,Gaza Strip,,,censored,Health Care,Local Health Care Provider,Ground-Launched,Shelling,Host Government: Military,Israeli Defence Forces,Health Infrastructure,,,,,,,42491
2023-12-11,,OPT,PSE,Gaza Strip,,,censored,"Health Care, Aid Operations",National Red Cross Society,Ground-Launched,Artillery,Host Government: Military,Israeli Defence Forces,Aid Infrastructure,,,,,,,42486
2023-12-11,,OPT,PSE,Gaza Strip,,,censored,Protection,IDP/Refugee Service,Unspecified Launch Method,Unspecified Explosive,Host Government: Military,Israeli Defence Forces,Protection Infrastructure,,,,,,,43485
2023-12-11,,OPT,PSE,Gaza Strip,,,censored,"Health Care, Aid Operations",National Red Cross Society,Air-Launched: Plane,Aerial Bomb,Host Government: Military,Israeli Defence Forces,Health Infrastructure,,,,,,,42492
2023-12-11,,OPT,PSE,Gaza Strip,,,censored,Health Care,Local Health Care Provider,Unspecified Launch Method,Unspecified Explosive,Host Government: Military,Israeli Defence Forces,Health Worker,,1,,,,,72410
2023-12-11,,OPT,PSE,Gaza Strip,,,censored,Health Care,Local Health Care Provider,Ground-Launched,Artillery,Host Government: Military,Israeli Defence Forces,Health Infrastructure,,,,,,,42490
2023-12-11,,OPT,PSE,Gaza Strip,,,censored,Health Care,Local Health Care Provider,Air-Launched: Plane,Aerial Bomb,Host Government: Military,Israeli Defence Forces,Health Worker,,1,,,,,74519
2023-12-11,,OPT,PSE,Gaza Strip,,,censored,Health Care,Local Health Care Provider,Ground-Launched,Shelling,Host Government: Military,Israeli Defence Forces,Health Infrastructure,,,,,,,42489
2023-12-11,,OPT,PSE,Gaza Strip,,,censored,Protection,IDP/Refugee Service,Air-Launched: Plane,Aerial Bomb,Host Government: Military,Israeli Defence Forces,Protection Infrastructure,,,,,,,43560
2023-12-11,,Lebanon,LBN,South Governorate,,,censored by HDX,Health Care,Private Health Care,Unspecified Launch Method,Unspecified Explosive,Foreign Forces: Military,Israeli Defence Forces,Health Infrastructure,,5,,,,,86211
2023-12-10,,OPT,PSE,Gaza Strip,,,censored,Protection,IDP/Refugee Service,Air-Launched: Plane,Aerial Bomb,Host Government: Military,Israeli Defence Forces,Protection Infrastructure,,,,,,,43556
2023-12-10,,Lebanon,LBN,South Governorate,,,censored by HDX,Health Care,Other,Unspecified Launch Method,Unspecified Explosive,Foreign Forces: Military,Israeli Defence Forces,Health Infrastructure,,,,,,,86208
2023-12-10,,OPT,PSE,Gaza Strip,,,censored,Health Care,Local Health Care Provider,Unspecified Launch Method,Unspecified Explosive,Host Government: Military,Israeli Defence Forces,Multiple,,,,,,,42544
2023-12-10,,OPT,PSE,Gaza Strip,,,censored,Protection,IDP/Refugee Service,Air-Launched: Plane,Aerial Bomb,Host Government: Military,Israeli Defence Forces,Protection Infrastructure,,,,,,,43120
2023-12-10,,OPT,PSE,Gaza Strip,,,censored,"Education, Health Care","Local Education Provider, Local Health Care Provider",Air-Launched: Plane,Aerial Bomb,Host Government: Military,Israeli Defence Forces,Health Worker,,1,,,,,42542
2023-12-10,,OPT,PSE,Gaza Strip,,,censored,Protection,IDP/Refugee Service,Air-Launched: Plane,Aerial Bomb,Host Government: Military,Israeli Defence Forces,Protection Infrastructure,,,,,,,43118
2023-12-10,,OPT,PSE,Gaza Strip,,,censored,"Health Care, Protection, Aid Operations","IDP/Refugee Service, National Red Cross Society, UN Agency",Unspecified Launch Method,Unspecified Explosive,Host Government: Military,Israeli Defence Forces,Multiple,,,,,,,42540
2023-12-10,,OPT,PSE,Gaza Strip,,,censored,"Health Care, Aid Operations",National Red Cross Society,Unspecified Launch Method,Unspecified Explosive,Host Government: Military,Israeli Defence Forces,Health Worker,,,1,,,,42539
2023-12-10,,OPT,PSE,Gaza Strip,,,censored,Protection,IDP/Refugee Service,Air-Launched: Plane,Aerial Bomb,Host Government: Military,Israeli Defence Forces,Protection Infrastructure,,,,,,,43476
2023-12-10,,OPT,PSE,Gaza Strip,,,censored,Health Care,Local Health Care Provider,Unspecified Launch Method,Unspecified Explosive,Host Government: Military,Israeli Defence Forces,Health Infrastructure,,,,,,,42536
2023-12-10,,OPT,PSE,Gaza Strip,,,censored,Protection,IDP/Refugee Service,Air-Launched: Plane,Aerial Bomb,Host Government: Military,Israeli Defence Forces,Protection Infrastructure,,,,,,,43478
2023-12-10,,OPT,PSE,Gaza Strip,,,censored,Education,Local Education Provider,Air-Launched: Plane,Aerial Bomb,Host Government: Military,Israeli Defence Forces,Education Infrastructure,,,,,,,43260
2023-12-10,,Lebanon,LBN,Nabatieh Governorate,,,censored by HDX,Health Care,Other,Unspecified Launch Method,Unspecified Explosive,Foreign Forces: Military,Israeli Defence Forces,Health Worker,,,,,,,86209
2023-12-09,,OPT,PSE,Gaza Strip,,,censored,Health Care,Local Health Care Provider,Ground-Launched,Shelling,Host Government: Military,Israeli Defence Forces,Health Infrastructure,,,,,,,42509
2023-12-09,,OPT,PSE,Gaza Strip,,,censored,"Health Care, Aid Operations",National Red Cross Society,Ground-Launched,Shelling,Host Government: Military,Israeli Defence Forces,Health Infrastructure,,,,,,,42506
2023-12-09,,OPT,PSE,Gaza Strip,,,censored,Protection,IDP/Refugee Service,Air-Launched: Plane,Aerial Bomb,Host Government: Military,Israeli Defence Forces,Protection Infrastructure,,,,,,,43034
2023-12-09,,OPT,PSE,Gaza Strip,,,censored,Protection,IDP/Refugee Service,Ground-Launched,Shelling,Host Government: Military,Israeli Defence Forces,Protection Infrastructure,,,,,,,43466
2023-12-09,,OPT,PSE,Gaza Strip,,,censored,Protection,IDP/Refugee Service,Air-Launched: Plane,Aerial Bomb,Host Government: Military,Israeli Defence Forces,Protection Infrastructure,,,,,,,43523
2023-12-09,,OPT,PSE,Gaza Strip,,,censored,Health Care,Local Health Care Provider,Ground-Launched,Shelling,Host Government: Military,Israeli Defence Forces,Health Infrastructure,,,,,,,42510
2023-12-09,,OPT,PSE,Gaza Strip,,,censored,Protection,IDP/Refugee Service,Air-Launched: Plane,Aerial Bomb,Host Government: Military,Israeli Defence Forces,Protection Infrastructure,,,,,,,43554
2023-12-09,,OPT,PSE,Gaza Strip,,,censored,"Health Care, Aid Operations",National Red Cross Society,Ground-Launched,Shelling,Host Government: Military,Israeli Defence Forces,Aid Infrastructure,,,,,,,42507
2023-12-09,,OPT,PSE,Gaza Strip,,,censored,Health Care,Local Health Care Provider,Ground-Launched,Shelling,Host Government: Military,Israeli Defence Forces,Health Infrastructure,,,,,,,42508
2023-12-09,,OPT,PSE,Gaza Strip,,,censored,"Health Care, Aid Operations",INGO,Unspecified Launch Method,Unspecified Explosive,Host Government: Military,Israeli Defence Forces,Health Infrastructure,,,,,,,42519
2023-12-09,,OPT,PSE,Gaza Strip,,,censored,"Health Care, Aid Operations",Government Aid Agency,Unspecified Launch Method,Unspecified Explosive,Host Government: Military,Israeli Defence Forces,Health Infrastructure,,,,,,,85570
2023-12-09,,OPT,PSE,Gaza Strip,,,censored,"Health Care, Aid Operations",INGO,Air-Launched: Plane,Aerial Bomb,Host Government: Military,Israeli Defence Forces,Health Infrastructure,,,,,,,42505
2023-12-09,,OPT,PSE,Gaza Strip,,,censored,"Health Care, Protection","IDP/Refugee Service, Local Health Care Provider",Ground-Launched,Shelling,Host Government: Military,Israeli Defence Forces,Health Infrastructure,,,,,,,42511
2023-12-08,,OPT,PSE,Gaza Strip,,,censored,Protection,IDP/Refugee Service,Unspecified Launch Method,Unspecified Explosive,Host Government: Military,Israeli Defence Forces,Protection Infrastructure,,,,,,,43465
2023-12-08,,OPT,PSE,Gaza Strip,,,censored,Education,Local Education Provider,Air-Launched: Plane,Aerial Bomb,Host Government: Military,Israeli Defence Forces,Education Infrastructure,,,,,,,43288
2023-12-08,,OPT,PSE,Gaza Strip,,,censored,Health Care,Local Health Care Provider,Air-Launched: Plane,Aerial Bomb,Host Government: Military,Israeli Defence Forces,Health Worker,,1,,,,,42418
2023-12-08,,OPT,PSE,Gaza Strip,,,censored,"Health Care, Aid Operations",National Red Cross Society,Air-Launched: Plane,Aerial Bomb,Host Government: Military,Israeli Defence Forces,Health Infrastructure,,,,,,,42485
2023-12-08,,OPT,PSE,Gaza Strip,,,censored,Education,Local Education Provider,Air-Launched: Plane,Aerial Bomb,Host Government: Military,Israeli Defence Forces,Education Infrastructure,,,,,,,43255
2023-12-08,,OPT,PSE,Gaza Strip,,,censored,Health Care,Local Health Care Provider,Air-Launched: Plane,Aerial Bomb,Host Government: Military,Israeli Defence Forces,Health Worker,,1,,,,,84706
2023-12-08,,OPT,PSE,Gaza Strip,,,censored,Education,Local Education Provider,Air-Launched: Plane,Aerial Bomb,Host Government: Military,Israeli Defence Forces,Education Infrastructure,,,,,,,43253
2023-12-08,,OPT,PSE,Gaza Strip,,,censored,"Education, Aid Operations",UN Agency,Air-Launched: Plane,Aerial Bomb,Host Government: Military,Israeli Defence Forces,Education Infrastructure,,,,,,,43252
2023-12-08,,OPT,PSE,Gaza Strip,,,censored,Health Care,Local Health Care Provider,Air-Launched: Plane,Aerial Bomb,Host Government: Military,Israeli Defence Forces,Health Worker,,1,,,,,42541
2023-12-08,,Lebanon,LBN,Nabatieh Governorate,,,censored by HDX,Health Care,Local Health Care Provider,Ground-Launched,Artillery,Foreign Forces: Military,Israeli Defence Forces,Health Infrastructure,,,,,,,42858
2023-12-08,,OPT,PSE,Gaza Strip,,,censored,"Health Care, Protection","IDP/Refugee Service, Local Health Care Provider",Ground-Launched,Shelling,Host Government: Military,Israeli Defence Forces,Multiple,,,,,,,42419
2023-12-08,,OPT,PSE,Gaza Strip,,,censored,"Health Care, Aid Operations",National Red Cross Society,Air-Launched: Plane,Aerial Bomb,Host Government: Military,Israeli Defence Forces,Aid Infrastructure,,,,,,,42487
2023-12-08,,OPT,PSE,Gaza Strip,,,censored,Health Care,Local Health Care Provider,Air-Launched: Plane,Aerial Bomb,Host Government: Military,Israeli Defence Forces,Health Infrastructure,,,,,,,42416
2023-12-08,,OPT,PSE,Gaza Strip,,,censored,"Health Care, Aid Operations",NGO,Air-Launched: Plane,Aerial Bomb,Host Government: Military,Israeli Defence Forces,Health Infrastructure,,,,,,,42417
2023-12-08,,OPT,PSE,Gaza Strip,,,censored,Protection,IDP/Refugee Service,Air-Launched: Plane,Aerial Bomb,Host Government: Military,Israeli Defence Forces,Protection Infrastructure,,,,,,,43552
2023-12-07,,OPT,PSE,Gaza Strip,,,censored,Health Care,Local Health Care Provider,Unspecified Launch Method,Unspecified Explosive,Host Government: Military,Israeli Defence Forces,Health Worker,,1,,,,,75209
2023-12-07,,OPT,PSE,Gaza Strip,,,censored,"Health Care, Protection","IDP/Refugee Service, Local Health Care Provider",Unspecified Launch Method,Unspecified Explosive,Host Government: Military,Israeli Defence Forces,Protection Infrastructure,,1,,,,,75208
2023-12-07,,OPT,PSE,Gaza Strip,,,censored,"Health Care, Protection, Aid Operations","IDP/Refugee Service, INGO",Ground-Launched,Shelling,Host Government: Military,Israeli Defence Forces,Health Infrastructure,,,,,,,85571
2023-12-07,,Lebanon,LBN,South Governorate,,,censored by HDX,Health Care,Local Health Care Provider,Air-Launched: Drone,Aerial Bomb,Foreign Forces: Military,Israeli Defence Forces,Health Worker,,,,,,,42856
2023-12-07,,OPT,PSE,Gaza Strip,,,censored,Education,Local Education Provider,Air-Launched: Plane,Aerial Bomb,Host Government: Military,Israeli Defence Forces,Teacher/Student,,,,1,,,43215
2023-12-07,,OPT,PSE,No Information,,,censored,"Health Care, Aid Operations",INGO,Unspecified Launch Method,Unspecified Explosive,Host Government: Military,Israeli Defence Forces,Health Worker,,,1,,,,43675
2023-12-07,,OPT,PSE,Gaza Strip,,,censored,Health Care,Local Health Care Provider,Air-Launched: Plane,Aerial Bomb,Host Government: Military,Israeli Defence Forces,Health Infrastructure,,,,,,,42525
2023-12-07,,OPT,PSE,Gaza Strip,,,censored,Protection,IDP/Refugee Service,Air-Launched: Plane,Aerial Bomb,Host Government: Military,Israeli Defence Forces,Protection Infrastructure,,,,,,,43459
2023-12-07,,OPT,PSE,Gaza Strip,,,censored,Health Care,Local Health Care Provider,Air-Launched: Plane,Aerial Bomb,Host Government: Military,Israeli Defence Forces,Health Worker,,1,,,,,42393
2023-12-06,,OPT,PSE,Gaza Strip,,,censored,"Health Care, Protection, Aid Operations","IDP/Refugee Service, INGO",Unspecified Launch Method,Unspecified Explosive,Host Government: Military,Israeli Defence Forces,Multiple,,,,,,,42396
2023-12-06,,OPT,PSE,Gaza Strip,,,censored,Health Care,Local Health Care Provider,Unspecified Launch Method,Unspecified Explosive,Host Government: Military,Israeli Defence Forces,Health Worker,,1,,,,,42428
2023-12-06,,OPT,PSE,Gaza Strip,,,censored,Protection,IDP/Refugee Service,Air-Launched: Plane,Aerial Bomb,Host Government: Military,Israeli Defence Forces,Protection Infrastructure,,,,,,,43116
2023-12-06,,OPT,PSE,Gaza Strip,,,censored,Health Care,Local Health Care Provider,Ground-Launched,Unspecified Explosive,Host Government: Military,Israeli Defence Forces,Other,,,,,,,42502
2023-12-06,,OPT,PSE,Gaza Strip,,,censored,Protection,IDP/Refugee Service,Air-Launched: Plane,Aerial Bomb,Host Government: Military,Israeli Defence Forces,Protection Infrastructure,,,,,,,43238
2023-12-06,,OPT,PSE,Gaza Strip,,,censored,Aid Operations,Government Aid Agency,Air-Launched: Plane,Aerial Bomb,Host Government: Military,Israeli Defence Forces,Other,,,,,,,42970
2023-12-06,,OPT,PSE,Gaza Strip,,,censored,"Health Care, Protection","IDP/Refugee Service, Local Health Care Provider",Air-Launched: Plane,Aerial Bomb,Host Government: Military,Israeli Defence Forces,Protection Infrastructure,,4,,,,,43455
2023-12-06,,OPT,PSE,Gaza Strip,,,censored,Protection,IDP/Refugee Service,Air-Launched: Plane,Aerial Bomb,Host Government: Military,Israeli Defence Forces,Protection Infrastructure,,,,,,,43399
2023-12-06,,OPT,PSE,Gaza Strip,,,censored,Protection,IDP/Refugee Service,Air-Launched: Plane,Aerial Bomb,Host Government: Military,Israeli Defence Forces,Protection Infrastructure,,,,,,,43223
2023-12-05,,OPT,PSE,Gaza Strip,,,censored,Health Care,Local Health Care Provider,Ground-Launched,Artillery,Host Government: Military,Israeli Defence Forces,Health Infrastructure,,,,,,,42438
2023-12-05,,OPT,PSE,Gaza Strip,,,censored,Protection,IDP/Refugee Service,Air-Launched: Plane,Aerial Bomb,Host Government: Military,Israeli Defence Forces,Protection Infrastructure,,,,,,,43397
2023-12-05,,OPT,PSE,Gaza Strip,,,censored,Education,Local Education Provider,Unspecified Launch Method,Unspecified Explosive,Host Government: Military,Israeli Defence Forces,Education Infrastructure,,,,,,,43211
2023-12-05,,OPT,PSE,Gaza Strip,,,censored,Protection,IDP/Refugee Service,Air-Launched: Plane,Aerial Bomb,Host Government: Military,Israeli Defence Forces,Protection Infrastructure,,,,,,,43396
2023-12-05,,OPT,PSE,Gaza Strip,,,censored,Health Care,Local Health Care Provider,Unspecified Launch Method,Unspecified Explosive,Host Government: Military,Israeli Defence Forces,Health Worker,,2,,,,,42425
2023-12-05,,OPT,PSE,Gaza Strip,,,censored,Education,Local Education Provider,Air-Launched: Plane,Aerial Bomb,Host Government: Military,Israeli Defence Forces,Education Infrastructure,,,,,,,43293
2023-12-05,,OPT,PSE,Gaza Strip,,,censored,Health Care,Local Health Care Provider,Unspecified Launch Method,Unspecified Explosive,Host Government: Military,Israeli Defence Forces,Health Infrastructure,,,,,,,42427
2023-12-05,,OPT,PSE,Gaza Strip,,,censored,"Education, Health Care","Local Education Provider, Local Health Care Provider",Air-Launched: Plane,Aerial Bomb,Host Government: Military,Israeli Defence Forces,Education Infrastructure,,1,,,,,43838
2023-12-05,,OPT,PSE,Gaza Strip,,,censored,Health Care,Local Health Care Provider,Ground-Launched,Artillery,Host Government: Military,Israeli Defence Forces,Health Infrastructure,,,,,,,42439
2023-12-05,,OPT,PSE,Gaza Strip,,,censored,"Health Care, Aid Operations","Government Aid Agency, NGO",Unspecified Launch Method,Unspecified Explosive,Host Government: Military,Israeli Defence Forces,Aid Infrastructure,,,1,,,,69037
2023-12-05,,OPT,PSE,Gaza Strip,,,censored,Health Care,Local Health Care Provider,Air-Launched: Plane,Aerial Bomb,Host Government: Military,Israeli Defence Forces,Health Worker,,1,,,,,85471
2023-12-05,,OPT,PSE,Gaza Strip,,,censored,Protection,IDP/Refugee Service,Air-Launched: Plane,Aerial Bomb,Host Government: Military,Israeli Defence Forces,Protection Infrastructure,,,,,,,43389
2023-12-05,,OPT,PSE,Gaza Strip,,,censored,"Health Care, Aid Operations",NGO,Air-Launched: Plane,Aerial Bomb,Host Government: Military,Israeli Defence Forces,Health Infrastructure,,,,,,,85273
2023-12-05,,OPT,PSE,Gaza Strip,,,censored,Protection,IDP/Refugee Service,Air-Launched: Plane,Aerial Bomb,Host Government: Military,Israeli Defence Forces,Protection Infrastructure,,,,,,,43393
2023-12-05,,OPT,PSE,Gaza Strip,,,censored,"Health Care, Aid Operations",National Red Cross Society,Ground-Launched,Artillery,Host Government: Military,Israeli Defence Forces,Health Infrastructure,,,,,,,42423
2023-12-04,,OPT,PSE,Gaza Strip,,,censored,Health Care,Local Health Care Provider,Unspecified Launch Method,Unspecified Explosive,Host Government: Military,Israeli Defence Forces,Health Worker,,2,,,,,68608
2023-12-04,,OPT,PSE,Gaza Strip,,,censored,Health Care,Local Health Care Provider,Ground-Launched,Shelling,Host Government: Military,Israeli Defence Forces,Health Infrastructure,,1,,,,,74516
2023-12-04,,OPT,PSE,Gaza Strip,,,censored,Protection,IDP/Refugee Service,Air-Launched: Plane,Aerial Bomb,Host Government: Military,Israeli Defence Forces,Protection Infrastructure,,,,,,,43239
2023-12-04,,OPT,PSE,Gaza Strip,,,censored,Health Care,Local Health Care Provider,Air-Launched: Plane,Aerial Bomb,Host Government: Military,Israeli Defence Forces,Health Worker,,1,,,,,74548
2023-12-04,,OPT,PSE,Gaza Strip,,,censored,Health Care,Local Health Care Provider,Air-Launched: Plane,Aerial Bomb,Host Government: Military,Israeli Defence Forces,Health Infrastructure,,,,,,,42446
2023-12-04,,OPT,PSE,Gaza Strip,,,censored,"Education, Aid Operations",UN Agency,Unspecified Launch Method,Unspecified Explosive,Host Government: Military,Israeli Defence Forces,Education Infrastructure,,,,,,,43208
2023-12-04,,OPT,PSE,Gaza Strip,,,censored,Aid Operations,"NGO, UN Agency",Air-Launched: Plane,Aerial Bomb,Host Government: Military,Israeli Defence Forces,Education Infrastructure,,,,,,,42964
2023-12-04,,OPT,PSE,Gaza Strip,,,censored,Protection,IDP/Refugee Service,"Air-Launched: Plane, Unspecified Launch Method","Aerial Bomb, Unspecified Explosive",Multiple,"Israeli Defence Forces, Qassam Brigades",Protection Infrastructure,,,,,,,43386
2023-12-04,,OPT,PSE,Gaza Strip,,,censored,"Health Care, Aid Operations",National Red Cross Society,Ground-Launched,Shelling,Host Government: Military,Israeli Defence Forces,Health Infrastructure,,,,,,,42448
2023-12-04,,OPT,PSE,Gaza Strip,,,censored,Health Care,"Local Health Care Provider, Private Health Care",Unspecified Launch Method,Unspecified Explosive,Host Government: Military,Israeli Defence Forces,Health Infrastructure,,2,,,,,70423
2023-12-04,,OPT,PSE,Gaza Strip,,,censored,Health Care,Local Health Care Provider,Unspecified Launch Method,Unspecified Explosive,Host Government: Military,Israeli Defence Forces,Health Worker,,2,,,,,61443
2023-12-04,,OPT,PSE,Gaza Strip,,,censored,"Health Care, Aid Operations",National Red Cross Society,Ground-Launched,Shelling,Host Government: Military,Israeli Defence Forces,Aid Infrastructure,,,,,,,42450
2023-12-04,,OPT,PSE,Gaza Strip,,,censored,"Health Care, Aid Operations",INGO,Air-Launched: Plane,Aerial Bomb,Host Government: Military,Israeli Defence Forces,Health Infrastructure,,,,,,,42444
2023-12-04,,OPT,PSE,Gaza Strip,,,censored,Protection,IDP/Refugee Service,Air-Launched: Plane,Aerial Bomb,Host Government: Military,Israeli Defence Forces,Protection Infrastructure,,,,,,,43535
2023-12-04,,OPT,PSE,Gaza Strip,,,censored,Health Care,Local Health Care Provider,Unspecified Launch Method,Unspecified Explosive,Host Government: Military,Israeli Defence Forces,Health Worker,,1,,,,,84771
2023-12-03,,OPT,PSE,Gaza Strip,,,censored,"Education, Aid Operations",UN Agency,Air-Launched: Plane,Aerial Bomb,Host Government: Military,Israeli Defence Forces,Education Infrastructure,,,,,,,43226
2023-12-03,,OPT,PSE,Gaza Strip,,,censored,Health Care,Local Health Care Provider,Air-Launched: Drone,Missile,Host Government: Military,Israeli Defence Forces,Health Infrastructure,,,,,,,42447
2023-12-03,,OPT,PSE,Gaza Strip,,,censored,Health Care,Local Health Care Provider,Air-Launched: Plane,Aerial Bomb,Host Government: Military,Israeli Defence Forces,Health Worker,,1,,,,,85468
2023-12-03,,OPT,PSE,Gaza Strip,,,censored,"Health Care, Aid Operations",National Red Cross Society,Unspecified Launch Method,Unspecified Explosive,Host Government: Military,Israeli Defence Forces,Aid Infrastructure,,,1,,,,42454
2023-12-03,,OPT,PSE,Gaza Strip,,,censored,"Health Care, Protection","IDP/Refugee Service, Local Health Care Provider",Unspecified Launch Method,Unspecified Explosive,Host Government: Military,Israeli Defence Forces,Protection Infrastructure,,1,,,,,69207
2023-12-03,,OPT,PSE,Gaza Strip,,,censored,Health Care,Local Health Care Provider,Unspecified Launch Method,Unspecified Explosive,Host Government: Military,Israeli Defence Forces,Health Worker,,1,,,,,74581
2023-12-03,,OPT,PSE,Gaza Strip,,,censored,Protection,IDP/Refugee Service,Ground-Launched,Shelling,Host Government: Military,Israeli Defence Forces,Protection Infrastructure,,,,,,,43367
2023-12-03,,OPT,PSE,Gaza Strip,,,censored,Protection,IDP/Refugee Service,Air-Launched: Plane,Aerial Bomb,Host Government: Military,Israeli Defence Forces,Protection Infrastructure,,,,,,,43371
2023-12-03,,OPT,PSE,Gaza Strip,,,censored,Protection,IDP/Refugee Service,Air-Launched: Plane,Aerial Bomb,Host Government: Military,Israeli Defence Forces,Protection Infrastructure,,,,,,,43533
2023-12-03,,OPT,PSE,Gaza Strip,,,censored,Aid Operations,UN Agency,Air-Launched: Plane,Aerial Bomb,Host Government: Military,Israeli Defence Forces,Education Infrastructure,,,,,,,42948
2023-12-03,,OPT,PSE,Gaza Strip,,,censored,Health Care,Local Health Care Provider,Unspecified Launch Method,Unspecified Explosive,Host Government: Military,Israeli Defence Forces,Health Worker,,1,,,,,84662
2023-12-03,,OPT,PSE,Gaza Strip,,,censored,"Health Care, Protection, Aid Operations","IDP/Refugee Service, INGO",Ground-Launched,Shelling,Host Government: Military,Israeli Defence Forces,Health Infrastructure,,,5,,,,42464
2023-12-03,,OPT,PSE,Gaza Strip,,,censored,Health Care,Local Health Care Provider,Ground-Launched,Artillery,Host Government: Military,Israeli Defence Forces,Health Infrastructure,,,,,,,42449
2023-12-03,,OPT,PSE,Gaza Strip,,,censored,Health Care,Local Health Care Provider,Air-Launched: Plane,Aerial Bomb,Host Government: Military,Israeli Defence Forces,Health Worker,,1,,,,,42847
2023-12-02,,OPT,PSE,Gaza Strip,,,censored,"Education, Aid Operations",UN Agency,Air-Launched: Plane,Aerial Bomb,Host Government: Military,Israeli Defence Forces,Education Infrastructure,,,,,1,,43150
2023-12-02,,OPT,PSE,West Bank,,,censored,Protection,IDP/Refugee Service,Unspecified Launch Method,Unspecified Explosive,Host Government: Military,Israeli Defence Forces,Protection Infrastructure,,,,,,,42955
2023-12-02,,OPT,PSE,Gaza Strip,,,censored,Aid Operations,UN Agency,Ground-Launched,Artillery,Host Government: Military,Israeli Defence Forces,Education Infrastructure,,,,,,,42946
2023-12-02,,OPT,PSE,Gaza Strip,,,censored,"Health Care, Protection, Aid Operations","Government Aid Agency, IDP/Refugee Service",Unspecified Launch Method,Unspecified Explosive,Host Government: Military,Israeli Defence Forces,Protection Infrastructure,,,,,,,42341
2023-12-02,,OPT,PSE,Gaza Strip,,,censored,Protection,IDP/Refugee Service,Air-Launched: Plane,Aerial Bomb,Host Government: Military,Israeli Defence Forces,Protection Infrastructure,,,,,,,43365
2023-12-02,,OPT,PSE,Gaza Strip,,,censored,Protection,IDP/Refugee Service,Air-Launched: Plane,Aerial Bomb,Host Government: Military,Israeli Defence Forces,Protection Infrastructure,,,,,,,43366
2023-12-02,,OPT,PSE,Gaza Strip,,,censored,Health Care,Local Health Care Provider,Air-Launched: Plane,Aerial Bomb,Host Government: Military,Israeli Defence Forces,Health Infrastructure,,,,,,,86396
2023-12-02,,OPT,PSE,Gaza Strip,,,censored,Education,Local Education Provider,Air-Launched: Plane,Aerial Bomb,Host Government: Military,Israeli Defence Forces,Teacher/Student,,,,1,,,43207
2023-12-02,,OPT,PSE,Gaza Strip,,,censored,Health Care,Local Health Care Provider,Air-Launched: Plane,Aerial Bomb,Host Government: Military,Israeli Defence Forces,Health Infrastructure,,,,,,,42371
2023-12-02,,OPT,PSE,Gaza Strip,,,censored,"Education, Health Care","Local Education Provider, Local Health Care Provider",Air-Launched: Plane,Aerial Bomb,Host Government: Military,Israeli Defence Forces,Health Worker,,2,,1,,,43151
2023-12-01,,OPT,PSE,Gaza Strip,,,censored,"Health Care, Aid Operations",INGO,Air-Launched: Plane,Aerial Bomb,Host Government: Military,Israeli Defence Forces,Aid Infrastructure,,,,,,,42351
2023-12-01,,OPT,PSE,Gaza Strip,,,censored,Protection,IDP/Refugee Service,Air-Launched: Plane,Aerial Bomb,Host Government: Military,Israeli Defence Forces,Protection Infrastructure,,,,,,,43531
2023-12-01,,OPT,PSE,Gaza Strip,,,censored,Protection,IDP/Refugee Service,Air-Launched: Plane,Aerial Bomb,Host Government: Military,Israeli Defence Forces,Protection Infrastructure,,,,,,,43231
2023-12-01,,OPT,PSE,Gaza Strip,,,censored,Health Care,Local Health Care Provider,Unspecified Launch Method,Unspecified Explosive,Host Government: Military,Israeli Defence Forces,Health Worker,,2,,,,,42337
2023-12-01,,OPT,PSE,Gaza Strip,,,censored,Health Care,Local Health Care Provider,Air-Launched: Plane,Aerial Bomb,Host Government: Military,Israeli Defence Forces,Health Infrastructure,,,,,,,42336
2023-12-01,,OPT,PSE,Gaza Strip,,,censored,Protection,IDP/Refugee Service,Air-Launched: Plane,Aerial Bomb,Host Government: Military,Israeli Defence Forces,Protection Infrastructure,,,,,,,43113
2023-12-01,,OPT,PSE,Gaza Strip,,,censored,Protection,IDP/Refugee Service,Air-Launched: Plane,Aerial Bomb,Host Government: Military,Israeli Defence Forces,Protection Infrastructure,,,,,,,43234
2023-12-01,,OPT,PSE,Gaza Strip,,,censored,Health Care,Local Health Care Provider,Unspecified Launch Method,Unspecified Explosive,Host Government: Military,Israeli Defence Forces,Health Worker,,2,,,,,72304
2023-12-01,,OPT,PSE,Gaza Strip,,,censored,Protection,IDP/Refugee Service,Air-Launched: Plane,Aerial Bomb,Host Government: Military,Israeli Defence Forces,Protection Infrastructure,,,,,,,43295
2023-12-01,,OPT,PSE,Gaza Strip,,,censored,Protection,IDP/Refugee Service,Air-Launched: Plane,Aerial Bomb,Host Government: Military,Israeli Defence Forces,Protection Infrastructure,,,,,,,43521
2023-12-01,,OPT,PSE,Gaza Strip,,,censored,"Education, Aid Operations",United Nations,Air-Launched: Plane,Aerial Bomb,Host Government: Military,Israeli Defence Forces,Education Infrastructure,,,,,,,43294
2023-12-01,,OPT,PSE,Gaza Strip,,,censored,"Health Care, Aid Operations",INGO,Ground-Launched,Shelling,Host Government: Military,Israeli Defence Forces,Health Infrastructure,,,,,,,42467
2023-12-01,,OPT,PSE,Gaza Strip,,,censored,Health Care,Local Health Care Provider,Unspecified Launch Method,Unspecified Explosive,Host Government: Military,Israeli Defence Forces,Health Worker,,2,,,,,74779
2023-12-01,,OPT,PSE,Gaza Strip,,,censored,Protection,IDP/Refugee Service,Air-Launched: Plane,Aerial Bomb,Host Government: Military,Israeli Defence Forces,Protection Infrastructure,,,,,,,43251
2023-12-01,,OPT,PSE,Gaza Strip,,,censored,Protection,IDP/Refugee Service,Air-Launched: Plane,Aerial Bomb,Host Government: Military,Israeli Defence Forces,Protection Infrastructure,,,,,,,43250
2023-12-01,,OPT,PSE,Gaza Strip,,,censored,"Education, Health Care","Local Education Provider, Local Health Care Provider",Unspecified Launch Method,Unspecified Explosive,Host Government: Military,Israeli Defence Forces,Health Worker,,1,,1,,,43149
2023-12-01,,OPT,PSE,Gaza Strip,,,censored,Protection,IDP/Refugee Service,Air-Launched: Plane,Aerial Bomb,Host Government: Military,Israeli Defence Forces,Protection Infrastructure,,,,,,,43249
2023-12-01,,OPT,PSE,Gaza Strip,,,censored,"Health Care, Aid Operations",National Red Cross Society,Unspecified Launch Method,Unspecified Explosive,Host Government: Military,Israeli Defence Forces,Health Infrastructure,,,,,,,42373
2023-11-28,,OPT,PSE,West Bank,,,censored,Protection,IDP/Refugee Service,Air-Launched: Drone,Aerial Bomb,Host Government: Military,Israeli Defence Forces,Protection Infrastructure,,,,,,,42712
2023-11-26,,OPT,PSE,Gaza Strip,,,censored,Protection,IDP/Refugee Service,Ground-Launched,Artillery,Host Government: Military,Israeli Defence Forces,Protection Infrastructure,,,,,,,42376
2023-11-25,,OPT,PSE,West Bank,,,censored,Protection,IDP/Refugee Service,Air-Launched: Plane,Aerial Bomb,Host Government: Military,Israeli Defence Forces,Protection Infrastructure,,,,,,,42709
2023-11-24,,OPT,PSE,Gaza Strip,,,censored,"Health Care, Protection","IDP/Refugee Service, Local Health Care Provider",Unspecified Launch Method,Unspecified Explosive,Host Government: Military,Israeli Defence Forces,Protection Infrastructure,,1,,,,,75012
2023-11-24,,OPT,PSE,Gaza Strip,,,censored,"Health Care, Aid Operations",Red Cross (ICRC or IFRC),Air-Launched: Plane,Aerial Bomb,Host Government: Military,Israeli Defence Forces,Health Worker,,,1,,,,42320
2023-11-24,,OPT,PSE,Gaza Strip,,,censored,Health Care,Local Health Care Provider,Unspecified Launch Method,Unspecified Explosive,Host Government: Military,Israeli Defence Forces,Health Infrastructure,,,,,,,42303
2023-11-24,,Lebanon,LBN,Nabatieh Governorate,,,censored by HDX,"Health Care, Aid Operations",Government Aid Agency,Unspecified Launch Method,Unspecified Explosive,Foreign Forces: Military,Israeli Defence Forces,Health Worker,,,,,,,86213
2023-11-24,,OPT,PSE,Gaza Strip,,,censored,"Health Care, Protection, Aid Operations","IDP/Refugee Service, INGO",Unspecified Launch Method,Unspecified Explosive,Host Government: Military,Israeli Defence Forces,Health Infrastructure,,,,,,,86055
2023-11-24,,OPT,PSE,Gaza Strip,,,censored,Health Care,Local Health Care Provider,Unspecified Launch Method,Unspecified Explosive,Host Government: Military,Israeli Defence Forces,Health Worker,,1,,,,,74482
2023-11-23,,OPT,PSE,Gaza Strip,,,censored,"Health Care, Protection","IDP/Refugee Service, Local Health Care Provider",Unspecified Launch Method,Unspecified Explosive,Host Government: Military,Israeli Defence Forces,Protection Infrastructure,,1,,,,,72412
2023-11-23,,OPT,PSE,Gaza Strip,,,censored,"Education, Protection, Aid Operations","IDP/Refugee Service, UN Agency",Air-Launched: Plane,Aerial Bomb,Host Government: Military,Israeli Defence Forces,Education Infrastructure,,,,,,,42414
2023-11-23,,OPT,PSE,Gaza Strip,,,censored,Health Care,Local Health Care Provider,Air-Launched: Plane,Aerial Bomb,Host Government: Military,Israeli Defence Forces,Health Worker,,1,,,,,69204
2023-11-23,,OPT,PSE,Gaza Strip,,,censored,"Health Care, Protection","IDP/Refugee Service, Local Health Care Provider",Unspecified Launch Method,Unspecified Explosive,Host Government: Military,Israeli Defence Forces,Protection Infrastructure,,1,,,,,69205
2023-11-23,,OPT,PSE,Gaza Strip,,,censored,Health Care,Local Health Care Provider,Ground-Launched,Unspecified Explosive,Host Government: Military,Israeli Defence Forces,Health Infrastructure,,,,,,,42151
2023-11-23,,OPT,PSE,Gaza Strip,,,censored,Protection,IDP/Refugee Service,Air-Launched: Plane,Aerial Bomb,Host Government: Military,Israeli Defence Forces,Protection Infrastructure,,,,,,,42458
2023-11-23,,OPT,PSE,Gaza Strip,,,censored,Health Care,Local Health Care Provider,Air-Launched: Plane,Aerial Bomb,Host Government: Military,Israeli Defence Forces,Multiple,,,,,,,86391
2023-11-22,,OPT,PSE,Gaza Strip,,,censored,Health Care,Local Health Care Provider,Air-Launched: Plane,Aerial Bomb,Host Government: Military,Israeli Defence Forces,Health Worker,,1,,,,,69169
2023-11-22,,OPT,PSE,Gaza Strip,,,censored,Health Care,Local Health Care Provider,Ground-Launched,Artillery,Host Government: Military,Israeli Defence Forces,Health Infrastructure,,,,,,,42229
2023-11-22,,OPT,PSE,Gaza Strip,,,censored,Health Care,Local Health Care Provider,Unspecified Launch Method,Unspecified Explosive,Host Government: Military,Israeli Defence Forces,Health Worker,,1,,,,,84704
2023-11-22,,OPT,PSE,Gaza Strip,,,censored,Health Care,Local Health Care Provider,Air-Launched: Plane,Aerial Bomb,Host Government: Military,Israeli Defence Forces,Health Worker,,1,,,,,74582
2023-11-21,,OPT,PSE,Gaza Strip,,,censored,Health Care,Local Health Care Provider,Air-Launched: Plane,Aerial Bomb,Host Government: Military,Israeli Defence Forces,Health Worker,,2,,,,,61446
2023-11-21,,OPT,PSE,Gaza Strip,,,censored,"Health Care, Protection","IDP/Refugee Service, Local Health Care Provider",Air-Launched: Plane,Aerial Bomb,Host Government: Military,Israeli Defence Forces,Multiple,,,,,,,42048
2023-11-21,,OPT,PSE,Gaza Strip,,,censored,Health Care,Local Health Care Provider,Air-Launched: Plane,Aerial Bomb,Host Government: Military,Israeli Defence Forces,Health Worker,,1,,,,,69245
2023-11-21,,OPT,PSE,Gaza Strip,,,censored,"Health Care, Aid Operations",INGO,Air-Launched: Plane,Aerial Bomb,Host Government: Military,Israeli Defence Forces,Health Infrastructure,,,4,,,,42124
2023-11-21,,OPT,PSE,Gaza Strip,,,censored,"Education, Protection, Aid Operations","IDP/Refugee Service, UN Agency",Air-Launched: Plane,Aerial Bomb,Host Government: Military,Israeli Defence Forces,Education Infrastructure,,,,,,,42363
2023-11-21,,OPT,PSE,Gaza Strip,,,censored,Health Care,Local Health Care Provider,Unspecified Launch Method,Unspecified Explosive,Host Government: Military,Israeli Defence Forces,Health Worker,,1,,,,,75604
2023-11-21,,OPT,PSE,Gaza Strip,,,censored,Protection,IDP/Refugee Service,Air-Launched: Plane,Aerial Bomb,Host Government: Military,Israeli Defence Forces,Protection Infrastructure,,,,,,,42456
2023-11-21,,OPT,PSE,Gaza Strip,,,censored,Protection,IDP/Refugee Service,Air-Launched: Plane,Aerial Bomb,Host Government: Military,Israeli Defence Forces,Protection Infrastructure,,,,,,,42411
2023-11-21,,OPT,PSE,Gaza Strip,,,censored,Health Care,Local Health Care Provider,Air-Launched: Plane,Aerial Bomb,Host Government: Military,Israeli Defence Forces,Health Infrastructure,,,,,,,42304
2023-11-21,,OPT,PSE,Gaza Strip,,,censored,"Health Care, Aid Operations",UN Agency,Unspecified Launch Method,Unspecified Explosive,Host Government: Military,Israeli Defence Forces,Aid Infrastructure,,,1,,,,42193
2023-11-20,,OPT,PSE,Gaza Strip,,,censored,"Education, Aid Operations",UN Agency,Ground-Launched,Artillery,Host Government: Military,Israeli Defence Forces,Education Infrastructure,,,,,9,,42632
2023-11-20,,OPT,PSE,Gaza Strip,,,censored,"Health Care, Aid Operations",INGO,Ground-Launched,Artillery,Host Government: Military,Israeli Defence Forces,Health Infrastructure,,,,,,,42296
2023-11-20,,OPT,PSE,Gaza Strip,,,censored,"Education, Protection","IDP/Refugee Service, Local Education Provider",Air-Launched: Plane,Aerial Bomb,Host Government: Military,Israeli Defence Forces,Multiple,,,,,,,42163
2023-11-20,,OPT,PSE,Gaza Strip,,,censored,Health Care,Local Health Care Provider,Ground-Launched,Shelling,Host Government: Military,Israeli Defence Forces,Health Worker,,1,,,,,61229
2023-11-20,,OPT,PSE,Gaza Strip,,,censored,"Health Care, Aid Operations",INGO,Ground-Launched,Unspecified Explosive,Host Government: Military,Israeli Defence Forces,Multiple,,,,,,,42042
2023-11-20,,OPT,PSE,Gaza Strip,,,censored,Health Care,Local Health Care Provider,Ground-Launched,Artillery,Host Government: Military,Israeli Defence Forces,Health Infrastructure,,,,,,,42046
2023-11-20,,OPT,PSE,Gaza Strip,,,censored,Protection,IDP/Refugee Service,Air-Launched: Plane,Aerial Bomb,Host Government: Military,Israeli Defence Forces,Protection Infrastructure,,,,,,,42355
2023-11-20,,OPT,PSE,Gaza Strip,,,censored,Education,Local Education Provider,Air-Launched: Plane,Aerial Bomb,Host Government: Military,Israeli Defence Forces,Education Infrastructure,,,,,,,42322
2023-11-20,,OPT,PSE,Gaza Strip,,,censored,Health Care,Local Health Care Provider,Air-Launched: Plane,Aerial Bomb,Host Government: Military,Israeli Defence Forces,Health Infrastructure,,,,,,,85285
2023-11-20,,OPT,PSE,Gaza Strip,,,censored,Health Care,Local Health Care Provider,Air-Launched: Plane,Aerial Bomb,Host Government: Military,Israeli Defence Forces,Health Infrastructure,,,,,,,42656
2023-11-20,,OPT,PSE,Gaza Strip,,,censored,Health Care,Local Health Care Provider,Unspecified Launch Method,Unspecified Explosive,Host Government: Military,Israeli Defence Forces,Health Worker,,1,,,,,72239
2023-11-19,,OPT,PSE,Gaza Strip,,,censored,Protection,IDP/Refugee Service,Air-Launched: Plane,Aerial Bomb,Host Government: Military,Israeli Defence Forces,Protection Infrastructure,,,,,,,42452
2023-11-19,,OPT,PSE,Gaza Strip,,,censored,Health Care,Local Health Care Provider,Air-Launched: Plane,Aerial Bomb,Host Government: Military,Israeli Defence Forces,Health Worker,,1,,,,,84767
2023-11-19,,OPT,PSE,Gaza Strip,,,censored,Health Care,Local Health Care Provider,Air-Launched: Plane,Aerial Bomb,Host Government: Military,Israeli Defence Forces,Health Infrastructure,,,,,,,42673
2023-11-19,,OPT,PSE,Gaza Strip,,,censored,Health Care,Local Health Care Provider,Unspecified Launch Method,Unspecified Explosive,Host Government: Military,Israeli Defence Forces,Health Worker,,1,,,,,84705
2023-11-19,,OPT,PSE,Gaza Strip,,,censored,Health Care,Local Health Care Provider,Air-Launched: Plane,Aerial Bomb,Host Government: Military,Israeli Defence Forces,Health Worker,,1,,,,,42162
2023-11-18,,OPT,PSE,Gaza Strip,,,censored,Health Care,Local Health Care Provider,Ground-Launched,Artillery,Host Government: Military,Israeli Defence Forces,Health Infrastructure,,,,,,,42295
2023-11-18,,OPT,PSE,Gaza Strip,,,censored,Health Care,Local Health Care Provider,Unspecified Launch Method,Unspecified Explosive,Host Government: Military,Israeli Defence Forces,Health Infrastructure,,,,,,,85309
2023-11-18,,OPT,PSE,Gaza Strip,,,censored,"Health Care, Aid Operations",Government Aid Agency,Air-Launched: Plane,Aerial Bomb,Host Government: Military,Israeli Defence Forces,Health Worker,,,,,,,42241
2023-11-18,,OPT,PSE,Gaza Strip,,,censored,Health Care,Local Health Care Provider,Unspecified Launch Method,Unspecified Explosive,Host Government: Military,Israeli Defence Forces,Health Infrastructure,,,,,,,85308
2023-11-18,,OPT,PSE,Gaza Strip,,,censored,"Protection, Aid Operations",UN Agency,Air-Launched: Plane,Aerial Bomb,Host Government: Military,Israeli Defence Forces,Aid Infrastructure,,,,,,,42354
2023-11-18,,OPT,PSE,Gaza Strip,,,censored,Health Care,Local Health Care Provider,Air-Launched: Plane,Aerial Bomb,Host Government: Military,Israeli Defence Forces,Health Infrastructure,,,,,,,86390
2023-11-18,,OPT,PSE,Gaza Strip,,,censored,Health Care,Local Health Care Provider,Air-Launched: Plane,Aerial Bomb,Host Government: Military,Israeli Defence Forces,Health Worker,,1,,,,,42167
2023-11-18,,OPT,PSE,Gaza Strip,,,censored,"Health Care, Protection","IDP/Refugee Service, Local Health Care Provider",Air-Launched: Plane,Aerial Bomb,Host Government: Military,Israeli Defence Forces,Multiple,,,,,,,42153
2023-11-18,,OPT,PSE,Gaza Strip,,,censored,Education,Local Education Provider,Air-Launched: Plane,Aerial Bomb,Host Government: Military,Israeli Defence Forces,Education Infrastructure,,,,,,,42628
2023-11-18,,OPT,PSE,Gaza Strip,,,censored,"Education, Aid Operations",UN Agency,Unspecified Launch Method,Unspecified Explosive,Host Government: Military,Israeli Defence Forces,Education Infrastructure,,,,,,,42629
2023-11-17,,OPT,PSE,Gaza Strip,,,censored,Protection,IDP/Refugee Service,Air-Launched: Plane,Aerial Bomb,Host Government: Military,Israeli Defence Forces,Protection Infrastructure,,,,,,,42451
2023-11-17,,OPT,PSE,Gaza Strip,,,censored,Health Care,Local Health Care Provider,Unspecified Launch Method,Unspecified Explosive,Host Government: Military,Israeli Defence Forces,Health Infrastructure,,,,,,,42134
2023-11-17,,OPT,PSE,Gaza Strip,,,censored,"Education, Aid Operations",UN Agency,Air-Launched: Plane,Aerial Bomb,Host Government: Military,Israeli Defence Forces,Education Infrastructure,,,,,,,42627
2023-11-17,,OPT,PSE,West Bank,,,censored,Protection,IDP/Refugee Service,Air-Launched: Drone,Aerial Bomb,Host Government: Military,Israeli Defence Forces,Protection Infrastructure,,,,,,,42694
2023-11-17,,OPT,PSE,Gaza Strip,,,censored,Health Care,Local Health Care Provider,Unspecified Launch Method,Unspecified Explosive,Host Government: Military,Israeli Defence Forces,Health Worker,,1,,,,,74680
2023-11-17,,OPT,PSE,Gaza Strip,,,censored,Protection,IDP/Refugee Service,Air-Launched: Plane,Aerial Bomb,Host Government: Military,Israeli Defence Forces,Protection Infrastructure,,,,,,,42410
2023-11-17,,OPT,PSE,Gaza Strip,,,censored,"Health Care, Aid Operations",LNGO,Air-Launched: Plane,Aerial Bomb,Host Government: Military,Israeli Defence Forces,Health Infrastructure,,,1,,,,42083
2023-11-17,,OPT,PSE,West Bank,,,censored,Protection,IDP/Refugee Service,Air-Launched: Drone,Aerial Bomb,Host Government: Military,Israeli Defence Forces,Protection Infrastructure,,,,,,,42775
2023-11-16,,OPT,PSE,Gaza Strip,,,censored,Protection,IDP/Refugee Service,Air-Launched: Plane,Aerial Bomb,Host Government: Military,Israeli Defence Forces,Protection Infrastructure,,,,,,,42445
2023-11-16,,OPT,PSE,Gaza Strip,,,censored,Health Care,Local Health Care Provider,Unspecified Launch Method,Unspecified Explosive,Host Government: Military,Israeli Defence Forces,Health Infrastructure,,,,,,,42079
2023-11-16,,OPT,PSE,Gaza Strip,,,censored,Protection,IDP/Refugee Service,Air-Launched: Plane,Aerial Bomb,Host Government: Military,Israeli Defence Forces,Protection Infrastructure,,,,,,,42374
2023-11-16,,OPT,PSE,Gaza Strip,,,censored,"Health Care, Protection","IDP/Refugee Service, Local Health Care Provider",Unspecified Launch Method,Unspecified Explosive,Host Government: Military,Israeli Defence Forces,Protection Infrastructure,,2,,,,,72601
2023-11-16,,OPT,PSE,Gaza Strip,,,censored,"Health Care, Aid Operations","INGO, National Red Cross Society",Ground-Launched,Unspecified Explosive,Host Government: Military,Israeli Defence Forces,Health Infrastructure,,,,,,,42005
2023-11-16,,OPT,PSE,Gaza Strip,,,censored,Health Care,Local Health Care Provider,Unspecified Launch Method,Unspecified Explosive,Host Government: Military,Israeli Defence Forces,Health Worker,,1,,,,,69004
2023-11-16,,OPT,PSE,Gaza Strip,,,censored,Health Care,Local Health Care Provider,Unspecified Launch Method,Unspecified Explosive,Host Government: Military,Israeli Defence Forces,Health Worker,,2,,,,,69796
2023-11-16,,OPT,PSE,Gaza Strip,,,censored,"Health Care, Aid Operations",National Red Cross Society,Air-Launched: Plane,Aerial Bomb,Host Government: Military,Israeli Defence Forces,Aid Infrastructure,,,,,,,42078
2023-11-15,,Lebanon,LBN,Nabatieh Governorate,,,censored by HDX,Health Care,Other,Unspecified Launch Method,Unspecified Explosive,Foreign Forces: Military,Israeli Defence Forces,Health Worker,,,,,,,86207
2023-11-15,,OPT,PSE,Gaza Strip,,,censored,Health Care,Local Health Care Provider,Air-Launched: Plane,Aerial Bomb,Host Government: Military,Israeli Defence Forces,Health Worker,,1,,,,,69202
2023-11-15,,OPT,PSE,Gaza Strip,,,censored,Health Care,Local Health Care Provider,Ground-Launched,Artillery,Host Government: Military,Israeli Defence Forces,Health Infrastructure,,,,,,,86117
2023-11-15,,OPT,PSE,Gaza Strip,,,censored,Health Care,Local Health Care Provider,Unspecified Launch Method,Unspecified Explosive,Host Government: Military,Israeli Defence Forces,Multiple,,,,,,,44066
2023-11-15,,OPT,PSE,Gaza Strip,,,censored,"Protection, Aid Operations",UN Agency,Air-Launched: No Information on Platform Type,Aerial Bomb,Host Government: Military,Israeli Defence Forces,Other,1,,,,,,43020
2023-11-15,,OPT,PSE,Gaza Strip,,,censored,Education,Local Education Provider,Air-Launched: Plane,Aerial Bomb,Host Government: Military,Israeli Defence Forces,Education Infrastructure,,,,,,,42626
2023-11-15,,OPT,PSE,Gaza Strip,,,censored,"Education, Aid Operations",UN Agency,Air-Launched: Plane,Aerial Bomb,Host Government: Military,Israeli Defence Forces,Education Infrastructure,,,,,,,42625
2023-11-15,,OPT,PSE,Gaza Strip,,,censored,Protection,IDP/Refugee Service,Air-Launched: Plane,Aerial Bomb,Host Government: Military,Israeli Defence Forces,Protection Infrastructure,,,,,,,42443
2023-11-15,,OPT,PSE,Gaza Strip,,,censored,"Health Care, Aid Operations",Government Aid Agency,Ground-Launched,Shelling,Host Government: Military,Israeli Defence Forces,Health Infrastructure,,,,,,,42191
2023-11-15,,OPT,PSE,Gaza Strip,,,censored,Health Care,Local Health Care Provider,Unspecified Launch Method,Unspecified Explosive,Host Government: Military,Israeli Defence Forces,Health Infrastructure,,,,,,,42077
2023-11-14,,OPT,PSE,Gaza Strip,,,censored,"Education, Protection, Aid Operations","IDP/Refugee Service, UN Agency",Air-Launched: Plane,Aerial Bomb,Host Government: Military,Israeli Defence Forces,Education Infrastructure,,,,,,,42441
2023-11-14,,OPT,PSE,Gaza Strip,,,censored,Health Care,Local Health Care Provider,Unspecified Launch Method,Unspecified Explosive,Host Government: Military,Israeli Defence Forces,Health Worker,,1,,,,,75571
2023-11-14,,OPT,PSE,Gaza Strip,,,censored,Education,Local Education Provider,Air-Launched: Plane,Aerial Bomb,Host Government: Military,Israeli Defence Forces,Education Infrastructure,,,,,,,42624
2023-11-14,,OPT,PSE,Gaza Strip,,,censored,Protection,IDP/Refugee Service,Air-Launched: Plane,Aerial Bomb,Host Government: Military,Israeli Defence Forces,Protection Infrastructure,,,,,,,42408
2023-11-14,,OPT,PSE,Gaza Strip,,,censored,"Education, Protection, Aid Operations","IDP/Refugee Service, UN Agency",Air-Launched: Plane,Aerial Bomb,Host Government: Military,Israeli Defence Forces,Education Infrastructure,,,,,,,42442
2023-11-14,,Lebanon,LBN,Nabatieh Governorate,,,censored by HDX,Education,Local Education Provider,Ground-Launched,Artillery,Foreign Forces: Military,Israeli Defence Forces,Education Infrastructure,,,,,,,42606
2023-11-13,,OPT,PSE,Gaza Strip,,,censored,"Health Care, Aid Operations","National Red Cross Society, Red Cross (ICRC or IFRC)",Unspecified Launch Method,Unspecified Explosive,Host Government: Military,Israeli Defence Forces,Other,,,,,,,42022
2023-11-13,,OPT,PSE,Jerusalem District,,,censored,"Health Care, Protection, Aid Operations","IDP/Refugee Service, UN Agency",Unspecified Launch Method,Unspecified Explosive,Host Government: Military,Israeli Defence Forces,Multiple,,,,,,,42760
2023-11-13,,OPT,PSE,Gaza Strip,,,censored,"Education, Protection","IDP/Refugee Service, Local Education Provider",Air-Launched: Plane,Aerial Bomb,Host Government: Military,Israeli Defence Forces,Multiple,,,,,,,42578
2023-11-13,,OPT,PSE,Gaza Strip,,,censored,"Health Care, Aid Operations",NGO,Air-Launched: Plane,Aerial Bomb,Host Government: Military,Israeli Defence Forces,Health Infrastructure,,,,,,,42010
2023-11-13,,OPT,PSE,Gaza Strip,,,censored,Protection,IDP/Refugee Service,Air-Launched: Plane,Aerial Bomb,Host Government: Military,Israeli Defence Forces,Protection Infrastructure,,,,,,,42406
2023-11-13,,OPT,PSE,Jerusalem District,,,censored,"Health Care, Protection, Aid Operations","IDP/Refugee Service, UN Agency",Unspecified Launch Method,Unspecified Explosive,Host Government: Military,Israeli Defence Forces,Multiple,,,,,,,42335
2023-11-13,,OPT,PSE,Gaza Strip,,,censored,Education,Local Education Provider,Air-Launched: Plane,Aerial Bomb,Host Government: Military,Israeli Defence Forces,Education Infrastructure,,,,,,,42623
2023-11-13,,OPT,PSE,Gaza Strip,,,censored,"Education, Protection, Aid Operations","IDP/Refugee Service, UN Agency",Air-Launched: Plane,Aerial Bomb,Host Government: Military,Israeli Defence Forces,Education Infrastructure,,,,,,,42459
2023-11-13,,OPT,PSE,Gaza Strip,,,censored,Education,Local Education Provider,Unspecified Launch Method,Unspecified Explosive,Host Government: Military,Israeli Defence Forces,Teacher/Student,,,,1,,,43950
2023-11-13,,OPT,PSE,Gaza Strip,,,censored,"Protection, Aid Operations",UN Agency,Ground-Launched,Unspecified Explosive,Host Government: Military,Israeli Defence Forces,Multiple,,,,,,,42749
2023-11-13,,OPT,PSE,Gaza Strip,,,censored,"Health Care, Aid Operations",Government Aid Agency,Air-Launched: Plane,Aerial Bomb,Host Government: Military,Israeli Defence Forces,Health Worker,,,,,,,41933
2023-11-12,,OPT,PSE,Gaza Strip,,,censored,"Health Care, Protection, Aid Operations","IDP/Refugee Service, INGO",Ground-Launched,Shelling,Host Government: Military,Israeli Defence Forces,Multiple,,,,,,,86056
2023-11-12,,OPT,PSE,Gaza Strip,,,censored,Protection,IDP/Refugee Service,Air-Launched: Plane,Aerial Bomb,Host Government: Military,Israeli Defence Forces,Protection Infrastructure,,,,,,,42401
2023-11-12,,OPT,PSE,Gaza Strip,,,censored,"Protection, Aid Operations","IDP/Refugee Service, INGO",Ground-Launched,Shelling,Host Government: Military,Israeli Defence Forces,Aid Infrastructure,2,,,,,,43983
2023-11-12,,OPT,PSE,Gaza Strip,,,censored,Health Care,Local Health Care Provider,Unspecified Launch Method,Unspecified Explosive,Host Government: Military,Israeli Defence Forces,Multiple,,1,,,,,84695
2023-11-12,,OPT,PSE,Gaza Strip,,,censored,Health Care,Local Health Care Provider,Unspecified Launch Method,Unspecified Explosive,Host Government: Military,Israeli Defence Forces,Health Worker,,1,,,,,74977
2023-11-12,,OPT,PSE,Gaza Strip,,,censored,Health Care,Local Health Care Provider,Air-Launched: Plane,Aerial Bomb,Host Government: Military,Israeli Defence Forces,Health Worker,,2,,,,,41957
2023-11-12,,OPT,PSE,Gaza Strip,,,censored,Protection,IDP/Refugee Service,Air-Launched: Plane,Aerial Bomb,Host Government: Military,Israeli Defence Forces,Protection Infrastructure,,,,,,,42768
2023-11-12,,OPT,PSE,Gaza Strip,,,censored,Aid Operations,INGO,Unspecified Launch Method,Unspecified Explosive,Host Government: Military,Israeli Defence Forces,Aid Infrastructure,,,,,,,45504
2023-11-12,,OPT,PSE,Gaza Strip,,,censored,Health Care,"Local Health Care Provider, Private Health Care",Air-Launched: Plane,Aerial Bomb,Host Government: Military,Israeli Defence Forces,Health Infrastructure,,4,,,,,41927
2023-11-12,,OPT,PSE,Gaza Strip,,,censored,Health Care,Local Health Care Provider,Air-Launched: Plane,Aerial Bomb,Host Government: Military,Israeli Defence Forces,Health Infrastructure,,,,,,,42020
2023-11-11,,OPT,PSE,Gaza Strip,,,censored,Health Care,Local Health Care Provider,Unspecified Launch Method,Unspecified Explosive,Host Government: Military,Israeli Defence Forces,Health Infrastructure,,3,,,,,41956
2023-11-11,,OPT,PSE,Gaza Strip,,,censored,Health Care,Local Health Care Provider,Ground-Launched,Artillery,Host Government: Military,Israeli Defence Forces,Health Infrastructure,,,,,,,86115
2023-11-11,,OPT,PSE,Gaza Strip,,,censored,"Health Care, Aid Operations","Local Health Care Provider, National Red Cross Society",Ground-Launched,Unspecified Explosive,Host Government: Military,Israeli Defence Forces,Health Infrastructure,,,,,,,41899
2023-11-11,,OPT,PSE,Gaza Strip,,,censored,"Health Care, Aid Operations",National Red Cross Society,Ground-Launched,Artillery,Host Government: Military,Israeli Defence Forces,Health Infrastructure,,,,,,,41851
2023-11-11,,OPT,PSE,Gaza Strip,,,censored,Health Care,Local Health Care Provider,Ground-Launched,Unspecified Explosive,Host Government: Military,Israeli Defence Forces,Other,,,,,,,41784
2023-11-11,,OPT,PSE,Gaza Strip,,,censored,Health Care,Local Health Care Provider,Unspecified Launch Method,Missile,Host Government: Military,Israeli Defence Forces,Health Worker,,1,,,,,75010
2023-11-11,,OPT,PSE,Gaza Strip,,,censored,Health Care,Local Health Care Provider,Air-Launched: Plane,Aerial Bomb,Host Government: Military,Israeli Defence Forces,Health Infrastructure,,,,,,,41913
2023-11-11,,OPT,PSE,Gaza Strip,,,censored,"Health Care, Aid Operations",National Red Cross Society,Ground-Launched,Shelling,Host Government: Military,Israeli Defence Forces,Health Infrastructure,,,,,,,41926
2023-11-11,,OPT,PSE,Gaza Strip,,,censored,Health Care,Local Health Care Provider,Air-Launched: Plane,Aerial Bomb,Host Government: Military,Israeli Defence Forces,Health Infrastructure,,,,,,,41856
2023-11-11,,OPT,PSE,Gaza Strip,,,censored,Health Care,Local Health Care Provider,Air-Launched: Plane,Aerial Bomb,Host Government: Military,Israeli Defence Forces,Health Infrastructure,,,,,,,41954
2023-11-11,,OPT,PSE,Gaza Strip,,,censored,"Education, Aid Operations",UN Agency,Air-Launched: Plane,Aerial Bomb,Host Government: Military,Israeli Defence Forces,Education Infrastructure,,,,,,,42611
2023-11-11,,OPT,PSE,Gaza Strip,,,censored,"Health Care, Aid Operations",INGO,Unspecified Launch Method,Unspecified Explosive,Host Government: Military,Israeli Defence Forces,Health Infrastructure,,,,,,,42123
2023-11-10,,OPT,PSE,Gaza Strip,,,censored,Education,Local Education Provider,Air-Launched: Plane,Aerial Bomb,Host Government: Military,Israeli Defence Forces,Education Infrastructure,,,,,,,42610
2023-11-10,,OPT,PSE,Gaza Strip,,,censored,Protection,IDP/Refugee Service,Air-Launched: Plane,Aerial Bomb,Host Government: Military,Israeli Defence Forces,Protection Infrastructure,,,,,,,42769
2023-11-10,,OPT,PSE,Gaza Strip,,,censored,"Health Care, Protection","IDP/Refugee Service, Local Health Care Provider",Unspecified Launch Method,Unspecified Explosive,Host Government: Military,Israeli Defence Forces,Protection Infrastructure,,1,,,,,74980
2023-11-10,,Lebanon,LBN,Nabatieh Governorate,,,censored by HDX,Health Care,Local Health Care Provider,Ground-Launched,Shelling,Foreign Forces: Military,Israeli Defence Forces,Health Infrastructure,,,,,,,42591
2023-11-10,,OPT,PSE,Gaza Strip,,,censored,Health Care,Local Health Care Provider,Air-Launched: Plane,Aerial Bomb,Host Government: Military,Israeli Defence Forces,Other,,,,,,,41936
2023-11-10,,OPT,PSE,Gaza Strip,,,censored,Health Care,Local Health Care Provider,Unspecified Launch Method,Unspecified Explosive,Host Government: Military,Israeli Defence Forces,Health Worker,,1,,,,,69737
2023-11-10,,OPT,PSE,Gaza Strip,,,censored,Health Care,Local Health Care Provider,Ground-Launched,Artillery,Host Government: Military,Israeli Defence Forces,Health Infrastructure,,,,,,,41862
2023-11-10,,OPT,PSE,Gaza Strip,,,censored,Health Care,Local Health Care Provider,Ground-Launched,Artillery,Host Government: Military,Israeli Defence Forces,Health Infrastructure,,,,,,,41863
2023-11-10,,OPT,PSE,Gaza Strip,,,censored,Protection,IDP/Refugee Service,Air-Launched: Plane,Aerial Bomb,Host Government: Military,Israeli Defence Forces,Protection Infrastructure,,,,,,,42400
2023-11-10,,OPT,PSE,Gaza Strip,,,censored,Health Care,Local Health Care Provider,Air-Launched: Plane,Aerial Bomb,Host Government: Military,Israeli Defence Forces,Health Infrastructure,,,,,,,41776
2023-11-10,,OPT,PSE,Gaza Strip,,,censored,Health Care,Local Health Care Provider,Ground-Launched,Artillery,Host Government: Military,Israeli Defence Forces,Health Infrastructure,,,,,,,41861
2023-11-09,,OPT,PSE,Gaza Strip,,,censored,Health Care,Local Health Care Provider,Unspecified Launch Method,Unspecified Explosive,Host Government: Military,Israeli Defence Forces,Health Infrastructure,,,,,,,85307
2023-11-09,,OPT,PSE,Gaza Strip,,,censored,"Health Care, Protection, Aid Operations","IDP/Refugee Service, National Red Cross Society",Air-Launched: Plane,Aerial Bomb,Host Government: Military,Israeli Defence Forces,Health Infrastructure,,,,,,,86058
2023-11-09,,OPT,PSE,Gaza Strip,,,censored,Health Care,Local Health Care Provider,Air-Launched: Plane,Aerial Bomb,Host Government: Military,Israeli Defence Forces,Health Infrastructure,,,,,,,41774
2023-11-09,,OPT,PSE,Gaza Strip,,,censored,"Health Care, Protection, Aid Operations","IDP/Refugee Service, INGO",Air-Launched: Plane,Aerial Bomb,Host Government: Military,Israeli Defence Forces,Multiple,,,,,,,41908
2023-11-09,,OPT,PSE,Gaza Strip,,,censored,Health Care,Local Health Care Provider,Air-Launched: Plane,Artillery,Host Government: Military,Israeli Defence Forces,Health Infrastructure,,,,,,,41894
2023-11-09,,OPT,PSE,Gaza Strip,,,censored,Health Care,Local Health Care Provider,Air-Launched: Drone,Aerial Bomb,Host Government: Military,Israeli Defence Forces,Health Infrastructure,,,,,,,41893
2023-11-09,,OPT,PSE,Gaza Strip,,,censored,"Health Care, Aid Operations",NGO,Air-Launched: Plane,Aerial Bomb,Host Government: Military,Israeli Defence Forces,Health Infrastructure,,,,,,,41870
2023-11-09,,OPT,PSE,Gaza Strip,,,censored,Health Care,Local Health Care Provider,Air-Launched: Plane,Missile,Host Government: Military,Israeli Defence Forces,Health Infrastructure,,,,,,,41880
2023-11-08,,OPT,PSE,Gaza Strip,,,censored,Health Care,Local Health Care Provider,Air-Launched: Plane,Aerial Bomb,Host Government: Military,Israeli Defence Forces,Health Infrastructure,,,,,,,41869
2023-11-08,,OPT,PSE,Gaza Strip,,,censored,Protection,IDP/Refugee Service,Air-Launched: Plane,Aerial Bomb,Host Government: Military,Israeli Defence Forces,Protection Infrastructure,,,,,,,42440
2023-11-08,,OPT,PSE,Gaza Strip,,,censored,Health Care,Local Health Care Provider,Unspecified Launch Method,Unspecified Explosive,Host Government: Military,Israeli Defence Forces,Health Worker,,1,,,,,41906
2023-11-08,,OPT,PSE,Gaza Strip,,,censored,Health Care,Local Health Care Provider,Unspecified Launch Method,Unspecified Explosive,Host Government: Military,Israeli Defence Forces,Health Worker,,1,,,,,41904
2023-11-08,,OPT,PSE,Gaza Strip,,,censored,"Health Care, Protection","IDP/Refugee Service, Local Health Care Provider",Air-Launched: Plane,Aerial Bomb,Host Government: Military,Israeli Defence Forces,Protection Infrastructure,,1,,,,,42399
2023-11-08,,OPT,PSE,Gaza Strip,,,censored,Health Care,Local Health Care Provider,Air-Launched: Plane,Aerial Bomb,Host Government: Military,Israeli Defence Forces,Health Infrastructure,,,,,,,41773
2023-11-08,,OPT,PSE,West Bank,,,censored,"Education, Protection, Aid Operations","IDP/Refugee Service, UN Agency",Air-Launched: Plane,Aerial Bomb,Host Government: Military,Israeli Defence Forces,Aid Infrastructure,,,,,,,42700
2023-11-08,,OPT,PSE,Gaza Strip,,,censored,Health Care,Local Health Care Provider,Unspecified Launch Method,Unspecified Explosive,Host Government: Military,Israeli Defence Forces,Health Worker,,1,,,,,41901
2023-11-08,,OPT,PSE,Gaza Strip,,,censored,Health Care,Local Health Care Provider,Unspecified Launch Method,Unspecified Explosive,Host Government: Military,Israeli Defence Forces,Health Worker,,1,,,,,41903
2023-11-08,,OPT,PSE,Gaza Strip,,,censored,Health Care,Local Health Care Provider,Air-Launched: Plane,Aerial Bomb,Host Government: Military,Israeli Defence Forces,Health Infrastructure,,,,,,,41871
2023-11-08,,OPT,PSE,Gaza Strip,,,censored,Health Care,Local Health Care Provider,Unspecified Launch Method,Unspecified Explosive,Host Government: Military,Israeli Defence Forces,Health Worker,,2,,,,,69736
2023-11-08,,OPT,PSE,Gaza Strip,,,censored,"Health Care, Protection","IDP/Refugee Service, Local Health Care Provider",Unspecified Launch Method,Unspecified Explosive,Host Government: Military,Israeli Defence Forces,Multiple,,,,,,,41892
2023-11-08,,OPT,PSE,Gaza Strip,,,censored,Health Care,Local Health Care Provider,Unspecified Launch Method,Unspecified Explosive,Host Government: Military,Israeli Defence Forces,Health Worker,,1,,,,,41905
2023-11-07,,OPT,PSE,Gaza Strip,,,censored,"Health Care, Aid Operations","Red Cross (ICRC or IFRC), UN Agency",Unspecified Launch Method,Unspecified Explosive,Host Government: Military,Israeli Defence Forces,Aid Infrastructure,,,,,,,41764
2023-11-07,,OPT,PSE,Gaza Strip,,,censored,"Health Care, Aid Operations, Food Security",National Red Cross Society,Air-Launched: Plane,Aerial Bomb,Host Government: Military,Israeli Defence Forces,Health Infrastructure,,,,,,,41665
2023-11-07,,OPT,PSE,Gaza Strip,,,censored,Health Care,Local Health Care Provider,Unspecified Launch Method,Unspecified Explosive,Host Government: Military,Israeli Defence Forces,Multiple,,,,,,,85233
2023-11-07,,OPT,PSE,Gaza Strip,,,censored,Health Care,Local Health Care Provider,Unspecified Launch Method,Unspecified Explosive,Host Government: Military,Israeli Defence Forces,Multiple,,,,,,,41886
2023-11-07,,OPT,PSE,Gaza Strip,,,censored,Health Care,Local Health Care Provider,Unspecified Launch Method,Unspecified Explosive,Host Government: Military,Israeli Defence Forces,Multiple,,,,,,,41883
2023-11-07,,OPT,PSE,Gaza Strip,,,censored,"Health Care, Aid Operations",NGO,Ground-Launched,Shelling,Host Government: Military,Israeli Defence Forces,Health Infrastructure,,,,,,,85269
2023-11-06,,OPT,PSE,Gaza Strip,,,censored,Health Care,Local Health Care Provider,Air-Launched: Plane,Aerial Bomb,Host Government: Military,Israeli Defence Forces,Health Worker,,,,,,,41809
2023-11-06,,OPT,PSE,Gaza Strip,,,censored,"Health Care, Aid Operations",National Red Cross Society,Air-Launched: Plane,Aerial Bomb,Host Government: Military,Israeli Defence Forces,Health Infrastructure,,,,,,,41810
2023-11-06,,OPT,PSE,Gaza Strip,,,censored,Health Care,Local Health Care Provider,Air-Launched: Plane,Aerial Bomb,Host Government: Military,Israeli Defence Forces,Health Worker,,1,,,,,41811
2023-11-06,,OPT,PSE,Gaza Strip,,,censored,Health Care,Local Health Care Provider,Air-Launched: Plane,Aerial Bomb,Host Government: Military,Israeli Defence Forces,Health Worker,,1,,,,,74878
2023-11-06,,OPT,PSE,Gaza Strip,,,censored,Health Care,Local Health Care Provider,Air-Launched: Drone,Aerial Bomb,Host Government: Military,Israeli Defence Forces,Health Infrastructure,,,,,,,41739
2023-11-06,,OPT,PSE,Gaza Strip,,,censored,"Health Care, Protection, Aid Operations",INGO,Air-Launched: Plane,Aerial Bomb,Host Government: Military,Israeli Defence Forces,Aid Infrastructure,,,1,,,,41763
2023-11-06,,OPT,PSE,Gaza Strip,,,censored,"Education, Aid Operations",UN Agency,Air-Launched: Plane,Aerial Bomb,Host Government: Military,Israeli Defence Forces,Education Infrastructure,,,,,,,42577
2023-11-06,,OPT,PSE,Gaza Strip,,,censored,"Health Care, Aid Operations",National Red Cross Society,Air-Launched: Plane,Aerial Bomb,Host Government: Military,Israeli Defence Forces,Health Infrastructure,,,,,,,41740
2023-11-06,,OPT,PSE,Gaza Strip,,,censored,"Health Care, Protection","IDP/Refugee Service, Local Health Care Provider",Unspecified Launch Method,Unspecified Explosive,Host Government: Military,Israeli Defence Forces,Protection Infrastructure,,1,,,,,75011
2023-11-06,,OPT,PSE,Gaza Strip,,,censored,Protection,IDP/Refugee Service,Air-Launched: Plane,Aerial Bomb,Host Government: Military,Israeli Defence Forces,Protection Infrastructure,,,,,,,42372
2023-11-06,,OPT,PSE,Gaza Strip,,,censored,Health Care,Local Health Care Provider,Air-Launched: Plane,Aerial Bomb,Host Government: Military,Israeli Defence Forces,Health Infrastructure,,,,,,,41766
2023-11-06,,OPT,PSE,Gaza Strip,,,censored,"Health Care, Aid Operations",Government Aid Agency,Air-Launched: Plane,Aerial Bomb,Host Government: Military,Israeli Defence Forces,Health Worker,,,,,,,41879
2023-11-06,,OPT,PSE,Gaza Strip,,,censored,"Health Care, Protection","IDP/Refugee Service, Local Health Care Provider",Unspecified Launch Method,Unspecified Explosive,Host Government: Military,Israeli Defence Forces,Protection Infrastructure,,1,,,,,68542
2023-11-06,,OPT,PSE,Gaza Strip,,,censored,Health Care,Local Health Care Provider,Air-Launched: Plane,Aerial Bomb,Host Government: Military,Israeli Defence Forces,Health Worker,,1,,,,,69203
2023-11-05,,Lebanon,LBN,South Governorate,,,censored by HDX,Health Care,Other,Unspecified Launch Method,Unspecified Explosive,Foreign Forces: Military,Israeli Defence Forces,Health Worker,,1,,,,,86205
2023-11-05,,OPT,PSE,Gaza Strip,,,censored,"Health Care, Aid Operations","INGO, Local Health Care Provider",Air-Launched: Plane,Aerial Bomb,Host Government: Military,Israeli Defence Forces,Health Worker,,,2,,,,44071
2023-11-05,,OPT,PSE,Gaza Strip,,,censored,Health Care,Local Health Care Provider,Air-Launched: Plane,Aerial Bomb,Host Government: Military,Israeli Defence Forces,Health Infrastructure,,,,,,,41684
2023-11-05,,Lebanon,LBN,South Governorate,,,censored by HDX,Health Care,Other,Unspecified Launch Method,Unspecified Explosive,Foreign Forces: Military,Israeli Defence Forces,Health Worker,,1,,,,,86206
2023-11-05,,OPT,PSE,Gaza Strip,,,censored,"Protection, Aid Operations",UN Agency,Air-Launched: Plane,Aerial Bomb,Host Government: Military,Israeli Defence Forces,Education Infrastructure,,,,,,,42745
2023-11-05,,OPT,PSE,Gaza Strip,,,censored,Health Care,Local Health Care Provider,Air-Launched: Plane,Aerial Bomb,Host Government: Military,Israeli Defence Forces,Health Infrastructure,,,,,,,41682
2023-11-05,,OPT,PSE,Gaza Strip,,,censored,Health Care,Local Health Care Provider,Air-Launched: Plane,Aerial Bomb,Host Government: Military,Israeli Defence Forces,Health Infrastructure,,,,,,,41683
2023-11-05,,OPT,PSE,Gaza Strip,,,censored,"Protection, Aid Operations",UN Agency,Air-Launched: Plane,Aerial Bomb,Host Government: Military,Israeli Defence Forces,Other,1,,,,,,42732
2023-11-05,,OPT,PSE,Gaza Strip,,,censored,Protection,IDP/Refugee Service,Air-Launched: Plane,Aerial Bomb,Host Government: Military,Israeli Defence Forces,Protection Infrastructure,,,,,,,42370
2023-11-05,,OPT,PSE,Gaza Strip,,,censored,"Protection, Aid Operations",UN Agency,Unspecified Launch Method,Unspecified Explosive,Host Government: Military,Israeli Defence Forces,Other,,,,,,,42743
2023-11-05,,Lebanon,LBN,South Governorate,,,censored by HDX,Health Care,Local Health Care Provider,Air-Launched: Drone,Aerial Bomb,Foreign Forces: Military,Israeli Defence Forces,Health Infrastructure,,,,,,,42590
2023-11-05,,OPT,PSE,Gaza Strip,,,censored,Health Care,Local Health Care Provider,Air-Launched: Plane,Aerial Bomb,Host Government: Military,Israeli Defence Forces,Health Infrastructure,,,,,,,41759
2023-11-05,,OPT,PSE,Gaza Strip,,,censored,"Health Care, Aid Operations",National Red Cross Society,Air-Launched: Plane,Aerial Bomb,Host Government: Military,Israeli Defence Forces,Multiple,,,,,,,41685
2023-11-05,,Lebanon,LBN,South Governorate,,,censored by HDX,Health Care,Other,Unspecified Launch Method,Unspecified Explosive,Foreign Forces: Military,Israeli Defence Forces,Health Worker,,1,,,,,86204
2023-11-05,,OPT,PSE,Gaza Strip,,,censored,Health Care,Local Health Care Provider,Air-Launched: Plane,Aerial Bomb,Host Government: Military,Israeli Defence Forces,Multiple,,,,,,,41761
2023-11-05,,OPT,PSE,Gaza Strip,,,censored,Aid Operations,INGO,Air-Launched: Plane,Aerial Bomb,Host Government: Military,Israeli Defence Forces,Other,1,,,,,,43981
2023-11-05,,OPT,PSE,Gaza Strip,,,censored,Health Care,Local Health Care Provider,Air-Launched: Plane,Aerial Bomb,Host Government: Military,Israeli Defence Forces,Health Infrastructure,,,,,,,41735
2023-11-04,,OPT,PSE,Gaza Strip,,,censored,Health Care,Local Health Care Provider,Air-Launched: Plane,Aerial Bomb,Host Government: Military,Israeli Defence Forces,Health Worker,,1,,,,,41900
2023-11-04,,OPT,PSE,Gaza Strip,,,censored,"Health Care, Aid Operations",NGO,Air-Launched: Plane,Aerial Bomb,Host Government: Military,Israeli Defence Forces,Health Infrastructure,,,,,,,85256
2023-11-04,,OPT,PSE,Gaza Strip,,,censored,Health Care,Local Health Care Provider,Air-Launched: Plane,Aerial Bomb,Host Government: Military,Israeli Defence Forces,Health Infrastructure,,,,,,,41686
2023-11-04,,OPT,PSE,Gaza Strip,,,censored,Health Care,Local Health Care Provider,Air-Launched: Plane,Aerial Bomb,Host Government: Military,Israeli Defence Forces,Health Infrastructure,,,,,,,41687
2023-11-04,,OPT,PSE,Gaza Strip,,,censored,Health Care,Local Health Care Provider,Air-Launched: Plane,Aerial Bomb,Host Government: Military,Israeli Defence Forces,Health Infrastructure,,,,,,,41750
2023-11-04,,OPT,PSE,Gaza Strip,,,censored,"Protection, Aid Operations",UN Agency,Air-Launched: Plane,Aerial Bomb,Host Government: Military,Israeli Defence Forces,Other,5,,,,,,42727
2023-11-04,,OPT,PSE,Gaza Strip,,,censored,"Education, Aid Operations",UN Agency,Air-Launched: Plane,Aerial Bomb,Host Government: Military,Israeli Defence Forces,Education Infrastructure,,,,,,,42609
2023-11-04,,OPT,PSE,Gaza Strip,,,censored,Education,Local Education Provider,Air-Launched: Plane,Aerial Bomb,Host Government: Military,Israeli Defence Forces,Education Infrastructure,,,,,,,42608
2023-11-04,,OPT,PSE,Gaza Strip,,,censored,Education,Local Education Provider,Air-Launched: Plane,Aerial Bomb,Host Government: Military,Israeli Defence Forces,Education Infrastructure,,,,,,,42601
2023-11-03,,OPT,PSE,Gaza Strip,,,censored,Health Care,Local Health Care Provider,Unspecified Launch Method,Unspecified Explosive,Host Government: Military,Israeli Defence Forces,Health Worker,,1,,,,,71909
2023-11-03,,OPT,PSE,Gaza Strip,,,censored,Health Care,Local Health Care Provider,Air-Launched: Plane,Aerial Bomb,Host Government: Military,Israeli Defence Forces,Health Infrastructure,,,,,,,41688
2023-11-03,,OPT,PSE,Gaza Strip,,,censored,Health Care,Local Health Care Provider,Unspecified Launch Method,Unspecified Explosive,Host Government: Military,Israeli Defence Forces,Health Worker,,3,,,,,64319
2023-11-03,,OPT,PSE,Gaza Strip,,,censored,"Health Care, Aid Operations",National Red Cross Society,Ground-Launched,Shelling,Host Government: Military,Israeli Defence Forces,Health Infrastructure,,,,,,,41692
2023-11-03,,OPT,PSE,Gaza Strip,,,censored,"Education, Protection","IDP/Refugee Service, Local Education Provider",Air-Launched: Plane,Aerial Bomb,Host Government: Military,Israeli Defence Forces,Multiple,,,,,,,80290
2023-11-03,,OPT,PSE,Gaza Strip,,,censored,"Health Care, Aid Operations",National Red Cross Society,Air-Launched: Plane,Aerial Bomb,Host Government: Military,Israeli Defence Forces,Health Infrastructure,,,,,,,86188
2023-11-03,,OPT,PSE,Gaza Strip,,,censored,"Health Care, Aid Operations",National Red Cross Society,Air-Launched: Plane,Aerial Bomb,Host Government: Military,Israeli Defence Forces,Health Infrastructure,,,,,,,41689
2023-11-03,,OPT,PSE,Gaza Strip,,,censored,Education,Local Education Provider,Air-Launched: Plane,Aerial Bomb,Host Government: Military,Israeli Defence Forces,Education Infrastructure,,,,,,,42607
2023-11-03,,OPT,PSE,Gaza Strip,,,censored,"Health Care, Aid Operations",National Red Cross Society,Air-Launched: Plane,Aerial Bomb,Host Government: Military,Israeli Defence Forces,Health Infrastructure,,,,,,,86189
2023-11-03,,OPT,PSE,Gaza Strip,,,censored,"Health Care, Aid Operations","INGO, National Red Cross Society",Air-Launched: Plane,Aerial Bomb,Host Government: Military,Israeli Defence Forces,Multiple,,,,,,,41690
2023-11-02,,OPT,PSE,Gaza Strip,,,censored,"Protection, Aid Operations",UN Agency,Air-Launched: Plane,Aerial Bomb,Host Government: Military,Israeli Defence Forces,Education Infrastructure,,,,,,,42726
2023-11-02,,OPT,PSE,Gaza Strip,,,censored,"Education, Protection, Aid Operations","IDP/Refugee Service, UN Agency",Air-Launched: Plane,Aerial Bomb,Host Government: Military,Israeli Defence Forces,Education Infrastructure,,,,,,,42398
2023-11-02,,OPT,PSE,Gaza Strip,,,censored,"Protection, Aid Operations",United Nations,Air-Launched: Plane,Aerial Bomb,Host Government: Military,Israeli Defence Forces,Education Infrastructure,,,,,,,42722
2023-11-02,,OPT,PSE,Gaza Strip,,,censored,"Protection, Aid Operations",UN Agency,Air-Launched: Plane,Aerial Bomb,Host Government: Military,Israeli Defence Forces,Aid Infrastructure,,,,,,,42353
2023-11-02,,OPT,PSE,Gaza Strip,,,censored,"Protection, Aid Operations",UN Agency,Air-Launched: Plane,Aerial Bomb,Host Government: Military,Israeli Defence Forces,Education Infrastructure,,,,,,,42725
2023-11-02,,OPT,PSE,Gaza Strip,,,censored,Health Care,Local Health Care Provider,Unspecified Launch Method,Unspecified Explosive,Host Government: Military,Israeli Defence Forces,Health Worker,,1,,,,,75505
2023-11-02,,OPT,PSE,Gaza Strip,,,censored,"Education, Health Care, Protection","IDP/Refugee Service, Local Education Provider, Local Health Care Provider",Air-Launched: Plane,Aerial Bomb,Host Government: Military,Israeli Defence Forces,Protection Infrastructure,,3,,4,,,41700
2023-11-02,,OPT,PSE,Gaza Strip,,,censored,"Health Care, Aid Operations",National Red Cross Society,Air-Launched: Plane,Aerial Bomb,Host Government: Military,Israeli Defence Forces,Health Infrastructure,,,,,,,41704
2023-11-02,,OPT,PSE,Gaza Strip,,,censored,"Protection, Aid Operations",UN Agency,Air-Launched: Plane,Aerial Bomb,Host Government: Military,Israeli Defence Forces,Aid Infrastructure,,,,,,,42350
2023-11-01,,OPT,PSE,Gaza Strip,,,censored,Protection,IDP/Refugee Service,Air-Launched: Plane,Aerial Bomb,Host Government: Military,Israeli Defence Forces,Protection Infrastructure,,,,,,,41816
2023-11-01,,OPT,PSE,Gaza Strip,,,censored,Health Care,Local Health Care Provider,Unspecified Launch Method,Unspecified Explosive,Host Government: Military,Israeli Defence Forces,Health Worker,,1,,,,,84759
2023-11-01,,OPT,PSE,Gaza Strip,,,censored,Health Care,Local Health Care Provider,Air-Launched: Plane,Aerial Bomb,Host Government: Military,Israeli Defence Forces,Health Worker,,1,,,,,41749
2023-11-01,,OPT,PSE,Gaza Strip,,,censored,Health Care,Local Health Care Provider,Unspecified Launch Method,Unspecified Explosive,Host Government: Military,Israeli Defence Forces,Health Infrastructure,,,,,,,41674
2023-11-01,,OPT,PSE,Gaza Strip,,,censored,Health Care,Local Health Care Provider,Air-Launched: Plane,Aerial Bomb,Host Government: Military,Israeli Defence Forces,Health Worker,,1,,,,,68378
2023-11-01,,OPT,PSE,Gaza Strip,,,censored,Health Care,Private Health Care,Ground-Launched,Shelling,Host Government: Military,Israeli Defence Forces,Health Infrastructure,,,,,,,41694
2023-11-01,,OPT,PSE,Gaza Strip,,,censored,"Health Care, Aid Operations",National Red Cross Society,Ground-Launched,Shelling,Host Government: Military,Israeli Defence Forces,Health Infrastructure,,,,,,,41696
2023-11-01,,OPT,PSE,Gaza Strip,,,censored,Health Care,Local Health Care Provider,Unspecified Launch Method,Unspecified Explosive,Host Government: Military,Israeli Defence Forces,Health Worker,,1,,,,,74845
2023-10-31,,OPT,PSE,Gaza Strip,,,censored,Protection,IDP/Refugee Service,Air-Launched: Plane,Aerial Bomb,Host Government: Military,Israeli Defence Forces,Protection Infrastructure,,,,,,,42422
2023-10-31,,OPT,PSE,Gaza Strip,,,censored,"Health Care, Protection","IDP/Refugee Service, Local Health Care Provider",Unspecified Launch Method,Unspecified Explosive,Host Government: Military,Israeli Defence Forces,Protection Infrastructure,,1,,,,,61167
2023-10-31,,OPT,PSE,Gaza Strip,,,censored,Health Care,Local Health Care Provider,Ground-Launched,Shelling,Host Government: Military,Israeli Defence Forces,Health Worker,,1,,,,,68328
2023-10-31,,OPT,PSE,Gaza Strip,,,censored,Health Care,Local Health Care Provider,Air-Launched: Plane,Aerial Bomb,Host Government: Military,Israeli Defence Forces,Health Worker,,1,,,,,41714
2023-10-31,,OPT,PSE,Gaza Strip,,,censored,"Health Care, Protection","IDP/Refugee Service, Local Health Care Provider",Air-Launched: Plane,Aerial Bomb,Host Government: Military,Israeli Defence Forces,Protection Infrastructure,,1,,,,,72238
2023-10-31,,OPT,PSE,Gaza Strip,,,censored,Health Care,Local Health Care Provider,Air-Launched: Plane,Aerial Bomb,Host Government: Military,Israeli Defence Forces,Health Worker,,1,,,,,41752
2023-10-31,,OPT,PSE,Gaza Strip,,,censored,Health Care,Local Health Care Provider,Air-Launched: Plane,Aerial Bomb,Host Government: Military,Israeli Defence Forces,Health Infrastructure,,,,,,,86187
2023-10-31,,OPT,PSE,Gaza Strip,,,censored,Protection,IDP/Refugee Service,Air-Launched: Plane,Aerial Bomb,Host Government: Military,Israeli Defence Forces,Protection Infrastructure,,,,,,,41814
2023-10-31,,OPT,PSE,Gaza Strip,,,censored,Health Care,Local Health Care Provider,Air-Launched: Plane,Aerial Bomb,Host Government: Military,Israeli Defence Forces,Health Worker,,1,,,,,41720
2023-10-31,,OPT,PSE,Gaza Strip,,,censored,Aid Operations,UN Agency,Air-Launched: Plane,Aerial Bomb,Host Government: Military,Israeli Defence Forces,Aid Infrastructure,3,,,,,,42142
2023-10-31,,OPT,PSE,Gaza Strip,,,censored,"Health Care, Aid Operations",National Red Cross Society,Air-Launched: Plane,Aerial Bomb,Host Government: Military,Israeli Defence Forces,Health Infrastructure,,,,,,,41722
2023-10-30,,OPT,PSE,Gaza Strip,,,censored,Health Care,Local Health Care Provider,Air-Launched: Plane,Aerial Bomb,Host Government: Military,Israeli Defence Forces,Health Infrastructure,,,,,,,41716
2023-10-30,,OPT,PSE,Gaza Strip,,,censored,"Health Care, Aid Operations",National Red Cross Society,Air-Launched: Plane,Aerial Bomb,Host Government: Military,Israeli Defence Forces,Health Infrastructure,,,,,,,41719
2023-10-30,,OPT,PSE,Gaza Strip,,,censored,Health Care,Local Health Care Provider,Unspecified Launch Method,Unspecified Explosive,Host Government: Military,Israeli Defence Forces,Health Worker,,1,,,,,84694
2023-10-30,,OPT,PSE,Gaza Strip,,,censored,"Health Care, Aid Operations","INGO, Local Health Care Provider",Air-Launched: Plane,Aerial Bomb,Host Government: Military,Israeli Defence Forces,Health Infrastructure,,,,,,,41486
2023-10-30,,OPT,PSE,Gaza Strip,,,censored,"Health Care, Aid Operations",National Red Cross Society,Air-Launched: Plane,Aerial Bomb,Host Government: Military,Israeli Defence Forces,Health Infrastructure,,,,,,,41482
2023-10-30,,OPT,PSE,Gaza Strip,,,censored,Health Care,Local Health Care Provider,Air-Launched: Plane,Aerial Bomb,Host Government: Military,Israeli Defence Forces,Health Worker,,2,,,,,41721
2023-10-30,,OPT,PSE,Gaza Strip,,,censored,Health Care,Local Health Care Provider,Air-Launched: Plane,Aerial Bomb,Host Government: Military,Israeli Defence Forces,Health Infrastructure,,,,,,,41724
2023-10-30,,OPT,PSE,Gaza Strip,,,censored,Health Care,Private Health Care,Air-Launched: Plane,Aerial Bomb,Host Government: Military,Israeli Defence Forces,Private/Voluntary Aid,,1,,,,,74119
2023-10-30,,OPT,PSE,West Bank,,,censored,Protection,IDP/Refugee Service,Unspecified Launch Method,Unspecified Explosive,Host Government: Military,Israeli Defence Forces,Protection Infrastructure,,,,,,,42405
2023-10-30,,OPT,PSE,Gaza Strip,,,censored,Protection,IDP/Refugee Service,Air-Launched: Plane,Aerial Bomb,Host Government: Military,Israeli Defence Forces,Protection Infrastructure,,,,,,,41805
2023-10-30,,OPT,PSE,Gaza Strip,,,censored,Protection,IDP/Refugee Service,Air-Launched: Plane,Aerial Bomb,Host Government: Military,Israeli Defence Forces,Protection Infrastructure,,,,,,,41806
2023-10-30,,OPT,PSE,Gaza Strip,,,censored,Protection,IDP/Refugee Service,Air-Launched: Plane,Aerial Bomb,Host Government: Military,Israeli Defence Forces,Protection Infrastructure,,,,,,,80257
2023-10-30,,OPT,PSE,Gaza Strip,,,censored,"Health Care, Aid Operations",National Red Cross Society,Air-Launched: Plane,Aerial Bomb,Host Government: Military,Israeli Defence Forces,Aid Infrastructure,,,,,,,86185
2023-10-30,,OPT,PSE,Gaza Strip,,,censored,Health Care,Local Health Care Provider,Air-Launched: Plane,Aerial Bomb,Host Government: Military,Israeli Defence Forces,Health Worker,,4,,,,,41664
2023-10-29,,OPT,PSE,Gaza Strip,,,censored,Protection,IDP/Refugee Service,Air-Launched: Plane,Aerial Bomb,Host Government: Military,Israeli Defence Forces,Protection Infrastructure,,,,,,,41803
2023-10-29,,OPT,PSE,Gaza Strip,,,censored,Health Care,Local Health Care Provider,Air-Launched: Plane,Aerial Bomb,Host Government: Military,Israeli Defence Forces,Health Worker,,1,,,,,41717
2023-10-29,,OPT,PSE,Gaza Strip,,,censored,Protection,IDP/Refugee Service,Air-Launched: Plane,Aerial Bomb,Host Government: Military,Israeli Defence Forces,Multiple,,,,,,,41804
2023-10-29,,OPT,PSE,Gaza Strip,,,censored,"Health Care, Protection","IDP/Refugee Service, Local Health Care Provider",Air-Launched: Plane,Aerial Bomb,Host Government: Military,Israeli Defence Forces,Protection Infrastructure,,2,,,,,41663
2023-10-29,,OPT,PSE,Gaza Strip,,,censored,Health Care,Local Health Care Provider,Unspecified Launch Method,Unspecified Explosive,Host Government: Military,Israeli Defence Forces,Health Worker,,1,,,,,61108
2023-10-29,,OPT,PSE,Gaza Strip,,,censored,Health Care,Local Health Care Provider,Air-Launched: Plane,Aerial Bomb,Host Government: Military,Israeli Defence Forces,Health Worker,,1,,,,,74284
2023-10-28,,OPT,PSE,Gaza Strip,,,censored,"Health Care, Protection, Aid Operations","IDP/Refugee Service, National Red Cross Society",Air-Launched: Plane,Aerial Bomb,Host Government: Military,Israeli Defence Forces,Health Infrastructure,,,,,,,41444
2023-10-28,,OPT,PSE,Gaza Strip,,,censored,Health Care,Local Health Care Provider,Air-Launched: Plane,Aerial Bomb,Host Government: Military,Israeli Defence Forces,Health Infrastructure,,,,,,,41443
2023-10-28,,OPT,PSE,Gaza Strip,,,censored,Protection,IDP/Refugee Service,Air-Launched: Plane,Aerial Bomb,Host Government: Military,Israeli Defence Forces,Protection Infrastructure,,,,,,,41802
2023-10-28,,OPT,PSE,Gaza Strip,,,censored,Aid Operations,UN Agency,Ground-Launched,Shelling,Host Government: Military,Israeli Defence Forces,Other,,,,,,,42318
2023-10-28,,OPT,PSE,West Bank,,,censored,Health Care,Local Health Care Provider,Air-Launched: Plane,Aerial Bomb,Host Government: Military,Israeli Defence Forces,Health Infrastructure,,,,,,,41428
2023-10-27,,OPT,PSE,Gaza Strip,,,censored,Protection,IDP/Refugee Service,Air-Launched: Plane,Aerial Bomb,Host Government: Military,Israeli Defence Forces,Protection Infrastructure,,,,,,,41787
2023-10-27,,OPT,PSE,Gaza Strip,,,censored,Health Care,Local Health Care Provider,Air-Launched: Plane,Aerial Bomb,Host Government: Military,Israeli Defence Forces,Health Worker,,1,,,,,61163
2023-10-26,,OPT,PSE,Gaza Strip,,,censored,Protection,IDP/Refugee Service,Air-Launched: Plane,Aerial Bomb,Host Government: Military,Israeli Defence Forces,Protection Infrastructure,,,,,,,42699
2023-10-26,,OPT,PSE,Gaza Strip,,,censored,Health Care,Local Health Care Provider,Unspecified Launch Method,Unspecified Explosive,Host Government: Military,Israeli Defence Forces,Health Worker,,1,,,,,68319
2023-10-26,,OPT,PSE,Gaza Strip,,,censored,"Health Care, Protection","IDP/Refugee Service, Local Health Care Provider",Air-Launched: Plane,Aerial Bomb,Host Government: Military,Israeli Defence Forces,Protection Infrastructure,,1,,,,,41547
2023-10-26,,OPT,PSE,Gaza Strip,,,censored,Health Care,Local Health Care Provider,Air-Launched: Plane,Aerial Bomb,Host Government: Military,Israeli Defence Forces,Health Worker,,,,,,,41426
2023-10-26,,OPT,PSE,Gaza Strip,,,censored,Health Care,Local Health Care Provider,Unspecified Launch Method,Unspecified Explosive,Host Government: Military,Israeli Defence Forces,Health Worker,,2,,,,,69243
2023-10-26,,OPT,PSE,Gaza Strip,,,censored,Health Care,Local Health Care Provider,Air-Launched: Plane,Aerial Bomb,Host Government: Military,Israeli Defence Forces,Health Worker,,1,,,,,84719
2023-10-26,,OPT,PSE,Gaza Strip,,,censored,Health Care,Local Health Care Provider,Unspecified Launch Method,Unspecified Explosive,Host Government: Military,Israeli Defence Forces,Health Worker,,1,,,,,72106
2023-10-26,,OPT,PSE,Gaza Strip,,,censored,Health Care,Local Health Care Provider,Air-Launched: Plane,Aerial Bomb,Host Government: Military,Israeli Defence Forces,Health Infrastructure,,,,,,,41427
2023-10-26,,OPT,PSE,Gaza Strip,,,censored,Health Care,Local Health Care Provider,Unspecified Launch Method,Unspecified Explosive,Host Government: Military,Israeli Defence Forces,Health Worker,,1,,,,,41737
2023-10-25,,OPT,PSE,Gaza Strip,,,censored,Health Care,Local Health Care Provider,Air-Launched: Plane,Aerial Bomb,Host Government: Military,Israeli Defence Forces,Health Worker,,1,,,,,74152
2023-10-25,,OPT,PSE,Gaza Strip,,,censored,Health Care,Local Health Care Provider,Ground-Launched,Shelling,Host Government: Military,Israeli Defence Forces,Health Worker,,1,,,,,68325
2023-10-25,,OPT,PSE,Gaza Strip,,,censored,Health Care,Local Health Care Provider,Air-Launched: Plane,Aerial Bomb,Host Government: Military,Israeli Defence Forces,Health Worker,,1,,,,,74647
2023-10-25,,OPT,PSE,Gaza Strip,,,censored,Protection,IDP/Refugee Service,Air-Launched: Plane,Aerial Bomb,Host Government: Military,Israeli Defence Forces,Multiple,,,,,,,41610
2023-10-25,,OPT,PSE,Gaza Strip,,,censored,Health Care,Local Health Care Provider,Unspecified Launch Method,Unspecified Explosive,Host Government: Military,Israeli Defence Forces,Health Worker,,1,,,,,61447
2023-10-25,,OPT,PSE,Gaza Strip,,,censored,Health Care,Local Health Care Provider,Air-Launched: Plane,Aerial Bomb,Host Government: Military,Israeli Defence Forces,Health Worker,,1,,,,,69244
2023-10-25,,OPT,PSE,West Bank,,,censored,Protection,IDP/Refugee Service,Air-Launched: Plane,Aerial Bomb,Host Government: Military,Israeli Defence Forces,Protection Infrastructure,,,,,,,42333
2023-10-25,,OPT,PSE,Gaza Strip,,,censored,Protection,IDP/Refugee Service,Air-Launched: Plane,Aerial Bomb,Host Government: Military,Israeli Defence Forces,Protection Infrastructure,,,,,,,41612
2023-10-25,,OPT,PSE,Gaza Strip,,,censored,Health Care,Local Health Care Provider,Air-Launched: Plane,Aerial Bomb,Host Government: Military,Israeli Defence Forces,Health Worker,,1,,,,,42513
2023-10-25,,OPT,PSE,Gaza Strip,,,censored,Health Care,Local Health Care Provider,Air-Launched: Plane,Aerial Bomb,Host Government: Military,Israeli Defence Forces,Health Worker,,1,,,,,85374
2023-10-25,,OPT,PSE,Gaza Strip,,,censored,Health Care,Local Health Care Provider,Air-Launched: Plane,Aerial Bomb,Host Government: Military,Israeli Defence Forces,Health Infrastructure,,,,,,,41425
2023-10-25,,OPT,PSE,Gaza Strip,,,censored,Health Care,Local Health Care Provider,Ground-Launched,Shelling,Host Government: Military,Israeli Defence Forces,Health Worker,,1,,,,,68324
2023-10-24,,OPT,PSE,Gaza Strip,,,censored,Health Care,Local Health Care Provider,Unspecified Launch Method,Unspecified Explosive,Host Government: Military,Israeli Defence Forces,Health Worker,,2,,,,,68321
2023-10-24,,OPT,PSE,Gaza Strip,,,censored,"Health Care, Aid Operations",National Red Cross Society,Unspecified Launch Method,Unspecified Explosive,Host Government: Military,Israeli Defence Forces,Aid Infrastructure,,,,,,,42158
2023-10-24,,OPT,PSE,Gaza Strip,,,censored,"Health Care, Protection","IDP/Refugee Service, Local Health Care Provider",Air-Launched: Plane,Aerial Bomb,Host Government: Military,Israeli Defence Forces,Protection Infrastructure,,2,,,,,43203
2023-10-24,,OPT,PSE,Gaza Strip,,,censored,"Health Care, Aid Operations",National Red Cross Society,Ground-Launched,Shelling,Host Government: Military,Israeli Defence Forces,Health Infrastructure,,,,,,,41423
2023-10-24,,OPT,PSE,Gaza Strip,,,censored,Health Care,Local Health Care Provider,Air-Launched: Plane,Aerial Bomb,Host Government: Military,Israeli Defence Forces,Health Infrastructure,,,,,,,41424
2023-10-24,,OPT,PSE,Gaza Strip,,,censored,Protection,IDP/Refugee Service,Air-Launched: Plane,Aerial Bomb,Host Government: Military,Israeli Defence Forces,Protection Infrastructure,,,,,,,41592
2023-10-24,,OPT,PSE,Gaza Strip,,,censored,Protection,IDP/Refugee Service,Ground-Launched,Shelling,Host Government: Military,Israeli Defence Forces,Protection Infrastructure,,,,,,,41606
2023-10-24,,OPT,PSE,Gaza Strip,,,censored,Protection,IDP/Refugee Service,Unspecified Launch Method,Unspecified Explosive,Host Government: Military,Israeli Defence Forces,Protection Infrastructure,,,,,,,41607
2023-10-24,,OPT,PSE,Gaza Strip,,,censored,Health Care,Local Health Care Provider,Air-Launched: Plane,Aerial Bomb,Host Government: Military,Israeli Defence Forces,Health Worker,,1,,,,,41613
2023-10-24,,OPT,PSE,Gaza Strip,,,censored,Health Care,Local Health Care Provider,Air-Launched: Plane,Aerial Bomb,Host Government: Military,Israeli Defence Forces,Health Worker,,1,,,,,41614
2023-10-24,,Lebanon,LBN,Nabatieh Governorate,,,censored by HDX,Health Care,Local Health Care Provider,Ground-Launched,Artillery,Foreign Forces: Military,Israeli Defence Forces,Health Infrastructure,,,,,,,84236
2023-10-24,,OPT,PSE,Gaza Strip,,,censored,Health Care,Local Health Care Provider,Air-Launched: Plane,Aerial Bomb,Host Government: Military,Israeli Defence Forces,Health Worker,,2,,,,,74029
2023-10-24,,OPT,PSE,Gaza Strip,,,censored,Health Care,Local Health Care Provider,Unspecified Launch Method,Unspecified Explosive,Host Government: Military,Israeli Defence Forces,Health Worker,,1,,,,,73362
2023-10-24,,OPT,PSE,Gaza Strip,,,censored,Health Care,Local Health Care Provider,Air-Launched: Plane,Aerial Bomb,Host Government: Military,Israeli Defence Forces,Health Worker,,1,,,,,72172
2023-10-24,,OPT,PSE,Gaza Strip,,,censored,"Health Care, Protection","IDP/Refugee Service, Local Health Care Provider",Unspecified Launch Method,Unspecified Explosive,Host Government: Military,Israeli Defence Forces,Protection Infrastructure,,1,,,,,71908
2023-10-24,,OPT,PSE,Gaza Strip,,,censored,Health Care,Local Health Care Provider,Unspecified Launch Method,Unspecified Explosive,Host Government: Military,Israeli Defence Forces,Health Worker,,1,,,,,68377
2023-10-24,,OPT,PSE,Gaza Strip,,,censored,Health Care,Local Health Care Provider,Ground-Launched,Shelling,Host Government: Military,Israeli Defence Forces,Health Worker,,1,,,,,68326
2023-10-23,,OPT,PSE,Gaza Strip,,,censored,Health Care,Local Health Care Provider,Unspecified Launch Method,Unspecified Explosive,Host Government: Military,Israeli Defence Forces,Health Worker,,1,,,,,69237
2023-10-23,,OPT,PSE,Gaza Strip,,,censored,Health Care,Local Health Care Provider,Air-Launched: Plane,Aerial Bomb,Host Government: Military,Israeli Defence Forces,Health Infrastructure,,1,,,,,41604
2023-10-23,,OPT,PSE,Gaza Strip,,,censored,Education,Local Education Provider,Air-Launched: Plane,Aerial Bomb,Host Government: Military,Israeli Defence Forces,Education Infrastructure,,,,,,,42600
2023-10-23,,OPT,PSE,Gaza Strip,,,censored,"Health Care, Protection","IDP/Refugee Service, Local Health Care Provider",Air-Launched: Plane,Aerial Bomb,Host Government: Military,Israeli Defence Forces,Health Worker,,1,,,,,74031
2023-10-23,,OPT,PSE,Gaza Strip,,,censored,Health Care,Local Health Care Provider,Unspecified Launch Method,Unspecified Explosive,Host Government: Military,Israeli Defence Forces,Health Worker,,1,,,,,74025
2023-10-23,,OPT,PSE,Gaza Strip,,,censored,Health Care,Local Health Care Provider,Unspecified Launch Method,Unspecified Explosive,Host Government: Military,Israeli Defence Forces,Health Worker,,1,,,,,74024
2023-10-23,,OPT,PSE,Gaza Strip,,,censored,Health Care,Local Health Care Provider,Air-Launched: Plane,Aerial Bomb,Host Government: Military,Israeli Defence Forces,Health Worker,,1,,,,,41421
2023-10-23,,OPT,PSE,Gaza Strip,,,censored,Health Care,Local Health Care Provider,Unspecified Launch Method,Unspecified Explosive,Host Government: Military,Israeli Defence Forces,Health Worker,,1,,,,,69240
2023-10-23,,OPT,PSE,Gaza Strip,,,censored,Health Care,Local Health Care Provider,Unspecified Launch Method,Unspecified Explosive,Host Government: Military,Israeli Defence Forces,Health Infrastructure,,,,,,,86272
2023-10-23,,OPT,PSE,Gaza Strip,,,censored,Protection,IDP/Refugee Service,Air-Launched: Plane,Aerial Bomb,Host Government: Military,Israeli Defence Forces,Protection Infrastructure,,,,,,,41589
2023-10-23,,OPT,PSE,Gaza Strip,,,censored,Protection,IDP/Refugee Service,Air-Launched: Plane,Aerial Bomb,Host Government: Military,Israeli Defence Forces,Protection Infrastructure,,,,,,,41590
2023-10-23,,OPT,PSE,Gaza Strip,,,censored,Protection,IDP/Refugee Service,Air-Launched: Plane,Aerial Bomb,Host Government: Military,Israeli Defence Forces,Protection Infrastructure,,,,,,,41591
2023-10-23,,OPT,PSE,Gaza Strip,,,censored,Health Care,Local Health Care Provider,Air-Launched: Plane,Aerial Bomb,Host Government: Military,Israeli Defence Forces,Health Worker,,1,,,,,41603
2023-10-22,,OPT,PSE,Gaza Strip,,,censored,"Health Care, Protection, Aid Operations","IDP/Refugee Service, INGO",Unspecified Launch Method,Unspecified Explosive,Host Government: Military,Israeli Defence Forces,Multiple,,,,,,,86062
2023-10-22,,OPT,PSE,Gaza Strip,,,censored,Health Care,Local Health Care Provider,Air-Launched: Plane,Aerial Bomb,Host Government: Military,Israeli Defence Forces,Health Worker,,1,,,,,41738
2023-10-22,,OPT,PSE,Gaza Strip,,,censored,Health Care,Local Health Care Provider,Unspecified Launch Method,Unspecified Explosive,Host Government: Military,Israeli Defence Forces,Health Worker,,1,,,,,69239
2023-10-22,,OPT,PSE,Gaza Strip,,,censored,"Health Care, Aid Operations",National Red Cross Society,Ground-Launched,Shelling,Host Government: Military,Israeli Defence Forces,Health Infrastructure,,,,,,,41280
2023-10-22,,OPT,PSE,Gaza Strip,,,censored,Protection,IDP/Refugee Service,Air-Launched: Plane,Aerial Bomb,Host Government: Military,Israeli Defence Forces,Protection Infrastructure,,,,,,,41587
2023-10-22,,OPT,PSE,West Bank,,,censored,Protection,IDP/Refugee Service,Air-Launched: Plane,Aerial Bomb,Host Government: Military,Israeli Defence Forces,Protection Infrastructure,,,,,,,42253
2023-10-21,,OPT,PSE,Gaza Strip,,,censored,Health Care,Local Health Care Provider,Air-Launched: Plane,Aerial Bomb,Host Government: Military,Israeli Defence Forces,Health Worker,,1,,,,,73363
2023-10-21,,OPT,PSE,West Bank,,,censored,Protection,IDP/Refugee Service,Air-Launched: Plane,Aerial Bomb,Host Government: Military,Israeli Defence Forces,Protection Infrastructure,,,,,,,42245
2023-10-21,,OPT,PSE,Gaza Strip,,,censored,Health Care,Local Health Care Provider,Unspecified Launch Method,Unspecified Explosive,Host Government: Military,Israeli Defence Forces,Health Worker,,1,,,,,72337
2023-10-21,,OPT,PSE,Gaza Strip,,,censored,"Health Care, Aid Operations",Government Aid Agency,Air-Launched: Plane,Aerial Bomb,Host Government: Military,Israeli Defence Forces,Other,,,,,,,42176
2023-10-21,,OPT,PSE,Gaza Strip,,,censored,"Health Care, Aid Operations",National Red Cross Society,Unspecified Launch Method,Unspecified Explosive,Host Government: Military,Israeli Defence Forces,Aid Infrastructure,,,1,,,,61513
2023-10-21,,OPT,PSE,Gaza Strip,,,censored,"Health Care, Aid Operations",Government Aid Agency,Air-Launched: Plane,Aerial Bomb,Host Government: Military,Israeli Defence Forces,Health Worker,,1,,,,,41541
2023-10-20,,OPT,PSE,Gaza Strip,,,censored,Protection,IDP/Refugee Service,Air-Launched: Plane,Aerial Bomb,Host Government: Military,Israeli Defence Forces,Protection Infrastructure,,,,,,,41581
2023-10-20,,OPT,PSE,Gaza Strip,,,censored,"Protection, Aid Operations, Food Security","IDP/Refugee Service, UN Agency",Unspecified Launch Method,Unspecified Explosive,Host Government: Military,Israeli Defence Forces,Multiple,,,,,,,42122
2023-10-20,,OPT,PSE,Gaza Strip,,,censored,Health Care,Local Health Care Provider,Air-Launched: Plane,Aerial Bomb,Host Government: Military,Israeli Defence Forces,Health Worker,,1,,,,,73233
2023-10-20,,OPT,PSE,Gaza Strip,,,censored,"Aid Operations, Food Security",UN Agency,Unspecified Launch Method,Unspecified Explosive,Host Government: Military,Israeli Defence Forces,Food Infrastructure,,,,,,,42121
2023-10-20,,OPT,PSE,Gaza Strip,,,censored,Protection,IDP/Refugee Service,Air-Launched: Plane,Aerial Bomb,Host Government: Military,Israeli Defence Forces,Protection Infrastructure,,,,,,,41582
2023-10-20,,OPT,PSE,Gaza Strip,,,censored,Protection,IDP/Refugee Service,Air-Launched: Plane,Aerial Bomb,Host Government: Military,Israeli Defence Forces,Multiple,,,,,,,41465
2023-10-20,,OPT,PSE,Gaza Strip,,,censored,"Aid Operations, Food Security",UN Agency,Unspecified Launch Method,Unspecified Explosive,Host Government: Military,Israeli Defence Forces,Food Infrastructure,,,,,,,42118
2023-10-19,,OPT,PSE,Gaza Strip,,,censored,Health Care,Local Health Care Provider,Unspecified Launch Method,Unspecified Explosive,Host Government: Military,Israeli Defence Forces,Health Worker,,1,,,,,73231
2023-10-19,,OPT,PSE,Gaza Strip,,,censored,"Health Care, Protection, Aid Operations","IDP/Refugee Service, Local Health Care Provider, NGO",Air-Launched: Plane,Aerial Bomb,Host Government: Military,Israeli Defence Forces,Aid Infrastructure,1,1,,,,,41580
2023-10-19,,OPT,PSE,Gaza Strip,,,censored,Health Care,Local Health Care Provider,Unspecified Launch Method,Unspecified Explosive,Host Government: Military,Israeli Defence Forces,Health Worker,,1,,,,,73232
2023-10-19,,OPT,PSE,Gaza Strip,,,censored,Protection,IDP/Refugee Service,Air-Launched: Plane,Aerial Bomb,Host Government: Military,Israeli Defence Forces,Protection Infrastructure,,,,,,,41433
2023-10-19,,OPT,PSE,Gaza Strip,,,censored,"Education, Aid Operations",UN Agency,Air-Launched: Plane,Aerial Bomb,Host Government: Military,Israeli Defence Forces,Education Infrastructure,,,,,,,42599
2023-10-19,,OPT,PSE,Gaza Strip,,,censored,"Protection, Food Security",IDP/Refugee Service,Air-Launched: Plane,Aerial Bomb,Host Government: Military,Israeli Defence Forces,Protection Infrastructure,,,,,,,41463
2023-10-19,,OPT,PSE,Gaza Strip,,,censored,Health Care,Local Health Care Provider,Unspecified Launch Method,Unspecified Explosive,Host Government: Military,Israeli Defence Forces,Health Worker,,1,,,,,72702
2023-10-19,,OPT,PSE,Gaza Strip,,,censored,Health Care,Local Health Care Provider,Air-Launched: Plane,Aerial Bomb,Host Government: Military,Israeli Defence Forces,Health Worker,,2,,,,,73234
2023-10-19,,OPT,PSE,Gaza Strip,,,censored,"Health Care, Protection","IDP/Refugee Service, Local Health Care Provider",Air-Launched: Plane,Aerial Bomb,Host Government: Military,Israeli Defence Forces,Protection Infrastructure,,1,,,,,69170
2023-10-19,,OPT,PSE,Gaza Strip,,,censored,Health Care,Local Health Care Provider,Unspecified Launch Method,Unspecified Explosive,Host Government: Military,Israeli Defence Forces,Health Worker,,1,,,,,69206
2023-10-18,,OPT,PSE,Gaza Strip,,,censored,Health Care,Local Health Care Provider,Unspecified Launch Method,Unspecified Explosive,Host Government: Military,Israeli Defence Forces,Health Worker,,1,,,,,73067
2023-10-18,,OPT,PSE,Gaza Strip,,,censored,Health Care,Local Health Care Provider,Air-Launched: Plane,Aerial Bomb,Host Government: Military,Israeli Defence Forces,Health Worker,,1,,,,,43448
2023-10-18,,OPT,PSE,Gaza Strip,,,censored,Health Care,Local Health Care Provider,Air-Launched: Plane,Aerial Bomb,Host Government: Military,Israeli Defence Forces,Health Worker,,1,,,,,69248
2023-10-18,,OPT,PSE,Gaza Strip,,,censored,"Health Care, Aid Operations",INGO,Unspecified Launch Method,Unspecified Explosive,Host Government: Military,Israeli Defence Forces,Aid Infrastructure,,,1,,,,69238
2023-10-18,,OPT,PSE,Gaza Strip,,,censored,"Education, Aid Operations",UN Agency,Air-Launched: Plane,Aerial Bomb,Host Government: Military,Israeli Defence Forces,Education Infrastructure,,,,,,,42598
2023-10-18,,Lebanon,LBN,Nabatieh Governorate,,,censored by HDX,Health Care,Local Health Care Provider,Ground-Launched,Artillery,Foreign Forces: Military,Israeli Defence Forces,Health Infrastructure,,,,,,,84237
2023-10-18,,OPT,PSE,Gaza Strip,,,censored,Health Care,Local Health Care Provider,Air-Launched: Plane,Aerial Bomb,Host Government: Military,Israeli Defence Forces,Health Worker,,4,,,,,41524
2023-10-18,,OPT,PSE,Gaza Strip,,,censored,Health Care,Local Health Care Provider,Air-Launched: Plane,Aerial Bomb,Host Government: Military,Israeli Defence Forces,Health Infrastructure,,,,,,,41274
2023-10-18,,OPT,PSE,Gaza Strip,,,censored,"Protection, Aid Operations",UN Agency,Air-Launched: Plane,Artillery,Host Government: Military,Israeli Defence Forces,Education Infrastructure,,,,,,,42424
2023-10-18,,OPT,PSE,Gaza Strip,,,censored,"Health Care, Aid Operations",National Red Cross Society,Air-Launched: Plane,Aerial Bomb,Host Government: Military,Israeli Defence Forces,Health Infrastructure,,,,,,,41255
2023-10-18,,OPT,PSE,Gaza Strip,,,censored,"Protection, Food Security",IDP/Refugee Service,Air-Launched: Plane,Aerial Bomb,Host Government: Military,Israeli Defence Forces,Other,,,,,,,41432
2023-10-17,,OPT,PSE,Gaza Strip,,,censored,Health Care,Local Health Care Provider,Air-Launched: Plane,Aerial Bomb,Host Government: Military,Israeli Defence Forces,Health Infrastructure,,,,,,,41272
2023-10-17,,OPT,PSE,Gaza Strip,,,censored,Aid Operations,UN Agency,Unspecified Launch Method,Unspecified Explosive,Host Government: Military,Israeli Defence Forces,Aid Infrastructure,,,,,,,42139
2023-10-17,,OPT,PSE,Gaza Strip,,,censored,Health Care,Local Health Care Provider,Unspecified Launch Method,Unspecified Explosive,Host Government: Military,Israeli Defence Forces,Health Worker,,1,,,,,84798
2023-10-17,,OPT,PSE,Gaza Strip,,,censored,Health Care,Local Health Care Provider,Air-Launched: Plane,Aerial Bomb,Host Government: Military,Israeli Defence Forces,Health Infrastructure,,,,,,,41191
2023-10-17,,OPT,PSE,Gaza Strip,,,censored,Health Care,Local Health Care Provider,Air-Launched: Plane,Aerial Bomb,Host Government: Military,Israeli Defence Forces,Other,,,,,,,41192
2023-10-17,,OPT,PSE,Gaza Strip,,,censored,Health Care,Local Health Care Provider,Air-Launched: Plane,Aerial Bomb,Host Government: Military,Israeli Defence Forces,Health Worker,,1,,,,,75283
2023-10-17,,OPT,PSE,Gaza Strip,,,censored,"Health Care, Aid Operations",NGO,Air-Launched: Plane,Aerial Bomb,Host Government: Military,Israeli Defence Forces,Health Infrastructure,,,,,,,41193
2023-10-17,,OPT,PSE,Gaza Strip,,,censored,Health Care,Local Health Care Provider,Air-Launched: Plane,Aerial Bomb,Host Government: Military,Israeli Defence Forces,Health Worker,,1,,,,,41601
2023-10-17,,OPT,PSE,Gaza Strip,,,censored,Health Care,Local Health Care Provider,Unspecified Launch Method,Unspecified Explosive,Host Government: Military,Israeli Defence Forces,Health Worker,,1,,,,,73229
2023-10-17,,OPT,PSE,Gaza Strip,,,censored,"Health Care, Protection","IDP/Refugee Service, Local Health Care Provider",Air-Launched: Plane,Aerial Bomb,Host Government: Military,Israeli Defence Forces,Protection Infrastructure,,1,,,,,41431
2023-10-17,,OPT,PSE,Gaza Strip,,,censored,"Protection, Aid Operations",UN Agency,Air-Launched: Plane,Aerial Bomb,Host Government: Military,Israeli Defence Forces,Education Infrastructure,3,,,,,,41261
2023-10-16,,OPT,PSE,Gaza Strip,,,censored,Health Care,Local Health Care Provider,Air-Launched: Plane,Aerial Bomb,Host Government: Military,Israeli Defence Forces,Health Worker,,,,,,,41187
2023-10-16,,OPT,PSE,Gaza Strip,,,censored,Health Care,Local Health Care Provider,Air-Launched: Plane,Aerial Bomb,Host Government: Military,Israeli Defence Forces,Health Worker,,2,,,,,41825
2023-10-16,,OPT,PSE,Gaza Strip,,,censored,Health Care,Local Health Care Provider,Unspecified Launch Method,Missile,Host Government: Military,Israeli Defence Forces,Health Worker,,1,,,,,85393
2023-10-16,,OPT,PSE,Gaza Strip,,,censored,"Aid Operations, Food Security",UN Agency,Air-Launched: Plane,Aerial Bomb,Host Government: Military,Israeli Defence Forces,Aid Infrastructure,,,,,,,42175
2023-10-16,,OPT,PSE,Gaza Strip,,,censored,"Health Care, Protection","IDP/Refugee Service, Local Health Care Provider",Air-Launched: Plane,Aerial Bomb,Host Government: Military,Israeli Defence Forces,Protection Infrastructure,,1,,,,,72073
2023-10-16,,OPT,PSE,Gaza Strip,,,censored,Health Care,Local Health Care Provider,Air-Launched: Plane,Aerial Bomb,Host Government: Military,Israeli Defence Forces,Health Worker,,7,,,,,41190
2023-10-16,,OPT,PSE,Gaza Strip,,,censored,"Health Care, Aid Operations",National Red Cross Society,Unspecified Launch Method,Unspecified Explosive,Host Government: Military,Israeli Defence Forces,Health Infrastructure,,,,,,,86173
2023-10-15,,OPT,PSE,Gaza Strip,,,censored,Health Care,Local Health Care Provider,Air-Launched: Plane,Aerial Bomb,Host Government: Military,Israeli Defence Forces,Health Worker,,1,,,,,41183
2023-10-15,,OPT,PSE,Gaza Strip,,,censored,Health Care,Local Health Care Provider,Air-Launched: Plane,Aerial Bomb,Host Government: Military,Israeli Defence Forces,Health Worker,,1,,,,,41177
2023-10-15,,OPT,PSE,Gaza Strip,,,censored,Health Care,Local Health Care Provider,Air-Launched: Plane,Aerial Bomb,Host Government: Military,Israeli Defence Forces,Health Worker,,1,,,,,41111
2023-10-15,,OPT,PSE,Gaza Strip,,,censored,Health Care,Local Health Care Provider,Air-Launched: Plane,Aerial Bomb,Host Government: Military,Israeli Defence Forces,Health Worker,,1,,,,,75290
2023-10-15,,OPT,PSE,Gaza Strip,,,censored,"Health Care, Aid Operations",NGO,Air-Launched: Plane,Aerial Bomb,Host Government: Military,Israeli Defence Forces,Health Infrastructure,,,,,,,41212
2023-10-15,,OPT,PSE,Gaza Strip,,,censored,Health Care,Local Health Care Provider,Air-Launched: Plane,Aerial Bomb,Host Government: Military,Israeli Defence Forces,Health Infrastructure,,,,,,,41194
2023-10-15,,OPT,PSE,Gaza Strip,,,censored,Health Care,Local Health Care Provider,Unspecified Launch Method,Unspecified Explosive,Host Government: Military,Israeli Defence Forces,Health Worker,,1,,,,,85375
2023-10-15,,OPT,PSE,Gaza Strip,,,censored,"Health Care, Aid Operations",NGO,Air-Launched: Plane,Aerial Bomb,Host Government: Military,Israeli Defence Forces,Health Infrastructure,,,,,,,41845
2023-10-15,,OPT,PSE,Gaza Strip,,,censored,Health Care,Local Health Care Provider,Air-Launched: Plane,Aerial Bomb,Host Government: Military,Israeli Defence Forces,Health Worker,,,,,,,41273
2023-10-15,,OPT,PSE,Gaza Strip,,,censored,Protection,IDP/Refugee Service,Air-Launched: Plane,Aerial Bomb,Host Government: Military,Israeli Defence Forces,Protection Infrastructure,,,,,,,41450
2023-10-15,,OPT,PSE,Gaza Strip,,,censored,"Health Care, Protection","IDP/Refugee Service, Local Health Care Provider",Air-Launched: Plane,Aerial Bomb,Host Government: Military,Israeli Defence Forces,Protection Infrastructure,,,,,,,41451
2023-10-15,,OPT,PSE,Gaza Strip,,,censored,Health Care,Local Health Care Provider,Unspecified Launch Method,Unspecified Explosive,Host Government: Military,Israeli Defence Forces,Health Worker,,1,,,,,72370
2023-10-15,,OPT,PSE,Gaza Strip,,,censored,Health Care,Local Health Care Provider,Unspecified Launch Method,Unspecified Explosive,Host Government: Military,Israeli Defence Forces,Health Worker,,1,,,,,73327
2023-10-15,,OPT,PSE,Gaza Strip,,,censored,"Health Care, Aid Operations",National Red Cross Society,Air-Launched: Plane,Aerial Bomb,Host Government: Military,Israeli Defence Forces,Health Infrastructure,,,,,,,41186
2023-10-15,,OPT,PSE,Gaza Strip,,,censored,Health Care,Local Health Care Provider,Air-Launched: Plane,Aerial Bomb,Host Government: Military,Israeli Defence Forces,Health Worker,,2,,,,,41185
2023-10-15,,OPT,PSE,Gaza Strip,,,censored,Health Care,Local Health Care Provider,Air-Launched: Plane,Aerial Bomb,Host Government: Military,Israeli Defence Forces,Health Worker,,1,,,,,41184
2023-10-14,,OPT,PSE,Gaza Strip,,,censored,"Protection, Aid Operations",UN Agency,Air-Launched: Plane,Aerial Bomb,Host Government: Military,Israeli Defence Forces,Other,,,,,,,41259
2023-10-14,,OPT,PSE,Gaza Strip,,,censored,"Health Care, Aid Operations",NGO,Air-Launched: Plane,Aerial Bomb,Host Government: Military,Israeli Defence Forces,Other,,,,,,,41199
2023-10-14,,OPT,PSE,Gaza Strip,,,censored,"Health Care, Protection","IDP/Refugee Service, Local Health Care Provider",Air-Launched: Plane,Aerial Bomb,Host Government: Military,Israeli Defence Forces,Protection Infrastructure,,1,,,,,76627
2023-10-14,,OPT,PSE,Gaza Strip,,,censored,"Education, Protection","IDP/Refugee Service, Local Education Provider",Air-Launched: Plane,Aerial Bomb,Host Government: Military,Israeli Defence Forces,Education Infrastructure,,,,,27,,42101
2023-10-14,,OPT,PSE,Gaza Strip,,,censored,"Protection, Aid Operations",UN Agency,Air-Launched: Plane,Aerial Bomb,Host Government: Military,Israeli Defence Forces,Multiple,,,,,,,41448
2023-10-14,,OPT,PSE,Gaza Strip,,,censored,Health Care,Local Health Care Provider,Air-Launched: Plane,Aerial Bomb,Host Government: Military,Israeli Defence Forces,Health Worker,,1,,,,,41103
2023-10-14,,OPT,PSE,Gaza Strip,,,censored,"Health Care, Aid Operations",INGO,Air-Launched: Plane,Aerial Bomb,Host Government: Military,Israeli Defence Forces,Health Infrastructure,,,,,,,41102
2023-10-14,,OPT,PSE,Gaza Strip,,,censored,"Health Care, Aid Operations",NGO,Air-Launched: Plane,Aerial Bomb,Host Government: Military,Israeli Defence Forces,Health Infrastructure,,,,,,,41101
2023-10-14,,OPT,PSE,Gaza Strip,,,censored,Health Care,Local Health Care Provider,Air-Launched: Plane,Aerial Bomb,Host Government: Military,Israeli Defence Forces,Health Infrastructure,,,,,,,41074
2023-10-14,,OPT,PSE,Gaza Strip,,,censored,Health Care,Local Health Care Provider,Air-Launched: Plane,Aerial Bomb,Host Government: Military,Israeli Defence Forces,Health Infrastructure,,,,,,,41067
2023-10-14,,OPT,PSE,Gaza Strip,,,censored,"Health Care, Aid Operations",National Red Cross Society,Air-Launched: Plane,Aerial Bomb,Host Government: Military,Israeli Defence Forces,Health Infrastructure,,,,,,,41063
2023-10-14,,OPT,PSE,Gaza Strip,,,censored,Health Care,Local Health Care Provider,Air-Launched: Plane,Aerial Bomb,Host Government: Military,Israeli Defence Forces,Health Worker,,1,,,,,61110
2023-10-14,,OPT,PSE,Gaza Strip,,,censored,"Health Care, Protection","IDP/Refugee Service, Local Health Care Provider",Unspecified Launch Method,Unspecified Explosive,Host Government: Military,Israeli Defence Forces,Protection Infrastructure,,1,,,,,69367
2023-10-14,,OPT,PSE,Gaza Strip,,,censored,Health Care,Local Health Care Provider,Unspecified Launch Method,Unspecified Explosive,Host Government: Military,Israeli Defence Forces,Health Worker,,1,,,,,72700
2023-10-14,,OPT,PSE,Gaza Strip,,,censored,Health Care,Local Health Care Provider,Unspecified Launch Method,Unspecified Explosive,Host Government: Military,Israeli Defence Forces,Health Worker,,1,,,,,73360
2023-10-14,,OPT,PSE,Gaza Strip,,,censored,Health Care,Local Health Care Provider,Air-Launched: Plane,Aerial Bomb,Host Government: Military,Israeli Defence Forces,Health Worker,,1,,,,,75538
2023-10-14,,OPT,PSE,Gaza Strip,,,censored,Protection,IDP/Refugee Service,Air-Launched: Plane,Aerial Bomb,Host Government: Military,Israeli Defence Forces,Protection Infrastructure,,,,,,,41436
2023-10-14,,OPT,PSE,Gaza Strip,,,censored,Protection,IDP/Refugee Service,Air-Launched: Plane,Aerial Bomb,Host Government: Military,Israeli Defence Forces,Protection Infrastructure,,,,,,,41437
2023-10-13,,OPT,PSE,Gaza Strip,,,censored,Education,Local Education Provider,Air-Launched: Plane,Aerial Bomb,Host Government: Military,Israeli Defence Forces,Teacher/Student,,,,1,,,43922
2023-10-13,,OPT,PSE,Gaza Strip,,,censored,Health Care,Local Health Care Provider,Unspecified Launch Method,Unspecified Explosive,Host Government: Military,Israeli Defence Forces,Health Worker,,1,,,,,84666
2023-10-13,,OPT,PSE,Gaza Strip,,,censored,"Education, Health Care","Local Education Provider, Local Health Care Provider",Air-Launched: Plane,Aerial Bomb,Host Government: Military,Israeli Defence Forces,Health Worker,,1,,,,,44377
2023-10-13,,OPT,PSE,Gaza Strip,,,censored,"Health Care, Aid Operations",INGO,Unspecified Launch Method,Unspecified Explosive,Host Government: Military,Israeli Defence Forces,Aid Infrastructure,,,,,,,41056
2023-10-13,,OPT,PSE,Gaza Strip,,,censored,Health Care,Local Health Care Provider,Air-Launched: Plane,Aerial Bomb,Host Government: Military,Israeli Defence Forces,Health Worker,,1,,,,,41079
2023-10-13,,OPT,PSE,Gaza Strip,,,censored,Health Care,Local Health Care Provider,Unspecified Launch Method,Unspecified Explosive,Host Government: Military,Israeli Defence Forces,Health Worker,,1,,,,,75288
2023-10-13,,OPT,PSE,Gaza Strip,,,censored,Health Care,Local Health Care Provider,Air-Launched: Plane,Aerial Bomb,Host Government: Military,Israeli Defence Forces,Health Infrastructure,,,,,,,41095
2023-10-13,,OPT,PSE,Gaza Strip,,,censored,Protection,IDP/Refugee Service,Ground-Launched,Shelling,Host Government: Military,Israeli Defence Forces,Protection Infrastructure,,,,,,,41258
2023-10-12,,OPT,PSE,Gaza Strip,,,censored,Health Care,Local Health Care Provider,Unspecified Launch Method,Unspecified Explosive,Host Government: Military,Israeli Defence Forces,Health Worker,,1,,,,,84720
2023-10-12,,OPT,PSE,Gaza Strip,,,censored,"Education, Protection, Aid Operations","IDP/Refugee Service, UN Agency",Air-Launched: Plane,Aerial Bomb,Host Government: Military,Israeli Defence Forces,Education Infrastructure,,,,,,,42622
2023-10-12,,OPT,PSE,Gaza Strip,,,censored,"Health Care, Protection","IDP/Refugee Service, Local Health Care Provider",Air-Launched: Plane,Aerial Bomb,Host Government: Military,Israeli Defence Forces,Protection Infrastructure,,1,,,,,73235
2023-10-12,,OPT,PSE,Gaza Strip,,,censored,Health Care,Local Health Care Provider,Unspecified Launch Method,Unspecified Explosive,Host Government: Military,Israeli Defence Forces,Health Worker,,1,,,,,69301
2023-10-12,,OPT,PSE,Gaza Strip,,,censored,Protection,IDP/Refugee Service,Air-Launched: Plane,Aerial Bomb,Host Government: Military,Israeli Defence Forces,Protection Infrastructure,,,,,,,41454
2023-10-12,,OPT,PSE,Gaza Strip,,,censored,Protection,IDP/Refugee Service,Air-Launched: Plane,Aerial Bomb,Host Government: Military,Israeli Defence Forces,Protection Infrastructure,,,,,,,41435
2023-10-12,,OPT,PSE,Gaza Strip,,,censored,Protection,IDP/Refugee Service,Air-Launched: Plane,Aerial Bomb,Host Government: Military,Israeli Defence Forces,Protection Infrastructure,,,,,,,41434
2023-10-12,,OPT,PSE,Gaza Strip,,,censored,Protection,IDP/Refugee Service,Air-Launched: Plane,Aerial Bomb,Host Government: Military,Israeli Defence Forces,Protection Infrastructure,,,,,,,41257
2023-10-12,,OPT,PSE,Gaza Strip,,,censored,"Education, Protection, Aid Operations","IDP/Refugee Service, UN Agency",Air-Launched: Plane,Aerial Bomb,Host Government: Military,Israeli Defence Forces,Aid Infrastructure,,,,,,,41253
2023-10-12,,OPT,PSE,Gaza Strip,,,censored,Health Care,Local Health Care Provider,Air-Launched: Plane,Aerial Bomb,Host Government: Military,Israeli Defence Forces,Health Worker,,2,,,,,41188
2023-10-12,,OPT,PSE,Gaza Strip,,,censored,"Education, Health Care, Protection, Aid Operations",UN Agency,Air-Launched: Plane,Aerial Bomb,Host Government: Military,Israeli Defence Forces,Health Worker,4,,2,5,,,41098
2023-10-12,,OPT,PSE,Gaza Strip,,,censored,Health Care,Local Health Care Provider,Air-Launched: Plane,Missile,Host Government: Military,Israeli Defence Forces,Health Worker,,3,,,,,41096
2023-10-11,,OPT,PSE,Gaza Strip,,,censored,"Health Care, Protection, Aid Operations","IDP/Refugee Service, INGO",Air-Launched: Plane,Aerial Bomb,Host Government: Military,Israeli Defence Forces,Multiple,,,,,,,46692
2023-10-11,,OPT,PSE,Gaza Strip,,,censored,Health Care,Local Health Care Provider,Unspecified Launch Method,Unspecified Explosive,Host Government: Military,Israeli Defence Forces,Health Worker,,1,,,,,69268
2023-10-11,,OPT,PSE,Gaza Strip,,,censored,Protection,IDP/Refugee Service,Air-Launched: Plane,Missile,Host Government: Military,Israeli Defence Forces,Protection Infrastructure,,,,,,,41250
2023-10-11,,OPT,PSE,Gaza Strip,,,censored,Health Care,Local Health Care Provider,Air-Launched: Plane,Aerial Bomb,Host Government: Military,Israeli Defence Forces,Health Worker,,1,,,,,69400
2023-10-11,,OPT,PSE,Gaza Strip,,,censored,Health Care,Local Health Care Provider,Air-Launched: Plane,Missile,Host Government: Military,Israeli Defence Forces,Health Worker,,,,,,,41110
2023-10-11,,OPT,PSE,Gaza Strip,,,censored,"Health Care, Aid Operations",National Red Cross Society,Air-Launched: Plane,Aerial Bomb,Host Government: Military,Israeli Defence Forces,Health Worker,,,1,,,,41014
2023-10-11,,OPT,PSE,Gaza Strip,,,censored,"Protection, Aid Operations",Red Cross (ICRC or IFRC),Air-Launched: Plane,Aerial Bomb,Host Government: Military,Israeli Defence Forces,Other,5,,,,,,41251
2023-10-11,,OPT,PSE,Gaza Strip,,,censored,"Health Care, Aid Operations",National Red Cross Society,Air-Launched: Plane,Aerial Bomb,Host Government: Military,Israeli Defence Forces,Health Infrastructure,,,3,,,,41016
2023-10-11,,OPT,PSE,Gaza Strip,,,censored,Education,Local Education Provider,Air-Launched: Plane,Aerial Bomb,Host Government: Military,Israeli Defence Forces,Education Infrastructure,,,,,,,42100
2023-10-10,,OPT,PSE,Gaza Strip,,,censored,Health Care,Local Health Care Provider,Air-Launched: Plane,Aerial Bomb,Host Government: Military,Israeli Defence Forces,Health Infrastructure,,,,,,,41104
2023-10-10,,OPT,PSE,Gaza Strip,,,censored,Health Care,Local Health Care Provider,Air-Launched: Plane,Aerial Bomb,Host Government: Military,Israeli Defence Forces,Health Worker,,1,,,,,41108
2023-10-10,,OPT,PSE,Gaza Strip,,,censored,Health Care,Local Health Care Provider,Air-Launched: Plane,Aerial Bomb,Host Government: Military,Israeli Defence Forces,Health Worker,,,,,,,41114
2023-10-10,,OPT,PSE,Gaza Strip,,,censored,"Health Care, Aid Operations",National Red Cross Society,Air-Launched: Plane,Aerial Bomb,Host Government: Military,Israeli Defence Forces,Health Infrastructure,,,,,,,40987
2023-10-10,,OPT,PSE,Gaza Strip,,,censored,"Health Care, Aid Operations",UN Agency,Air-Launched: Plane,Aerial Bomb,Host Government: Military,Israeli Defence Forces,Health Infrastructure,,,,,,,40985
2023-10-10,,OPT,PSE,Gaza Strip,,,censored,"Health Care, Aid Operations",Government Aid Agency,Air-Launched: Plane,Aerial Bomb,Host Government: Military,Israeli Defence Forces,Other,,,,,,,40984
2023-10-10,,OPT,PSE,Gaza Strip,,,censored,Health Care,Local Health Care Provider,Unspecified Launch Method,Unspecified Explosive,Host Government: Military,Israeli Defence Forces,Health Worker,,1,,,,,74912
2023-10-10,,OPT,PSE,Gaza Strip,,,censored,"Health Care, Aid Operations",INGO,Air-Launched: Plane,Aerial Bomb,Host Government: Military,Israeli Defence Forces,Health Infrastructure,,,,,,,46691
2023-10-10,,OPT,PSE,Gaza Strip,,,censored,"Health Care, Aid Operations",National Red Cross Society,Ground-Launched,Shelling,Host Government: Military,Israeli Defence Forces,Other,,,,,,,40981
2023-10-10,,OPT,PSE,Gaza Strip,,,censored,Health Care,Local Health Care Provider,Air-Launched: Plane,Aerial Bomb,Host Government: Military,Israeli Defence Forces,Health Infrastructure,,,,,,,40980
2023-10-10,,OPT,PSE,Gaza Strip,,,censored,Health Care,Local Health Care Provider,Air-Launched: Plane,Aerial Bomb,Host Government: Military,Israeli Defence Forces,Health Infrastructure,,,,,,,41112
2023-10-10,,OPT,PSE,Gaza Strip,,,censored,Protection,IDP/Refugee Service,Air-Launched: Plane,Aerial Bomb,Host Government: Military,Israeli Defence Forces,Protection Infrastructure,,,,,,,41248
2023-10-10,,OPT,PSE,Gaza Strip,,,censored,"Health Care, Protection","IDP/Refugee Service, Local Health Care Provider",Air-Launched: Plane,Aerial Bomb,Host Government: Military,Israeli Defence Forces,Protection Infrastructure,,1,,,,,40989
2023-10-10,,OPT,PSE,Gaza Strip,,,censored,Aid Operations,United Nations,Air-Launched: Plane,Aerial Bomb,Host Government: Military,Israeli Defence Forces,Other,,,,,,,42103
2023-10-10,,OPT,PSE,Gaza Strip,,,censored,"Protection, Aid Operations",UN Agency,Air-Launched: Plane,Aerial Bomb,Host Government: Military,Israeli Defence Forces,Aid Infrastructure,,,,,,,41249
2023-10-10,,OPT,PSE,Gaza Strip,,,censored,"Protection, Aid Operations",UN Agency,Air-Launched: Plane,Aerial Bomb,Host Government: Military,Israeli Defence Forces,Education Infrastructure,,,,,,,41245
2023-10-10,,OPT,PSE,Gaza Strip,,,censored,Health Care,Local Health Care Provider,Air-Launched: Plane,Aerial Bomb,Host Government: Military,Israeli Defence Forces,Health Worker,,1,,,,,41847
2023-10-09,,OPT,PSE,Gaza Strip,,,censored,Health Care,Local Health Care Provider,Air-Launched: Plane,Aerial Bomb,Host Government: Military,Israeli Defence Forces,Health Worker,,1,,,,,69208
2023-10-09,,OPT,PSE,Gaza Strip,,,censored,"Health Care, Aid Operations",National Red Cross Society,Air-Launched: Plane,Aerial Bomb,Host Government: Military,Israeli Defence Forces,Health Worker,,,4,,,,41009
2023-10-09,,OPT,PSE,Gaza Strip,,,censored,Health Care,Private Health Care,Air-Launched: Plane,Aerial Bomb,Host Government: Military,Israeli Defence Forces,Health Infrastructure,,,,,,,41007
2023-10-09,,OPT,PSE,Gaza Strip,,,censored,Health Care,Local Health Care Provider,Air-Launched: Plane,Aerial Bomb,Host Government: Military,Israeli Defence Forces,Health Infrastructure,,,,,,,41019
2023-10-09,,OPT,PSE,Gaza Strip,,,censored,"Education, Protection, Aid Operations","IDP/Refugee Service, UN Agency",Air-Launched: Plane,Aerial Bomb,Host Government: Military,Israeli Defence Forces,Education Infrastructure,,,,,,,42099
2023-10-09,,OPT,PSE,Gaza Strip,,,censored,Health Care,Local Health Care Provider,Air-Launched: Plane,Aerial Bomb,Host Government: Military,Israeli Defence Forces,Health Infrastructure,,,,,,,41003
2023-10-09,,OPT,PSE,Gaza Strip,,,censored,Health Care,Local Health Care Provider,Air-Launched: Plane,Aerial Bomb,Host Government: Military,Israeli Defence Forces,Other,,,,,,,41121
2023-10-09,,OPT,PSE,Gaza Strip,,,censored,Protection,IDP/Refugee Service,Air-Launched: Plane,Aerial Bomb,Host Government: Military,Israeli Defence Forces,Other,,,,,,,41243
2023-10-09,,OPT,PSE,Gaza Strip,,,censored,Protection,IDP/Refugee Service,Air-Launched: Plane,Aerial Bomb,Host Government: Military,Israeli Defence Forces,Protection Infrastructure,,,,,,,41452
2023-10-09,,OPT,PSE,Gaza Strip,,,censored,Protection,IDP/Refugee Service,Air-Launched: Plane,Aerial Bomb,Host Government: Military,Israeli Defence Forces,Protection Infrastructure,,,,,,,41244
2023-10-09,,OPT,PSE,Gaza Strip,,,censored,Protection,IDP/Refugee Service,Air-Launched: Plane,Aerial Bomb,Host Government: Military,Israeli Defence Forces,Protection Infrastructure,,,,,,,41246
2023-10-09,,OPT,PSE,Gaza Strip,,,censored,Health Care,Local Health Care Provider,Ground-Launched,Shelling,Host Government: Military,Israeli Defence Forces,Health Infrastructure,,,,,,,40993
2023-10-09,,OPT,PSE,Gaza Strip,,,censored,Health Care,Local Health Care Provider,Air-Launched: Plane,Aerial Bomb,Host Government: Military,Israeli Defence Forces,Health Worker,,1,,,,,41848
2023-10-09,,OPT,PSE,Gaza Strip,,,censored,Health Care,Local Health Care Provider,Air-Launched: Plane,Aerial Bomb,Host Government: Military,Israeli Defence Forces,Health Infrastructure,,2,,,,,40991
2023-10-09,,OPT,PSE,Gaza Strip,,,censored,"Health Care, Aid Operations",INGO,Unspecified Launch Method,Missile,Host Government: Military,Israeli Defence Forces,Health Worker,,,1,,,,73296
2023-10-08,,OPT,PSE,Gaza Strip,,,censored,"Education, Aid Operations",UN Agency,Air-Launched: Plane,Aerial Bomb,Host Government: Military,Israeli Defence Forces,Education Infrastructure,,,,,,,42098
2023-10-08,,OPT,PSE,Gaza Strip,,,censored,"Protection, Aid Operations",UN Agency,Air-Launched: Plane,Aerial Bomb,Host Government: Military,Israeli Defence Forces,Aid Infrastructure,,,,,,,41048
2023-10-08,,OPT,PSE,Gaza Strip,,,censored,"Health Care, Aid Operations",NGO,Unspecified Launch Method,Unspecified Explosive,Host Government: Military,Israeli Defence Forces,Multiple,,,,,,,85253
2023-10-08,,OPT,PSE,Gaza Strip,,,censored,"Health Care, Aid Operations",National Red Cross Society,Unspecified Launch Method,Unspecified Explosive,Host Government: Military,Israeli Defence Forces,Health Worker,,,,,,,87327
2023-10-08,,OPT,PSE,Gaza Strip,,,censored,Health Care,Local Health Care Provider,Air-Launched: Plane,Aerial Bomb,Host Government: Military,Israeli Defence Forces,Health Infrastructure,,,,,,,40997
2023-10-08,,OPT,PSE,Gaza Strip,,,censored,"Protection, Aid Operations",UN Agency,Air-Launched: Plane,Aerial Bomb,Host Government: Military,Israeli Defence Forces,Aid Infrastructure,,,,,,,41049
2023-10-08,,OPT,PSE,Gaza Strip,,,censored,"Health Care, Aid Operations",National Red Cross Society,Air-Launched: Plane,Aerial Bomb,Host Government: Military,Israeli Defence Forces,Health Infrastructure,,,,,,,40998
2023-10-08,,OPT,PSE,Gaza Strip,,,censored,"Health Care, Aid Operations",National Red Cross Society,Air-Launched: Plane,Aerial Bomb,Host Government: Military,Israeli Defence Forces,Health Infrastructure,,,,,,,41000
2023-10-08,,OPT,PSE,Gaza Strip,,,censored,"Health Care, Aid Operations",National Red Cross Society,Air-Launched: Plane,Aerial Bomb,Host Government: Military,Israeli Defence Forces,Health Infrastructure,,,,,,,41004
2023-10-07,,OPT,PSE,Gaza Strip,,,censored,Health Care,Local Health Care Provider,Unspecified Launch Method,Unspecified Explosive,Host Government: Military,Israeli Defence Forces,Health Worker,,1,,,,,68544
2023-10-07,,OPT,PSE,Gaza Strip,,,censored,"Health Care, Aid Operations",Government Aid Agency,Air-Launched: Plane,Aerial Bomb,Host Government: Military,Israeli Defence Forces,Health Infrastructure,,,,,,,40959
2023-10-07,,OPT,PSE,Gaza Strip,,,censored,"Health Care, Aid Operations",National Red Cross Society,Air-Launched: Plane,Aerial Bomb,Host Government: Military,Israeli Defence Forces,Health Infrastructure,,,,,,,40968
2023-10-07,,OPT,PSE,Gaza Strip,,,censored,Health Care,Local Health Care Provider,Air-Launched: Plane,Aerial Bomb,Host Government: Military,Israeli Defence Forces,Multiple,,1,,,,,40974
2023-10-07,,Israel,ISR,South District,31.4,34.4,(2) 25 km Precision ,"Health Care, Aid Operations",LNGO,Ground-Launched,Shelling,Other,Israeli Defence Forces,Health Worker,,,,,,,45130
2023-10-07,,OPT,PSE,Gaza Strip,,,censored,Health Care,Local Health Care Provider,Air-Launched: Plane,Aerial Bomb,Host Government: Military,Israeli Defence Forces,Health Worker,,1,,,,,41017
2023-10-07,,OPT,PSE,Gaza Strip,,,censored,Health Care,Local Health Care Provider,Air-Launched: Plane,Aerial Bomb,Host Government: Military,Israeli Defence Forces,Health Worker,,3,,,,,41058
2023-10-07,,OPT,PSE,Gaza Strip,,,censored,"Health Care, Aid Operations",INGO,Ground-Launched,Shelling,Host Government: Military,Israeli Defence Forces,Health Worker,,,2,,,,43979
2023-10-07,,OPT,PSE,Gaza Strip,,,censored,"Health Care, Aid Operations","Local Health Care Provider, National Red Cross Society",Air-Launched: Plane,Aerial Bomb,Host Government: Military,Israeli Defence Forces,Health Infrastructure,,1,,,,,40964
2023-10-07,,OPT,PSE,Gaza Strip,,,censored,"Health Care, Aid Operations",INGO,Air-Launched: Plane,Aerial Bomb,Host Government: Military,Israeli Defence Forces,Multiple,,,1,,,,40988
2023-10-07,,OPT,PSE,Gaza Strip,,,censored,"Health Care, Aid Operations, Food Security",National Red Cross Society,Unspecified Launch Method,Unspecified Explosive,Host Government: Military,Israeli Defence Forces,Health Infrastructure,,,,,,,44123
2023-10-07,,OPT,PSE,Gaza Strip,,,censored,Health Care,Local Health Care Provider,Air-Launched: Plane,Aerial Bomb,Host Government: Military,Israeli Defence Forces,Health Infrastructure,,2,,,,,40992