Date,Event Description,Country,Country ISO,Admin 1,Latitude,Longitude,Geo Precision,Sector Affected,Provider,Launch Type,Explosive Weapon Type,Reported Perpetrator,Reported Perpetrator Name,Affected
2025-06-23,,Iran,IRN,No Information,32.6,54.5,(6) Country,"Health Care, Aid Operations",National Red Cross Society,Air-Launched: Plane,Aerial Bomb,Foreign Forces: Military,Israeli Defence Forces,Health Worker
2025-06-23,,Iran,IRN,Tehran Province,35.7,51.4,(2) 25 km Precision ,Health Care,Local Health Care Provider,Air-Launched: Plane,Aerial Bomb,Foreign Forces: Military,Israeli Defence Forces,Health Infrastructure
2025-06-23,,Iran,IRN,Tehran Province,35.7,51.3,(2) 25 km Precision ,Health Care,Local Health Care Provider,Air-Launched: Plane,Aerial Bomb,Foreign Forces: Military,Israeli Defence Forces,Health Infrastructure
2025-06-23,,Iran,IRN,Tehran Province,35.6,51.3,(2) 25 km Precision ,"Health Care, Aid Operations",National Red Cross Society,Air-Launched: Plane,Aerial Bomb,Foreign Forces: Military,Israeli Defence Forces,Aid Infrastructure
2025-06-23,,Iran,IRN,Tehran Province,35.7,51.4,(2) 25 km Precision ,Health Care,Local Health Care Provider,Air-Launched: Plane,Aerial Bomb,Foreign Forces: Military,Israeli Defence Forces,Health Infrastructure
2025-06-22,,Iran,IRN,Isfahan Province,32.6,51.3,(2) 25 km Precision ,Health Care,Local Health Care Provider,Air-Launched: Drone,Aerial Bomb,Foreign Forces: Military,Israeli Defence Forces,Health Infrastructure
2025-06-21,,Iran,IRN,Khuzestan Province,31.4,48,(2) 25 km Precision ,Health Care,Local Health Care Provider,Air-Launched: Plane,Aerial Bomb,Foreign Forces: Military,Israeli Defence Forces,Health Infrastructure
2025-06-21,,Iran,IRN,Lorestan Province,33.4,48.3,(2) 25 km Precision ,"Health Care, Aid Operations",NGO,Air-Launched: Drone,Aerial Bomb,Foreign Forces: Military,Israeli Defence Forces,Health Worker
2025-06-20,,Iran,IRN,Kurdistan Province,34.7,46.9,(2) 25 km Precision ,Health Care,Local Health Care Provider,Air-Launched: Plane,Aerial Bomb,Foreign Forces: Military,Israeli Defence Forces,Health Infrastructure
2025-06-20,,Iran,IRN,Tehran Province,35.6,51.3,(2) 25 km Precision ,Health Care,Local Health Care Provider,Air-Launched: Drone,Aerial Bomb,Foreign Forces: Military,Israeli Defence Forces,Health Infrastructure
2025-06-19,,Lebanon,LBN,Nabatieh Governorate,33.2,35.3,censored by HDX,Food Security,None,Directly-Emplaced,Hand Grenade,Foreign Forces: Military,Israeli Defence Forces,Other
2025-06-17,,Iran,IRN,Tehran Province,35.7,51.4,(2) 25 km Precision ,"Health Care, Aid Operations",National Red Cross Society,Air-Launched: Plane,Aerial Bomb,Foreign Forces: Military,Israeli Defence Forces,Aid Infrastructure
2025-06-17,,Lebanon,LBN,South Governorate,33.3,35.0,censored by HDX,Food Security,None,Directly-Emplaced,Hand Grenade,Foreign Forces: Military,Israeli Defence Forces,Other
2025-06-17,,Iran,IRN,Tehran Province,35.7,51.4,(2) 25 km Precision ,Health Care,Local Health Care Provider,Air-Launched: Plane,Aerial Bomb,Foreign Forces: Military,Israeli Defence Forces,Other
2025-06-17,,Iran,IRN,Tehran Province,35.7,51.4,(2) 25 km Precision ,Health Care,Local Health Care Provider,Air-Launched: Plane,Aerial Bomb,Foreign Forces: Military,Israeli Defence Forces,Health Infrastructure
2025-06-17,,Iran,IRN,Tehran Province,35.7,51.4,(2) 25 km Precision ,Health Care,Local Health Care Provider,Air-Launched: Plane,Aerial Bomb,Foreign Forces: Military,Israeli Defence Forces,Health Infrastructure
2025-06-17,,Iran,IRN,Tehran Province,35.7,51.4,(2) 25 km Precision ,Health Care,Local Health Care Provider,Air-Launched: Plane,Aerial Bomb,Foreign Forces: Military,Israeli Defence Forces,Health Infrastructure
2025-06-16,,Iran,IRN,Tehran Province,35.4,51.4,"(4) Province, State, Governorate ","Health Care, Aid Operations",National Red Cross Society,Air-Launched: Plane,Aerial Bomb,Foreign Forces: Military,Israeli Defence Forces,Health Infrastructure
2025-06-16,,Iran,IRN,Tehran Province,35.7,51.5,(2) 25 km Precision ,"Health Care, Aid Operations",National Red Cross Society,Air-Launched: Plane,Aerial Bomb,Foreign Forces: Military,Israeli Defence Forces,Health Worker
2025-06-15,,Iran,IRN,Tehran Province,35.8,51.4,(2) 25 km Precision ,Health Care,Local Health Care Provider,Air-Launched: Plane,Aerial Bomb,Foreign Forces: Military,Israeli Defence Forces,Health Infrastructure
2025-06-15,,Iran,IRN,Kermanshah Province,34.3,47,(2) 25 km Precision ,Health Care,Local Health Care Provider,Air-Launched: Plane,Aerial Bomb,Foreign Forces: Military,Israeli Defence Forces,Health Infrastructure
2025-06-14,,Iran,IRN,Hamadan Province,34.7,48.1,(2) 25 km Precision ,"Health Care, Aid Operations",National Red Cross Society,Air-Launched: Drone,Aerial Bomb,Foreign Forces: Military,Israeli Defence Forces,Health Worker
2025-06-14,,Iran,IRN,West Azerbaijan Province,37.5,45,(2) 25 km Precision ,"Health Care, Aid Operations",National Red Cross Society,Air-Launched: Plane,Aerial Bomb,Foreign Forces: Military,Israeli Defence Forces,Health Infrastructure
2025-06-13,,Iran,IRN,Tehran Province,35.7,51.3,(2) 25 km Precision ,Health Care,Local Health Care Provider,Air-Launched: Plane,Aerial Bomb,Foreign Forces: Military,Israeli Defence Forces,Health Worker
2025-06-13,,Iran,IRN,Tehran Province,35.6,51.3,(2) 25 km Precision ,Health Care,Local Health Care Provider,Air-Launched: Drone,Aerial Bomb,Foreign Forces: Military,Israeli Defence Forces,Health Infrastructure
2025-06-13,,Iran,IRN,Kermanshah Province,34.5,45.5,(2) 25 km Precision ,Health Care,Local Health Care Provider,Air-Launched: Plane,Aerial Bomb,Foreign Forces: Military,Israeli Defence Forces,Health Worker
2025-06-13,,Iran,IRN,Tehran Province,35.6,51.3,(2) 25 km Precision ,Health Care,Local Health Care Provider,Air-Launched: Plane,Aerial Bomb,Foreign Forces: Military,Israeli Defence Forces,Health Worker
2025-06-13,,Lebanon,LBN,South Governorate,33.3,35.0,censored by HDX,Food Security,None,Directly-Emplaced,Hand Grenade,Foreign Forces: Military,Israeli Defence Forces,Other
2025-06-13,,Iran,IRN,East Azerbaijan Province,38,46.2,(2) 25 km Precision ,"Health Care, Aid Operations",National Red Cross Society,Air-Launched: Plane,Aerial Bomb,Foreign Forces: Military,Israeli Defence Forces,Health Infrastructure
2025-06-13,,Iran,IRN,Tehran Province,35.6,51.3,(2) 25 km Precision ,"Education, Health Care","Local Education Provider, Local Health Care Provider",Air-Launched: Plane,Aerial Bomb,Foreign Forces: Military,Israeli Defence Forces,Health Worker
2025-06-12,,Lebanon,LBN,Nabatieh Governorate,33.2,35.3,censored by HDX,Food Security,None,Unspecified Launch Method,Unspecified Explosive,Foreign Forces: Military,Israeli Defence Forces,Other
2025-06-12,,Lebanon,LBN,South Governorate,33.3,35.0,censored by HDX,Food Security,None,Directly-Emplaced,Hand Grenade,Foreign Forces: Military,Israeli Defence Forces,Other
2025-06-11,,Lebanon,LBN,Nabatieh Governorate,33.2,35.3,censored by HDX,Food Security,None,Directly-Emplaced,Hand Grenade,Foreign Forces: Military,Israeli Defence Forces,Other
2025-06-11,,Lebanon,LBN,Nabatieh Governorate,33.2,35.3,censored by HDX,Food Security,None,Directly-Emplaced,Hand Grenade,Foreign Forces: Military,Israeli Defence Forces,Other
2025-06-10,,Lebanon,LBN,Nabatieh Governorate,33.2,35.3,censored by HDX,Food Security,None,Air-Launched: Drone,Aerial Bomb,Foreign Forces: Military,Israeli Defence Forces,Other
2025-06-07,,Lebanon,LBN,Nabatieh Governorate,33.2,35.3,censored by HDX,Food Security,None,Directly-Emplaced,Hand Grenade,Foreign Forces: Military,Israeli Defence Forces,Other
2025-06-03,,Syria,SYR,Dar'a Governorate,32.7,35.8,(2) 25 km Precision ,Food Security,None,Ground-Launched,Artillery,Foreign Forces: Military,Israeli Defence Forces,Other
2025-05-22,,Lebanon,LBN,South Governorate,33.3,35.0,censored by HDX,Food Security,None,Directly-Emplaced,Hand Grenade,Foreign Forces: Military,Israeli Defence Forces,Other
2025-05-20,,Lebanon,LBN,South Governorate,33.3,35.0,censored by HDX,Food Security,None,Directly-Emplaced,Hand Grenade,Foreign Forces: Military,Israeli Defence Forces,Other
2025-05-17,,Lebanon,LBN,Nabatieh Governorate,33.2,35.3,censored by HDX,Health Care,Local Health Care Provider,Air-Launched: Plane,Aerial Bomb,Foreign Forces: Military,Israeli Defence Forces,Other
2025-05-16,,Yemen,YEM,Al Hudaydah Governorate,15.3,42.6,(2) 25 km Precision ,Food Security,None,Air-Launched: Plane,Aerial Bomb,Foreign Forces: Military,Israeli Defence Forces,Other
2025-05-16,,Yemen,YEM,Al Hudaydah Governorate,14.8,42.9,(2) 25 km Precision ,Food Security,None,Air-Launched: Plane,Aerial Bomb,Foreign Forces: Military,Israeli Defence Forces,Other
2025-05-08,,Lebanon,LBN,Nabatieh Governorate,33.2,35.3,censored by HDX,"Education, Health Care","Local Education Provider, Local Health Care Provider",Air-Launched: Plane,Aerial Bomb,Foreign Forces: Military,Israeli Defence Forces,Other
2025-05-02,,Syria,SYR,As-Suweida Governorate,32.6,36.5,(2) 25 km Precision ,Food Security,None,Air-Launched: Drone,Aerial Bomb,Foreign Forces: Military,Israeli Defence Forces,Other
2025-05-01,,Lebanon,LBN,Nabatieh Governorate,33.2,35.3,censored by HDX,Food Security,None,Ground-Launched,Artillery,Foreign Forces: Military,Israeli Defence Forces,Other
2025-04-27,,Lebanon,LBN,Nabatieh Governorate,33.2,35.3,censored by HDX,Food Security,None,Air-Launched: Drone,Aerial Bomb,Foreign Forces: Military,Israeli Defence Forces,Other
2025-04-24,,Lebanon,LBN,Nabatieh Governorate,33.2,35.3,censored by HDX,"Health Care, Aid Operations",Government Aid Agency,Air-Launched: Drone,Aerial Bomb,Foreign Forces: Military,Israeli Defence Forces,Health Infrastructure
2025-04-16,,Lebanon,LBN,South Governorate,33.3,35.0,censored by HDX,Health Care,Other,Air-Launched: Drone,Aerial Bomb,Foreign Forces: Military,Israeli Defence Forces,Health Infrastructure
2025-04-08,,Lebanon,LBN,South Governorate,33.3,35.0,censored by HDX,Food Security,None,Air-Launched: Drone,Missile,Foreign Forces: Military,Israeli Defence Forces,Other
2025-04-03,,Lebanon,LBN,South Governorate,33.3,35.0,censored by HDX,Health Care,Other,Air-Launched: Plane,Aerial Bomb,Foreign Forces: Military,Israeli Defence Forces,Multiple
2025-03-31,,Lebanon,LBN,Nabatieh Governorate,33.2,35.3,censored by HDX,Food Security,None,Air-Launched: Plane,Aerial Bomb,Foreign Forces: Military,Israeli Defence Forces,Other
2025-03-28,,Lebanon,LBN,Nabatieh Governorate,33.2,35.3,censored by HDX,Education,Local Education Provider,Ground-Launched,Artillery,Foreign Forces: Military,Israeli Defence Forces,Education Infrastructure
2025-03-23,,Lebanon,LBN,Nabatieh Governorate,33.2,35.3,censored by HDX,Food Security,None,Ground-Launched,Shelling,Foreign Forces: Military,Israeli Defence Forces,Other
2025-03-13,,Lebanon,LBN,Nabatieh Governorate,33.2,35.3,censored by HDX,Food Security,None,Air-Launched: Plane,Aerial Bomb,Foreign Forces: Military,Israeli Defence Forces,Other
2025-03-09,,Lebanon,LBN,Nabatieh Governorate,33.2,35.3,censored by HDX,Food Security,None,Ground-Launched,Mortar,Foreign Forces: Military,Israeli Defence Forces,Other
2025-02-17,,Lebanon,LBN,Nabatieh Governorate,33.2,35.3,censored by HDX,Education,Local Education Provider,Air-Launched: Drone,Aerial Bomb,Foreign Forces: Military,Israeli Defence Forces,Education Infrastructure
2024-12-19,,Israel,ISR,Tel-Aviv District,32,34.8,(2) 25 km Precision ,Education,Local Education Provider,Unspecified Launch Method,"Missile, Unspecified Explosive",Multiple,"Israeli Defence Forces, Shia al-Houthi rebels",Education Infrastructure
2024-12-05,,Lebanon,LBN,South Governorate,33.3,35.0,censored by HDX,"Health Care, Aid Operations",Government Aid Agency,Air-Launched: Plane,Aerial Bomb,Foreign Forces: Military,Israeli Defence Forces,Other
2024-12-04,,Lebanon,LBN,Beirut Governorate,33.8,35.4,censored by HDX,"Health Care, Aid Operations",INGO,Air-Launched: Plane,Aerial Bomb,Foreign Forces: Military,Israeli Defence Forces,Health Infrastructure
2024-12-03,,Lebanon,LBN,Nabatieh Governorate,33.2,35.3,censored by HDX,Health Care,Local Health Care Provider,Air-Launched: Drone,Aerial Bomb,Foreign Forces: Military,Israeli Defence Forces,Health Worker
2024-12-02,,Lebanon,LBN,South Governorate,33.3,35.0,censored by HDX,Health Care,Local Health Care Provider,Air-Launched: Plane,Aerial Bomb,Foreign Forces: Military,Israeli Defence Forces,Health Infrastructure
2024-12-02,,Lebanon,LBN,Nabatieh Governorate,33.2,35.3,censored by HDX,Health Care,Other,Air-Launched: Drone,Aerial Bomb,Foreign Forces: Military,Israeli Defence Forces,Health Worker
2024-11-27,,Syria,SYR,Homs Governorate,34.6,36.1,(2) 25 km Precision ,"Health Care, Aid Operations",National Red Cross Society,Air-Launched: Plane,Aerial Bomb,Foreign Forces: Military,Israeli Defence Forces,Health Infrastructure
2024-11-26,,Lebanon,LBN,South Governorate,33.3,35.0,censored by HDX,"Protection, Food Security",IDP/Refugee Service,Air-Launched: Plane,Aerial Bomb,Foreign Forces: Military,Israeli Defence Forces,Protection Infrastructure
2024-11-26,,Lebanon,LBN,South Governorate,33.3,35.0,censored by HDX,Health Care,Local Health Care Provider,Air-Launched: Plane,Aerial Bomb,Foreign Forces: Military,Israeli Defence Forces,Health Worker
2024-11-26,,Lebanon,LBN,Beirut Governorate,33.8,35.4,censored by HDX,Health Care,Local Health Care Provider,Air-Launched: Plane,Aerial Bomb,Foreign Forces: Military,Israeli Defence Forces,Health Infrastructure
2024-11-26,,Lebanon,LBN,South Governorate,33.3,35.0,censored by HDX,Protection,IDP/Refugee Service,Air-Launched: Plane,Aerial Bomb,Foreign Forces: Military,Israeli Defence Forces,Protection Infrastructure
2024-11-25,,Lebanon,LBN,Nabatieh Governorate,33.2,35.3,censored by HDX,Health Care,Local Health Care Provider,Air-Launched: Plane,Aerial Bomb,Foreign Forces: Military,Israeli Defence Forces,Health Infrastructure
2024-11-23,,Lebanon,LBN,South Governorate,33.3,35.0,censored by HDX,Health Care,Other,Air-Launched: Drone,Missile,Foreign Forces: Military,Israeli Defence Forces,Health Infrastructure
2024-11-23,,Lebanon,LBN,South Governorate,33.3,35.0,censored by HDX,Health Care,Other,Air-Launched: Drone,Missile,Foreign Forces: Military,Israeli Defence Forces,Health Infrastructure
2024-11-22,,Lebanon,LBN,South Governorate,33.3,35.0,censored by HDX,Health Care,Private Health Care,Air-Launched: Plane,Aerial Bomb,Foreign Forces: Military,Israeli Defence Forces,Private/Voluntary Aid
2024-11-22,,Lebanon,LBN,Baalbek-Hermel Governorate,34.1,35.9,censored by HDX,Health Care,Local Health Care Provider,Air-Launched: Plane,Aerial Bomb,Foreign Forces: Military,Israeli Defence Forces,Health Worker
2024-11-22,,Lebanon,LBN,South Governorate,33.3,35.0,censored by HDX,Health Care,Private Health Care,Air-Launched: Plane,Aerial Bomb,Foreign Forces: Military,Israeli Defence Forces,Health Infrastructure
2024-11-21,,Syria,SYR,Homs Governorate,34.7,36.7,"(3) District, Communicipality or Commune ","Protection, Aid Operations",UN Agency,Air-Launched: No Information on Platform Type,Aerial Bomb,Foreign Forces: Military,Israeli Defence Forces,Aid Infrastructure
2024-11-21,,Lebanon,LBN,South Governorate,33.3,35.0,censored by HDX,Protection,IDP/Refugee Service,Air-Launched: Plane,Aerial Bomb,Foreign Forces: Military,Israeli Defence Forces,Protection Infrastructure
2024-11-20,,Lebanon,LBN,Nabatieh Governorate,33.2,35.3,censored by HDX,Health Care,Private Health Care,Air-Launched: Plane,Aerial Bomb,Foreign Forces: Military,Israeli Defence Forces,Private/Voluntary Aid
2024-11-19,,Lebanon,LBN,South Governorate,33.3,35.0,censored by HDX,Health Care,Private Health Care,Air-Launched: Plane,Aerial Bomb,Foreign Forces: Military,Israeli Defence Forces,Private/Voluntary Aid
2024-11-18,,Lebanon,LBN,South Governorate,33.3,35.0,censored by HDX,Health Care,Private Health Care,Air-Launched: Plane,Aerial Bomb,Foreign Forces: Military,Israeli Defence Forces,Health Infrastructure
2024-11-18,,Lebanon,LBN,Nabatieh Governorate,33.2,35.3,censored by HDX,Health Care,Private Health Care,Air-Launched: Plane,Aerial Bomb,Foreign Forces: Military,Israeli Defence Forces,Health Infrastructure
2024-11-18,,Lebanon,LBN,Nabatieh Governorate,33.2,35.3,censored by HDX,Health Care,Local Health Care Provider,Air-Launched: Plane,Aerial Bomb,Foreign Forces: Military,Israeli Defence Forces,Health Infrastructure
2024-11-17,,Lebanon,LBN,Mount Lebanon Governorate,33.8,35.3,censored by HDX,Health Care,Local Health Care Provider,Air-Launched: Plane,Aerial Bomb,Foreign Forces: Military,Israeli Defence Forces,Health Infrastructure
2024-11-16,,Lebanon,LBN,Nabatieh Governorate,33.2,35.3,censored by HDX,Health Care,Private Health Care,Air-Launched: Plane,Aerial Bomb,Foreign Forces: Military,Israeli Defence Forces,Private/Voluntary Aid
2024-11-16,,Lebanon,LBN,South Governorate,33.3,35.0,censored by HDX,Health Care,Other,Air-Launched: Plane,Aerial Bomb,Foreign Forces: Military,Israeli Defence Forces,Health Worker
2024-11-14,,Lebanon,LBN,Baalbek-Hermel Governorate,34.1,35.9,censored by HDX,"Health Care, Aid Operations",Government Aid Agency,Air-Launched: Plane,Aerial Bomb,Foreign Forces: Military,Israeli Defence Forces,Health Infrastructure
2024-11-14,,Lebanon,LBN,Nabatieh Governorate,33.2,35.3,censored by HDX,Health Care,Private Health Care,Air-Launched: Plane,Aerial Bomb,Foreign Forces: Military,Israeli Defence Forces,Private/Voluntary Aid
2024-11-14,,Lebanon,LBN,Nabatieh Governorate,33.2,35.3,censored by HDX,Health Care,Private Health Care,Air-Launched: Plane,Aerial Bomb,Foreign Forces: Military,Israeli Defence Forces,Health Infrastructure
2024-11-13,,Lebanon,LBN,Mount Lebanon Governorate,33.8,35.3,censored by HDX,Health Care,Local Health Care Provider,Air-Launched: Plane,Aerial Bomb,Foreign Forces: Military,Israeli Defence Forces,Health Infrastructure
2024-11-12,,Lebanon,LBN,Mount Lebanon Governorate,33.8,35.3,censored by HDX,Health Care,Local Health Care Provider,Air-Launched: Plane,Aerial Bomb,Foreign Forces: Military,Israeli Defence Forces,Health Infrastructure
2024-11-10,,Lebanon,LBN,South Governorate,33.3,35.0,censored by HDX,Health Care,Private Health Care,Air-Launched: Plane,Aerial Bomb,Foreign Forces: Military,Israeli Defence Forces,Health Infrastructure
2024-11-09,,Lebanon,LBN,Mount Lebanon Governorate,33.8,35.3,censored by HDX,Health Care,Local Health Care Provider,Air-Launched: Plane,Aerial Bomb,Foreign Forces: Military,Israeli Defence Forces,Health Worker
2024-11-09,,Lebanon,LBN,South Governorate,33.3,35.0,censored by HDX,Health Care,Other,Air-Launched: Plane,Aerial Bomb,Foreign Forces: Military,Israeli Defence Forces,Health Worker
2024-11-09,,Lebanon,LBN,South Governorate,33.3,35.0,censored by HDX,Health Care,Other,Air-Launched: Plane,Aerial Bomb,Foreign Forces: Military,Israeli Defence Forces,Health Worker
2024-11-09,,Lebanon,LBN,South Governorate,33.3,35.0,censored by HDX,Health Care,Other,Air-Launched: Plane,Aerial Bomb,Foreign Forces: Military,Israeli Defence Forces,Health Worker
2024-11-08,,Lebanon,LBN,South Governorate,33.3,35.0,censored by HDX,Health Care,Private Health Care,Air-Launched: Plane,Aerial Bomb,Foreign Forces: Military,Israeli Defence Forces,Health Infrastructure
2024-11-07,,Lebanon,LBN,Nabatieh Governorate,33.2,35.3,censored by HDX,Education,Local Education Provider,Air-Launched: Plane,Aerial Bomb,Foreign Forces: Military,Israeli Defence Forces,Education Infrastructure
2024-11-06,,Lebanon,LBN,Nabatieh Governorate,33.2,35.3,censored by HDX,Health Care,Local Health Care Provider,Directly-Emplaced,Remote-Controlled IED,Foreign Forces: Military,Israeli Defence Forces,Health Infrastructure
2024-11-05,,Lebanon,LBN,South Governorate,33.3,35.0,censored by HDX,Health Care,Other,Air-Launched: Drone,Aerial Bomb,Foreign Forces: Military,Israeli Defence Forces,Health Worker
2024-11-03,,Lebanon,LBN,Nabatieh Governorate,33.2,35.3,censored by HDX,Health Care,Local Health Care Provider,Air-Launched: Plane,Aerial Bomb,Foreign Forces: Military,Israeli Defence Forces,Health Infrastructure
2024-11-03,,Lebanon,LBN,Baalbek-Hermel Governorate,34.1,35.9,censored by HDX,Health Care,Local Health Care Provider,Air-Launched: Plane,Aerial Bomb,Foreign Forces: Military,Israeli Defence Forces,Health Infrastructure
2024-11-03,,Lebanon,LBN,South Governorate,33.3,35.0,censored by HDX,Health Care,Private Health Care,Air-Launched: Plane,Aerial Bomb,Foreign Forces: Military,Israeli Defence Forces,Health Infrastructure
2024-11-03,,Lebanon,LBN,South Governorate,33.3,35.0,censored by HDX,"Education, Aid Operations",UN Agency,Air-Launched: No Information on Platform Type,Aerial Bomb,Foreign Forces: Military,Israeli Defence Forces,Education Infrastructure
2024-11-02,,Lebanon,LBN,Beqaa Governorate,33.6,35.5,censored by HDX,Health Care,Private Health Care,Air-Launched: Plane,Aerial Bomb,Foreign Forces: Military,Israeli Defence Forces,Health Infrastructure
2024-10-31,,Lebanon,LBN,Nabatieh Governorate,33.2,35.3,censored by HDX,Health Care,Other,Air-Launched: Plane,Aerial Bomb,Foreign Forces: Military,Israeli Defence Forces,Health Infrastructure
2024-10-31,,Lebanon,LBN,Baalbek-Hermel Governorate,34.1,35.9,censored by HDX,Health Care,Local Health Care Provider,Air-Launched: Plane,Aerial Bomb,Foreign Forces: Military,Israeli Defence Forces,Other
2024-10-31,,Lebanon,LBN,South Governorate,33.3,35.0,censored by HDX,Health Care,Other,Air-Launched: Plane,Aerial Bomb,Foreign Forces: Military,Israeli Defence Forces,Multiple
2024-10-31,,Lebanon,LBN,South Governorate,33.3,35.0,censored by HDX,Health Care,Private Health Care,Air-Launched: Plane,Aerial Bomb,Foreign Forces: Military,Israeli Defence Forces,Private/Voluntary Aid
2024-10-31,,Lebanon,LBN,South Governorate,33.3,35.0,censored by HDX,Health Care,Private Health Care,Air-Launched: Plane,Aerial Bomb,Foreign Forces: Military,Israeli Defence Forces,Health Infrastructure
2024-10-31,,Lebanon,LBN,South Governorate,33.3,35.0,censored by HDX,Health Care,Other,Air-Launched: Plane,Aerial Bomb,Foreign Forces: Military,Israeli Defence Forces,Health Infrastructure
2024-10-31,,Lebanon,LBN,Nabatieh Governorate,33.2,35.3,censored by HDX,Health Care,Private Health Care,Air-Launched: Plane,Aerial Bomb,Foreign Forces: Military,Israeli Defence Forces,Private/Voluntary Aid
2024-10-31,,Lebanon,LBN,South Governorate,33.3,35.0,censored by HDX,Health Care,Private Health Care,Air-Launched: Plane,Aerial Bomb,Foreign Forces: Military,Israeli Defence Forces,Private/Voluntary Aid
2024-10-30,,Lebanon,LBN,Nabatieh Governorate,33.2,35.3,censored by HDX,Health Care,Local Health Care Provider,Air-Launched: Plane,Aerial Bomb,Foreign Forces: Military,Israeli Defence Forces,Health Infrastructure
2024-10-30,,Lebanon,LBN,South Governorate,33.3,35.0,censored by HDX,Health Care,Private Health Care,Air-Launched: Plane,Aerial Bomb,Foreign Forces: Military,Israeli Defence Forces,Multiple
2024-10-30,,Lebanon,LBN,South Governorate,33.3,35.0,censored by HDX,Health Care,Local Health Care Provider,Air-Launched: Plane,Aerial Bomb,Foreign Forces: Military,Israeli Defence Forces,Health Infrastructure
2024-10-30,,Lebanon,LBN,South Governorate,33.3,35.0,censored by HDX,Health Care,Local Health Care Provider,Air-Launched: Plane,Aerial Bomb,Foreign Forces: Military,Israeli Defence Forces,Health Infrastructure
2024-10-30,,Lebanon,LBN,South Governorate,33.3,35.0,censored by HDX,Health Care,Local Health Care Provider,Air-Launched: Plane,Aerial Bomb,Foreign Forces: Military,Israeli Defence Forces,Multiple
2024-10-30,,Lebanon,LBN,Nabatieh Governorate,33.2,35.3,censored by HDX,Health Care,Other,Air-Launched: Plane,Aerial Bomb,Foreign Forces: Military,Israeli Defence Forces,Health Infrastructure
2024-10-30,,Lebanon,LBN,Nabatieh Governorate,33.2,35.3,censored by HDX,"Health Care, Aid Operations","Local Health Care Provider, National Red Cross Society",Air-Launched: Plane,Aerial Bomb,Foreign Forces: Military,Israeli Defence Forces,Multiple
2024-10-27,,Lebanon,LBN,South Governorate,33.3,35.0,censored by HDX,Health Care,Other,Air-Launched: Plane,Aerial Bomb,Foreign Forces: Military,Israeli Defence Forces,Health Infrastructure
2024-10-27,,Lebanon,LBN,South Governorate,33.3,35.0,censored by HDX,"Protection, Aid Operations","IDP/Refugee Service, UN Agency",Air-Launched: Plane,Aerial Bomb,Foreign Forces: Military,Israeli Defence Forces,Education Infrastructure
2024-10-26,,Lebanon,LBN,South Governorate,33.3,35.0,censored by HDX,Health Care,Private Health Care,Air-Launched: Plane,Aerial Bomb,Foreign Forces: Military,Israeli Defence Forces,Health Infrastructure
2024-10-25,,Lebanon,LBN,Nabatieh Governorate,33.2,35.3,censored by HDX,Health Care,Private Health Care,Air-Launched: Plane,Aerial Bomb,Foreign Forces: Military,Israeli Defence Forces,Health Infrastructure
2024-10-24,,Lebanon,LBN,South Governorate,33.3,35.0,censored by HDX,Health Care,Private Health Care,Air-Launched: Plane,Aerial Bomb,Foreign Forces: Military,Israeli Defence Forces,Health Infrastructure
2024-10-24,,Lebanon,LBN,Nabatieh Governorate,33.2,35.3,censored by HDX,Health Care,Local Health Care Provider,Air-Launched: Plane,Aerial Bomb,Foreign Forces: Military,Israeli Defence Forces,Health Infrastructure
2024-10-24,,Lebanon,LBN,Nabatieh Governorate,33.2,35.3,censored by HDX,Health Care,Local Health Care Provider,Air-Launched: Plane,Aerial Bomb,Foreign Forces: Military,Israeli Defence Forces,Health Worker
2024-10-23,,Lebanon,LBN,South Governorate,33.3,35.0,censored by HDX,"Health Care, Aid Operations",National Red Cross Society,Unspecified Launch Method,Unspecified Explosive,Foreign Forces: Military,Israeli Defence Forces,Health Infrastructure
2024-10-23,,Lebanon,LBN,South Governorate,33.3,35.0,censored by HDX,Health Care,Other,Air-Launched: Plane,Aerial Bomb,Foreign Forces: Military,Israeli Defence Forces,Health Worker
2024-10-23,,Lebanon,LBN,South Governorate,33.3,35.0,censored by HDX,Health Care,Private Health Care,Unspecified Launch Method,Unspecified Explosive,Foreign Forces: Military,Israeli Defence Forces,Private/Voluntary Aid
2024-10-23,,Lebanon,LBN,South Governorate,33.3,35.0,censored by HDX,"Health Care, Aid Operations",National Red Cross Society,Air-Launched: Plane,Aerial Bomb,Foreign Forces: Military,Israeli Defence Forces,Multiple
2024-10-22,,Lebanon,LBN,Mount Lebanon Governorate,33.8,35.3,censored by HDX,Health Care,Local Health Care Provider,Air-Launched: Plane,Aerial Bomb,Foreign Forces: Military,Israeli Defence Forces,Health Infrastructure
2024-10-22,,Lebanon,LBN,South Governorate,33.3,35.0,censored by HDX,Health Care,Local Health Care Provider,Air-Launched: Plane,Aerial Bomb,Foreign Forces: Military,Israeli Defence Forces,Health Worker
2024-10-22,,Lebanon,LBN,Baalbek-Hermel Governorate,34.1,35.9,censored by HDX,Health Care,Local Health Care Provider,Air-Launched: Plane,Aerial Bomb,Foreign Forces: Military,Israeli Defence Forces,Other
2024-10-22,,Lebanon,LBN,Nabatieh Governorate,33.2,35.3,censored by HDX,"Health Care, Aid Operations",National Red Cross Society,Unspecified Launch Method,Unspecified Explosive,Foreign Forces: Military,Israeli Defence Forces,Health Worker
2024-10-22,,Lebanon,LBN,Nabatieh Governorate,33.2,35.3,censored by HDX,Health Care,Other,Unspecified Launch Method,Unspecified Explosive,Foreign Forces: Military,Israeli Defence Forces,Health Worker
2024-10-21,,Lebanon,LBN,Nabatieh Governorate,33.2,35.3,censored by HDX,Health Care,Private Health Care,Air-Launched: Plane,Aerial Bomb,Foreign Forces: Military,Israeli Defence Forces,Multiple
2024-10-21,,Lebanon,LBN,Mount Lebanon Governorate,33.8,35.3,censored by HDX,Health Care,Local Health Care Provider,Air-Launched: Plane,Aerial Bomb,Foreign Forces: Military,Israeli Defence Forces,Health Infrastructure
2024-10-21,,Lebanon,LBN,South Governorate,33.3,35.0,censored by HDX,Health Care,Other,Air-Launched: Plane,Aerial Bomb,Foreign Forces: Military,Israeli Defence Forces,Health Infrastructure
2024-10-20,,Lebanon,LBN,Nabatieh Governorate,33.2,35.3,censored by HDX,"Health Care, Aid Operations",Government Aid Agency,Unspecified Launch Method,Unspecified Explosive,Foreign Forces: Military,Israeli Defence Forces,Multiple
2024-10-20,,Lebanon,LBN,Nabatieh Governorate,33.2,35.3,censored by HDX,Health Care,Private Health Care,Air-Launched: Plane,Aerial Bomb,Foreign Forces: Military,Israeli Defence Forces,Health Infrastructure
2024-10-20,,Lebanon,LBN,Mount Lebanon Governorate,33.8,35.3,censored by HDX,Health Care,Local Health Care Provider,Air-Launched: Plane,Aerial Bomb,Foreign Forces: Military,Israeli Defence Forces,Health Infrastructure
2024-10-20,,Lebanon,LBN,Baalbek-Hermel Governorate,34.1,35.9,censored by HDX,Health Care,Private Health Care,Air-Launched: Plane,Aerial Bomb,Foreign Forces: Military,Israeli Defence Forces,Other
2024-10-20,,Lebanon,LBN,Nabatieh Governorate,33.2,35.3,censored by HDX,Health Care,Private Health Care,Air-Launched: Plane,Aerial Bomb,Foreign Forces: Military,Israeli Defence Forces,Multiple
2024-10-20,,Lebanon,LBN,Nabatieh Governorate,33.2,35.3,censored by HDX,Health Care,Other,Unspecified Launch Method,Unspecified Explosive,Foreign Forces: Military,Israeli Defence Forces,Health Worker
2024-10-20,,Lebanon,LBN,Mount Lebanon Governorate,33.8,35.3,censored by HDX,Aid Operations,UN Agency,Air-Launched: Plane,Aerial Bomb,Foreign Forces: Military,Israeli Defence Forces,Aid Infrastructure
2024-10-20,,Lebanon,LBN,Mount Lebanon Governorate,33.8,35.3,censored by HDX,Health Care,Local Health Care Provider,Air-Launched: Plane,Aerial Bomb,Foreign Forces: Military,Israeli Defence Forces,Health Infrastructure
2024-10-20,,Lebanon,LBN,Nabatieh Governorate,33.2,35.3,censored by HDX,Health Care,Other,Unspecified Launch Method,Unspecified Explosive,Foreign Forces: Military,Israeli Defence Forces,Health Worker
2024-10-20,,Lebanon,LBN,Nabatieh Governorate,33.2,35.3,censored by HDX,Health Care,Other,Unspecified Launch Method,Unspecified Explosive,Foreign Forces: Military,Israeli Defence Forces,Health Worker
2024-10-19,,Lebanon,LBN,South Governorate,33.3,35.0,censored by HDX,Health Care,Other,Unspecified Launch Method,Unspecified Explosive,Foreign Forces: Military,Israeli Defence Forces,Health Worker
2024-10-19,,Lebanon,LBN,Beqaa Governorate,33.6,35.5,censored by HDX,Health Care,Other,Unspecified Launch Method,Unspecified Explosive,Foreign Forces: Military,Israeli Defence Forces,Health Infrastructure
2024-10-19,,Lebanon,LBN,South Governorate,33.3,35.0,censored by HDX,Health Care,Private Health Care,Air-Launched: Plane,Aerial Bomb,Foreign Forces: Military,Israeli Defence Forces,Private/Voluntary Aid
2024-10-19,,Lebanon,LBN,Nabatieh Governorate,33.2,35.3,censored by HDX,Education,Local Education Provider,Air-Launched: Plane,Aerial Bomb,Foreign Forces: Military,Israeli Defence Forces,Education Infrastructure
2024-10-18,,Lebanon,LBN,South Governorate,33.3,35.0,censored by HDX,Health Care,Other,Unspecified Launch Method,Unspecified Explosive,Foreign Forces: Military,Israeli Defence Forces,Health Worker
2024-10-17,,Lebanon,LBN,Baalbek-Hermel Governorate,34.1,35.9,censored by HDX,Health Care,Local Health Care Provider,Air-Launched: Plane,Aerial Bomb,Foreign Forces: Military,Israeli Defence Forces,Health Infrastructure
2024-10-17,,Lebanon,LBN,South Governorate,33.3,35.0,censored by HDX,Health Care,Local Health Care Provider,Air-Launched: Plane,Aerial Bomb,Foreign Forces: Military,Israeli Defence Forces,Health Infrastructure
2024-10-17,,Lebanon,LBN,Nabatieh Governorate,33.2,35.3,censored by HDX,Health Care,Local Health Care Provider,Air-Launched: Plane,Aerial Bomb,Foreign Forces: Military,Israeli Defence Forces,Health Infrastructure
2024-10-17,,Lebanon,LBN,Nabatieh Governorate,33.2,35.3,censored by HDX,Health Care,Other,Unspecified Launch Method,Unspecified Explosive,Foreign Forces: Military,Israeli Defence Forces,Health Infrastructure
2024-10-17,,Lebanon,LBN,Nabatieh Governorate,33.2,35.3,censored by HDX,Health Care,Other,Unspecified Launch Method,Unspecified Explosive,Foreign Forces: Military,Israeli Defence Forces,Health Worker
2024-10-17,,Lebanon,LBN,Mount Lebanon Governorate,33.8,35.3,censored by HDX,Health Care,Local Health Care Provider,Air-Launched: Plane,Aerial Bomb,Foreign Forces: Military,Israeli Defence Forces,Health Infrastructure
2024-10-16,,Lebanon,LBN,South Governorate,33.3,35.0,censored by HDX,"Health Care, Aid Operations",National Red Cross Society,Unspecified Launch Method,Unspecified Explosive,Foreign Forces: Military,Israeli Defence Forces,Health Worker
2024-10-16,,Lebanon,LBN,Nabatieh Governorate,33.2,35.3,censored by HDX,Aid Operations,NGO,Air-Launched: Plane,Aerial Bomb,Foreign Forces: Military,Israeli Defence Forces,Aid Infrastructure
2024-10-16,,Lebanon,LBN,South Governorate,33.3,35.0,censored by HDX,"Health Care, Aid Operations",National Red Cross Society,Air-Launched: Plane,Aerial Bomb,Foreign Forces: Military,Israeli Defence Forces,Health Infrastructure
2024-10-15,,Lebanon,LBN,Nabatieh Governorate,33.2,35.3,censored by HDX,Health Care,Local Health Care Provider,Air-Launched: Plane,Aerial Bomb,Foreign Forces: Military,Israeli Defence Forces,Health Infrastructure
2024-10-15,,Lebanon,LBN,Nabatieh Governorate,33.2,35.3,censored by HDX,Health Care,Other,Unspecified Launch Method,Unspecified Explosive,Foreign Forces: Military,Israeli Defence Forces,Health Infrastructure
2024-10-15,,Lebanon,LBN,Nabatieh Governorate,33.2,35.3,censored by HDX,Health Care,Other,Unspecified Launch Method,Unspecified Explosive,Foreign Forces: Military,Israeli Defence Forces,Health Worker
2024-10-15,,Lebanon,LBN,Nabatieh Governorate,33.2,35.3,censored by HDX,Health Care,Private Health Care,Air-Launched: Plane,Aerial Bomb,Foreign Forces: Military,Israeli Defence Forces,Health Infrastructure
2024-10-15,,Lebanon,LBN,Baalbek-Hermel Governorate,34.1,35.9,censored by HDX,Health Care,Private Health Care,Air-Launched: Plane,Aerial Bomb,Foreign Forces: Military,Israeli Defence Forces,Health Infrastructure
2024-10-14,,Lebanon,LBN,Nabatieh Governorate,33.2,35.3,censored by HDX,Health Care,Private Health Care,Air-Launched: Plane,Aerial Bomb,Foreign Forces: Military,Israeli Defence Forces,Health Infrastructure
2024-10-14,,Lebanon,LBN,Nabatieh Governorate,33.2,35.3,censored by HDX,Health Care,Other,Unspecified Launch Method,Unspecified Explosive,Foreign Forces: Military,Israeli Defence Forces,Health Infrastructure
2024-10-14,,Lebanon,LBN,Baalbek-Hermel Governorate,34.1,35.9,censored by HDX,"Health Care, Aid Operations",National Red Cross Society,Air-Launched: Plane,Aerial Bomb,Foreign Forces: Military,Israeli Defence Forces,Aid Infrastructure
2024-10-14,,Lebanon,LBN,South Governorate,33.3,35.0,censored by HDX,Health Care,Other,Unspecified Launch Method,Unspecified Explosive,Foreign Forces: Military,Israeli Defence Forces,Multiple
2024-10-14,,Lebanon,LBN,Nabatieh Governorate,33.2,35.3,censored by HDX,Health Care,Private Health Care,Air-Launched: Plane,Aerial Bomb,Foreign Forces: Military,Israeli Defence Forces,Health Infrastructure
2024-10-13,,Lebanon,LBN,Nabatieh Governorate,33.2,35.3,censored by HDX,"Health Care, Aid Operations",National Red Cross Society,Unspecified Launch Method,Unspecified Explosive,Foreign Forces: Military,Israeli Defence Forces,Health Infrastructure
2024-10-13,,Lebanon,LBN,Baalbek-Hermel Governorate,34.1,35.9,censored by HDX,Health Care,Private Health Care,Air-Launched: Plane,Aerial Bomb,Foreign Forces: Military,Israeli Defence Forces,Health Infrastructure
2024-10-13,,Lebanon,LBN,Beqaa Governorate,33.6,35.5,censored by HDX,"Health Care, Aid Operations",INGO,Air-Launched: Plane,Aerial Bomb,Foreign Forces: Military,Israeli Defence Forces,Health Infrastructure
2024-10-13,,Lebanon,LBN,Beqaa Governorate,33.6,35.5,censored by HDX,Health Care,Other,Unspecified Launch Method,Unspecified Explosive,Foreign Forces: Military,Israeli Defence Forces,Health Infrastructure
2024-10-13,,Lebanon,LBN,Mount Lebanon Governorate,33.8,35.3,censored by HDX,"Health Care, Aid Operations",INGO,Air-Launched: Plane,Aerial Bomb,Foreign Forces: Military,Israeli Defence Forces,Health Infrastructure
2024-10-13,,Lebanon,LBN,Nabatieh Governorate,33.2,35.3,censored by HDX,Health Care,Other,Unspecified Launch Method,Unspecified Explosive,Foreign Forces: Military,Israeli Defence Forces,Health Worker
2024-10-13,,Lebanon,LBN,South Governorate,33.3,35.0,censored by HDX,Health Care,Other,Unspecified Launch Method,Unspecified Explosive,Foreign Forces: Military,Israeli Defence Forces,Multiple
2024-10-13,,Lebanon,LBN,Nabatieh Governorate,33.2,35.3,censored by HDX,Health Care,Other,Unspecified Launch Method,Unspecified Explosive,Foreign Forces: Military,Israeli Defence Forces,Multiple
2024-10-13,,Lebanon,LBN,South Governorate,33.3,35.0,censored by HDX,Health Care,Local Health Care Provider,Air-Launched: Plane,Aerial Bomb,Foreign Forces: Military,Israeli Defence Forces,Health Infrastructure
2024-10-13,,Lebanon,LBN,South Governorate,33.3,35.0,censored by HDX,Health Care,Private Health Care,Air-Launched: Plane,Aerial Bomb,Foreign Forces: Military,Israeli Defence Forces,Health Infrastructure
2024-10-13,,Lebanon,LBN,Nabatieh Governorate,33.2,35.3,censored by HDX,"Health Care, Aid Operations",National Red Cross Society,Air-Launched: Plane,Aerial Bomb,Foreign Forces: Military,Israeli Defence Forces,Health Infrastructure
2024-10-12,,Lebanon,LBN,Beqaa Governorate,33.6,35.5,censored by HDX,Health Care,Local Health Care Provider,Air-Launched: Plane,Aerial Bomb,Foreign Forces: Military,Israeli Defence Forces,Health Infrastructure
2024-10-12,,Lebanon,LBN,Baalbek-Hermel Governorate,34.1,35.9,censored by HDX,Health Care,Local Health Care Provider,Air-Launched: Plane,Aerial Bomb,Foreign Forces: Military,Israeli Defence Forces,Health Infrastructure
2024-10-12,,Lebanon,LBN,South Governorate,33.3,35.0,censored by HDX,Health Care,Private Health Care,Air-Launched: Plane,Aerial Bomb,Foreign Forces: Military,Israeli Defence Forces,Health Infrastructure
2024-10-12,,Lebanon,LBN,Beqaa Governorate,33.6,35.5,censored by HDX,Health Care,Local Health Care Provider,Air-Launched: Plane,Aerial Bomb,Foreign Forces: Military,Israeli Defence Forces,Health Infrastructure
2024-10-12,,Lebanon,LBN,Keserwan-Jbeil Governorate,34,35.6,censored by HDX,Education,Local Education Provider,Air-Launched: Plane,Aerial Bomb,Foreign Forces: Military,Israeli Defence Forces,Teacher/Student
2024-10-12,,Lebanon,LBN,Beqaa Governorate,33.6,35.5,censored by HDX,Health Care,Private Health Care,Air-Launched: Plane,Aerial Bomb,Foreign Forces: Military,Israeli Defence Forces,Health Infrastructure
2024-10-12,,Lebanon,LBN,Nabatieh Governorate,33.2,35.3,censored by HDX,"Health Care, Aid Operations",National Red Cross Society,Air-Launched: Plane,Aerial Bomb,Foreign Forces: Military,Israeli Defence Forces,Health Worker
2024-10-11,,Lebanon,LBN,South Governorate,33.3,35.0,censored by HDX,Health Care,Private Health Care,Air-Launched: Plane,Aerial Bomb,Foreign Forces: Military,Israeli Defence Forces,Health Infrastructure
2024-10-11,,Lebanon,LBN,Nabatieh Governorate,33.2,35.3,censored by HDX,Health Care,Local Health Care Provider,Air-Launched: Plane,Aerial Bomb,Foreign Forces: Military,Israeli Defence Forces,Health Infrastructure
2024-10-11,,Lebanon,LBN,South Governorate,33.3,35.0,censored by HDX,"Health Care, Aid Operations",NGO,Air-Launched: Plane,Aerial Bomb,Foreign Forces: Military,Israeli Defence Forces,Health Infrastructure
2024-10-11,,Lebanon,LBN,Baalbek-Hermel Governorate,34.1,35.9,censored by HDX,Health Care,Local Health Care Provider,Air-Launched: Plane,Aerial Bomb,Foreign Forces: Military,Israeli Defence Forces,Health Infrastructure
2024-10-11,,Lebanon,LBN,Nabatieh Governorate,33.2,35.3,censored by HDX,Health Care,Private Health Care,Air-Launched: Plane,Aerial Bomb,Foreign Forces: Military,Israeli Defence Forces,Health Infrastructure
2024-10-11,,Lebanon,LBN,Baalbek-Hermel Governorate,34.1,35.9,censored by HDX,Health Care,Local Health Care Provider,Air-Launched: Plane,Aerial Bomb,Foreign Forces: Military,Israeli Defence Forces,Health Infrastructure
2024-10-11,,Lebanon,LBN,Nabatieh Governorate,33.2,35.3,censored by HDX,Health Care,Other,Unspecified Launch Method,Unspecified Explosive,Foreign Forces: Military,Israeli Defence Forces,Multiple
2024-10-10,,Lebanon,LBN,Mount Lebanon Governorate,33.8,35.3,censored by HDX,"Health Care, Aid Operations",INGO,Air-Launched: Plane,Aerial Bomb,Foreign Forces: Military,Israeli Defence Forces,Other
2024-10-10,,Lebanon,LBN,South Governorate,33.3,35.0,censored by HDX,Health Care,Private Health Care,Unspecified Launch Method,Unspecified Explosive,Foreign Forces: Military,Israeli Defence Forces,Health Infrastructure
2024-10-10,,Lebanon,LBN,South Governorate,33.3,35.0,censored by HDX,"Health Care, Aid Operations",INGO,Air-Launched: Plane,Aerial Bomb,Foreign Forces: Military,Israeli Defence Forces,Other
2024-10-10,,Lebanon,LBN,Baalbek-Hermel Governorate,34.1,35.9,censored by HDX,"Health Care, Aid Operations",INGO,Air-Launched: Plane,Aerial Bomb,Foreign Forces: Military,Israeli Defence Forces,Other
2024-10-09,,Lebanon,LBN,Nabatieh Governorate,33.2,35.3,censored by HDX,Health Care,Private Health Care,Unspecified Launch Method,Unspecified Explosive,Foreign Forces: Military,Israeli Defence Forces,Private/Voluntary Aid
2024-10-09,,Lebanon,LBN,South Governorate,33.3,35.0,censored by HDX,"Health Care, Aid Operations","Government Aid Agency, Other",Air-Launched: Plane,Aerial Bomb,Foreign Forces: Military,Israeli Defence Forces,Health Infrastructure
2024-10-09,,Lebanon,LBN,Nabatieh Governorate,33.2,35.3,censored by HDX,"Education, Aid Operations",LNGO,Air-Launched: No Information on Platform Type,Aerial Bomb,Foreign Forces: Military,Israeli Defence Forces,Education Infrastructure
2024-10-09,,Lebanon,LBN,South Governorate,33.3,35.0,censored by HDX,Health Care,Private Health Care,Air-Launched: Plane,Aerial Bomb,Foreign Forces: Military,Israeli Defence Forces,Health Infrastructure
2024-10-09,,Lebanon,LBN,Nabatieh Governorate,33.2,35.3,censored by HDX,Health Care,Local Health Care Provider,Air-Launched: No Information on Platform Type,Aerial Bomb,Foreign Forces: Military,Israeli Defence Forces,Health Infrastructure
2024-10-08,,Lebanon,LBN,Nabatieh Governorate,33.2,35.3,censored by HDX,Health Care,Other,Unspecified Launch Method,Unspecified Explosive,Foreign Forces: Military,Israeli Defence Forces,Multiple
2024-10-08,,Lebanon,LBN,South Governorate,33.3,35.0,censored by HDX,Health Care,Private Health Care,Unspecified Launch Method,Unspecified Explosive,Foreign Forces: Military,Israeli Defence Forces,Private/Voluntary Aid
2024-10-08,,Lebanon,LBN,Nabatieh Governorate,33.2,35.3,censored by HDX,Health Care,Local Health Care Provider,Air-Launched: Plane,Aerial Bomb,Foreign Forces: Military,Israeli Defence Forces,Health Infrastructure
2024-10-08,,Lebanon,LBN,South Governorate,33.3,35.0,censored by HDX,Health Care,Local Health Care Provider,Air-Launched: Plane,Aerial Bomb,Foreign Forces: Military,Israeli Defence Forces,Health Infrastructure
2024-10-08,,Lebanon,LBN,South Governorate,33.3,35.0,censored by HDX,"Health Care, Aid Operations",NGO,Air-Launched: Plane,Aerial Bomb,Foreign Forces: Military,Israeli Defence Forces,Health Infrastructure
2024-10-07,,Lebanon,LBN,Nabatieh Governorate,33.2,35.3,censored by HDX,Health Care,Local Health Care Provider,Air-Launched: Plane,Aerial Bomb,Foreign Forces: Military,Israeli Defence Forces,Health Infrastructure
2024-10-07,,Lebanon,LBN,Mount Lebanon Governorate,33.8,35.3,censored by HDX,"Health Care, Aid Operations",NGO,Air-Launched: Plane,Aerial Bomb,Foreign Forces: Military,Israeli Defence Forces,Health Infrastructure
2024-10-07,,Lebanon,LBN,Nabatieh Governorate,33.2,35.3,censored by HDX,Health Care,Local Health Care Provider,Air-Launched: Plane,Aerial Bomb,Foreign Forces: Military,Israeli Defence Forces,Multiple
2024-10-07,,Lebanon,LBN,South Governorate,33.3,35.0,censored by HDX,Health Care,Other,Unspecified Launch Method,Unspecified Explosive,Foreign Forces: Military,Israeli Defence Forces,Health Infrastructure
2024-10-06,,Lebanon,LBN,Mount Lebanon Governorate,33.8,35.3,censored by HDX,"Health Care, Aid Operations",UN Agency,Air-Launched: Plane,Aerial Bomb,Foreign Forces: Military,Israeli Defence Forces,Health Infrastructure
2024-10-06,,Lebanon,LBN,Nabatieh Governorate,33.2,35.3,censored by HDX,Health Care,Other,Unspecified Launch Method,Unspecified Explosive,Foreign Forces: Military,Israeli Defence Forces,Multiple
2024-10-06,,Syria,SYR,Homs Governorate,34.3,38.1,(2) 25 km Precision ,Aid Operations,NGO,Air-Launched: Drone,Aerial Bomb,Foreign Forces: Military,Israeli Defence Forces,Aid Infrastructure
2024-10-06,,Lebanon,LBN,Mount Lebanon Governorate,33.8,35.3,censored by HDX,Health Care,Private Health Care,Air-Launched: Plane,Aerial Bomb,Foreign Forces: Military,Israeli Defence Forces,Health Infrastructure
2024-10-06,,Lebanon,LBN,Nabatieh Governorate,33.2,35.3,censored by HDX,"Health Care, Aid Operations",NGO,Air-Launched: Plane,Aerial Bomb,Foreign Forces: Military,Israeli Defence Forces,Health Infrastructure
2024-10-05,,Lebanon,LBN,Mount Lebanon Governorate,33.8,35.3,censored by HDX,Health Care,Private Health Care,Air-Launched: Plane,Aerial Bomb,Foreign Forces: Military,Israeli Defence Forces,Health Infrastructure
2024-10-05,,Lebanon,LBN,Nabatieh Governorate,33.2,35.3,censored by HDX,Health Care,Local Health Care Provider,Ground-Launched,Shelling,Foreign Forces: Military,Israeli Defence Forces,Health Infrastructure
2024-10-05,,Lebanon,LBN,Nabatieh Governorate,33.2,35.3,censored by HDX,Health Care,Local Health Care Provider,Air-Launched: Plane,Aerial Bomb,Foreign Forces: Military,Israeli Defence Forces,Health Infrastructure
2024-10-05,,Lebanon,LBN,North Governorate,34.3,35.6,censored by HDX,Protection,IDP/Refugee Service,Air-Launched: Plane,Aerial Bomb,Foreign Forces: Military,Israeli Defence Forces,Protection Infrastructure
2024-10-05,,Lebanon,LBN,Mount Lebanon Governorate,33.8,35.3,censored by HDX,Protection,IDP/Refugee Service,Air-Launched: Plane,Aerial Bomb,Foreign Forces: Military,Israeli Defence Forces,Protection Infrastructure
2024-10-05,,Lebanon,LBN,South Governorate,33.3,35.0,censored by HDX,Health Care,Private Health Care,Unspecified Launch Method,Unspecified Explosive,Foreign Forces: Military,Israeli Defence Forces,Health Infrastructure
2024-10-05,,Lebanon,LBN,Baalbek-Hermel Governorate,34.1,35.9,censored by HDX,"Health Care, Aid Operations",National Red Cross Society,Unspecified Launch Method,Unspecified Explosive,Foreign Forces: Military,Israeli Defence Forces,Health Worker
2024-10-05,,Lebanon,LBN,Mount Lebanon Governorate,33.8,35.3,censored by HDX,Aid Operations,UN Agency,Air-Launched: Plane,Aerial Bomb,Foreign Forces: Military,Israeli Defence Forces,Other
2024-10-05,,Lebanon,LBN,Nabatieh Governorate,33.2,35.3,censored by HDX,Health Care,Local Health Care Provider,Air-Launched: Plane,Aerial Bomb,Foreign Forces: Military,Israeli Defence Forces,Health Infrastructure
2024-10-05,,Lebanon,LBN,Mount Lebanon Governorate,33.8,35.3,censored by HDX,Health Care,Local Health Care Provider,Air-Launched: Plane,Aerial Bomb,Foreign Forces: Military,Israeli Defence Forces,Health Infrastructure
2024-10-05,,Lebanon,LBN,Mount Lebanon Governorate,33.8,35.3,censored by HDX,Health Care,Local Health Care Provider,Air-Launched: Plane,Aerial Bomb,Foreign Forces: Military,Israeli Defence Forces,Health Infrastructure
2024-10-05,,Lebanon,LBN,Mount Lebanon Governorate,33.8,35.3,censored by HDX,Health Care,Local Health Care Provider,Air-Launched: Plane,Aerial Bomb,Foreign Forces: Military,Israeli Defence Forces,Health Infrastructure
2024-10-04,,Lebanon,LBN,South Governorate,33.3,35.0,censored by HDX,Health Care,Private Health Care,Air-Launched: Plane,Aerial Bomb,Foreign Forces: Military,Israeli Defence Forces,Health Infrastructure
2024-10-04,,Lebanon,LBN,Nabatieh Governorate,33.2,35.3,censored by HDX,Health Care,"Local Health Care Provider, Private Health Care",Air-Launched: Plane,Aerial Bomb,Foreign Forces: Military,Israeli Defence Forces,Health Infrastructure
2024-10-04,,Lebanon,LBN,Nabatieh Governorate,33.2,35.3,censored by HDX,Health Care,Local Health Care Provider,Air-Launched: Plane,Aerial Bomb,Foreign Forces: Military,Israeli Defence Forces,Health Infrastructure
2024-10-04,,Lebanon,LBN,Nabatieh Governorate,33.2,35.3,censored by HDX,Health Care,Local Health Care Provider,Air-Launched: Plane,Aerial Bomb,Foreign Forces: Military,Israeli Defence Forces,Health Infrastructure
2024-10-04,,Lebanon,LBN,Nabatieh Governorate,33.2,35.3,censored by HDX,Health Care,Private Health Care,Air-Launched: Plane,Aerial Bomb,Foreign Forces: Military,Israeli Defence Forces,Health Infrastructure
2024-10-04,,Lebanon,LBN,Mount Lebanon Governorate,33.8,35.3,censored by HDX,Health Care,Private Health Care,Air-Launched: Plane,Aerial Bomb,Foreign Forces: Military,Israeli Defence Forces,Health Infrastructure
2024-10-04,,Lebanon,LBN,Nabatieh Governorate,33.2,35.3,censored by HDX,Health Care,Local Health Care Provider,Ground-Launched,Shelling,Foreign Forces: Military,Israeli Defence Forces,Health Infrastructure
2024-10-04,,Lebanon,LBN,Mount Lebanon Governorate,33.8,35.3,censored by HDX,Health Care,Private Health Care,Air-Launched: Drone,Aerial Bomb,Foreign Forces: Military,Israeli Defence Forces,Private/Voluntary Aid
2024-10-04,,Lebanon,LBN,Mount Lebanon Governorate,33.8,35.3,censored by HDX,Health Care,Private Health Care,Air-Launched: Drone,Aerial Bomb,Foreign Forces: Military,Israeli Defence Forces,Private/Voluntary Aid
2024-10-04,,Lebanon,LBN,Nabatieh Governorate,33.2,35.3,censored by HDX,Health Care,Local Health Care Provider,Air-Launched: Plane,Aerial Bomb,Foreign Forces: Military,Israeli Defence Forces,Health Infrastructure
2024-10-04,,Lebanon,LBN,South Governorate,33.3,35.0,censored by HDX,Health Care,Private Health Care,Air-Launched: Plane,Aerial Bomb,Foreign Forces: Military,Israeli Defence Forces,Health Infrastructure
2024-10-04,,Syria,SYR,Rif Dimashq Governorate,33.6,35.9,(2) 25 km Precision ,Aid Operations,INGO,Air-Launched: Plane,Aerial Bomb,Foreign Forces: Military,Israeli Defence Forces,Other
2024-10-04,,Lebanon,LBN,Nabatieh Governorate,33.2,35.3,censored by HDX,Health Care,Local Health Care Provider,Air-Launched: Plane,Aerial Bomb,Foreign Forces: Military,Israeli Defence Forces,Health Infrastructure
2024-10-03,,Lebanon,LBN,Nabatieh Governorate,33.2,35.3,censored by HDX,"Health Care, Aid Operations",National Red Cross Society,Air-Launched: Drone,Aerial Bomb,Foreign Forces: Military,Israeli Defence Forces,Health Worker
2024-10-03,,Lebanon,LBN,Nabatieh Governorate,33.2,35.3,censored by HDX,Health Care,Private Health Care,Ground-Launched,Shelling,Foreign Forces: Military,Israeli Defence Forces,Health Infrastructure
2024-10-03,,Lebanon,LBN,Akkar Governorate,34.5,35.5,censored by HDX,Protection,IDP/Refugee Service,Air-Launched: Plane,Aerial Bomb,Foreign Forces: Military,Israeli Defence Forces,Protection Infrastructure
2024-10-03,,Lebanon,LBN,Nabatieh Governorate,33.2,35.3,censored by HDX,Health Care,Private Health Care,Unspecified Launch Method,Unspecified Explosive,Foreign Forces: Military,Israeli Defence Forces,Health Infrastructure
2024-10-03,,Lebanon,LBN,Mount Lebanon Governorate,33.8,35.3,censored by HDX,Health Care,Local Health Care Provider,Air-Launched: Plane,Aerial Bomb,Foreign Forces: Military,Israeli Defence Forces,Health Infrastructure
2024-10-03,,Lebanon,LBN,Baalbek-Hermel Governorate,34.1,35.9,censored by HDX,Health Care,Local Health Care Provider,Air-Launched: Plane,Aerial Bomb,Foreign Forces: Military,Israeli Defence Forces,Health Infrastructure
2024-10-03,,Lebanon,LBN,Nabatieh Governorate,33.2,35.3,censored by HDX,"Health Care, Aid Operations",National Red Cross Society,Unspecified Launch Method,Unspecified Explosive,Foreign Forces: Military,Israeli Defence Forces,Health Infrastructure
2024-10-03,,Lebanon,LBN,Nabatieh Governorate,33.2,35.3,censored by HDX,"Health Care, Aid Operations",National Red Cross Society,Ground-Launched,Artillery,Foreign Forces: Military,Israeli Defence Forces,Aid Infrastructure
2024-10-02,,Lebanon,LBN,Nabatieh Governorate,33.2,35.3,censored by HDX,Health Care,Private Health Care,Unspecified Launch Method,Unspecified Explosive,Foreign Forces: Military,Israeli Defence Forces,Private/Voluntary Aid
2024-10-02,,Lebanon,LBN,Nabatieh Governorate,33.2,35.3,censored by HDX,Health Care,Other,Unspecified Launch Method,Unspecified Explosive,Foreign Forces: Military,Israeli Defence Forces,Multiple
2024-10-02,,Lebanon,LBN,Nabatieh Governorate,33.2,35.3,censored by HDX,Health Care,Other,Unspecified Launch Method,Unspecified Explosive,Foreign Forces: Military,Israeli Defence Forces,Health Infrastructure
2024-10-02,,Lebanon,LBN,Beirut Governorate,33.8,35.4,censored by HDX,Health Care,Private Health Care,Air-Launched: Plane,Aerial Bomb,Foreign Forces: Military,Israeli Defence Forces,Health Infrastructure
2024-10-02,,Lebanon,LBN,Nabatieh Governorate,33.2,35.3,censored by HDX,Health Care,Local Health Care Provider,Air-Launched: Drone,Aerial Bomb,Foreign Forces: Military,Israeli Defence Forces,Health Worker
2024-10-02,,Lebanon,LBN,Nabatieh Governorate,33.2,35.3,censored by HDX,Health Care,Local Health Care Provider,Air-Launched: Drone,Aerial Bomb,Foreign Forces: Military,Israeli Defence Forces,Health Worker
2024-10-02,,Lebanon,LBN,Nabatieh Governorate,33.2,35.3,censored by HDX,Health Care,Private Health Care,Air-Launched: Plane,Aerial Bomb,Foreign Forces: Military,Israeli Defence Forces,Health Infrastructure
2024-10-02,,Lebanon,LBN,Nabatieh Governorate,33.2,35.3,censored by HDX,Health Care,Other,Air-Launched: Plane,Aerial Bomb,Foreign Forces: Military,Israeli Defence Forces,Health Worker
2024-10-02,,Lebanon,LBN,Nabatieh Governorate,33.2,35.3,censored by HDX,Health Care,Private Health Care,Air-Launched: Drone,Aerial Bomb,Foreign Forces: Military,Israeli Defence Forces,Health Infrastructure
2024-10-02,,Lebanon,LBN,South Governorate,33.3,35.0,censored by HDX,Health Care,Local Health Care Provider,Air-Launched: Plane,Aerial Bomb,Foreign Forces: Military,Israeli Defence Forces,Health Infrastructure
2024-10-02,,Lebanon,LBN,Nabatieh Governorate,33.2,35.3,censored by HDX,"Health Care, Aid Operations",Government Aid Agency,Air-Launched: Drone,Aerial Bomb,Foreign Forces: Military,Israeli Defence Forces,Health Worker
2024-10-02,,Lebanon,LBN,Nabatieh Governorate,33.2,35.3,censored by HDX,Health Care,Private Health Care,Air-Launched: Drone,Aerial Bomb,Foreign Forces: Military,Israeli Defence Forces,Private/Voluntary Aid
2024-10-02,,Lebanon,LBN,Nabatieh Governorate,33.2,35.3,censored by HDX,Health Care,Private Health Care,Air-Launched: Plane,Aerial Bomb,Foreign Forces: Military,Israeli Defence Forces,Private/Voluntary Aid
2024-10-02,,Lebanon,LBN,Nabatieh Governorate,33.2,35.3,censored by HDX,Health Care,Private Health Care,Unspecified Launch Method,Unspecified Explosive,Foreign Forces: Military,Israeli Defence Forces,Private/Voluntary Aid
2024-10-01,,Lebanon,LBN,Baalbek-Hermel Governorate,34.1,35.9,censored by HDX,"Health Care, Aid Operations",National Red Cross Society,Air-Launched: Plane,Aerial Bomb,Foreign Forces: Military,Israeli Defence Forces,Health Infrastructure
2024-10-01,,Lebanon,LBN,South Governorate,33.3,35.0,censored by HDX,"Protection, Aid Operations","IDP/Refugee Service, UN Agency",Air-Launched: Plane,Aerial Bomb,Foreign Forces: Military,Israeli Defence Forces,Aid Infrastructure
2024-10-01,,Lebanon,LBN,Nabatieh Governorate,33.2,35.3,censored by HDX,Health Care,Private Health Care,Air-Launched: Plane,Aerial Bomb,Foreign Forces: Military,Israeli Defence Forces,Health Infrastructure
2024-10-01,,Lebanon,LBN,Mount Lebanon Governorate,33.8,35.3,censored by HDX,Health Care,Other,Air-Launched: Plane,Aerial Bomb,Foreign Forces: Military,Israeli Defence Forces,Health Worker
2024-10-01,,Lebanon,LBN,Nabatieh Governorate,33.2,35.3,censored by HDX,Health Care,Local Health Care Provider,Air-Launched: Plane,Aerial Bomb,Foreign Forces: Military,Israeli Defence Forces,Health Infrastructure
2024-10-01,,Lebanon,LBN,Nabatieh Governorate,33.2,35.3,censored by HDX,Health Care,"Local Health Care Provider, Private Health Care",Unspecified Launch Method,Unspecified Explosive,Foreign Forces: Military,Israeli Defence Forces,Health Infrastructure
2024-10-01,,Lebanon,LBN,Nabatieh Governorate,33.2,35.3,censored by HDX,Health Care,Private Health Care,Unspecified Launch Method,Unspecified Explosive,Foreign Forces: Military,Israeli Defence Forces,Health Infrastructure
2024-10-01,,Lebanon,LBN,Nabatieh Governorate,33.2,35.3,censored by HDX,Health Care,Private Health Care,Air-Launched: Plane,Aerial Bomb,Foreign Forces: Military,Israeli Defence Forces,Private/Voluntary Aid
2024-10-01,,Lebanon,LBN,Mount Lebanon Governorate,33.8,35.3,censored by HDX,Health Care,Local Health Care Provider,Air-Launched: Plane,Aerial Bomb,Foreign Forces: Military,Israeli Defence Forces,Health Infrastructure
2024-10-01,,Lebanon,LBN,Mount Lebanon Governorate,33.8,35.3,censored by HDX,Health Care,Local Health Care Provider,Air-Launched: Plane,Aerial Bomb,Foreign Forces: Military,Israeli Defence Forces,Health Infrastructure
2024-10-01,,Lebanon,LBN,Nabatieh Governorate,33.2,35.3,censored by HDX,Health Care,Other,Unspecified Launch Method,Unspecified Explosive,Foreign Forces: Military,Israeli Defence Forces,Multiple
2024-10-01,,Lebanon,LBN,Nabatieh Governorate,33.2,35.3,censored by HDX,Health Care,Local Health Care Provider,Air-Launched: Plane,Aerial Bomb,Foreign Forces: Military,Israeli Defence Forces,Health Infrastructure
2024-10-01,,Lebanon,LBN,South Governorate,33.3,35.0,censored by HDX,Health Care,Other,Unspecified Launch Method,Unspecified Explosive,Foreign Forces: Military,Israeli Defence Forces,Health Infrastructure
2024-10-01,,Lebanon,LBN,Nabatieh Governorate,33.2,35.3,censored by HDX,Health Care,Local Health Care Provider,Unspecified Launch Method,Unspecified Explosive,Foreign Forces: Military,Israeli Defence Forces,Health Infrastructure
2024-10-01,,Lebanon,LBN,Nabatieh Governorate,33.2,35.3,censored by HDX,Health Care,Other,Unspecified Launch Method,Unspecified Explosive,Foreign Forces: Military,Israeli Defence Forces,Multiple
2024-09-30,,Lebanon,LBN,Nabatieh Governorate,33.2,35.3,censored by HDX,Health Care,Other,Unspecified Launch Method,Unspecified Explosive,Foreign Forces: Military,Israeli Defence Forces,Multiple
2024-09-30,,Lebanon,LBN,South Governorate,33.3,35.0,censored by HDX,"Protection, Aid Operations","IDP/Refugee Service, UN Agency",Air-Launched: No Information on Platform Type,Aerial Bomb,Foreign Forces: Military,Israeli Defence Forces,Aid Infrastructure
2024-09-30,,Lebanon,LBN,South Governorate,33.3,35.0,censored by HDX,Health Care,Local Health Care Provider,Air-Launched: Plane,Aerial Bomb,Foreign Forces: Military,Israeli Defence Forces,Health Infrastructure
2024-09-30,,Lebanon,LBN,Nabatieh Governorate,33.2,35.3,censored by HDX,Health Care,Other,Air-Launched: Plane,Aerial Bomb,Foreign Forces: Military,Israeli Defence Forces,Health Infrastructure
2024-09-30,,Lebanon,LBN,South Governorate,33.3,35.0,censored by HDX,Health Care,Other,Air-Launched: Plane,Aerial Bomb,Foreign Forces: Military,Israeli Defence Forces,Health Worker
2024-09-30,,Lebanon,LBN,Beqaa Governorate,33.6,35.5,censored by HDX,Health Care,Private Health Care,Air-Launched: Plane,Aerial Bomb,Foreign Forces: Military,Israeli Defence Forces,Health Infrastructure
2024-09-30,,Lebanon,LBN,Nabatieh Governorate,33.2,35.3,censored by HDX,Health Care,Other,Air-Launched: Plane,Aerial Bomb,Foreign Forces: Military,Israeli Defence Forces,Health Worker
2024-09-30,,Lebanon,LBN,Nabatieh Governorate,33.2,35.3,censored by HDX,Health Care,Local Health Care Provider,Unspecified Launch Method,Unspecified Explosive,Foreign Forces: Military,Israeli Defence Forces,Health Infrastructure
2024-09-30,,Lebanon,LBN,Nabatieh Governorate,33.2,35.3,censored by HDX,Health Care,Private Health Care,Unspecified Launch Method,Unspecified Explosive,Foreign Forces: Military,Israeli Defence Forces,Health Infrastructure
2024-09-30,,Lebanon,LBN,Nabatieh Governorate,33.2,35.3,censored by HDX,Health Care,Other,Unspecified Launch Method,Unspecified Explosive,Foreign Forces: Military,Israeli Defence Forces,Health Worker
2024-09-30,,Lebanon,LBN,Nabatieh Governorate,33.2,35.3,censored by HDX,Health Care,Other,Unspecified Launch Method,Unspecified Explosive,Foreign Forces: Military,Israeli Defence Forces,Multiple
2024-09-29,,Lebanon,LBN,South Governorate,33.3,35.0,censored by HDX,Health Care,Other,Unspecified Launch Method,Unspecified Explosive,Foreign Forces: Military,Israeli Defence Forces,Multiple
2024-09-29,,Lebanon,LBN,Baalbek-Hermel Governorate,34.1,35.9,censored by HDX,Health Care,Local Health Care Provider,Air-Launched: Plane,Aerial Bomb,Foreign Forces: Military,Israeli Defence Forces,Health Infrastructure
2024-09-29,,Lebanon,LBN,South Governorate,33.3,35.0,censored by HDX,Health Care,Local Health Care Provider,Air-Launched: Plane,Aerial Bomb,Foreign Forces: Military,Israeli Defence Forces,Health Infrastructure
2024-09-29,,Lebanon,LBN,Nabatieh Governorate,33.2,35.3,censored by HDX,Health Care,Local Health Care Provider,Air-Launched: Plane,Aerial Bomb,Foreign Forces: Military,Israeli Defence Forces,Health Infrastructure
2024-09-29,,Lebanon,LBN,South Governorate,33.3,35.0,censored by HDX,Health Care,Local Health Care Provider,Air-Launched: Drone,Aerial Bomb,Foreign Forces: Military,Israeli Defence Forces,Health Infrastructure
2024-09-29,,Lebanon,LBN,South Governorate,33.3,35.0,censored by HDX,Health Care,Private Health Care,Unspecified Launch Method,Unspecified Explosive,Foreign Forces: Military,Israeli Defence Forces,Health Infrastructure
2024-09-29,,Lebanon,LBN,Nabatieh Governorate,33.2,35.3,censored by HDX,Health Care,Private Health Care,Unspecified Launch Method,Unspecified Explosive,Foreign Forces: Military,Israeli Defence Forces,Health Infrastructure
2024-09-29,,Lebanon,LBN,Nabatieh Governorate,33.2,35.3,censored by HDX,Health Care,Other,Unspecified Launch Method,Unspecified Explosive,Foreign Forces: Military,Israeli Defence Forces,Health Worker
2024-09-29,,Lebanon,LBN,South Governorate,33.3,35.0,censored by HDX,Health Care,Other,Unspecified Launch Method,Unspecified Explosive,Foreign Forces: Military,Israeli Defence Forces,Health Worker
2024-09-29,,Lebanon,LBN,Nabatieh Governorate,33.2,35.3,censored by HDX,Health Care,Private Health Care,Unspecified Launch Method,Unspecified Explosive,Foreign Forces: Military,Israeli Defence Forces,Health Infrastructure
2024-09-29,,Lebanon,LBN,Nabatieh Governorate,33.2,35.3,censored by HDX,Health Care,Private Health Care,Air-Launched: Plane,Aerial Bomb,Foreign Forces: Military,Israeli Defence Forces,Health Infrastructure
2024-09-29,,Lebanon,LBN,South Governorate,33.3,35.0,censored by HDX,Health Care,Other,Air-Launched: Plane,Aerial Bomb,Foreign Forces: Military,Israeli Defence Forces,Health Worker
2024-09-29,,Lebanon,LBN,Nabatieh Governorate,33.2,35.3,censored by HDX,Health Care,Other,Air-Launched: Plane,Aerial Bomb,Foreign Forces: Military,Israeli Defence Forces,Health Worker
2024-09-29,,Lebanon,LBN,South Governorate,33.3,35.0,censored by HDX,Health Care,Private Health Care,Unspecified Launch Method,Unspecified Explosive,Foreign Forces: Military,Israeli Defence Forces,Health Infrastructure
2024-09-29,,Lebanon,LBN,Nabatieh Governorate,33.2,35.3,censored by HDX,Health Care,Other,Unspecified Launch Method,Unspecified Explosive,Foreign Forces: Military,Israeli Defence Forces,Multiple
2024-09-29,,Lebanon,LBN,South Governorate,33.3,35.0,censored by HDX,Health Care,Private Health Care,Unspecified Launch Method,Unspecified Explosive,Foreign Forces: Military,Israeli Defence Forces,Private/Voluntary Aid
2024-09-29,,Lebanon,LBN,Nabatieh Governorate,33.2,35.3,censored by HDX,Health Care,Private Health Care,Air-Launched: Plane,Aerial Bomb,Foreign Forces: Military,Israeli Defence Forces,Private/Voluntary Aid
2024-09-28,,Lebanon,LBN,Nabatieh Governorate,33.2,35.3,censored by HDX,Health Care,Local Health Care Provider,Air-Launched: Plane,Aerial Bomb,Foreign Forces: Military,Israeli Defence Forces,Health Infrastructure
2024-09-28,,Lebanon,LBN,South Governorate,33.3,35.0,censored by HDX,Health Care,Private Health Care,Unspecified Launch Method,Unspecified Explosive,Foreign Forces: Military,Israeli Defence Forces,Health Infrastructure
2024-09-28,,Lebanon,LBN,Mount Lebanon Governorate,33.8,35.3,censored by HDX,Health Care,Local Health Care Provider,Air-Launched: Plane,Aerial Bomb,Foreign Forces: Military,Israeli Defence Forces,Health Infrastructure
2024-09-28,,Lebanon,LBN,Mount Lebanon Governorate,33.8,35.3,censored by HDX,Health Care,Local Health Care Provider,Air-Launched: Plane,Aerial Bomb,Foreign Forces: Military,Israeli Defence Forces,Health Infrastructure
2024-09-28,,Lebanon,LBN,South Governorate,33.3,35.0,censored by HDX,Health Care,Local Health Care Provider,Air-Launched: Plane,Aerial Bomb,Foreign Forces: Military,Israeli Defence Forces,Health Infrastructure
2024-09-28,,Lebanon,LBN,Mount Lebanon Governorate,33.8,35.3,censored by HDX,Health Care,Local Health Care Provider,Air-Launched: Plane,Aerial Bomb,Foreign Forces: Military,Israeli Defence Forces,Health Infrastructure
2024-09-28,,Lebanon,LBN,South Governorate,33.3,35.0,censored by HDX,Health Care,Private Health Care,Unspecified Launch Method,Unspecified Explosive,Foreign Forces: Military,Israeli Defence Forces,Multiple
2024-09-28,,Lebanon,LBN,Nabatieh Governorate,33.2,35.3,censored by HDX,Health Care,Private Health Care,Unspecified Launch Method,Unspecified Explosive,Foreign Forces: Military,Israeli Defence Forces,Private/Voluntary Aid
2024-09-28,,Lebanon,LBN,Nabatieh Governorate,33.2,35.3,censored by HDX,Health Care,Private Health Care,Unspecified Launch Method,Unspecified Explosive,Foreign Forces: Military,Israeli Defence Forces,Health Infrastructure
2024-09-28,,Lebanon,LBN,South Governorate,33.3,35.0,censored by HDX,Health Care,Private Health Care,Unspecified Launch Method,Unspecified Explosive,Foreign Forces: Military,Israeli Defence Forces,Health Infrastructure
2024-09-28,,Lebanon,LBN,Baalbek-Hermel Governorate,34.1,35.9,censored by HDX,Health Care,Local Health Care Provider,Air-Launched: Plane,Aerial Bomb,Foreign Forces: Military,Israeli Defence Forces,Health Infrastructure
2024-09-27,,Lebanon,LBN,Nabatieh Governorate,33.2,35.3,censored by HDX,Health Care,Local Health Care Provider,Air-Launched: Plane,Aerial Bomb,Foreign Forces: Military,Israeli Defence Forces,Health Infrastructure
2024-09-27,,Lebanon,LBN,Mount Lebanon Governorate,33.8,35.3,censored by HDX,Health Care,Local Health Care Provider,Air-Launched: Plane,Aerial Bomb,Foreign Forces: Military,Israeli Defence Forces,Health Infrastructure
2024-09-27,,Lebanon,LBN,Mount Lebanon Governorate,33.8,35.3,censored by HDX,Health Care,Local Health Care Provider,Air-Launched: Plane,Aerial Bomb,Foreign Forces: Military,Israeli Defence Forces,Health Infrastructure
2024-09-27,,Lebanon,LBN,Mount Lebanon Governorate,33.8,35.3,censored by HDX,Health Care,Local Health Care Provider,Air-Launched: Plane,Aerial Bomb,Foreign Forces: Military,Israeli Defence Forces,Health Infrastructure
2024-09-27,,Lebanon,LBN,South Governorate,33.3,35.0,censored by HDX,Health Care,Local Health Care Provider,Air-Launched: Plane,Aerial Bomb,Foreign Forces: Military,Israeli Defence Forces,Health Infrastructure
2024-09-27,,Lebanon,LBN,South Governorate,33.3,35.0,censored by HDX,Health Care,Private Health Care,Unspecified Launch Method,Unspecified Explosive,Foreign Forces: Military,Israeli Defence Forces,Health Infrastructure
2024-09-27,,Lebanon,LBN,South Governorate,33.3,35.0,censored by HDX,Health Care,Private Health Care,Unspecified Launch Method,Unspecified Explosive,Foreign Forces: Military,Israeli Defence Forces,Health Infrastructure
2024-09-27,,Lebanon,LBN,Nabatieh Governorate,33.2,35.3,censored by HDX,Health Care,Private Health Care,Unspecified Launch Method,Unspecified Explosive,Foreign Forces: Military,Israeli Defence Forces,Private/Voluntary Aid
2024-09-27,,Lebanon,LBN,South Governorate,33.3,35.0,censored by HDX,Health Care,Private Health Care,Unspecified Launch Method,Unspecified Explosive,Foreign Forces: Military,Israeli Defence Forces,Multiple
2024-09-27,,Lebanon,LBN,South Governorate,33.3,35.0,censored by HDX,Health Care,Private Health Care,Unspecified Launch Method,Unspecified Explosive,Foreign Forces: Military,Israeli Defence Forces,Health Infrastructure
2024-09-27,,Lebanon,LBN,Mount Lebanon Governorate,33.8,35.3,censored by HDX,Health Care,Local Health Care Provider,Air-Launched: Plane,Aerial Bomb,Foreign Forces: Military,Israeli Defence Forces,Health Infrastructure
2024-09-26,,Lebanon,LBN,Nabatieh Governorate,33.2,35.3,censored by HDX,Health Care,Other,Unspecified Launch Method,Unspecified Explosive,Foreign Forces: Military,Israeli Defence Forces,Health Worker
2024-09-26,,Lebanon,LBN,South Governorate,33.3,35.0,censored by HDX,Health Care,Private Health Care,Unspecified Launch Method,Unspecified Explosive,Foreign Forces: Military,Israeli Defence Forces,Multiple
2024-09-26,,Lebanon,LBN,South Governorate,33.3,35.0,censored by HDX,Health Care,Other,Unspecified Launch Method,Unspecified Explosive,Foreign Forces: Military,Israeli Defence Forces,Health Infrastructure
2024-09-26,,Lebanon,LBN,South Governorate,33.3,35.0,censored by HDX,"Education, Protection, Aid Operations","Local Education Provider, UN Agency",Air-Launched: Plane,Aerial Bomb,Foreign Forces: Military,Israeli Defence Forces,Other
2024-09-26,,Lebanon,LBN,South Governorate,33.3,35.0,censored by HDX,"Education, Protection, Aid Operations","Local Education Provider, UN Agency",Air-Launched: Plane,Aerial Bomb,Foreign Forces: Military,Israeli Defence Forces,Other
2024-09-26,,Lebanon,LBN,Nabatieh Governorate,33.2,35.3,censored by HDX,Health Care,Private Health Care,Unspecified Launch Method,Unspecified Explosive,Foreign Forces: Military,Israeli Defence Forces,Health Infrastructure
2024-09-26,,Lebanon,LBN,Nabatieh Governorate,33.2,35.3,censored by HDX,Health Care,Local Health Care Provider,Air-Launched: Plane,Aerial Bomb,Foreign Forces: Military,Israeli Defence Forces,Health Infrastructure
2024-09-26,,Lebanon,LBN,Beqaa Governorate,33.6,35.5,censored by HDX,Health Care,Local Health Care Provider,Air-Launched: Plane,Aerial Bomb,Foreign Forces: Military,Israeli Defence Forces,Health Infrastructure
2024-09-26,,Lebanon,LBN,South Governorate,33.3,35.0,censored by HDX,Health Care,Local Health Care Provider,Air-Launched: Plane,Aerial Bomb,Foreign Forces: Military,Israeli Defence Forces,Health Infrastructure
2024-09-26,,Lebanon,LBN,Nabatieh Governorate,33.2,35.3,censored by HDX,Health Care,Local Health Care Provider,Air-Launched: Plane,Aerial Bomb,Foreign Forces: Military,Israeli Defence Forces,Multiple
2024-09-25,,Lebanon,LBN,South Governorate,33.3,35.0,censored by HDX,Health Care,Private Health Care,Unspecified Launch Method,Unspecified Explosive,Foreign Forces: Military,Israeli Defence Forces,Health Infrastructure
2024-09-25,,Lebanon,LBN,South Governorate,33.3,35.0,censored by HDX,Health Care,Private Health Care,Unspecified Launch Method,Unspecified Explosive,Foreign Forces: Military,Israeli Defence Forces,Health Infrastructure
2024-09-25,,Lebanon,LBN,South Governorate,33.3,35.0,censored by HDX,Health Care,Private Health Care,Unspecified Launch Method,Unspecified Explosive,Foreign Forces: Military,Israeli Defence Forces,Health Infrastructure
2024-09-25,,Lebanon,LBN,South Governorate,33.3,35.0,censored by HDX,Health Care,Private Health Care,Unspecified Launch Method,Unspecified Explosive,Foreign Forces: Military,Israeli Defence Forces,Health Infrastructure
2024-09-25,,Lebanon,LBN,South Governorate,33.3,35.0,censored by HDX,Health Care,Private Health Care,Unspecified Launch Method,Unspecified Explosive,Foreign Forces: Military,Israeli Defence Forces,Private/Voluntary Aid
2024-09-25,,Lebanon,LBN,Beqaa Governorate,33.6,35.5,censored by HDX,Health Care,Private Health Care,Unspecified Launch Method,Unspecified Explosive,Foreign Forces: Military,Israeli Defence Forces,Multiple
2024-09-25,,Lebanon,LBN,Nabatieh Governorate,33.2,35.3,censored by HDX,Health Care,Private Health Care,Unspecified Launch Method,Unspecified Explosive,Foreign Forces: Military,Israeli Defence Forces,Multiple
2024-09-25,,Lebanon,LBN,Beirut Governorate,33.8,35.4,censored by HDX,Health Care,Private Health Care,Unspecified Launch Method,Unspecified Explosive,Foreign Forces: Military,Israeli Defence Forces,Multiple
2024-09-25,,Lebanon,LBN,Nabatieh Governorate,33.2,35.3,censored by HDX,Health Care,Private Health Care,Unspecified Launch Method,Unspecified Explosive,Foreign Forces: Military,Israeli Defence Forces,Multiple
2024-09-25,,Lebanon,LBN,Nabatieh Governorate,33.2,35.3,censored by HDX,Health Care,Private Health Care,Unspecified Launch Method,Unspecified Explosive,Foreign Forces: Military,Israeli Defence Forces,Multiple
2024-09-25,,Lebanon,LBN,Nabatieh Governorate,33.2,35.3,censored by HDX,Health Care,Private Health Care,Unspecified Launch Method,Unspecified Explosive,Foreign Forces: Military,Israeli Defence Forces,Multiple
2024-09-25,,Lebanon,LBN,Nabatieh Governorate,33.2,35.3,censored by HDX,Health Care,Private Health Care,Unspecified Launch Method,Unspecified Explosive,Foreign Forces: Military,Israeli Defence Forces,Multiple
2024-09-25,,Lebanon,LBN,South Governorate,33.3,35.0,censored by HDX,Health Care,Private Health Care,Unspecified Launch Method,Unspecified Explosive,Foreign Forces: Military,Israeli Defence Forces,Multiple
2024-09-25,,Lebanon,LBN,South Governorate,33.3,35.0,censored by HDX,Health Care,Private Health Care,Unspecified Launch Method,Unspecified Explosive,Foreign Forces: Military,Israeli Defence Forces,Multiple
2024-09-25,,Lebanon,LBN,Nabatieh Governorate,33.2,35.3,censored by HDX,Health Care,Private Health Care,Unspecified Launch Method,Unspecified Explosive,Foreign Forces: Military,Israeli Defence Forces,Multiple
2024-09-25,,Lebanon,LBN,Nabatieh Governorate,33.2,35.3,censored by HDX,Health Care,Private Health Care,Unspecified Launch Method,Unspecified Explosive,Foreign Forces: Military,Israeli Defence Forces,Multiple
2024-09-25,,Lebanon,LBN,Nabatieh Governorate,33.2,35.3,censored by HDX,Health Care,Private Health Care,Unspecified Launch Method,Unspecified Explosive,Foreign Forces: Military,Israeli Defence Forces,Health Infrastructure
2024-09-25,,Lebanon,LBN,South Governorate,33.3,35.0,censored by HDX,"Education, Aid Operations","Local Education Provider, UN Agency",Air-Launched: Plane,Aerial Bomb,Foreign Forces: Military,Israeli Defence Forces,Education Infrastructure
2024-09-25,,Lebanon,LBN,Baalbek-Hermel Governorate,34.1,35.9,censored by HDX,"Education, Aid Operations","Local Education Provider, UN Agency",Air-Launched: Plane,Aerial Bomb,Foreign Forces: Military,Israeli Defence Forces,Education Infrastructure
2024-09-25,,Lebanon,LBN,South Governorate,33.3,35.0,censored by HDX,Health Care,Local Health Care Provider,Air-Launched: Plane,Aerial Bomb,Foreign Forces: Military,Israeli Defence Forces,Health Infrastructure
2024-09-25,,Lebanon,LBN,Nabatieh Governorate,33.2,35.3,censored by HDX,Health Care,Local Health Care Provider,Air-Launched: Plane,Aerial Bomb,Foreign Forces: Military,Israeli Defence Forces,Health Infrastructure
2024-09-25,,Lebanon,LBN,South Governorate,33.3,35.0,censored by HDX,Health Care,Local Health Care Provider,Air-Launched: Plane,Aerial Bomb,Foreign Forces: Military,Israeli Defence Forces,Health Infrastructure
2024-09-25,,Lebanon,LBN,Nabatieh Governorate,33.2,35.3,censored by HDX,Health Care,Local Health Care Provider,Air-Launched: Plane,Aerial Bomb,Foreign Forces: Military,Israeli Defence Forces,Health Infrastructure
2024-09-25,,Lebanon,LBN,Nabatieh Governorate,33.2,35.3,censored by HDX,Health Care,Local Health Care Provider,Air-Launched: Plane,Aerial Bomb,Foreign Forces: Military,Israeli Defence Forces,Health Infrastructure
2024-09-25,,Lebanon,LBN,Nabatieh Governorate,33.2,35.3,censored by HDX,Health Care,Local Health Care Provider,Air-Launched: Plane,Aerial Bomb,Foreign Forces: Military,Israeli Defence Forces,Health Infrastructure
2024-09-24,,Lebanon,LBN,South Governorate,33.3,35.0,censored by HDX,Health Care,Other,Unspecified Launch Method,Unspecified Explosive,Foreign Forces: Military,Israeli Defence Forces,Health Worker
2024-09-24,,Lebanon,LBN,South Governorate,33.3,35.0,censored by HDX,Health Care,Other,Unspecified Launch Method,Unspecified Explosive,Foreign Forces: Military,Israeli Defence Forces,Health Infrastructure
2024-09-24,,Lebanon,LBN,South Governorate,33.3,35.0,censored by HDX,Health Care,Other,Unspecified Launch Method,Unspecified Explosive,Foreign Forces: Military,Israeli Defence Forces,Health Worker
2024-09-24,,Lebanon,LBN,Nabatieh Governorate,33.2,35.3,censored by HDX,Health Care,Private Health Care,Unspecified Launch Method,Unspecified Explosive,Foreign Forces: Military,Israeli Defence Forces,Health Infrastructure
2024-09-24,,Lebanon,LBN,Nabatieh Governorate,33.2,35.3,censored by HDX,Health Care,Local Health Care Provider,Air-Launched: Plane,Aerial Bomb,Foreign Forces: Military,Israeli Defence Forces,Health Infrastructure
2024-09-24,,Lebanon,LBN,South Governorate,33.3,35.0,censored by HDX,Health Care,Private Health Care,Unspecified Launch Method,Unspecified Explosive,Foreign Forces: Military,Israeli Defence Forces,Health Infrastructure
2024-09-24,,Lebanon,LBN,Nabatieh Governorate,33.2,35.3,censored by HDX,"Health Care, Aid Operations",National Red Cross Society,Air-Launched: Plane,Aerial Bomb,Foreign Forces: Military,Israeli Defence Forces,Health Infrastructure
2024-09-24,,Lebanon,LBN,Beqaa Governorate,33.6,35,censored by HDX,Health Care,Local Health Care Provider,Air-Launched: Plane,Aerial Bomb,Foreign Forces: Military,Israeli Defence Forces,Multiple
2024-09-24,,Lebanon,LBN,Nabatieh Governorate,33.2,35.3,censored by HDX,Health Care,Local Health Care Provider,Air-Launched: Plane,Aerial Bomb,Foreign Forces: Military,Israeli Defence Forces,Health Infrastructure
2024-09-24,,Lebanon,LBN,South Governorate,33.3,35.0,censored by HDX,Health Care,Other,Air-Launched: Plane,Aerial Bomb,Foreign Forces: Military,Israeli Defence Forces,Health Worker
2024-09-24,,Lebanon,LBN,Nabatieh Governorate,33.2,35.3,censored by HDX,"Health Care, Aid Operations",Government Aid Agency,Unspecified Launch Method,Unspecified Explosive,Foreign Forces: Military,Israeli Defence Forces,Health Infrastructure
2024-09-24,,Lebanon,LBN,Nabatieh Governorate,33.2,35.3,censored by HDX,"Health Care, Aid Operations",Government Aid Agency,Unspecified Launch Method,Unspecified Explosive,Foreign Forces: Military,Israeli Defence Forces,Health Infrastructure
2024-09-24,,Lebanon,LBN,Nabatieh Governorate,33.2,35.3,censored by HDX,"Health Care, Aid Operations",Government Aid Agency,Unspecified Launch Method,Unspecified Explosive,Foreign Forces: Military,Israeli Defence Forces,Health Infrastructure
2024-09-24,,Lebanon,LBN,Nabatieh Governorate,33.2,35.3,censored by HDX,"Health Care, Aid Operations",Government Aid Agency,Unspecified Launch Method,Unspecified Explosive,Foreign Forces: Military,Israeli Defence Forces,Health Infrastructure
2024-09-24,,Lebanon,LBN,Nabatieh Governorate,33.2,35.3,censored by HDX,"Health Care, Aid Operations",Government Aid Agency,Unspecified Launch Method,Unspecified Explosive,Foreign Forces: Military,Israeli Defence Forces,Multiple
2024-09-24,,Lebanon,LBN,Nabatieh Governorate,33.2,35.3,censored by HDX,"Health Care, Aid Operations",Government Aid Agency,Unspecified Launch Method,Unspecified Explosive,Foreign Forces: Military,Israeli Defence Forces,Multiple
2024-09-24,,Lebanon,LBN,Nabatieh Governorate,33.2,35.3,censored by HDX,"Health Care, Aid Operations",Government Aid Agency,Unspecified Launch Method,Unspecified Explosive,Foreign Forces: Military,Israeli Defence Forces,Multiple
2024-09-24,,Lebanon,LBN,Nabatieh Governorate,33.2,35.3,censored by HDX,"Health Care, Aid Operations",Government Aid Agency,Unspecified Launch Method,Unspecified Explosive,Foreign Forces: Military,Israeli Defence Forces,Health Infrastructure
2024-09-24,,Lebanon,LBN,Nabatieh Governorate,33.2,35.3,censored by HDX,Health Care,Private Health Care,Unspecified Launch Method,Unspecified Explosive,Foreign Forces: Military,Israeli Defence Forces,Private/Voluntary Aid
2024-09-24,,Lebanon,LBN,Nabatieh Governorate,33.2,35.3,censored by HDX,"Health Care, Aid Operations",Government Aid Agency,Unspecified Launch Method,Unspecified Explosive,Foreign Forces: Military,Israeli Defence Forces,Multiple
2024-09-24,,Lebanon,LBN,Nabatieh Governorate,33.2,35.3,censored by HDX,"Health Care, Aid Operations",Government Aid Agency,Unspecified Launch Method,Unspecified Explosive,Foreign Forces: Military,Israeli Defence Forces,Multiple
2024-09-24,,Lebanon,LBN,South Governorate,33.3,35.0,censored by HDX,"Health Care, Aid Operations",Government Aid Agency,Unspecified Launch Method,Unspecified Explosive,Foreign Forces: Military,Israeli Defence Forces,Multiple
2024-09-24,,Lebanon,LBN,Beqaa Governorate,33.6,35.3,censored by HDX,Health Care,Other,Unspecified Launch Method,Unspecified Explosive,Foreign Forces: Military,Israeli Defence Forces,Health Worker
2024-09-24,,Lebanon,LBN,Nabatieh Governorate,33.2,35.3,censored by HDX,Health Care,Other,Unspecified Launch Method,Unspecified Explosive,Foreign Forces: Military,Israeli Defence Forces,Health Infrastructure
2024-09-24,,Lebanon,LBN,South Governorate,33.3,35.0,censored by HDX,Health Care,Other,Unspecified Launch Method,Unspecified Explosive,Foreign Forces: Military,Israeli Defence Forces,Health Infrastructure
2024-09-24,,Lebanon,LBN,South Governorate,33.3,35.0,censored by HDX,Health Care,Private Health Care,Unspecified Launch Method,Unspecified Explosive,Foreign Forces: Military,Israeli Defence Forces,Health Infrastructure
2024-09-24,,Lebanon,LBN,South Governorate,33.3,35.0,censored by HDX,Health Care,Local Health Care Provider,Air-Launched: Plane,Aerial Bomb,Foreign Forces: Military,Israeli Defence Forces,Health Infrastructure
2024-09-24,,Lebanon,LBN,Nabatieh Governorate,33.2,35.3,censored by HDX,Health Care,Local Health Care Provider,Air-Launched: Plane,Aerial Bomb,Foreign Forces: Military,Israeli Defence Forces,Health Infrastructure
2024-09-24,,Lebanon,LBN,Nabatieh Governorate,33.2,35.3,censored by HDX,Health Care,Private Health Care,Air-Launched: Plane,Aerial Bomb,Foreign Forces: Military,Israeli Defence Forces,Health Infrastructure
2024-09-24,,Lebanon,LBN,Nabatieh Governorate,33.2,35.3,censored by HDX,Health Care,Private Health Care,Unspecified Launch Method,Unspecified Explosive,Foreign Forces: Military,Israeli Defence Forces,Health Infrastructure
2024-09-23,,Lebanon,LBN,South Governorate,33.3,35.0,censored by HDX,Aid Operations,United Nations,Air-Launched: No Information on Platform Type,Aerial Bomb,Foreign Forces: Military,Israeli Defence Forces,Other
2024-09-23,,Lebanon,LBN,Beqaa Governorate,33.6,35.3,censored by HDX,Health Care,Other,Unspecified Launch Method,Unspecified Explosive,Foreign Forces: Military,Israeli Defence Forces,Health Infrastructure
2024-09-23,,Lebanon,LBN,Nabatieh Governorate,33.2,35.3,censored by HDX,Health Care,Local Health Care Provider,Air-Launched: Plane,Aerial Bomb,Foreign Forces: Military,Israeli Defence Forces,Health Infrastructure
2024-09-23,,Lebanon,LBN,Nabatieh Governorate,33.2,35.3,censored by HDX,,Other,Air-Launched: Plane,Aerial Bomb,Foreign Forces: Military,Israeli Defence Forces,Other
2024-09-23,,Lebanon,LBN,Baalbek-Hermel Governorate,34.1,37.7,censored by HDX,Health Care,Other,Unspecified Launch Method,Unspecified Explosive,Foreign Forces: Military,Israeli Defence Forces,Health Worker
2024-09-23,,Lebanon,LBN,Beqaa Governorate,33.6,35,censored by HDX,"Protection, Aid Operations",UN Agency,Air-Launched: Plane,Aerial Bomb,Foreign Forces: Military,Israeli Defence Forces,Aid Infrastructure
2024-09-23,,Lebanon,LBN,South Governorate,33.3,35.0,censored by HDX,Health Care,Local Health Care Provider,Air-Launched: Plane,Aerial Bomb,Foreign Forces: Military,Israeli Defence Forces,Health Infrastructure
2024-09-23,,Lebanon,LBN,Baalbek-Hermel Governorate,34.1,35.9,censored by HDX,Health Care,Local Health Care Provider,Air-Launched: Plane,Aerial Bomb,Foreign Forces: Military,Israeli Defence Forces,Health Infrastructure
2024-09-23,,Lebanon,LBN,Baalbek-Hermel Governorate,34.1,35.3,censored by HDX,Health Care,Local Health Care Provider,Air-Launched: Plane,Aerial Bomb,Foreign Forces: Military,Israeli Defence Forces,Health Infrastructure
2024-09-23,,Lebanon,LBN,Nabatieh Governorate,33.2,35.3,censored by HDX,Health Care,Local Health Care Provider,Air-Launched: Plane,Aerial Bomb,Foreign Forces: Military,Israeli Defence Forces,Health Infrastructure
2024-09-23,,Lebanon,LBN,South Governorate,33.3,35.0,censored by HDX,Health Care,Local Health Care Provider,Air-Launched: Plane,Aerial Bomb,Foreign Forces: Military,Israeli Defence Forces,Health Infrastructure
2024-09-23,,Lebanon,LBN,South Governorate,33.3,35.0,censored by HDX,Health Care,Local Health Care Provider,Air-Launched: Plane,Aerial Bomb,Foreign Forces: Military,Israeli Defence Forces,Health Infrastructure
2024-09-23,,Lebanon,LBN,Baalbek-Hermel Governorate,34.1,35.9,censored by HDX,Health Care,Local Health Care Provider,Air-Launched: Plane,Aerial Bomb,Foreign Forces: Military,Israeli Defence Forces,Health Infrastructure
2024-09-23,,Lebanon,LBN,South Governorate,33.3,35.0,censored by HDX,Health Care,Private Health Care,Unspecified Launch Method,Unspecified Explosive,Foreign Forces: Military,Israeli Defence Forces,Health Infrastructure
2024-09-23,,Lebanon,LBN,Beqaa Governorate,33.6,35,censored by HDX,Health Care,Other,Air-Launched: Drone,Aerial Bomb,Foreign Forces: Military,Israeli Defence Forces,Health Infrastructure
2024-09-23,,Lebanon,LBN,Nabatieh Governorate,33.2,35.3,censored by HDX,Health Care,Private Health Care,Unspecified Launch Method,Unspecified Explosive,Foreign Forces: Military,Israeli Defence Forces,Private/Voluntary Aid
2024-09-23,,Lebanon,LBN,South Governorate,33.3,35.0,censored by HDX,Health Care,Private Health Care,Unspecified Launch Method,Unspecified Explosive,Foreign Forces: Military,Israeli Defence Forces,Health Infrastructure
2024-09-23,,Lebanon,LBN,Beqaa Governorate,33.6,35.3,censored by HDX,"Protection, Aid Operations",UN Agency,Air-Launched: No Information on Platform Type,Aerial Bomb,Foreign Forces: Military,Israeli Defence Forces,Other
2024-09-23,,Lebanon,LBN,Nabatieh Governorate,33.2,35.3,censored by HDX,Health Care,Other,Air-Launched: Plane,Aerial Bomb,Foreign Forces: Military,Israeli Defence Forces,Health Infrastructure
2024-09-23,,Lebanon,LBN,Nabatieh Governorate,33.2,35.3,censored by HDX,Health Care,Private Health Care,Unspecified Launch Method,Unspecified Explosive,Foreign Forces: Military,Israeli Defence Forces,Health Infrastructure
2024-09-23,,Lebanon,LBN,South Governorate,33.3,35.0,censored by HDX,Health Care,Private Health Care,Unspecified Launch Method,Unspecified Explosive,Foreign Forces: Military,Israeli Defence Forces,Health Infrastructure
2024-09-23,,Lebanon,LBN,Nabatieh Governorate,33.2,35.3,censored by HDX,Health Care,Private Health Care,Unspecified Launch Method,Unspecified Explosive,Foreign Forces: Military,Israeli Defence Forces,Health Infrastructure
2024-09-23,,Lebanon,LBN,South Governorate,33.3,35.0,censored by HDX,Health Care,Private Health Care,Unspecified Launch Method,Unspecified Explosive,Foreign Forces: Military,Israeli Defence Forces,Health Infrastructure
2024-09-23,,Lebanon,LBN,South Governorate,33.3,35.0,censored by HDX,Health Care,Private Health Care,Unspecified Launch Method,Unspecified Explosive,Foreign Forces: Military,Israeli Defence Forces,Health Infrastructure
2024-09-23,,Lebanon,LBN,Nabatieh Governorate,33.2,35.3,censored by HDX,Health Care,Other,Unspecified Launch Method,Unspecified Explosive,Foreign Forces: Military,Israeli Defence Forces,Health Worker
2024-09-23,,Lebanon,LBN,Beqaa Governorate,33.6,35.5,censored by HDX,"Health Care, Aid Operations",NGO,Air-Launched: Plane,Aerial Bomb,Foreign Forces: Military,Israeli Defence Forces,Health Infrastructure
2024-09-23,,Lebanon,LBN,Beqaa Governorate,33.6,35,censored by HDX,Health Care,Local Health Care Provider,Air-Launched: Plane,Aerial Bomb,Foreign Forces: Military,Israeli Defence Forces,Health Infrastructure
2024-09-23,,Lebanon,LBN,Baalbek-Hermel Governorate,34.1,35,censored by HDX,Health Care,Private Health Care,Air-Launched: Plane,Aerial Bomb,Foreign Forces: Military,Israeli Defence Forces,Health Infrastructure
2024-09-23,,Lebanon,LBN,Nabatieh Governorate,33.2,35.3,censored by HDX,Health Care,Other,Air-Launched: Plane,Aerial Bomb,Foreign Forces: Military,Israeli Defence Forces,Health Infrastructure
2024-09-23,,Lebanon,LBN,Nabatieh Governorate,33.2,35.3,censored by HDX,"Health Care, Aid Operations",Government Aid Agency,Air-Launched: Plane,Aerial Bomb,Foreign Forces: Military,Israeli Defence Forces,Health Infrastructure
2024-09-23,,Lebanon,LBN,South Governorate,33.3,35.0,censored by HDX,Health Care,Other,Air-Launched: Plane,Aerial Bomb,Foreign Forces: Military,Israeli Defence Forces,Health Worker
2024-09-23,,Lebanon,LBN,Nabatieh Governorate,33.2,35.3,censored by HDX,Health Care,Other,Unspecified Launch Method,Unspecified Explosive,Foreign Forces: Military,Israeli Defence Forces,Health Worker
2024-09-23,,Lebanon,LBN,South Governorate,33.3,35.0,censored by HDX,Health Care,Other,Unspecified Launch Method,Unspecified Explosive,Foreign Forces: Military,Israeli Defence Forces,Health Infrastructure
2024-09-23,,Lebanon,LBN,South Governorate,33.3,35.0,censored by HDX,Health Care,Other,Unspecified Launch Method,Unspecified Explosive,Foreign Forces: Military,Israeli Defence Forces,Health Worker
2024-09-23,,Lebanon,LBN,South Governorate,33.3,35.0,censored by HDX,Health Care,Other,Unspecified Launch Method,Unspecified Explosive,Foreign Forces: Military,Israeli Defence Forces,Health Infrastructure
2024-09-22,,Lebanon,LBN,Nabatieh Governorate,33.2,35.3,censored by HDX,Health Care,Other,Unspecified Launch Method,Unspecified Explosive,Foreign Forces: Military,Israeli Defence Forces,Health Infrastructure
2024-09-22,,Lebanon,LBN,Nabatieh Governorate,33.2,35.3,censored by HDX,Health Care,Other,Unspecified Launch Method,Unspecified Explosive,Foreign Forces: Military,Israeli Defence Forces,Health Infrastructure
2024-09-22,,Syria,SYR,Dar'a Governorate,32.8,35,"(4) Province, State, Governorate ",Education,Local Education Provider,"Air-Launched: Drone, Unspecified Launch Method","Aerial Bomb, Unspecified Explosive",Multiple,"Islamic Resistance in Iraq, Israeli Defence Forces",Education Infrastructure
2024-09-18,,Lebanon,LBN,South Governorate,33.3,35.0,censored by HDX,,Other,Directly-Emplaced,Remote-Controlled IED,Foreign Forces: Military,Israeli Defence Forces,Other
2024-09-17,,Lebanon,LBN,Mount Lebanon Governorate,33.8,35.3,censored by HDX,Health Care,Local Health Care Provider,Directly-Emplaced,Remote-Controlled IED,Foreign Forces: Military,Israeli Defence Forces,Health Infrastructure
2024-09-17,,Lebanon,LBN,Nabatieh Governorate,33.2,35.3,censored by HDX,Health Care,Local Health Care Provider,Directly-Emplaced,Remote-Controlled IED,Foreign Forces: Military,Israeli Defence Forces,Health Infrastructure
2024-09-17,,Lebanon,LBN,Mount Lebanon Governorate,33.8,35.3,censored by HDX,Health Care,Local Health Care Provider,Directly-Emplaced,Remote-Controlled IED,Foreign Forces: Military,Israeli Defence Forces,Health Infrastructure
2024-09-17,,Lebanon,LBN,Baalbek-Hermel Governorate,34.1,35.9,censored by HDX,Health Care,Local Health Care Provider,Directly-Emplaced,Remote-Controlled IED,Foreign Forces: Military,Israeli Defence Forces,Health Worker
2024-09-16,,Lebanon,LBN,South Governorate,33.3,35.0,censored by HDX,Health Care,Other,Air-Launched: Plane,Aerial Bomb,Foreign Forces: Military,Israeli Defence Forces,Health Worker
2024-09-16,,Lebanon,LBN,Nabatieh Governorate,33.2,35.3,censored by HDX,Health Care,Other,Unspecified Launch Method,Unspecified Explosive,Foreign Forces: Military,Israeli Defence Forces,Health Infrastructure
2024-09-10,,Lebanon,LBN,Nabatieh Governorate,33.2,35.3,censored by HDX,Health Care,Other,Unspecified Launch Method,Unspecified Explosive,Foreign Forces: Military,Israeli Defence Forces,Health Worker
2024-09-10,,Lebanon,LBN,South Governorate,33.3,35.0,censored by HDX,Health Care,Private Health Care,Unspecified Launch Method,Unspecified Explosive,Foreign Forces: Military,Israeli Defence Forces,Health Infrastructure
2024-09-10,,Lebanon,LBN,Nabatieh Governorate,33.2,35.3,censored by HDX,Health Care,Local Health Care Provider,Unspecified Launch Method,Unspecified Explosive,Foreign Forces: Military,Israeli Defence Forces,Health Infrastructure
2024-09-10,,Lebanon,LBN,Nabatieh Governorate,33.2,35.3,censored by HDX,Health Care,Local Health Care Provider,Air-Launched: Plane,Aerial Bomb,Foreign Forces: Military,Israeli Defence Forces,Health Infrastructure
2024-09-09,,Lebanon,LBN,Nabatieh Governorate,33.2,35.3,censored by HDX,Health Care,Private Health Care,Unspecified Launch Method,Unspecified Explosive,Foreign Forces: Military,Israeli Defence Forces,Health Infrastructure
2024-09-07,,Lebanon,LBN,Nabatieh Governorate,33.2,35.3,censored by HDX,"Health Care, Aid Operations",Government Aid Agency,Air-Launched: Plane,Aerial Bomb,Foreign Forces: Military,Israeli Defence Forces,Health Worker
2024-09-07,,Lebanon,LBN,Nabatieh Governorate,33.2,35.3,censored by HDX,Health Care,Private Health Care,Unspecified Launch Method,Unspecified Explosive,Foreign Forces: Military,Israeli Defence Forces,Private/Voluntary Aid
2024-09-07,,Lebanon,LBN,Nabatieh Governorate,33.2,35.3,censored by HDX,Health Care,Private Health Care,Unspecified Launch Method,Unspecified Explosive,Foreign Forces: Military,Israeli Defence Forces,Health Infrastructure
2024-09-01,,Lebanon,LBN,Mount Lebanon Governorate,33.8,35.3,censored by HDX,Health Care,Local Health Care Provider,Air-Launched: Plane,Aerial Bomb,Foreign Forces: Military,Israeli Defence Forces,Health Infrastructure
2024-08-30,,Lebanon,LBN,Mount Lebanon Governorate,33.8,35.3,censored by HDX,Health Care,Local Health Care Provider,Air-Launched: Plane,Aerial Bomb,Foreign Forces: Military,Israeli Defence Forces,Health Infrastructure
2024-08-25,,Lebanon,LBN,South Governorate,33.3,35.0,censored by HDX,"Health Care, Aid Operations",Government Aid Agency,Unspecified Launch Method,Unspecified Explosive,Foreign Forces: Military,Israeli Defence Forces,Health Worker
2024-08-22,,Lebanon,LBN,South Governorate,33.3,35.0,censored by HDX,Health Care,Other,Ground-Launched,Artillery,Foreign Forces: Military,Israeli Defence Forces,Health Infrastructure
2024-08-20,,Lebanon,LBN,South Governorate,33.3,35.0,censored by HDX,Health Care,Private Health Care,Air-Launched: Plane,Aerial Bomb,Foreign Forces: Military,Israeli Defence Forces,Health Infrastructure
2024-08-19,,Lebanon,LBN,Nabatieh Governorate,33.2,35.3,censored by HDX,Health Care,Other,Unspecified Launch Method,Unspecified Explosive,Foreign Forces: Military,Israeli Defence Forces,Health Infrastructure
2024-08-17,,Lebanon,LBN,South Governorate,33.3,35.0,censored by HDX,Health Care,Other,Unspecified Launch Method,Unspecified Explosive,Foreign Forces: Military,Israeli Defence Forces,Health Worker
2024-08-15,,Lebanon,LBN,Nabatieh Governorate,33.2,35.3,censored by HDX,Health Care,Other,Unspecified Launch Method,Unspecified Explosive,Foreign Forces: Military,Israeli Defence Forces,Health Infrastructure
2024-08-15,,Lebanon,LBN,Nabatieh Governorate,33.2,35.3,censored by HDX,Health Care,Other,Unspecified Launch Method,Unspecified Explosive,Foreign Forces: Military,Israeli Defence Forces,Health Infrastructure
2024-08-13,,Lebanon,LBN,Nabatieh Governorate,33.2,35.3,censored by HDX,Health Care,Local Health Care Provider,Air-Launched: Plane,Aerial Bomb,Foreign Forces: Military,Israeli Defence Forces,Health Infrastructure
2024-08-12,,Lebanon,LBN,Nabatieh Governorate,33.2,35.3,censored by HDX,Health Care,Other,Unspecified Launch Method,Unspecified Explosive,Foreign Forces: Military,Israeli Defence Forces,Health Worker
2024-08-10,,Lebanon,LBN,Nabatieh Governorate,33.2,35.3,censored by HDX,Health Care,Other,Unspecified Launch Method,Unspecified Explosive,Foreign Forces: Military,Israeli Defence Forces,Health Infrastructure
2024-08-10,,Lebanon,LBN,South Governorate,33.3,35.0,censored by HDX,Health Care,Other,Unspecified Launch Method,Unspecified Explosive,Foreign Forces: Military,Israeli Defence Forces,Health Worker
2024-08-09,,Lebanon,LBN,Nabatieh Governorate,33.2,35.3,censored by HDX,Health Care,Other,Ground-Launched,Artillery,Foreign Forces: Military,Israeli Defence Forces,Health Worker
2024-08-09,,Lebanon,LBN,South Governorate,33.3,35.0,censored by HDX,Health Care,Other,Unspecified Launch Method,Unspecified Explosive,Foreign Forces: Military,Israeli Defence Forces,Health Infrastructure
2024-08-05,,Lebanon,LBN,Nabatieh Governorate,33.2,35.3,censored by HDX,Health Care,Local Health Care Provider,Air-Launched: Drone,Missile,Foreign Forces: Military,Israeli Defence Forces,Health Worker
2024-08-04,,Lebanon,LBN,Nabatieh Governorate,33.2,35.3,censored by HDX,Health Care,Other,Air-Launched: Drone,Aerial Bomb,Foreign Forces: Military,Israeli Defence Forces,Health Worker
2024-08-03,,Lebanon,LBN,Nabatieh Governorate,33.2,35.3,censored by HDX,Health Care,Local Health Care Provider,Air-Launched: Plane,Aerial Bomb,Foreign Forces: Military,Israeli Defence Forces,Health Infrastructure
2024-07-20,,Lebanon,LBN,South Governorate,33.3,35.0,censored by HDX,Health Care,Local Health Care Provider,Air-Launched: Plane,Aerial Bomb,Foreign Forces: Military,Israeli Defence Forces,Health Worker
2024-07-19,,Lebanon,LBN,Nabatieh Governorate,33.2,35.3,censored by HDX,Health Care,Private Health Care,Air-Launched: Plane,Aerial Bomb,Foreign Forces: Military,Israeli Defence Forces,Health Infrastructure
2024-07-11,,Lebanon,LBN,Nabatieh Governorate,33.2,35.3,censored by HDX,Health Care,Other,Unspecified Launch Method,Unspecified Explosive,Foreign Forces: Military,Israeli Defence Forces,Health Worker
2024-06-24,,Lebanon,LBN,Nabatieh Governorate,33.2,35.3,censored by HDX,Aid Operations,Government Aid Agency,Ground-Launched,Mortar,Foreign Forces: Military,Israeli Defence Forces,Other
2024-06-17,,Lebanon,LBN,Nabatieh Governorate,33.2,35.3,censored by HDX,"Health Care, Aid Operations",LNGO,Ground-Launched,Artillery,Foreign Forces: Military,Israeli Defence Forces,Health Infrastructure
2024-06-13,,Lebanon,LBN,South Governorate,33.3,35.0,censored by HDX,Health Care,Other,Air-Launched: Plane,Aerial Bomb,Foreign Forces: Military,Israeli Defence Forces,Health Worker
2024-06-12,,Lebanon,LBN,Nabatieh Governorate,33.2,35.3,censored by HDX,Health Care,Local Health Care Provider,Air-Launched: Drone,Aerial Bomb,Foreign Forces: Military,Israeli Defence Forces,Health Worker
2024-06-10,,Lebanon,LBN,South Governorate,33.3,35.0,censored by HDX,Health Care,Private Health Care,Unspecified Launch Method,Unspecified Explosive,Foreign Forces: Military,Israeli Defence Forces,Health Infrastructure
2024-06-10,,Lebanon,LBN,Nabatieh Governorate,33.2,35.3,censored by HDX,Health Care,Other,Unspecified Launch Method,Unspecified Explosive,Foreign Forces: Military,Israeli Defence Forces,Health Infrastructure
2024-06-10,,Lebanon,LBN,South Governorate,33.3,35.0,censored by HDX,Health Care,Other,Unspecified Launch Method,Unspecified Explosive,Foreign Forces: Military,Israeli Defence Forces,Health Infrastructure
2024-06-10,,Lebanon,LBN,Nabatieh Governorate,33.2,35.3,censored by HDX,Health Care,Other,Unspecified Launch Method,Unspecified Explosive,Foreign Forces: Military,Israeli Defence Forces,Health Worker
2024-06-10,,Lebanon,LBN,South Governorate,33.3,35.0,censored by HDX,Health Care,Other,Unspecified Launch Method,Unspecified Explosive,Foreign Forces: Military,Israeli Defence Forces,Health Infrastructure
2024-06-08,,Lebanon,LBN,Nabatieh Governorate,33.2,35.3,censored by HDX,Health Care,Other,Unspecified Launch Method,Unspecified Explosive,Foreign Forces: Military,Israeli Defence Forces,Health Infrastructure
2024-06-06,,Lebanon,LBN,South Governorate,33.3,35.0,censored by HDX,Health Care,Local Health Care Provider,Air-Launched: Plane,Aerial Bomb,Foreign Forces: Military,Israeli Defence Forces,Health Infrastructure
2024-06-03,,Lebanon,LBN,South Governorate,33.3,35.0,censored by HDX,Health Care,Private Health Care,Air-Launched: No Information on Platform Type,Aerial Bomb,Foreign Forces: Military,Israeli Defence Forces,Private/Voluntary Aid
2024-06-03,,Lebanon,LBN,South Governorate,33.3,35.0,censored by HDX,Health Care,Other,Air-Launched: No Information on Platform Type,Aerial Bomb,Foreign Forces: Military,Israeli Defence Forces,Health Worker
2024-06-02,,Lebanon,LBN,South Governorate,33.3,35.0,censored by HDX,Health Care,Local Health Care Provider,Air-Launched: Plane,Aerial Bomb,Foreign Forces: Military,Israeli Defence Forces,Health Infrastructure
2024-06-01,,Lebanon,LBN,Nabatieh Governorate,33.2,35.3,censored by HDX,Health Care,Local Health Care Provider,Ground-Launched,Shelling,Foreign Forces: Military,Israeli Defence Forces,Health Infrastructure
2024-06-01,,Lebanon,LBN,Nabatieh Governorate,33.2,35.3,censored by HDX,Health Care,Other,Unspecified Launch Method,Unspecified Explosive,Foreign Forces: Military,Israeli Defence Forces,Health Infrastructure
2024-05-31,,Lebanon,LBN,Nabatieh Governorate,33.2,35.3,censored by HDX,Health Care,Private Health Care,Unspecified Launch Method,Unspecified Explosive,Foreign Forces: Military,Israeli Defence Forces,Health Infrastructure
2024-05-31,,Lebanon,LBN,South Governorate,33.3,35.0,censored by HDX,Health Care,Private Health Care,Air-Launched: Drone,Aerial Bomb,Foreign Forces: Military,Israeli Defence Forces,Health Infrastructure
2024-05-27,,Lebanon,LBN,Nabatieh Governorate,33.2,35.3,censored by HDX,Health Care,Private Health Care,Air-Launched: Drone,Aerial Bomb,Foreign Forces: Military,Israeli Defence Forces,Health Infrastructure
2024-05-27,,Lebanon,LBN,Nabatieh Governorate,33.2,35.3,censored by HDX,Health Care,Local Health Care Provider,Air-Launched: Plane,Aerial Bomb,Foreign Forces: Military,Israeli Defence Forces,Health Worker
2024-05-19,,Lebanon,LBN,Nabatieh Governorate,33.2,35.3,censored by HDX,Health Care,Local Health Care Provider,Ground-Launched,Shelling,Foreign Forces: Military,Israeli Defence Forces,Health Infrastructure
2024-05-17,,Lebanon,LBN,Nabatieh Governorate,33.2,35.3,censored by HDX,Health Care,Other,Unspecified Launch Method,Unspecified Explosive,Foreign Forces: Military,Israeli Defence Forces,Health Infrastructure
2024-05-13,,Lebanon,LBN,Nabatieh Governorate,33.2,35.3,censored by HDX,Health Care,Other,Unspecified Launch Method,Unspecified Explosive,Foreign Forces: Military,Israeli Defence Forces,Health Infrastructure
2024-05-10,,Lebanon,LBN,Nabatieh Governorate,33.2,35.3,censored by HDX,Health Care,Other,Unspecified Launch Method,Unspecified Explosive,Foreign Forces: Military,Israeli Defence Forces,Health Infrastructure
2024-05-10,,Lebanon,LBN,South Governorate,33.3,35.0,censored by HDX,Health Care,Other,Air-Launched: Plane,Aerial Bomb,Foreign Forces: Military,Israeli Defence Forces,Health Worker
2024-05-06,,Lebanon,LBN,Nabatieh Governorate,33.2,35.3,censored by HDX,Health Care,Other,Unspecified Launch Method,Unspecified Explosive,Foreign Forces: Military,Israeli Defence Forces,Health Infrastructure
2024-05-05,,Lebanon,LBN,Nabatieh Governorate,33.2,35.3,censored by HDX,Health Care,Local Health Care Provider,Air-Launched: Plane,Aerial Bomb,Foreign Forces: Military,Israeli Defence Forces,Health Worker
2024-04-28,,Lebanon,LBN,South Governorate,33.3,35.0,censored by HDX,Health Care,Local Health Care Provider,Air-Launched: Plane,Aerial Bomb,Foreign Forces: Military,Israeli Defence Forces,Health Worker
2024-04-27,,Lebanon,LBN,Nabatieh Governorate,33.2,35.3,censored by HDX,Health Care,Local Health Care Provider,Ground-Launched,Artillery,Foreign Forces: Military,Israeli Defence Forces,Health Infrastructure
2024-04-10,,Lebanon,LBN,Nabatieh Governorate,33.2,35.3,censored by HDX,Health Care,Other,Unspecified Launch Method,Unspecified Explosive,Foreign Forces: Military,Israeli Defence Forces,Health Worker
2024-04-10,,Lebanon,LBN,South Governorate,33.3,35.0,censored by HDX,Health Care,Other,Unspecified Launch Method,Unspecified Explosive,Foreign Forces: Military,Israeli Defence Forces,Health Infrastructure
2024-04-10,,Lebanon,LBN,Nabatieh Governorate,33.2,35.3,censored by HDX,Health Care,Private Health Care,Unspecified Launch Method,Unspecified Explosive,Foreign Forces: Military,Israeli Defence Forces,Health Infrastructure
2024-04-10,,Lebanon,LBN,South Governorate,33.3,35.0,censored by HDX,Health Care,Private Health Care,Unspecified Launch Method,Unspecified Explosive,Foreign Forces: Military,Israeli Defence Forces,Health Infrastructure
2024-04-10,,Lebanon,LBN,South Governorate,33.3,35.0,censored by HDX,Health Care,Private Health Care,Unspecified Launch Method,Unspecified Explosive,Foreign Forces: Military,Israeli Defence Forces,Private/Voluntary Aid
2024-04-10,,Lebanon,LBN,South Governorate,33.3,35.0,censored by HDX,Health Care,Private Health Care,Unspecified Launch Method,Unspecified Explosive,Foreign Forces: Military,Israeli Defence Forces,Health Infrastructure
2024-04-10,,Lebanon,LBN,South Governorate,33.3,35.0,censored by HDX,Health Care,Private Health Care,Unspecified Launch Method,Unspecified Explosive,Foreign Forces: Military,Israeli Defence Forces,Health Infrastructure
2024-04-10,,Lebanon,LBN,South Governorate,33.3,35.0,censored by HDX,Health Care,Private Health Care,Unspecified Launch Method,Unspecified Explosive,Foreign Forces: Military,Israeli Defence Forces,Health Infrastructure
2024-04-10,,Lebanon,LBN,South Governorate,33.3,35.0,censored by HDX,Health Care,Private Health Care,Unspecified Launch Method,Unspecified Explosive,Foreign Forces: Military,Israeli Defence Forces,Private/Voluntary Aid
2024-04-09,,Lebanon,LBN,Nabatieh Governorate,33.2,35.3,censored by HDX,Health Care,Other,Unspecified Launch Method,Unspecified Explosive,Foreign Forces: Military,Israeli Defence Forces,Health Infrastructure
2024-04-07,,Lebanon,LBN,Mount Lebanon Governorate,33.8,35.3,censored by HDX,"Health Care, Aid Operations",Government Aid Agency,Unspecified Launch Method,Unspecified Explosive,Foreign Forces: Military,Israeli Defence Forces,Health Worker
2024-04-06,,Lebanon,LBN,Nabatieh Governorate,33.2,35.3,censored by HDX,Health Care,Other,Air-Launched: Plane,Aerial Bomb,Foreign Forces: Military,Israeli Defence Forces,Health Worker
2024-04-06,,Lebanon,LBN,Nabatieh Governorate,33.2,35.3,censored by HDX,"Health Care, Aid Operations",Government Aid Agency,Air-Launched: Plane,Aerial Bomb,Foreign Forces: Military,Israeli Defence Forces,Health Worker
2024-04-03,,Lebanon,LBN,Nabatieh Governorate,33.2,35.3,censored by HDX,Health Care,Other,Unspecified Launch Method,Unspecified Explosive,Foreign Forces: Military,Israeli Defence Forces,Health Worker
2024-03-28,,Lebanon,LBN,Nabatieh Governorate,33.2,35.3,censored by HDX,Health Care,Local Health Care Provider,Unspecified Launch Method,Unspecified Explosive,Foreign Forces: Military,Israeli Defence Forces,Health Infrastructure
2024-03-27,,Lebanon,LBN,Nabatieh Governorate,33.2,35.3,censored by HDX,Health Care,Other,Unspecified Launch Method,Unspecified Explosive,Foreign Forces: Military,Israeli Defence Forces,Health Infrastructure
2024-03-27,,Lebanon,LBN,South Governorate,33.3,35.0,censored by HDX,Health Care,Private Health Care,Unspecified Launch Method,Unspecified Explosive,Foreign Forces: Military,Israeli Defence Forces,Private/Voluntary Aid
2024-03-27,,Lebanon,LBN,Nabatieh Governorate,33.2,35.3,censored by HDX,Health Care,Private Health Care,Unspecified Launch Method,Unspecified Explosive,Foreign Forces: Military,Israeli Defence Forces,Health Infrastructure
2024-03-27,,Lebanon,LBN,South Governorate,33.3,35.0,censored by HDX,Health Care,Other,Air-Launched: Plane,Aerial Bomb,Foreign Forces: Military,Israeli Defence Forces,Health Worker
2024-03-27,,Lebanon,LBN,Nabatieh Governorate,33.2,35.3,censored by HDX,Health Care,Local Health Care Provider,Air-Launched: Plane,Aerial Bomb,Foreign Forces: Military,Israeli Defence Forces,Health Infrastructure
2024-03-26,,Lebanon,LBN,South Governorate,33.3,35.0,censored by HDX,Health Care,Local Health Care Provider,Air-Launched: Plane,Aerial Bomb,Foreign Forces: Military,Israeli Defence Forces,Health Worker
2024-03-26,,Lebanon,LBN,South Governorate,33.3,35.0,censored by HDX,Health Care,Local Health Care Provider,Air-Launched: Plane,Aerial Bomb,Foreign Forces: Military,Israeli Defence Forces,Multiple
2024-03-26,,Syria,SYR,Deir ez-Zor Governorate,35.3,40.1,(2) 25 km Precision ,Aid Operations,UN Agency,Air-Launched: Plane,Aerial Bomb,Foreign Forces: Military,Israeli Defence Forces,Aid Infrastructure
2024-03-23,,Lebanon,LBN,Nabatieh Governorate,33.2,35.3,censored by HDX,Health Care,Local Health Care Provider,Air-Launched: Plane,Aerial Bomb,Foreign Forces: Military,Israeli Defence Forces,Other
2024-03-11,,Lebanon,LBN,Baalbek-Hermel Governorate,34.1,35.9,censored by HDX,Health Care,Local Health Care Provider,Air-Launched: Plane,Aerial Bomb,Foreign Forces: Military,Israeli Defence Forces,Health Infrastructure
2024-03-10,,Lebanon,LBN,Nabatieh Governorate,33.2,35.3,censored by HDX,Health Care,Private Health Care,Unspecified Launch Method,Unspecified Explosive,Foreign Forces: Military,Israeli Defence Forces,Health Infrastructure
2024-03-10,,Lebanon,LBN,South Governorate,33.3,35.0,censored by HDX,Health Care,Private Health Care,Unspecified Launch Method,Unspecified Explosive,Foreign Forces: Military,Israeli Defence Forces,Health Infrastructure
2024-03-04,,Lebanon,LBN,Nabatieh Governorate,33.2,35.3,censored by HDX,Health Care,Private Health Care,Unspecified Launch Method,Unspecified Explosive,Foreign Forces: Military,Israeli Defence Forces,Health Infrastructure
2024-03-04,,Lebanon,LBN,Nabatieh Governorate,33.2,35.3,censored by HDX,Health Care,Local Health Care Provider,Air-Launched: Plane,Aerial Bomb,Foreign Forces: Military,Israeli Defence Forces,Health Infrastructure
2024-03-03,,Lebanon,LBN,Nabatieh Governorate,33.2,35.3,censored by HDX,Health Care,Local Health Care Provider,Air-Launched: Plane,Aerial Bomb,Foreign Forces: Military,Israeli Defence Forces,Health Infrastructure
2024-02-28,,Lebanon,LBN,Nabatieh Governorate,33.2,35.3,censored by HDX,Health Care,Local Health Care Provider,Air-Launched: Drone,Missile,Foreign Forces: Military,Israeli Defence Forces,Health Infrastructure
2024-02-27,,Lebanon,LBN,South Governorate,33.3,35.0,censored by HDX,Health Care,Private Health Care,Unspecified Launch Method,Unspecified Explosive,Foreign Forces: Military,Israeli Defence Forces,Health Infrastructure
2024-02-26,,Lebanon,LBN,Nabatieh Governorate,33.2,35.3,censored by HDX,Health Care,Local Health Care Provider,Air-Launched: Plane,Aerial Bomb,Foreign Forces: Military,Israeli Defence Forces,Health Infrastructure
2024-02-23,,Lebanon,LBN,Nabatieh Governorate,33.2,35.3,censored by HDX,"Health Care, Aid Operations",Government Aid Agency,Air-Launched: Plane,Aerial Bomb,Foreign Forces: Military,Israeli Defence Forces,Multiple
2024-02-23,,Lebanon,LBN,South Governorate,33.3,35.0,censored by HDX,Health Care,Private Health Care,Unspecified Launch Method,Unspecified Explosive,Foreign Forces: Military,Israeli Defence Forces,Private/Voluntary Aid
2024-02-22,,Lebanon,LBN,Nabatieh Governorate,33.2,35.3,censored by HDX,Health Care,Local Health Care Provider,Air-Launched: Plane,Aerial Bomb,Foreign Forces: Military,Israeli Defence Forces,Health Worker
2024-02-19,,Lebanon,LBN,South Governorate,33.3,35.0,censored by HDX,Protection,IDP/Refugee Service,Air-Launched: No Information on Platform Type,Aerial Bomb,Foreign Forces: Military,Israeli Defence Forces,Protection Infrastructure
2024-02-14,,Lebanon,LBN,Nabatieh Governorate,33.2,35.3,censored by HDX,"Health Care, Aid Operations",National Red Cross Society,Unspecified Launch Method,Unspecified Explosive,Foreign Forces: Military,Israeli Defence Forces,Health Worker
2024-02-10,,Lebanon,LBN,South Governorate,33.3,35.0,censored by HDX,Health Care,Private Health Care,Unspecified Launch Method,Unspecified Explosive,Foreign Forces: Military,Israeli Defence Forces,Health Infrastructure
2024-02-10,,Lebanon,LBN,South Governorate,33.3,35.0,censored by HDX,Health Care,Other,Unspecified Launch Method,Unspecified Explosive,Foreign Forces: Military,Israeli Defence Forces,Health Infrastructure
2024-02-10,,Lebanon,LBN,Nabatieh Governorate,33.2,35.3,censored by HDX,Health Care,Other,Unspecified Launch Method,Unspecified Explosive,Foreign Forces: Military,Israeli Defence Forces,Health Infrastructure
2024-02-07,,Syria,SYR,Homs Governorate,34.7,36.7,"(3) District, Communicipality or Commune ",Health Care,Local Health Care Provider,Air-Launched: Plane,Aerial Bomb,Foreign Forces: Military,Israeli Defence Forces,Health Worker
2024-02-06,,Lebanon,LBN,Nabatieh Governorate,33.2,35.3,censored by HDX,Health Care,Other,Unspecified Launch Method,Unspecified Explosive,Foreign Forces: Military,Israeli Defence Forces,Health Infrastructure
2024-02-05,,Lebanon,LBN,Nabatieh Governorate,33.2,35.3,censored by HDX,Health Care,Other,Unspecified Launch Method,Unspecified Explosive,Foreign Forces: Military,Israeli Defence Forces,Health Infrastructure
2024-02-05,,Lebanon,LBN,South Governorate,33.3,35.0,censored by HDX,Health Care,Local Health Care Provider,Air-Launched: Plane,Aerial Bomb,Foreign Forces: Military,Israeli Defence Forces,Health Infrastructure
2024-02-05,,Lebanon,LBN,South Governorate,33.3,35.0,censored by HDX,Health Care,Other,Unspecified Launch Method,Unspecified Explosive,Foreign Forces: Military,Israeli Defence Forces,Health Infrastructure
2024-02-05,,Lebanon,LBN,South Governorate,33.3,35.0,censored by HDX,Health Care,Other,Air-Launched: Plane,Aerial Bomb,Foreign Forces: Military,Israeli Defence Forces,Health Infrastructure
2024-02-01,,Lebanon,LBN,Nabatieh Governorate,33.2,35.3,censored by HDX,Health Care,Local Health Care Provider,Air-Launched: Plane,Aerial Bomb,Foreign Forces: Military,Israeli Defence Forces,Health Infrastructure
2024-01-31,,Lebanon,LBN,Nabatieh Governorate,33.2,35.3,censored by HDX,Health Care,Local Health Care Provider,Air-Launched: Drone,Aerial Bomb,Foreign Forces: Military,Israeli Defence Forces,Health Infrastructure
2024-01-31,,Lebanon,LBN,South Governorate,33.3,35.0,censored by HDX,Health Care,Other,Unspecified Launch Method,Unspecified Explosive,Foreign Forces: Military,Israeli Defence Forces,Health Worker
2024-01-22,,Lebanon,LBN,Nabatieh Governorate,33.2,35.3,censored by HDX,Education,Local Education Provider,Air-Launched: Plane,Aerial Bomb,Foreign Forces: Military,Israeli Defence Forces,Education Infrastructure
2024-01-21,,Lebanon,LBN,Nabatieh Governorate,33.2,35.3,censored by HDX,Health Care,Private Health Care,Unspecified Launch Method,Unspecified Explosive,Foreign Forces: Military,Israeli Defence Forces,Health Infrastructure
2024-01-21,,Lebanon,LBN,Nabatieh Governorate,33.2,35.3,censored by HDX,"Health Care, Aid Operations","Government Aid Agency, Private Health Care",Air-Launched: Plane,Aerial Bomb,Foreign Forces: Military,Israeli Defence Forces,Multiple
2024-01-12,,Lebanon,LBN,Nabatieh Governorate,33.2,35.3,censored by HDX,Health Care,Local Health Care Provider,Unspecified Launch Method,Unspecified Explosive,Foreign Forces: Military,Israeli Defence Forces,Health Worker
2024-01-11,,Lebanon,LBN,Nabatieh Governorate,33.2,35.3,censored by HDX,Health Care,Private Health Care,Air-Launched: Plane,Aerial Bomb,Foreign Forces: Military,Israeli Defence Forces,Private/Voluntary Aid
2024-01-11,,Lebanon,LBN,Nabatieh Governorate,33.2,35.3,censored by HDX,Health Care,Local Health Care Provider,Ground-Launched,Artillery,Foreign Forces: Military,Israeli Defence Forces,Health Infrastructure
2024-01-09,,Lebanon,LBN,Nabatieh Governorate,33.2,35.3,censored by HDX,Health Care,Local Health Care Provider,Air-Launched: Drone,Missile,Foreign Forces: Military,Israeli Defence Forces,Health Infrastructure
2024-01-01,,Lebanon,LBN,Nabatieh Governorate,33.2,35.3,censored by HDX,Health Care,Local Health Care Provider,Ground-Launched,Shelling,Foreign Forces: Military,Israeli Defence Forces,Health Infrastructure
2023-12-25,,Lebanon,LBN,South Governorate,33.3,35.0,censored by HDX,Education,Local Education Provider,Ground-Launched,Missile,Foreign Forces: Military,Israeli Defence Forces,Education Infrastructure
2023-12-24,,Lebanon,LBN,Baalbek-Hermel Governorate,34.1,35.9,censored by HDX,Education,Local Education Provider,Air-Launched: Drone,Aerial Bomb,Foreign Forces: Military,Israeli Defence Forces,Education Infrastructure
2023-12-12,,Lebanon,LBN,Nabatieh Governorate,33.2,35.3,censored by HDX,Education,Local Education Provider,Ground-Launched,Missile,Foreign Forces: Military,Israeli Defence Forces,Education Infrastructure
2023-12-11,,Lebanon,LBN,South Governorate,33.3,35.0,censored by HDX,Health Care,Private Health Care,Unspecified Launch Method,Unspecified Explosive,Foreign Forces: Military,Israeli Defence Forces,Health Infrastructure
2023-12-10,,Lebanon,LBN,South Governorate,33.3,35.0,censored by HDX,Health Care,Other,Unspecified Launch Method,Unspecified Explosive,Foreign Forces: Military,Israeli Defence Forces,Health Infrastructure
2023-12-10,,Lebanon,LBN,Nabatieh Governorate,33.2,35.3,censored by HDX,Health Care,Other,Unspecified Launch Method,Unspecified Explosive,Foreign Forces: Military,Israeli Defence Forces,Health Worker
2023-12-08,,Lebanon,LBN,Nabatieh Governorate,33.2,35.3,censored by HDX,Health Care,Local Health Care Provider,Ground-Launched,Artillery,Foreign Forces: Military,Israeli Defence Forces,Health Infrastructure
2023-12-07,,Lebanon,LBN,South Governorate,33.3,35.0,censored by HDX,Health Care,Local Health Care Provider,Air-Launched: Drone,Aerial Bomb,Foreign Forces: Military,Israeli Defence Forces,Health Worker
2023-11-24,,Lebanon,LBN,Nabatieh Governorate,33.2,35.3,censored by HDX,"Health Care, Aid Operations",Government Aid Agency,Unspecified Launch Method,Unspecified Explosive,Foreign Forces: Military,Israeli Defence Forces,Health Worker
2023-11-15,,Lebanon,LBN,Nabatieh Governorate,33.2,35.3,censored by HDX,Health Care,Other,Unspecified Launch Method,Unspecified Explosive,Foreign Forces: Military,Israeli Defence Forces,Health Worker
2023-11-14,,Lebanon,LBN,Nabatieh Governorate,33.2,35.3,censored by HDX,Education,Local Education Provider,Ground-Launched,Artillery,Foreign Forces: Military,Israeli Defence Forces,Education Infrastructure
2023-11-10,,Lebanon,LBN,Nabatieh Governorate,33.2,35.3,censored by HDX,Health Care,Local Health Care Provider,Ground-Launched,Shelling,Foreign Forces: Military,Israeli Defence Forces,Health Infrastructure
2023-11-05,,Lebanon,LBN,South Governorate,33.3,35.0,censored by HDX,Health Care,Other,Unspecified Launch Method,Unspecified Explosive,Foreign Forces: Military,Israeli Defence Forces,Health Worker
2023-11-05,,Lebanon,LBN,South Governorate,33.3,35.0,censored by HDX,Health Care,Other,Unspecified Launch Method,Unspecified Explosive,Foreign Forces: Military,Israeli Defence Forces,Health Worker
2023-11-05,,Lebanon,LBN,South Governorate,33.3,35.0,censored by HDX,Health Care,Local Health Care Provider,Air-Launched: Drone,Aerial Bomb,Foreign Forces: Military,Israeli Defence Forces,Health Infrastructure
2023-11-05,,Lebanon,LBN,South Governorate,33.3,35.0,censored by HDX,Health Care,Other,Unspecified Launch Method,Unspecified Explosive,Foreign Forces: Military,Israeli Defence Forces,Health Worker
2023-10-24,,Lebanon,LBN,Nabatieh Governorate,33.2,35.3,censored by HDX,Health Care,Local Health Care Provider,Ground-Launched,Artillery,Foreign Forces: Military,Israeli Defence Forces,Health Infrastructure
2023-10-18,,Lebanon,LBN,Nabatieh Governorate,33.2,35.3,censored by HDX,Health Care,Local Health Care Provider,Ground-Launched,Artillery,Foreign Forces: Military,Israeli Defence Forces,Health Infrastructure
2023-10-07,,Israel,ISR,South District,31.4,34.4,(2) 25 km Precision ,"Health Care, Aid Operations",LNGO,Ground-Launched,Shelling,Other,Israeli Defence Forces,Health Worker