Date,Event Description,Country,Country ISO,Admin 1,Latitude,Longitude,Geo Precision,Sector Affected,Provider,Launch Type,Explosive Weapon Type,Reported Perpetrator,Reported Perpetrator Name,Affected
2025-07-05,,OPT,PSE,Gaza Strip,,,censored,"Aid Operations, Food Security",INGO,Directly-Emplaced,Hand Grenade,NSA,Unidentified Armed Actor,Food Infrastructure
2025-06-24,,Ukraine,UKR,Dnipropetrovsk Oblast,48.4,35.0,(2) 25 km Precision ,Education,Local Education Provider,Ground-Launched,Missile,Foreign Forces: Military,Armed Forces of the Russian Federation,Education Infrastructure
2025-06-24,,Ukraine,UKR,Dnipropetrovsk Oblast,48.4,35.0,(2) 25 km Precision ,Education,Local Education Provider,Ground-Launched,Missile,Foreign Forces: Military,Armed Forces of the Russian Federation,Education Infrastructure
2025-06-24,,Ukraine,UKR,Dnipropetrovsk Oblast,48.4,35.0,(2) 25 km Precision ,Education,Local Education Provider,Ground-Launched,Missile,Foreign Forces: Military,Armed Forces of the Russian Federation,Education Infrastructure
2025-06-24,,Sudan,SDN,West Kurdufan State,11.0,27.7,(2) 25 km Precision ,Health Care,Local Health Care Provider,"Air-Launched: Plane, Ground-Launched","Aerial Bomb, Artillery",Multiple,"Rapid Support Forces, Sudanese Armed Forces",Health Infrastructure
2025-06-24,,Ukraine,UKR,Dnipropetrovsk Oblast,48.4,35.0,(2) 25 km Precision ,Health Care,Local Health Care Provider,Ground-Launched,Missile,Foreign Forces: Military,Armed Forces of the Russian Federation,Health Infrastructure
2025-06-24,,Ukraine,UKR,Dnipropetrovsk Oblast,48.4,35.0,(2) 25 km Precision ,Health Care,Local Health Care Provider,Ground-Launched,Missile,Foreign Forces: Military,Armed Forces of the Russian Federation,Health Infrastructure
2025-06-24,,Ukraine,UKR,Dnipropetrovsk Oblast,48.4,35.0,(2) 25 km Precision ,Health Care,Local Health Care Provider,Ground-Launched,Missile,Foreign Forces: Military,Armed Forces of the Russian Federation,Health Infrastructure
2025-06-24,,Ukraine,UKR,Dnipropetrovsk Oblast,48.4,35.0,(2) 25 km Precision ,Health Care,Local Health Care Provider,Ground-Launched,Missile,Foreign Forces: Military,Armed Forces of the Russian Federation,Health Infrastructure
2025-06-24,,Ukraine,UKR,Dnipropetrovsk Oblast,48.4,35.0,(2) 25 km Precision ,Health Care,Local Health Care Provider,Ground-Launched,Missile,Foreign Forces: Military,Armed Forces of the Russian Federation,Health Infrastructure
2025-06-24,,Ukraine,UKR,Dnipropetrovsk Oblast,48.4,35.0,(2) 25 km Precision ,Health Care,Local Health Care Provider,Ground-Launched,Missile,Foreign Forces: Military,Armed Forces of the Russian Federation,Health Infrastructure
2025-06-24,,Ukraine,UKR,Dnipropetrovsk Oblast,48.4,35.0,(2) 25 km Precision ,Health Care,Local Health Care Provider,Ground-Launched,Missile,Foreign Forces: Military,Armed Forces of the Russian Federation,Health Infrastructure
2025-06-24,,Ukraine,UKR,Dnipropetrovsk Oblast,48.4,35.0,(2) 25 km Precision ,Health Care,Local Health Care Provider,Ground-Launched,Missile,Foreign Forces: Military,Armed Forces of the Russian Federation,Health Infrastructure
2025-06-24,,Ukraine,UKR,Dnipropetrovsk Oblast,48.4,35.0,(2) 25 km Precision ,Education,Local Education Provider,Ground-Launched,Missile,Foreign Forces: Military,Armed Forces of the Russian Federation,Education Infrastructure
2025-06-24,,Ukraine,UKR,Dnipropetrovsk Oblast,48.4,35.0,(2) 25 km Precision ,Education,Local Education Provider,Ground-Launched,Missile,Foreign Forces: Military,Armed Forces of the Russian Federation,Education Infrastructure
2025-06-24,,Ukraine,UKR,Dnipropetrovsk Oblast,48.4,35.0,(2) 25 km Precision ,Education,Local Education Provider,Ground-Launched,Missile,Foreign Forces: Military,Armed Forces of the Russian Federation,Education Infrastructure
2025-06-24,,Ukraine,UKR,Dnipropetrovsk Oblast,48.4,35.0,(2) 25 km Precision ,Education,Local Education Provider,Ground-Launched,Missile,Foreign Forces: Military,Armed Forces of the Russian Federation,Education Infrastructure
2025-06-24,,Ukraine,UKR,Dnipropetrovsk Oblast,48.4,35.0,(2) 25 km Precision ,Education,Local Education Provider,Ground-Launched,Missile,Foreign Forces: Military,Armed Forces of the Russian Federation,Education Infrastructure
2025-06-24,,Ukraine,UKR,Dnipropetrovsk Oblast,48.4,35.0,(2) 25 km Precision ,Education,Local Education Provider,Ground-Launched,Missile,Foreign Forces: Military,Armed Forces of the Russian Federation,Education Infrastructure
2025-06-24,,Ukraine,UKR,Dnipropetrovsk Oblast,48.4,35.0,(2) 25 km Precision ,Education,Local Education Provider,Ground-Launched,Missile,Foreign Forces: Military,Armed Forces of the Russian Federation,Education Infrastructure
2025-06-24,,Ukraine,UKR,Dnipropetrovsk Oblast,48.4,35.0,(2) 25 km Precision ,Education,Local Education Provider,Ground-Launched,Missile,Foreign Forces: Military,Armed Forces of the Russian Federation,Education Infrastructure
2025-06-24,,Ukraine,UKR,Dnipropetrovsk Oblast,48.4,35.0,(2) 25 km Precision ,Education,Local Education Provider,Ground-Launched,Missile,Foreign Forces: Military,Armed Forces of the Russian Federation,Education Infrastructure
2025-06-24,,Ukraine,UKR,Dnipropetrovsk Oblast,48.4,35.0,(2) 25 km Precision ,Education,Local Education Provider,Ground-Launched,Missile,Foreign Forces: Military,Armed Forces of the Russian Federation,Education Infrastructure
2025-06-24,,Ukraine,UKR,Dnipropetrovsk Oblast,48.4,35.0,(2) 25 km Precision ,Education,Local Education Provider,Ground-Launched,Missile,Foreign Forces: Military,Armed Forces of the Russian Federation,Education Infrastructure
2025-06-24,,Ukraine,UKR,Dnipropetrovsk Oblast,48.4,35.0,(2) 25 km Precision ,Education,Local Education Provider,Ground-Launched,Missile,Foreign Forces: Military,Armed Forces of the Russian Federation,Education Infrastructure
2025-06-24,,Ukraine,UKR,Dnipropetrovsk Oblast,48.4,35.0,(2) 25 km Precision ,Education,Local Education Provider,Ground-Launched,Missile,Foreign Forces: Military,Armed Forces of the Russian Federation,Education Infrastructure
2025-06-24,,Ukraine,UKR,Dnipropetrovsk Oblast,48.4,35.0,(2) 25 km Precision ,Education,Local Education Provider,Ground-Launched,Missile,Foreign Forces: Military,Armed Forces of the Russian Federation,Education Infrastructure
2025-06-24,,Ukraine,UKR,Dnipropetrovsk Oblast,48.4,35.0,(2) 25 km Precision ,Education,Local Education Provider,Ground-Launched,Missile,Foreign Forces: Military,Armed Forces of the Russian Federation,Education Infrastructure
2025-06-24,,Ukraine,UKR,Dnipropetrovsk Oblast,48.4,35.0,(2) 25 km Precision ,Education,Local Education Provider,Ground-Launched,Missile,Foreign Forces: Military,Armed Forces of the Russian Federation,Education Infrastructure
2025-06-24,,Ukraine,UKR,Dnipropetrovsk Oblast,48.4,35.0,(2) 25 km Precision ,Education,Local Education Provider,Ground-Launched,Missile,Foreign Forces: Military,Armed Forces of the Russian Federation,Education Infrastructure
2025-06-24,,Ukraine,UKR,Dnipropetrovsk Oblast,48.4,35.0,(2) 25 km Precision ,Education,Local Education Provider,Ground-Launched,Missile,Foreign Forces: Military,Armed Forces of the Russian Federation,Education Infrastructure
2025-06-24,,Ukraine,UKR,Dnipropetrovsk Oblast,48.4,35.0,(2) 25 km Precision ,Education,Local Education Provider,Ground-Launched,Missile,Foreign Forces: Military,Armed Forces of the Russian Federation,Education Infrastructure
2025-06-24,,Ukraine,UKR,Dnipropetrovsk Oblast,48.4,35.0,(2) 25 km Precision ,Education,Local Education Provider,Ground-Launched,Missile,Foreign Forces: Military,Armed Forces of the Russian Federation,Education Infrastructure
2025-06-24,,Ukraine,UKR,Dnipropetrovsk Oblast,48.4,35.0,(2) 25 km Precision ,Education,Local Education Provider,Ground-Launched,Missile,Foreign Forces: Military,Armed Forces of the Russian Federation,Education Infrastructure
2025-06-24,,Ukraine,UKR,Dnipropetrovsk Oblast,48.4,35.0,(2) 25 km Precision ,Education,Local Education Provider,Ground-Launched,Missile,Foreign Forces: Military,Armed Forces of the Russian Federation,Education Infrastructure
2025-06-24,,Ukraine,UKR,Dnipropetrovsk Oblast,48.4,35.0,(2) 25 km Precision ,Education,Local Education Provider,Ground-Launched,Missile,Foreign Forces: Military,Armed Forces of the Russian Federation,Education Infrastructure
2025-06-24,,Ukraine,UKR,Dnipropetrovsk Oblast,48.4,35.0,(2) 25 km Precision ,Education,Local Education Provider,Ground-Launched,Missile,Foreign Forces: Military,Armed Forces of the Russian Federation,Education Infrastructure
2025-06-24,,Ukraine,UKR,Dnipropetrovsk Oblast,48.4,35.0,(2) 25 km Precision ,Education,Local Education Provider,Ground-Launched,Missile,Foreign Forces: Military,Armed Forces of the Russian Federation,Education Infrastructure
2025-06-24,,Ukraine,UKR,Dnipropetrovsk Oblast,48.4,35.0,(2) 25 km Precision ,Education,Local Education Provider,Ground-Launched,Missile,Foreign Forces: Military,Armed Forces of the Russian Federation,Education Infrastructure
2025-06-24,,Ukraine,UKR,Dnipropetrovsk Oblast,48.4,35.0,(2) 25 km Precision ,Education,Local Education Provider,Ground-Launched,Missile,Foreign Forces: Military,Armed Forces of the Russian Federation,Education Infrastructure
2025-06-24,,Ukraine,UKR,Dnipropetrovsk Oblast,48.4,35.0,(2) 25 km Precision ,Education,Local Education Provider,Ground-Launched,Missile,Foreign Forces: Military,Armed Forces of the Russian Federation,Education Infrastructure
2025-06-23,,Iran,IRN,No Information,32.6,54.5,(6) Country,"Health Care, Aid Operations",National Red Cross Society,Air-Launched: Plane,Aerial Bomb,Foreign Forces: Military,Israeli Defence Forces,Health Worker
2025-06-23,,Iran,IRN,Tehran Province,35.7,51.4,(2) 25 km Precision ,Health Care,Local Health Care Provider,Air-Launched: Plane,Aerial Bomb,Foreign Forces: Military,Israeli Defence Forces,Health Infrastructure
2025-06-23,,Iran,IRN,Tehran Province,35.7,51.3,(2) 25 km Precision ,Health Care,Local Health Care Provider,Air-Launched: Plane,Aerial Bomb,Foreign Forces: Military,Israeli Defence Forces,Health Infrastructure
2025-06-23,,Ukraine,UKR,Kyiv Oblast,49.6,30.1,"(3) District, Communicipality or Commune ",Health Care,Private Health Care,Ground-Launched,Shelling,Foreign Forces: Military,Armed Forces of the Russian Federation,Health Infrastructure
2025-06-23,,Iran,IRN,Tehran Province,35.6,51.3,(2) 25 km Precision ,"Health Care, Aid Operations",National Red Cross Society,Air-Launched: Plane,Aerial Bomb,Foreign Forces: Military,Israeli Defence Forces,Aid Infrastructure
2025-06-23,,Iran,IRN,Tehran Province,35.7,51.4,(2) 25 km Precision ,Health Care,Local Health Care Provider,Air-Launched: Plane,Aerial Bomb,Foreign Forces: Military,Israeli Defence Forces,Health Infrastructure
2025-06-22,,Iran,IRN,Isfahan Province,32.6,51.3,(2) 25 km Precision ,Health Care,Local Health Care Provider,Air-Launched: Drone,Aerial Bomb,Foreign Forces: Military,Israeli Defence Forces,Health Infrastructure
2025-06-22,,Ukraine,UKR,Donetsk Oblast,48.5,37.4,(2) 25 km Precision ,Health Care,Local Health Care Provider,Air-Launched: Drone,Aerial Bomb,Foreign Forces: Military,Armed Forces of the Russian Federation,Health Infrastructure
2025-06-22,,Ukraine,UKR,Odesa Oblast,46.1,30.3,(2) 25 km Precision ,Health Care,Local Health Care Provider,Air-Launched: Drone,Aerial Bomb,Foreign Forces: Military,Armed Forces of the Russian Federation,Multiple
2025-06-21,,Iran,IRN,Khuzestan Province,31.4,48.0,(2) 25 km Precision ,Health Care,Local Health Care Provider,Air-Launched: Plane,Aerial Bomb,Foreign Forces: Military,Israeli Defence Forces,Health Infrastructure
2025-06-21,,Ukraine,UKR,Donetsk Oblast,48.8,37.6,(2) 25 km Precision ,Health Care,Local Health Care Provider,Air-Launched: Plane,Aerial Bomb,Foreign Forces: Military,Armed Forces of the Russian Federation,Health Infrastructure
2025-06-21,,Iran,IRN,Lorestan Province,33.4,48.3,(2) 25 km Precision ,"Health Care, Aid Operations",NGO,Air-Launched: Drone,Aerial Bomb,Foreign Forces: Military,Israeli Defence Forces,Health Worker
2025-06-20,,Iran,IRN,Kurdistan Province,34.7,46.9,(2) 25 km Precision ,Health Care,Local Health Care Provider,Air-Launched: Plane,Aerial Bomb,Foreign Forces: Military,Israeli Defence Forces,Health Infrastructure
2025-06-20,,Iran,IRN,Tehran Province,35.6,51.3,(2) 25 km Precision ,Health Care,Local Health Care Provider,Air-Launched: Drone,Aerial Bomb,Foreign Forces: Military,Israeli Defence Forces,Health Infrastructure
2025-06-19,,Sudan,SDN,East Darfur State,11.4,26.1,(2) 25 km Precision ,Food Security,None,Directly-Emplaced,Hand Grenade,Vigilante,Rapid Support Forces,Other
2025-06-19,,Lebanon,LBN,Nabatieh Governorate,33.2,35.3,censored by HDX,Food Security,None,Directly-Emplaced,Hand Grenade,Foreign Forces: Military,Israeli Defence Forces,Other
2025-06-19,,Israel,ISR,South District,31.2,34.8,(2) 25 km Precision ,Health Care,Local Health Care Provider,Unspecified Launch Method,Missile,Foreign Forces: Military,Islamic Republic of Iran Armed Forces,Health Infrastructure
2025-06-18,,Ukraine,UKR,Kherson Raion,46.6,32.6,(2) 25 km Precision ,Health Care,Local Health Care Provider,Air-Launched: Drone,Aerial Bomb,Other,Armed Forces of Ukraine,Health Infrastructure
2025-06-18,,Ukraine,UKR,Kherson Oblast,46.6,32.4,(2) 25 km Precision ,Health Care,Local Health Care Provider,Ground-Launched,Artillery,Foreign Forces: Military,Armed Forces of the Russian Federation,Multiple
2025-06-18,,Syria,SYR,Hama Governorate,35.3,37.7,(2) 25 km Precision ,Food Security,None,Directly-Emplaced,Mine,NSA,Unidentified Armed Actor,Other
2025-06-18,,Syria,SYR,Homs Governorate,34.6,37.2,(2) 25 km Precision ,Food Security,None,Directly-Emplaced,Mine,NSA,Unidentified Armed Actor,Other
2025-06-18,,Myanmar,MMR,Mandalay,21.6,95.5,(2) 25 km Precision ,Food Security,None,Air-Launched: Plane,Aerial Bomb,Other,Myanmar Armed Forces,Other
2025-06-17,,Iran,IRN,Tehran Province,35.7,51.4,(2) 25 km Precision ,"Health Care, Aid Operations",National Red Cross Society,Air-Launched: Plane,Aerial Bomb,Foreign Forces: Military,Israeli Defence Forces,Aid Infrastructure
2025-06-17,,Ukraine,UKR,Odesa Oblast,46.4,30.7,(2) 25 km Precision ,Education,Local Education Provider,Air-Launched: Drone,Aerial Bomb,Foreign Forces: Military,Armed Forces of the Russian Federation,Education Infrastructure
2025-06-17,,Ukraine,UKR,Odesa Oblast,46.4,30.7,(2) 25 km Precision ,Education,Local Education Provider,Air-Launched: Drone,Aerial Bomb,Foreign Forces: Military,Armed Forces of the Russian Federation,Education Infrastructure
2025-06-17,,Ukraine,UKR,Odesa Oblast,46.4,30.7,(2) 25 km Precision ,Health Care,Local Health Care Provider,Air-Launched: Drone,Aerial Bomb,Foreign Forces: Military,Armed Forces of the Russian Federation,Health Infrastructure
2025-06-17,,Lebanon,LBN,South Governorate,33.3,35,censored by HDX,Food Security,None,Directly-Emplaced,Hand Grenade,Foreign Forces: Military,Israeli Defence Forces,Other
2025-06-17,,Ukraine,UKR,Odesa Oblast,46.4,30.7,(2) 25 km Precision ,Health Care,Local Health Care Provider,Air-Launched: Drone,Aerial Bomb,Foreign Forces: Military,Armed Forces of the Russian Federation,Health Infrastructure
2025-06-17,,Israel,ISR,No Information,30.8,34.8,(6) Country,"Health Care, Aid Operations",National Red Cross Society,Unspecified Launch Method,Rocket,NSA,Unidentified Armed Actor,Health Worker
2025-06-17,,Iran,IRN,Tehran Province,35.7,51.4,(2) 25 km Precision ,Health Care,Local Health Care Provider,Air-Launched: Plane,Aerial Bomb,Foreign Forces: Military,Israeli Defence Forces,Other
2025-06-17,,Iran,IRN,Tehran Province,35.7,51.4,(2) 25 km Precision ,Health Care,Local Health Care Provider,Air-Launched: Plane,Aerial Bomb,Foreign Forces: Military,Israeli Defence Forces,Health Infrastructure
2025-06-17,,Iran,IRN,Tehran Province,35.7,51.4,(2) 25 km Precision ,Health Care,Local Health Care Provider,Air-Launched: Plane,Aerial Bomb,Foreign Forces: Military,Israeli Defence Forces,Health Infrastructure
2025-06-17,,Iran,IRN,Tehran Province,35.7,51.4,(2) 25 km Precision ,Health Care,Local Health Care Provider,Air-Launched: Plane,Aerial Bomb,Foreign Forces: Military,Israeli Defence Forces,Health Infrastructure
2025-06-16,,Iran,IRN,Tehran Province,35.4,51.4,"(4) Province, State, Governorate ","Health Care, Aid Operations",National Red Cross Society,Air-Launched: Plane,Aerial Bomb,Foreign Forces: Military,Israeli Defence Forces,Health Infrastructure
2025-06-16,,Somalia,SOM,Lower Shabelle,2.0,44.8,(2) 25 km Precision ,Food Security,None,Directly-Emplaced,Unspecified IED,NSA,Al-Shabaab,Other
2025-06-16,,Iran,IRN,Tehran Province,35.7,51.5,(2) 25 km Precision ,"Health Care, Aid Operations",National Red Cross Society,Air-Launched: Plane,Aerial Bomb,Foreign Forces: Military,Israeli Defence Forces,Health Worker
2025-06-15,,Iran,IRN,Tehran Province,35.8,51.4,(2) 25 km Precision ,Health Care,Local Health Care Provider,Air-Launched: Plane,Aerial Bomb,Foreign Forces: Military,Israeli Defence Forces,Health Infrastructure
2025-06-15,,Mali,MLI,Mopti,14.8,-4.2,(2) 25 km Precision ,Food Security,None,Air-Launched: Plane,Aerial Bomb,Other,Mali Armed Forces,Other
2025-06-15,,Myanmar,MMR,Magway,21.6,94.8,(2) 25 km Precision ,Food Security,None,Air-Launched: Plane,Aerial Bomb,Other,Myanmar Armed Forces,Other
2025-06-15,,Myanmar,MMR,Magway,21.6,94.8,(2) 25 km Precision ,Food Security,None,Air-Launched: Plane,Aerial Bomb,Other,Myanmar Armed Forces,Other
2025-06-15,,Myanmar,MMR,Rakhine,19.3,93.5,(2) 25 km Precision ,Health Care,Local Health Care Provider,Ground-Launched,Artillery,NSA,Arakan Army,Health Infrastructure
2025-06-15,,Iran,IRN,Kermanshah Province,34.3,47.0,(2) 25 km Precision ,Health Care,Local Health Care Provider,Air-Launched: Plane,Aerial Bomb,Foreign Forces: Military,Israeli Defence Forces,Health Infrastructure
2025-06-14,,Myanmar,MMR,Sagaing Region,21.9,95.0,(2) 25 km Precision ,Food Security,None,Air-Launched: Plane,Aerial Bomb,Other,Myanmar Armed Forces,Other
2025-06-14,,Iran,IRN,Hamadan Province,34.7,48.1,(2) 25 km Precision ,"Health Care, Aid Operations",National Red Cross Society,Air-Launched: Drone,Aerial Bomb,Foreign Forces: Military,Israeli Defence Forces,Health Worker
2025-06-14,,Iran,IRN,West Azerbaijan Province,37.5,45.0,(2) 25 km Precision ,"Health Care, Aid Operations",National Red Cross Society,Air-Launched: Plane,Aerial Bomb,Foreign Forces: Military,Israeli Defence Forces,Health Infrastructure
2025-06-13,,Iran,IRN,Tehran Province,35.7,51.3,(2) 25 km Precision ,Health Care,Local Health Care Provider,Air-Launched: Plane,Aerial Bomb,Foreign Forces: Military,Israeli Defence Forces,Health Worker
2025-06-13,,Ukraine,UKR,Chernihiv Oblast,52.3,33.2,(2) 25 km Precision ,Education,Local Education Provider,Unspecified Launch Method,Unspecified Explosive,Foreign Forces: Military,Armed Forces of the Russian Federation,Education Infrastructure
2025-06-13,,Ukraine,UKR,Chernihiv Oblast,52.3,33.2,(2) 25 km Precision ,Education,Local Education Provider,Unspecified Launch Method,Unspecified Explosive,Foreign Forces: Military,Armed Forces of the Russian Federation,Education Infrastructure
2025-06-13,,Ukraine,UKR,Chernihiv Oblast,52.3,33.2,(2) 25 km Precision ,Health Care,Local Health Care Provider,Unspecified Launch Method,Unspecified Explosive,Foreign Forces: Military,Armed Forces of the Russian Federation,Health Infrastructure
2025-06-13,,Iran,IRN,Tehran Province,35.6,51.3,(2) 25 km Precision ,Health Care,Local Health Care Provider,Air-Launched: Drone,Aerial Bomb,Foreign Forces: Military,Israeli Defence Forces,Health Infrastructure
2025-06-13,,Iran,IRN,Kermanshah Province,34.5,45.5,(2) 25 km Precision ,Health Care,Local Health Care Provider,Air-Launched: Plane,Aerial Bomb,Foreign Forces: Military,Israeli Defence Forces,Health Worker
2025-06-13,,Iran,IRN,Tehran Province,35.6,51.3,(2) 25 km Precision ,Health Care,Local Health Care Provider,Air-Launched: Plane,Aerial Bomb,Foreign Forces: Military,Israeli Defence Forces,Health Worker
2025-06-13,,Lebanon,LBN,South Governorate,33.3,35,censored by HDX,Food Security,None,Directly-Emplaced,Hand Grenade,Foreign Forces: Military,Israeli Defence Forces,Other
2025-06-13,,Iran,IRN,East Azerbaijan Province,38.0,46.2,(2) 25 km Precision ,"Health Care, Aid Operations",National Red Cross Society,Air-Launched: Plane,Aerial Bomb,Foreign Forces: Military,Israeli Defence Forces,Health Infrastructure
2025-06-13,,Iran,IRN,Tehran Province,35.6,51.3,(2) 25 km Precision ,"Education, Health Care","Local Education Provider, Local Health Care Provider",Air-Launched: Plane,Aerial Bomb,Foreign Forces: Military,Israeli Defence Forces,Health Worker
2025-06-13,,Israel,ISR,Tel-Aviv District,32.0,34.8,"(3) District, Communicipality or Commune ","Health Care, Aid Operations",National Red Cross Society,Unspecified Launch Method,Rocket,NSA,Unidentified Armed Actor,Health Infrastructure
2025-06-12,,Lebanon,LBN,Nabatieh Governorate,33.2,35.3,censored by HDX,Food Security,None,Unspecified Launch Method,Unspecified Explosive,Foreign Forces: Military,Israeli Defence Forces,Other
2025-06-12,,Lebanon,LBN,South Governorate,33.3,35,censored by HDX,Food Security,None,Directly-Emplaced,Hand Grenade,Foreign Forces: Military,Israeli Defence Forces,Other
2025-06-12,,Ukraine,UKR,Donetsk Oblast,48.5,37.6,(2) 25 km Precision ,Health Care,Local Health Care Provider,Air-Launched: Drone,Aerial Bomb,Foreign Forces: Military,Armed Forces of the Russian Federation,Health Infrastructure
2025-06-12,,Ukraine,UKR,Kharkiv Oblast,50.0,35.3,"(3) District, Communicipality or Commune ",Health Care,Local Health Care Provider,Unspecified Launch Method,Unspecified Explosive,Foreign Forces: Military,Armed Forces of the Russian Federation,Health Infrastructure
2025-06-12,,Ukraine,UKR,Donetsk Oblast,48.5,37.6,(2) 25 km Precision ,Health Care,Local Health Care Provider,Air-Launched: Drone,Aerial Bomb,Foreign Forces: Military,Armed Forces of the Russian Federation,Health Infrastructure
2025-06-12,,Myanmar,MMR,Magway,21.4,94.7,(2) 25 km Precision ,Food Security,None,Ground-Launched,Artillery,Other,Myanmar Armed Forces,Other
2025-06-11,,Lebanon,LBN,Nabatieh Governorate,33.2,35.3,censored by HDX,Food Security,None,Directly-Emplaced,Hand Grenade,Foreign Forces: Military,Israeli Defence Forces,Other
2025-06-11,,Ukraine,UKR,Kharkiv Oblast,49.7,37.6,(2) 25 km Precision ,Health Care,Local Health Care Provider,Air-Launched: Plane,Aerial Bomb,Foreign Forces: Military,Armed Forces of the Russian Federation,Health Infrastructure
2025-06-11,,Ukraine,UKR,Kharkiv Oblast,49.7,37.6,(2) 25 km Precision ,Education,Local Education Provider,Air-Launched: Plane,Aerial Bomb,Foreign Forces: Military,Armed Forces of the Russian Federation,Education Infrastructure
2025-06-11,,Lebanon,LBN,Nabatieh Governorate,33.2,35.3,censored by HDX,Food Security,None,Directly-Emplaced,Hand Grenade,Foreign Forces: Military,Israeli Defence Forces,Other
2025-06-11,,Ukraine,UKR,Chernihiv Oblast,52.1,32.5,(2) 25 km Precision ,Health Care,Local Health Care Provider,Air-Launched: Drone,Aerial Bomb,Foreign Forces: Military,Armed Forces of the Russian Federation,Health Infrastructure
2025-06-11,,Somalia,SOM,Lower Shabelle,2.1,45.0,(2) 25 km Precision ,Food Security,None,Directly-Emplaced,Unspecified IED,NSA,Al-Shabaab,Other
2025-06-10,,Ukraine,UKR,Odesa Oblast,46.4,30.7,(2) 25 km Precision ,Health Care,Local Health Care Provider,Air-Launched: Drone,Aerial Bomb,Foreign Forces: Military,Armed Forces of the Russian Federation,Multiple
2025-06-10,,Ukraine,UKR,Odesa Oblast,46.4,30.7,(2) 25 km Precision ,Health Care,Local Health Care Provider,Air-Launched: Drone,Aerial Bomb,Foreign Forces: Military,Armed Forces of the Russian Federation,Health Infrastructure
2025-06-10,,Ukraine,UKR,Odesa Oblast,46.4,30.7,(2) 25 km Precision ,Health Care,Private Health Care,Air-Launched: Drone,Aerial Bomb,Foreign Forces: Military,Armed Forces of the Russian Federation,Health Infrastructure
2025-06-10,,Lebanon,LBN,Nabatieh Governorate,33.2,35.3,censored by HDX,Food Security,None,Air-Launched: Drone,Aerial Bomb,Foreign Forces: Military,Israeli Defence Forces,Other
2025-06-10,,Syria,SYR,Ar-Raqqa Governorate,36.6,39.2,(2) 25 km Precision ,Food Security,None,Directly-Emplaced,Mine,NSA,Unidentified Armed Actor,Other
2025-06-10,,Myanmar,MMR,Sagaing Region,21.9,94.7,(2) 25 km Precision ,Food Security,None,Air-Launched: Plane,Aerial Bomb,Other,Myanmar Armed Forces,Other
2025-06-10,,DRC,COD,North Kivu,-1.0,29.2,(2) 25 km Precision ,"Health Care, Aid Operations",INGO,"Ground-Launched, NotAnswered","Artillery, NotAnswered",NSA,"March 23 Movement, Wazalendo (DRC local militia)",Health Infrastructure
2025-06-09,,Syria,SYR,Deir ez-Zor Governorate,35.0,39.6,(2) 25 km Precision ,Food Security,None,Directly-Emplaced,Mine,NSA,Unidentified Armed Actor,Other
2025-06-09,,Myanmar,MMR,Mandalay,22.6,96.0,(2) 25 km Precision ,Health Care,Local Health Care Provider,Air-Launched: Plane,Aerial Bomb,Other,Myanmar Armed Forces,Health Infrastructure
2025-06-09,,Sudan,SDN,North Kordofan State,13.1,30.2,(2) 25 km Precision ,Food Security,None,Air-Launched: Drone,Aerial Bomb,Vigilante,Rapid Support Forces,Other
2025-06-08,,Syria,SYR,Deir ez-Zor Governorate,34.6,40.8,(2) 25 km Precision ,Food Security,None,Directly-Emplaced,Mine,NSA,Unidentified Armed Actor,Other
2025-06-08,,Ukraine,UKR,Kherson Oblast,46.6,32.6,(2) 25 km Precision ,Health Care,Local Health Care Provider,Ground-Launched,Shelling,Foreign Forces: Military,Armed Forces of the Russian Federation,Health Infrastructure
2025-06-08,,Myanmar,MMR,Kayin State,16.5,98.0,(2) 25 km Precision ,Health Care,Local Health Care Provider,Ground-Launched,Rocket,Multiple,"Karen National Liberation Army, People's Defence Force (Myanmar)",Health Worker
2025-06-07,,Lebanon,LBN,Nabatieh Governorate,33.2,35.3,censored by HDX,Food Security,None,Directly-Emplaced,Hand Grenade,Foreign Forces: Military,Israeli Defence Forces,Other
2025-06-06,,Ukraine,UKR,Chernihiv Oblast,51.4,31.2,(2) 25 km Precision ,Education,Local Education Provider,Air-Launched: Drone,Aerial Bomb,Foreign Forces: Military,Armed Forces of the Russian Federation,Education Infrastructure
2025-06-06,,Ukraine,UKR,Chernihiv Oblast,51.4,31.2,(2) 25 km Precision ,Education,Local Education Provider,Air-Launched: Drone,Aerial Bomb,Foreign Forces: Military,Armed Forces of the Russian Federation,Education Infrastructure
2025-06-06,,Ukraine,UKR,Kherson Oblast,46.6,32.6,(2) 25 km Precision ,"Health Care, Aid Operations",National Red Cross Society,Air-Launched: Drone,Aerial Bomb,Foreign Forces: Military,Armed Forces of the Russian Federation,Aid Infrastructure
2025-06-06,,Ukraine,UKR,Chernihiv Oblast,51.4,31.2,(2) 25 km Precision ,Education,Local Education Provider,Air-Launched: Drone,Aerial Bomb,Foreign Forces: Military,Armed Forces of the Russian Federation,Education Infrastructure
2025-06-06,,Ukraine,UKR,Kherson Raion,46.6,32.4,(2) 25 km Precision ,Health Care,Local Health Care Provider,Air-Launched: Drone,Aerial Bomb,Other,Armed Forces of Ukraine,Health Infrastructure
2025-06-06,,Myanmar,MMR,Sagaing Region,22.7,95.4,(2) 25 km Precision ,Health Care,Local Health Care Provider,Air-Launched: Drone,Aerial Bomb,Other,Local Defense Forces,Health Infrastructure
2025-06-06,,Ukraine,UKR,Chernihiv Oblast,51.4,31.2,(2) 25 km Precision ,Health Care,Local Health Care Provider,Air-Launched: Drone,Aerial Bomb,Foreign Forces: Military,Armed Forces of the Russian Federation,Health Infrastructure
2025-06-06,,Ukraine,UKR,Chernihiv Oblast,51.4,31.2,(2) 25 km Precision ,Education,Local Education Provider,Air-Launched: Drone,Aerial Bomb,Foreign Forces: Military,Armed Forces of the Russian Federation,Education Infrastructure
2025-06-06,,Syria,SYR,Aleppo Governorate,36.4,38.0,(2) 25 km Precision ,Food Security,None,UXO,UXO,NSA,Unidentified Armed Actor,Other
2025-06-06,,Cameroon,CMR,Far-North,12.6,14.3,(2) 25 km Precision ,Food Security,None,Air-Launched: Drone,Aerial Bomb,NSA,Islamic State West Africa Province,Other
2025-06-06,,Ukraine,UKR,Chernihiv Oblast,51.4,31.2,(2) 25 km Precision ,Education,Local Education Provider,Air-Launched: Drone,Aerial Bomb,Foreign Forces: Military,Armed Forces of the Russian Federation,Education Infrastructure
2025-06-05,,Ukraine,UKR,Kherson Oblast,46.6,32.6,(2) 25 km Precision ,Education,Local Education Provider,Air-Launched: Drone,Aerial Bomb,Foreign Forces: Military,Armed Forces of the Russian Federation,Education Infrastructure
2025-06-05,,Ukraine,UKR,Kherson Oblast,46.6,32.6,(2) 25 km Precision ,Education,Local Education Provider,Air-Launched: Drone,Aerial Bomb,Foreign Forces: Military,Armed Forces of the Russian Federation,Education Infrastructure
2025-06-05,,Mali,MLI,Kidal,21.3,0.6,(2) 25 km Precision ,Food Security,None,Air-Launched: Drone,Aerial Bomb,Other,Mali Armed Forces,Other
2025-06-05,,Ukraine,UKR,Odesa Oblast,45.8,29.7,(2) 25 km Precision ,Education,Local Education Provider,Air-Launched: Drone,Aerial Bomb,Foreign Forces: Military,Armed Forces of the Russian Federation,Education Infrastructure
2025-06-05,,Ukraine,UKR,Odesa Oblast,45.8,29.7,(2) 25 km Precision ,Education,Local Education Provider,Air-Launched: Drone,Aerial Bomb,Foreign Forces: Military,Armed Forces of the Russian Federation,Education Infrastructure
2025-06-05,,Ukraine,UKR,Odesa Oblast,45.8,29.7,(2) 25 km Precision ,Health Care,Local Health Care Provider,Air-Launched: Drone,Aerial Bomb,Foreign Forces: Military,Armed Forces of the Russian Federation,Health Infrastructure
2025-06-05,,Ukraine,UKR,Dnipropetrovsk Oblast,47.6,34.6,(2) 25 km Precision ,Health Care,Local Health Care Provider,Air-Launched: Drone,Aerial Bomb,Foreign Forces: Military,Armed Forces of the Russian Federation,Health Infrastructure
2025-06-05,,Ukraine,UKR,Kherson Oblast,46.6,32.6,(2) 25 km Precision ,Health Care,Local Health Care Provider,Air-Launched: Drone,Aerial Bomb,Foreign Forces: Military,Armed Forces of the Russian Federation,Health Infrastructure
2025-06-05,,Ukraine,UKR,Kherson Oblast,46.6,32.6,(2) 25 km Precision ,Education,Local Education Provider,Air-Launched: Drone,Aerial Bomb,Foreign Forces: Military,Armed Forces of the Russian Federation,Education Infrastructure
2025-06-04,,Sudan,SDN,Nyala,12.0,24.8,(2) 25 km Precision ,Food Security,None,Air-Launched: Plane,Aerial Bomb,Other,Sudanese Armed Forces,Other
2025-06-04,,Ukraine,UKR,Donetsk Oblast,48.3,37.2,(2) 25 km Precision ,Health Care,Local Health Care Provider,Air-Launched: Drone,Aerial Bomb,Foreign Forces: Military,Armed Forces of the Russian Federation,Health Infrastructure
2025-06-04,,Ukraine,UKR,Kherson Oblast,46.6,32.6,(2) 25 km Precision ,Health Care,Local Health Care Provider,Air-Launched: Drone,Aerial Bomb,Foreign Forces: Military,Armed Forces of the Russian Federation,Health Infrastructure
2025-06-03,,Ukraine,UKR,Dnipropetrovsk Oblast,47.8,34.6,(2) 25 km Precision ,Health Care,Local Health Care Provider,Air-Launched: Drone,Aerial Bomb,Foreign Forces: Military,Armed Forces of the Russian Federation,Health Infrastructure
2025-06-03,,Myanmar,MMR,Sagaing Region,22.0,94.9,(2) 25 km Precision ,Health Care,Local Health Care Provider,Air-Launched: Plane,Aerial Bomb,Other,Myanmar Armed Forces,Health Infrastructure
2025-06-03,,Ukraine,UKR,Sumy Oblast,50.9,34.8,(2) 25 km Precision ,Health Care,Local Health Care Provider,None,Cluster Bomb,Foreign Forces: Military,Armed Forces of the Russian Federation,Multiple
2025-06-03,,Yemen,YEM,Al Hudaydah Governorate,13.9,43.4,(2) 25 km Precision ,Food Security,None,Directly-Emplaced,Mine,Other,Yemen Armed Forces,Other
2025-06-03,,Myanmar,MMR,Sagaing Region,22.2,95.0,(2) 25 km Precision ,Food Security,None,Air-Launched: Plane,Aerial Bomb,Other,Myanmar Armed Forces,Other
2025-06-03,,Ukraine,UKR,Dnipropetrovsk Oblast,47.7,34.4,"(3) District, Communicipality or Commune ",Health Care,Local Health Care Provider,Air-Launched: Drone,Aerial Bomb,Foreign Forces: Military,Armed Forces of the Russian Federation,Health Infrastructure
2025-06-03,,Ukraine,UKR,Kherson Oblast,46.5,32.1,(2) 25 km Precision ,Health Care,Local Health Care Provider,Ground-Launched,Artillery,Foreign Forces: Military,Armed Forces of the Russian Federation,Health Infrastructure
2025-06-03,,Syria,SYR,Dar'a Governorate,32.7,35.8,(2) 25 km Precision ,Food Security,None,Ground-Launched,Artillery,Foreign Forces: Military,Israeli Defence Forces,Other
2025-06-02,,Ukraine,UKR,Kherson Oblast,46.6,32.6,(2) 25 km Precision ,Health Care,Local Health Care Provider,Air-Launched: Drone,Aerial Bomb,Other,Armed Forces of Ukraine,Health Infrastructure
2025-06-02,,Ukraine,UKR,Dnipropetrovsk Oblast,47.7,34.4,"(3) District, Communicipality or Commune ",Health Care,Local Health Care Provider,Air-Launched: Drone,Aerial Bomb,Foreign Forces: Military,Armed Forces of the Russian Federation,Health Infrastructure
2025-06-02,,Ukraine,UKR,Dnipropetrovsk Oblast,47.7,34.4,"(3) District, Communicipality or Commune ",Health Care,Local Health Care Provider,Air-Launched: Drone,Aerial Bomb,Foreign Forces: Military,Armed Forces of the Russian Federation,Health Worker
2025-06-02,,Ukraine,UKR,Sumy Oblast,51.0,34.7,(2) 25 km Precision ,Health Care,Local Health Care Provider,Air-Launched: Plane,Aerial Bomb,Foreign Forces: Military,Armed Forces of the Russian Federation,Health Infrastructure
2025-06-02,,Ukraine,UKR,Sumy Oblast,51.0,34.7,(2) 25 km Precision ,Education,Local Education Provider,Air-Launched: Plane,Aerial Bomb,Foreign Forces: Military,Armed Forces of the Russian Federation,Education Infrastructure
2025-06-02,,Ukraine,UKR,Kharkiv Oblast,49.1,37.0,"(3) District, Communicipality or Commune ",Health Care,Local Health Care Provider,Unspecified Launch Method,Unspecified Explosive,Foreign Forces: Military,Armed Forces of the Russian Federation,Health Infrastructure
2025-06-02,,Ukraine,UKR,Kharkiv Oblast,49.2,36.1,(2) 25 km Precision ,Health Care,Local Health Care Provider,Air-Launched: Drone,Aerial Bomb,Other,Armed Forces of Ukraine,Health Infrastructure
2025-06-02,,Ukraine,UKR,Kharkiv Oblast,49.1,37.0,"(3) District, Communicipality or Commune ",Education,Local Education Provider,Unspecified Launch Method,Unspecified Explosive,Foreign Forces: Military,Armed Forces of the Russian Federation,Education Infrastructure
2025-06-01,,Yemen,YEM,Sa'dah Governorate,16.7,43.3,(2) 25 km Precision ,Food Security,None,Ground-Launched,Artillery,NSA,Unidentified Armed Actor,Other
2025-05-31,,Sudan,SDN,Nyala,12.0,24.8,(2) 25 km Precision ,Health Care,Local Health Care Provider,Air-Launched: Plane,Aerial Bomb,Other,Sudanese Armed Forces,Health Infrastructure
2025-05-31,,Ukraine,UKR,Kherson Oblast,46.6,32.6,(2) 25 km Precision ,Health Care,Local Health Care Provider,Ground-Launched,Shelling,Foreign Forces: Military,Armed Forces of the Russian Federation,Health Infrastructure
2025-05-31,,Ukraine,UKR,Kherson Oblast,46.6,32.6,(2) 25 km Precision ,Education,Local Education Provider,Ground-Launched,Shelling,Foreign Forces: Military,Armed Forces of the Russian Federation,Education Infrastructure
2025-05-30,,Sudan,SDN,North Kordofan State,13.1,30.2,(2) 25 km Precision ,Health Care,Local Health Care Provider,Air-Launched: Drone,Aerial Bomb,Vigilante,Rapid Support Forces,Health Infrastructure
2025-05-30,,Chechnya,RUS,Central Federal District,51.7,36.1,(2) 25 km Precision ,Health Care,Local Health Care Provider,Air-Launched: Drone,Aerial Bomb,Foreign Forces: Military,Armed Forces of Ukraine,Health Infrastructure
2025-05-30,,Ukraine,UKR,Donetsk Oblast,48.4,37.1,(2) 25 km Precision ,Education,Local Education Provider,Air-Launched: Plane,Aerial Bomb,Foreign Forces: Military,Armed Forces of the Russian Federation,Education Infrastructure
2025-05-30,,Ukraine,UKR,Donetsk Oblast,48.4,37.2,"(3) District, Communicipality or Commune ",Education,Local Education Provider,Unspecified Launch Method,Unspecified Explosive,Foreign Forces: Military,Armed Forces of the Russian Federation,Education Infrastructure
2025-05-30,,Ukraine,UKR,Donetsk Oblast,48.5,37.3,(2) 25 km Precision ,Education,Local Education Provider,Ground-Launched,Shelling,Foreign Forces: Military,Armed Forces of the Russian Federation,Education Infrastructure
2025-05-30,,Ukraine,UKR,Chernihiv Oblast,52.1,32.5,(2) 25 km Precision ,Education,Local Education Provider,Air-Launched: Drone,Aerial Bomb,Foreign Forces: Military,Armed Forces of the Russian Federation,Education Infrastructure
2025-05-29,,Ukraine,UKR,Donetsk Oblast,48.5,37.6,(2) 25 km Precision ,Education,Local Education Provider,Air-Launched: Drone,Aerial Bomb,Foreign Forces: Military,Armed Forces of the Russian Federation,Education Infrastructure
2025-05-29,,Syria,SYR,As-Suweida Governorate,32.8,36.4,(5) Linear Feature e.g. Along Road/River ,Health Care,Local Health Care Provider,Directly-Emplaced,Unspecified IED,NSA,Unidentified Armed Actor,Health Infrastructure
2025-05-29,,Ukraine,UKR,Sumy Oblast,50.8,34.9,(2) 25 km Precision ,Education,Local Education Provider,Air-Launched: Plane,Aerial Bomb,Foreign Forces: Military,Armed Forces of the Russian Federation,Education Infrastructure
2025-05-29,,Ukraine,UKR,Donetsk Oblast,48.5,37.6,(2) 25 km Precision ,Health Care,Local Health Care Provider,Air-Launched: Drone,Aerial Bomb,Foreign Forces: Military,Armed Forces of the Russian Federation,Health Infrastructure
2025-05-28,,Sudan,SDN,South Darfur State,12.0,24.8,(2) 25 km Precision ,Food Security,None,Air-Launched: Plane,Aerial Bomb,Other,Sudanese Armed Forces,Other
2025-05-28,,Ukraine,UKR,Sumy Oblast,51.1,34.7,(2) 25 km Precision ,"Health Care, Aid Operations",National Red Cross Society,Directly-Emplaced,Mine,Foreign Forces: Military,Armed Forces of the Russian Federation,Aid Infrastructure
2025-05-28,,Ukraine,UKR,Kherson Oblast,46.6,32.4,(2) 25 km Precision ,Health Care,Local Health Care Provider,Ground-Launched,Artillery,Foreign Forces: Military,Armed Forces of the Russian Federation,Multiple
2025-05-28,,Ukraine,UKR,Donetsk Oblast,48.5,37.6,(2) 25 km Precision ,Health Care,Local Health Care Provider,Ground-Launched,Rocket,Foreign Forces: Military,Armed Forces of the Russian Federation,Health Infrastructure
2025-05-28,,Ukraine,UKR,Kharkiv Oblast,49.8,37.6,"(3) District, Communicipality or Commune ",Education,Local Education Provider,Air-Launched: Drone,Aerial Bomb,Foreign Forces: Military,Armed Forces of the Russian Federation,Education Infrastructure
2025-05-28,,Myanmar,MMR,Kayin State,16.5,98.1,"(3) District, Communicipality or Commune ",Education,Local Education Provider,Air-Launched: Plane,Aerial Bomb,Other,Myanmar Armed Forces,Education Infrastructure
2025-05-27,,Ukraine,UKR,Dnipropetrovsk Oblast,47.5,34.3,(2) 25 km Precision ,Health Care,Local Health Care Provider,Air-Launched: Drone,Aerial Bomb,Foreign Forces: Military,Armed Forces of the Russian Federation,Health Infrastructure
2025-05-27,,Sudan,SDN,South Darfur State,12.0,24.8,(2) 25 km Precision ,Food Security,None,Air-Launched: Plane,Aerial Bomb,Other,Sudanese Armed Forces,Other
2025-05-27,,Syria,SYR,Idleb Governorate,35.9,36.3,(2) 25 km Precision ,Food Security,None,UXO,UXO,NSA,Unidentified Armed Actor,Other
2025-05-26,,Ukraine,UKR,Chernihiv Oblast,51.8,32.9,"(3) District, Communicipality or Commune ",Education,Local Education Provider,Air-Launched: Drone,Aerial Bomb,Foreign Forces: Military,Armed Forces of the Russian Federation,Education Infrastructure
2025-05-26,,Yemen,YEM,Ta'izz Governorate,13.8,43.6,(2) 25 km Precision ,Food Security,None,Ground-Launched,Shelling,Other,Yemen Armed Forces,Other
2025-05-26,,Mali,MLI,Mopti,32.0,35.2,(2) 25 km Precision ,Food Security,None,Air-Launched: Drone,Aerial Bomb,Other,Mali Armed Forces,Other
2025-05-25,,Ukraine,UKR,Kherson Raion,46.5,32.1,(2) 25 km Precision ,Education,Local Education Provider,Air-Launched: Drone,Aerial Bomb,Foreign Forces: Military,Armed Forces of the Russian Federation,Education Infrastructure
2025-05-25,,Somalia,SOM,Bay,3.2,43.1,(2) 25 km Precision ,Food Security,None,Directly-Emplaced,Unspecified IED,No Information,Unidentified Armed Actor,Other
2025-05-25,,Ukraine,UKR,Chernihiv Oblast,51.4,31.2,(2) 25 km Precision ,Education,Local Education Provider,Air-Launched: Drone,Aerial Bomb,Foreign Forces: Military,Armed Forces of the Russian Federation,Education Infrastructure
2025-05-25,,Somalia,SOM,Hiiraan,4.0,46.3,(2) 25 km Precision ,Food Security,None,Directly-Emplaced,Unspecified IED,NSA,Al-Shabaab,Other
2025-05-25,,Ukraine,UKR,Chernihiv Oblast,51.4,31.2,(2) 25 km Precision ,Health Care,Local Health Care Provider,Air-Launched: Drone,Aerial Bomb,Foreign Forces: Military,Armed Forces of the Russian Federation,Health Infrastructure
2025-05-25,,Syria,SYR,Deir ez-Zor Governorate,34.7,40.6,(2) 25 km Precision ,Food Security,None,Directly-Emplaced,Mine,NSA,Unidentified Armed Actor,Other
2025-05-25,,Ukraine,UKR,Donetsk Oblast,48.5,37.6,(2) 25 km Precision ,Health Care,Local Health Care Provider,Air-Launched: Drone,Aerial Bomb,Foreign Forces: Military,Armed Forces of the Russian Federation,Health Infrastructure
2025-05-24,,Ukraine,UKR,Obolonskyi district,50.5,30.5,(2) 25 km Precision ,Education,Local Education Provider,Unspecified Launch Method,Unspecified Explosive,Foreign Forces: Military,Armed Forces of the Russian Federation,Education Infrastructure
2025-05-24,,Ukraine,UKR,Dniprovskyi district,50.4,30.5,(2) 25 km Precision ,Education,Local Education Provider,Unspecified Launch Method,Unspecified Explosive,Foreign Forces: Military,Armed Forces of the Russian Federation,Education Infrastructure
2025-05-24,,Ukraine,UKR,Podilskyi district,50.4,30.4,(2) 25 km Precision ,Health Care,Local Health Care Provider,Unspecified Launch Method,Unspecified Explosive,Foreign Forces: Military,Armed Forces of the Russian Federation,Health Infrastructure
2025-05-24,,Syria,SYR,As-Suweida Governorate,32.7,36.7,(2) 25 km Precision ,Food Security,None,Directly-Emplaced,Mine,NSA,Unidentified Armed Actor,Other
2025-05-24,,Syria,SYR,Deir ez-Zor Governorate,34.8,40.6,(2) 25 km Precision ,Food Security,None,UXO,UXO,NSA,Unidentified Armed Actor,Other
2025-05-24,,Syria,SYR,Homs Governorate,35.1,38.8,(2) 25 km Precision ,Food Security,None,Air-Launched: Plane,Aerial Bomb,Other,International Coalition Forces in Syria,Other
2025-05-23,,Ukraine,UKR,Kherson Raion,46.6,32.4,(2) 25 km Precision ,Health Care,Local Health Care Provider,Ground-Launched,Artillery,Other,Armed Forces of Ukraine,Health Worker
2025-05-23,,Ukraine,UKR,Poltava Oblast,49.5,34.5,"(3) District, Communicipality or Commune ",Health Care,Local Health Care Provider,"Air-Launched: Drone, Unspecified Launch Method","Aerial Bomb, Unspecified Explosive",Foreign Forces: Military,"Armed Forces of the Russian Federation, Armed Forces of Ukraine",Health Infrastructure
2025-05-23,,OPT,PSE,Gaza Strip,,,censored,"Health Care, Aid Operations","Local Health Care Provider, NGO","Air-Launched: Plane, NotAnswered","Aerial Bomb, NotAnswered",Multiple,Unidentified Armed Actor,Multiple
2025-05-22,,Lebanon,LBN,South Governorate,33.3,35,censored by HDX,Food Security,None,Directly-Emplaced,Hand Grenade,Foreign Forces: Military,Israeli Defence Forces,Other
2025-05-22,,Myanmar,MMR,Magway,20.2,94.7,"(3) District, Communicipality or Commune ",Health Care,Local Health Care Provider,Air-Launched: Plane,Aerial Bomb,Other,Myanmar Armed Forces,Health Infrastructure
2025-05-22,,Ukraine,UKR,Donetsk Oblast,48.5,37.6,(2) 25 km Precision ,Health Care,Local Health Care Provider,Air-Launched: Drone,Aerial Bomb,Other,Armed Forces of Ukraine,Health Infrastructure
2025-05-22,,Ukraine,UKR,Donetsk Oblast,48.5,37.6,(2) 25 km Precision ,Education,Local Education Provider,Air-Launched: Drone,Aerial Bomb,Other,Armed Forces of Ukraine,Education Infrastructure
2025-05-22,,Ukraine,UKR,Shevchenkivskyi district,50.4,30.5,(2) 25 km Precision ,Education,Local Education Provider,"Air-Launched: Drone, Unspecified Launch Method","Aerial Bomb, Unspecified Explosive",Foreign Forces: Military,"Armed Forces of the Russian Federation, Armed Forces of Ukraine",Education Infrastructure
2025-05-22,,Syria,SYR,Hama Governorate,35.3,36.8,(2) 25 km Precision ,Aid Operations,LNGO,Directly-Emplaced,Unspecified IED,NSA,Unidentified Armed Actor,Other
2025-05-21,,OPT,PSE,West Bank,,,censored,Protection,IDP/Refugee Service,"Directly-Emplaced, NotAnswered","NotAnswered, RoadIED",Multiple,Unidentified Armed Actor,Protection Infrastructure
2025-05-21,,Syria,SYR,Al-Quneitra Governorate,33.1,35.9,(2) 25 km Precision ,Food Security,None,Directly-Emplaced,Mine,NSA,Unidentified Armed Actor,Other
2025-05-20,,Ukraine,UKR,Kharkiv Oblast,49.9,36.2,(2) 25 km Precision ,Health Care,Local Health Care Provider,Air-Launched: Drone,Aerial Bomb,Other,Armed Forces of Ukraine,Health Infrastructure
2025-05-20,,Ukraine,UKR,Sumy Oblast,51.8,33.4,(2) 25 km Precision ,Health Care,Local Health Care Provider,Ground-Launched,Missile,Foreign Forces: Military,Armed Forces of the Russian Federation,Other
2025-05-20,,OPT,PSE,West Bank,,,censored,Protection,IDP/Refugee Service,"NotAnswered, Unspecified Launch Method","NotAnswered, Unspecified Explosive",Multiple,Unidentified Armed Actor,Protection Infrastructure
2025-05-20,,Syria,SYR,Al-Quneitra Governorate,33.1,35.9,(2) 25 km Precision ,Food Security,None,Directly-Emplaced,Mine,NSA,Unidentified Armed Actor,Other
2025-05-20,,Syria,SYR,Aleppo Governorate,36.7,38.0,(2) 25 km Precision ,Food Security,None,Ground-Launched,Artillery,Foreign Forces: Military,Armed Forces of Turkey,Other
2025-05-20,,Lebanon,LBN,South Governorate,33.3,35,censored by HDX,Food Security,None,Directly-Emplaced,Hand Grenade,Foreign Forces: Military,Israeli Defence Forces,Other
2025-05-19,,Sudan,SDN,Kassala State,15.4,36.3,"(3) District, Communicipality or Commune ",Health Care,Local Health Care Provider,Air-Launched: Drone,Aerial Bomb,Vigilante,Rapid Support Forces,Health Infrastructure
2025-05-19,,Sudan,SDN,South Darfur State,12.0,24.8,(2) 25 km Precision ,Food Security,None,Directly-Emplaced,Hand Grenade,Vigilante,Rapid Support Forces,Other
2025-05-19,,Sudan,SDN,Red Sea State,19.6,37.2,"(3) District, Communicipality or Commune ",Health Care,Local Health Care Provider,Air-Launched: Drone,Aerial Bomb,Vigilante,Rapid Support Forces,Health Infrastructure
2025-05-19,,Myanmar,MMR,Shan State,19.7,97.0,(2) 25 km Precision ,Food Security,None,Ground-Launched,Shelling,Other,Myanmar Armed Forces,Other
2025-05-19,,Somalia,SOM,Banaadir,2.0,45.2,(2) 25 km Precision ,Food Security,None,Unspecified Launch Method,Rocket,NSA,Al-Shabaab,Other
2025-05-18,,Ukraine,UKR,Donetsk Oblast,48.0,37.7,(2) 25 km Precision ,Health Care,Local Health Care Provider,Air-Launched: Drone,Aerial Bomb,Other,Armed Forces of Ukraine,Health Infrastructure
2025-05-18,,Myanmar,MMR,Magway,21.3,94.8,(2) 25 km Precision ,Health Care,Local Health Care Provider,Air-Launched: Plane,Aerial Bomb,Other,Myanmar Armed Forces,Health Infrastructure
2025-05-18,,Syria,SYR,Rif Dimashq Governorate,33.6,36.6,(2) 25 km Precision ,Food Security,None,Directly-Emplaced,Mine,NSA,Unidentified Armed Actor,Other
2025-05-18,,Ukraine,UKR,Kyiv Oblast,50.1,29.9,"(3) District, Communicipality or Commune ",Health Care,Local Health Care Provider,Air-Launched: Drone,Aerial Bomb,Foreign Forces: Military,Armed Forces of the Russian Federation,Health Infrastructure
2025-05-18,,Ukraine,UKR,Donetsk Oblast,48.0,37.7,(2) 25 km Precision ,Health Care,Local Health Care Provider,Air-Launched: Drone,Aerial Bomb,Other,Armed Forces of Ukraine,Health Infrastructure
2025-05-17,,Ukraine,UKR,Donetsk Oblast,48.5,37.6,(2) 25 km Precision ,Health Care,Local Health Care Provider,Air-Launched: Drone,Aerial Bomb,Foreign Forces: Military,Armed Forces of the Russian Federation,Health Infrastructure
2025-05-17,,Syria,SYR,Deir ez-Zor Governorate,35.6,39.8,(2) 25 km Precision ,Food Security,None,Directly-Emplaced,Mine,NSA,Unidentified Armed Actor,Other
2025-05-17,,Lebanon,LBN,Nabatieh Governorate,33.2,35.3,censored by HDX,Health Care,Local Health Care Provider,Air-Launched: Plane,Aerial Bomb,Foreign Forces: Military,Israeli Defence Forces,Other
2025-05-17,,DRC,COD,North Kivu,0.7,29.5,(2) 25 km Precision ,Food Security,None,Unspecified Launch Method,Unspecified Explosive,Other,Forces Armées de la République Démocratique du Congo,Other
2025-05-16,,Yemen,YEM,Al Hudaydah Governorate,15.3,42.6,(2) 25 km Precision ,Food Security,None,Air-Launched: Plane,Aerial Bomb,Foreign Forces: Military,Israeli Defence Forces,Other
2025-05-16,,Yemen,YEM,Al Hudaydah Governorate,14.8,42.9,(2) 25 km Precision ,Food Security,None,Air-Launched: Plane,Aerial Bomb,Foreign Forces: Military,Israeli Defence Forces,Other
2025-05-16,,Ukraine,UKR,Dnipropetrovsk Oblast,47.5,34.3,(2) 25 km Precision ,Health Care,Local Health Care Provider,Ground-Launched,Missile,Foreign Forces: Military,Armed Forces of the Russian Federation,Health Infrastructure
2025-05-15,,Myanmar,MMR,Tanintharyi Region,12.9,98.7,(2) 25 km Precision ,Health Care,Local Health Care Provider,Air-Launched: Plane,Aerial Bomb,Other,Myanmar Armed Forces,Health Infrastructure
2025-05-15,,Syria,SYR,As-Suweida Governorate,32.7,36.4,(2) 25 km Precision ,Food Security,None,Ground-Launched,Mortar,NSA,Unidentified Armed Actor,Other
2025-05-15,,Sudan,SDN,North Kordofan State,13.1,30.2,"(3) District, Communicipality or Commune ",Health Care,Local Health Care Provider,Air-Launched: Drone,Aerial Bomb,Vigilante,Rapid Support Forces,Health Infrastructure
2025-05-15,,Sudan,SDN,North Darfur State,13.6,25.3,"(3) District, Communicipality or Commune ","Health Care, Aid Operations, Food Security","Local Health Care Provider, UN Agency",Ground-Launched,Artillery,Vigilante,Rapid Support Forces,Multiple
2025-05-14,,Myanmar,MMR,Kayin State,16.5,98.2,(2) 25 km Precision ,Food Security,None,Air-Launched: Plane,Aerial Bomb,Other,Myanmar Armed Forces,Other
2025-05-14,,Sudan,SDN,North Darfur State,13.6,25.3,"(3) District, Communicipality or Commune ","Aid Operations, Food Security",LNGO,Ground-Launched,Artillery,Vigilante,Rapid Support Forces,Multiple
2025-05-14,,Ukraine,UKR,Dnipropetrovsk Oblast,48.2,35.9,(2) 25 km Precision ,Health Care,Local Health Care Provider,Unspecified Launch Method,Unspecified Explosive,Foreign Forces: Military,Armed Forces of the Russian Federation,Health Worker
2025-05-14,,Myanmar,MMR,Sagaing Region,22.5,95.6,(2) 25 km Precision ,Food Security,None,Ground-Launched,Artillery,Other,Myanmar Armed Forces,Other
2025-05-14,,Ukraine,UKR,Beryslav Raion,46.8,33.4,(2) 25 km Precision ,Aid Operations,NGO,Air-Launched: Drone,Aerial Bomb,Foreign Forces: Military,Armed Forces of the Russian Federation,Aid Infrastructure
2025-05-14,,Ukraine,UKR,Kharkiv Oblast,50.3,36.1,(2) 25 km Precision ,Health Care,Local Health Care Provider,Air-Launched: Drone,Aerial Bomb,Foreign Forces: Military,Armed Forces of the Russian Federation,Health Infrastructure
2025-05-14,,Ukraine,UKR,Kharkiv Oblast,49.7,37.6,(2) 25 km Precision ,Health Care,Local Health Care Provider,Air-Launched: Plane,Aerial Bomb,Foreign Forces: Military,Armed Forces of the Russian Federation,Other
2025-05-14,,Myanmar,MMR,Shan State,19.7,96.8,(2) 25 km Precision ,Food Security,None,Air-Launched: Plane,Aerial Bomb,Other,Myanmar Armed Forces,Other
2025-05-14,,Sudan,SDN,Al Khartum,15.6,32.4,(2) 25 km Precision ,"Health Care, Aid Operations",INGO,Air-Launched: Drone,Aerial Bomb,Vigilante,Rapid Support Forces,Other
2025-05-14,,Syria,SYR,Deir ez-Zor Governorate,34.4,40.9,(2) 25 km Precision ,Food Security,None,Directly-Emplaced,Mine,NSA,Unidentified Armed Actor,Other
2025-05-13,,Ukraine,UKR,Mykolaiv Oblast,46.6,31.9,(2) 25 km Precision ,Health Care,Local Health Care Provider,Air-Launched: Drone,Aerial Bomb,Foreign Forces: Military,Armed Forces of the Russian Federation,Health Infrastructure
2025-05-13,,Myanmar,MMR,Shan State,22.3,96.7,(2) 25 km Precision ,Food Security,None,Air-Launched: Plane,Aerial Bomb,Other,Myanmar Armed Forces,Other
2025-05-13,,Myanmar,MMR,Sagaing Region,22.3,95.7,(2) 25 km Precision ,Food Security,None,Air-Launched: Plane,Aerial Bomb,Other,Myanmar Armed Forces,Other
2025-05-13,,Sudan,SDN,Al Khartum,15.6,32.3,(2) 25 km Precision ,Food Security,None,Air-Launched: Drone,Aerial Bomb,Other,Sudanese Armed Forces,Other
2025-05-13,,Chechnya,RUS,Northwestern Federal District,57.0,28.4,(2) 25 km Precision ,Health Care,Local Health Care Provider,Air-Launched: Drone,Aerial Bomb,Foreign Forces: Military,Armed Forces of Ukraine,Health Infrastructure
2025-05-13,,Ukraine,UKR,Donetsk Oblast,48.5,37.2,(2) 25 km Precision ,Health Care,Local Health Care Provider,Air-Launched: Drone,Aerial Bomb,Foreign Forces: Military,Armed Forces of the Russian Federation,Health Infrastructure
2025-05-12,,Myanmar,MMR,Sagaing Region,22.6,95.2,(2) 25 km Precision ,Education,Local Education Provider,Air-Launched: Plane,Aerial Bomb,Other,Myanmar Armed Forces,Education Infrastructure
2025-05-12,,Myanmar,MMR,Sagaing Region,24.4,96.1,(2) 25 km Precision ,Education,Local Education Provider,Air-Launched: Plane,Aerial Bomb,Other,Myanmar Armed Forces,Education Infrastructure
2025-05-12,,Myanmar,MMR,Sagaing Region,21.9,95.2,(2) 25 km Precision ,Food Security,None,Air-Launched: Plane,Aerial Bomb,Other,Myanmar Armed Forces,Other
2025-05-12,,Ukraine,UKR,Sumy Oblast,50.9,34.2,(2) 25 km Precision ,Health Care,Local Health Care Provider,None,Cluster Bomb,Foreign Forces: Military,Armed Forces of the Russian Federation,Health Infrastructure
2025-05-12,,Ukraine,UKR,Sumy Oblast,50.9,34.2,(2) 25 km Precision ,Education,Local Education Provider,None,Cluster Bomb,Foreign Forces: Military,Armed Forces of the Russian Federation,Education Infrastructure
2025-05-11,,Myanmar,MMR,Sagaing Region,22.3,95.6,(2) 25 km Precision ,Education,Local Education Provider,Air-Launched: Plane,Aerial Bomb,Other,Myanmar Armed Forces,Education Infrastructure
2025-05-10,,Myanmar,MMR,Sagaing Region,22.3,95.7,(2) 25 km Precision ,Education,Local Education Provider,Air-Launched: Plane,Aerial Bomb,Other,Myanmar Armed Forces,Teacher/Student
2025-05-10,,South Sudan,SSD,Jonglei,9.4,31.1,(2) 25 km Precision ,"Health Care, Aid Operations",INGO,Air-Launched: No Information on Platform Type,Aerial Bomb,Other,South Sudan People's Defence Force,Health Infrastructure
2025-05-10,,Myanmar,MMR,Sagaing Region,22.3,95.7,(2) 25 km Precision ,Food Security,None,Air-Launched: Plane,Aerial Bomb,Other,Myanmar Armed Forces,Other
2025-05-10,,Ukraine,UKR,No Information,49.4,31.2,(6) Country,Health Care,Local Health Care Provider,Unspecified Launch Method,Unspecified Explosive,Foreign Forces: Military,Armed Forces of the Russian Federation,Health Worker
2025-05-10,,India,IND,Jammu and Kashmir,33.6,75.1,"(3) District, Communicipality or Commune ",Health Care,Local Health Care Provider,Ground-Launched,Missile,Foreign Forces: Military,Pakistan Armed Forces,Health Infrastructure
2025-05-10,,India,IND,Jammu and Kashmir,33.6,75.1,"(3) District, Communicipality or Commune ",Education,Local Education Provider,Ground-Launched,Missile,Foreign Forces: Military,Pakistan Armed Forces,Education Infrastructure
2025-05-10,,Myanmar,MMR,Mandalay,22.6,96.0,(2) 25 km Precision ,Health Care,Private Health Care,Air-Launched: Plane,Aerial Bomb,Other,Myanmar Armed Forces,Health Infrastructure
2025-05-10,,South Sudan,SSD,Jonglei,9.0,30.8,(2) 25 km Precision ,"Aid Operations, Food Security",NGO,Air-Launched: Plane,Aerial Bomb,No Information,Unidentified Armed Actor,Other
2025-05-09,,Myanmar,MMR,Mandalay,21.5,95.7,(2) 25 km Precision ,Food Security,None,Air-Launched: Plane,Aerial Bomb,Other,Myanmar Armed Forces,Other
2025-05-09,,Syria,SYR,Homs Governorate,34.5,38.2,(2) 25 km Precision ,Food Security,None,Directly-Emplaced,Mine,NSA,Unidentified Armed Actor,Other
2025-05-09,,Ukraine,UKR,Donetsk Oblast,48.3,37.5,(2) 25 km Precision ,Health Care,Local Health Care Provider,Unspecified Launch Method,Unspecified Explosive,Foreign Forces: Military,Armed Forces of the Russian Federation,Health Worker
2025-05-08,,Syria,SYR,Idleb Governorate,35.6,36.6,(2) 25 km Precision ,Food Security,None,Directly-Emplaced,Mine,NSA,Unidentified Armed Actor,Other
2025-05-08,,Syria,SYR,Aleppo Governorate,36.4,37.0,(2) 25 km Precision ,Food Security,None,Directly-Emplaced,Mine,NSA,Unidentified Armed Actor,Other
2025-05-08,,Lebanon,LBN,Nabatieh Governorate,33.2,35.3,censored by HDX,"Education, Health Care","Local Education Provider, Local Health Care Provider",Air-Launched: Plane,Aerial Bomb,Foreign Forces: Military,Israeli Defence Forces,Other
2025-05-08,,Ukraine,UKR,Chernihiv Oblast,51.9,31.8,(2) 25 km Precision ,Education,Local Education Provider,Air-Launched: Plane,Aerial Bomb,Foreign Forces: Military,Armed Forces of the Russian Federation,Education Infrastructure
2025-05-08,,Ukraine,UKR,Kharkiv Oblast,49.8,37.6,"(3) District, Communicipality or Commune ",Health Care,Local Health Care Provider,Unspecified Launch Method,Unspecified Explosive,Foreign Forces: Military,Armed Forces of the Russian Federation,Health Infrastructure
2025-05-08,,Ukraine,UKR,Kharkiv Oblast,49.8,37.6,"(3) District, Communicipality or Commune ",Education,Local Education Provider,Unspecified Launch Method,Unspecified Explosive,Foreign Forces: Military,Armed Forces of the Russian Federation,Education Infrastructure
2025-05-08,,Ukraine,UKR,Sumy Oblast,51.1,34.4,(2) 25 km Precision ,Education,Local Education Provider,Air-Launched: Plane,Aerial Bomb,Foreign Forces: Military,Armed Forces of the Russian Federation,Education Infrastructure
2025-05-07,,Burkina Faso,BFA,Central-East,11.4,0.1,"(4) Province, State, Governorate ",Education,Local Education Provider,Directly-Emplaced,Unspecified IED,NSA,Jama'at Nasr al-Islam wal Muslimin,Education Infrastructure
2025-05-07,,Pakistan,PAK,Punjab,31.8,74.2,(2) 25 km Precision ,Education,Local Education Provider,Air-Launched: Plane,Aerial Bomb,Foreign Forces: Military,Indian Armed Forces,Education Infrastructure
2025-05-07,,Pakistan,PAK,Punjab,31.8,74.2,(2) 25 km Precision ,Education,Local Education Provider,Air-Launched: Plane,Aerial Bomb,Foreign Forces: Military,Indian Armed Forces,Education Infrastructure
2025-05-07,,Pakistan,PAK,Punjab,31.8,74.2,(2) 25 km Precision ,Health Care,Local Health Care Provider,Air-Launched: Plane,Aerial Bomb,Foreign Forces: Military,Indian Armed Forces,Health Infrastructure
2025-05-07,,Ukraine,UKR,Cherkasy Oblast,49.1,31.0,"(3) District, Communicipality or Commune ",Education,Local Education Provider,Air-Launched: Drone,Aerial Bomb,Foreign Forces: Military,Armed Forces of the Russian Federation,Education Infrastructure
2025-05-07,,Ukraine,UKR,Donetsk Oblast,48.5,37.6,(2) 25 km Precision ,Health Care,Local Health Care Provider,Air-Launched: Drone,Aerial Bomb,Foreign Forces: Military,Armed Forces of the Russian Federation,Health Infrastructure
2025-05-07,,Ukraine,UKR,Poltava Oblast,49.5,34.5,(2) 25 km Precision ,Education,Local Education Provider,Ground-Launched,Shelling,Foreign Forces: Military,Armed Forces of the Russian Federation,Education Infrastructure
2025-05-07,,Ukraine,UKR,Poltava Oblast,49.5,34.5,(2) 25 km Precision ,Education,Local Education Provider,Ground-Launched,Shelling,Foreign Forces: Military,Armed Forces of the Russian Federation,Education Infrastructure
2025-05-07,,Ukraine,UKR,Poltava Oblast,49.5,34.5,(2) 25 km Precision ,Education,Local Education Provider,Ground-Launched,Shelling,Foreign Forces: Military,Armed Forces of the Russian Federation,Education Infrastructure
2025-05-07,,Ukraine,UKR,Poltava Oblast,49.5,34.5,(2) 25 km Precision ,Education,Local Education Provider,Ground-Launched,Shelling,Foreign Forces: Military,Armed Forces of the Russian Federation,Education Infrastructure
2025-05-07,,Myanmar,MMR,Sagaing Region,22.8,95.7,(2) 25 km Precision ,Education,Local Education Provider,Air-Launched: Plane,Aerial Bomb,Other,Myanmar Armed Forces,Education Infrastructure
2025-05-07,,Pakistan,PAK,Punjab,32.2,75.1,(2) 25 km Precision ,Health Care,Local Health Care Provider,Air-Launched: Plane,Aerial Bomb,Foreign Forces: Military,Indian Armed Forces,Health Infrastructure
2025-05-07,,Myanmar,MMR,Ayeyarwady,17.6,95.0,(2) 25 km Precision ,Food Security,None,Air-Launched: Plane,Aerial Bomb,Other,Myanmar Armed Forces,Other
2025-05-07,,Myanmar,MMR,Ayeyarwady,17.6,95.0,(2) 25 km Precision ,Food Security,None,Air-Launched: Plane,Aerial Bomb,Other,Myanmar Armed Forces,Other
2025-05-07,,Myanmar,MMR,Ayeyarwady,17.6,95.0,(2) 25 km Precision ,Food Security,None,Air-Launched: Plane,Aerial Bomb,Other,Myanmar Armed Forces,Other
2025-05-07,,Ukraine,UKR,Cherkasy Oblast,48.7,30.1,(2) 25 km Precision ,Health Care,Local Health Care Provider,Air-Launched: Drone,Aerial Bomb,Foreign Forces: Military,Armed Forces of the Russian Federation,Health Infrastructure
2025-05-07,,Ethiopia,ETH,Amhara Region,11.2,37.0,(2) 25 km Precision ,Education,Local Education Provider,Unspecified Launch Method,Unspecified Explosive,NSA,Fano,Education Infrastructure
2025-05-07,,Ukraine,UKR,Kharkiv Oblast,48.8,36.3,(2) 25 km Precision ,Health Care,Local Health Care Provider,Unspecified Launch Method,Unspecified Explosive,Foreign Forces: Military,Armed Forces of the Russian Federation,Health Worker
2025-05-06,,Yemen,YEM,Al Hudaydah Governorate,14.3,43.0,(2) 25 km Precision ,Food Security,None,Directly-Emplaced,Mine,Other,Yemen Armed Forces,Other
2025-05-06,,Ukraine,UKR,Donetsk Oblast,47.9,36.6,(2) 25 km Precision ,Health Care,Local Health Care Provider,Unspecified Launch Method,Unspecified Explosive,Foreign Forces: Military,Armed Forces of the Russian Federation,Health Infrastructure
2025-05-06,,Ukraine,UKR,Donetsk Oblast,48.3,38.0,(2) 25 km Precision ,Education,Local Education Provider,Air-Launched: Drone,Aerial Bomb,Other,Armed Forces of Ukraine,Education Infrastructure
2025-05-06,,Myanmar,MMR,Mon State,17.2,97.1,(2) 25 km Precision ,Food Security,None,Air-Launched: Plane,Aerial Bomb,Other,Myanmar Armed Forces,Other
2025-05-06,,Myanmar,MMR,Mon State,17.2,97.2,(2) 25 km Precision ,Food Security,None,Directly-Emplaced,Mine,NSA,Unidentified Armed Actor,Other
2025-05-06,,Myanmar,MMR,Mon State,17.3,97.1,(2) 25 km Precision ,Food Security,None,Air-Launched: Plane,Aerial Bomb,Other,Myanmar Armed Forces,Other
2025-05-06,,Myanmar,MMR,Ayeyarwady,17.6,95.0,(2) 25 km Precision ,Food Security,None,Air-Launched: Plane,Aerial Bomb,Other,Myanmar Armed Forces,Other
2025-05-06,,Myanmar,MMR,Ayeyarwady,17.6,95.0,(2) 25 km Precision ,Food Security,None,Air-Launched: Plane,Aerial Bomb,Other,Myanmar Armed Forces,Other
2025-05-06,,Myanmar,MMR,Ayeyarwady,17.6,95.0,(2) 25 km Precision ,Food Security,None,Air-Launched: Plane,Aerial Bomb,Other,Myanmar Armed Forces,Other
2025-05-06,,Myanmar,MMR,Rakhine,18.8,94.2,(2) 25 km Precision ,Food Security,None,Directly-Emplaced,Mine,Other,Myanmar Armed Forces,Other
2025-05-06,,Yemen,YEM,Ta'izz Governorate,13.7,43.5,(2) 25 km Precision ,Food Security,None,Directly-Emplaced,Mine,Other,Yemen Armed Forces,Other
2025-05-06,,Yemen,YEM,Ta'izz Governorate,13.4,43.7,(2) 25 km Precision ,Food Security,None,Directly-Emplaced,Unspecified IED,Other,Yemen Armed Forces,Other
2025-05-06,,Myanmar,MMR,Bago Region,18.7,96.5,"(3) District, Communicipality or Commune ",Education,Local Education Provider,Ground-Launched,Artillery,Other,Myanmar Armed Forces,Education Infrastructure
2025-05-05,,Myanmar,MMR,Magway,21.4,94.8,(2) 25 km Precision ,Education,Local Education Provider,Air-Launched: Plane,Aerial Bomb,Other,Myanmar Armed Forces,Education Infrastructure
2025-05-05,,Ukraine,UKR,Donetsk Oblast,48.5,37.6,(2) 25 km Precision ,Health Care,Local Health Care Provider,Air-Launched: Drone,Aerial Bomb,Foreign Forces: Military,Armed Forces of the Russian Federation,Health Infrastructure
2025-05-05,,Yemen,YEM,Al Hudaydah Governorate,15.1,42.6,(2) 25 km Precision ,Food Security,None,Air-Launched: Plane,Aerial Bomb,Foreign Forces: Military,US Military,Other
2025-05-05,,Syria,SYR,Idleb Governorate,35.6,36.8,(2) 25 km Precision ,Food Security,None,Directly-Emplaced,Mine,NSA,Unidentified Armed Actor,Other
2025-05-05,,Syria,SYR,Al-Quneitra Governorate,33.1,35.8,(2) 25 km Precision ,Food Security,None,Directly-Emplaced,Mine,NSA,Unidentified Armed Actor,Other
2025-05-05,,South Sudan,SSD,Upper Nile,8.6,33.0,(2) 25 km Precision ,Health Care,Local Health Care Provider,Unspecified Launch Method,Unspecified Explosive,NSA,Unidentified Armed Actor,Health Infrastructure
2025-05-05,,Ukraine,UKR,Odesa Oblast,46.1,29.9,"(4) Province, State, Governorate ",Education,Local Education Provider,Air-Launched: Drone,Aerial Bomb,Foreign Forces: Military,Armed Forces of the Russian Federation,Education Infrastructure
2025-05-05,,Ukraine,UKR,Donetsk Oblast,48.5,37.6,(2) 25 km Precision ,Education,Local Education Provider,Air-Launched: Drone,Aerial Bomb,Foreign Forces: Military,Armed Forces of the Russian Federation,Education Infrastructure
2025-05-05,,Myanmar,MMR,Sagaing Region,24.3,95.8,(2) 25 km Precision ,Education,Local Education Provider,Air-Launched: Drone,Aerial Bomb,NSA,Shanni Nationalities Army,Education Infrastructure
2025-05-05,,Myanmar,MMR,Sagaing Region,24.5,95.7,"(3) District, Communicipality or Commune ",Education,Local Education Provider,Air-Launched: Drone,Aerial Bomb,NSA,Shanni Nationalities Army,Education Infrastructure
2025-05-04,,Yemen,YEM,Al Hudaydah Governorate,15.1,42.6,(2) 25 km Precision ,Food Security,None,Air-Launched: Plane,Aerial Bomb,Foreign Forces: Military,US Military,Other
2025-05-04,,Myanmar,MMR,Magway,21.3,95.0,(2) 25 km Precision ,Food Security,None,Air-Launched: Plane,Aerial Bomb,Other,Myanmar Armed Forces,Other
2025-05-04,,Myanmar,MMR,Kayin State,17.2,97.5,(2) 25 km Precision ,Health Care,Local Health Care Provider,Air-Launched: Plane,Aerial Bomb,Other,Myanmar Armed Forces,Health Infrastructure
2025-05-04,,Ukraine,UKR,Kharkiv Oblast,49.2,37.1,(2) 25 km Precision ,Education,Local Education Provider,Air-Launched: Drone,Aerial Bomb,Foreign Forces: Military,Armed Forces of the Russian Federation,Education Infrastructure
2025-05-04,,Ukraine,UKR,Kharkiv Oblast,49.8,37.4,(2) 25 km Precision ,Health Care,Local Health Care Provider,Unspecified Launch Method,Unspecified Explosive,Foreign Forces: Military,Armed Forces of the Russian Federation,Health Worker
2025-05-04,,Ukraine,UKR,Dnipropetrovsk Oblast,47.5,34.3,(2) 25 km Precision ,Education,Local Education Provider,Air-Launched: Drone,Aerial Bomb,Foreign Forces: Military,Armed Forces of the Russian Federation,Education Infrastructure
2025-05-03,,Myanmar,MMR,Sagaing Region,23.6,95.4,(2) 25 km Precision ,Education,Local Education Provider,Air-Launched: Plane,Aerial Bomb,Other,Myanmar Armed Forces,Education Infrastructure
2025-05-03,,Myanmar,MMR,Shan State,22.3,96.6,"(3) District, Communicipality or Commune ",Education,Local Education Provider,Air-Launched: Plane,Aerial Bomb,Other,Myanmar Armed Forces,Education Infrastructure
2025-05-03,,Myanmar,MMR,Mandalay,22.2,96.1,"(3) District, Communicipality or Commune ",Education,Local Education Provider,Air-Launched: Plane,Aerial Bomb,Other,Myanmar Armed Forces,Education Infrastructure
2025-05-03,,Ukraine,UKR,Kharkiv Oblast,49.7,37.6,(2) 25 km Precision ,Education,Local Education Provider,Ground-Launched,Shelling,Foreign Forces: Military,Armed Forces of the Russian Federation,Education Infrastructure
2025-05-03,,Ukraine,UKR,Donetsk Oblast,48.4,37.6,(2) 25 km Precision ,Education,Local Education Provider,Air-Launched: Plane,Aerial Bomb,Foreign Forces: Military,Armed Forces of the Russian Federation,Education Infrastructure
2025-05-03,,Ukraine,UKR,Donetsk Oblast,48.7,37.5,(2) 25 km Precision ,Education,Local Education Provider,Air-Launched: Drone,Aerial Bomb,Foreign Forces: Military,Armed Forces of the Russian Federation,Education Infrastructure
2025-05-03,,Ukraine,UKR,Donetsk Oblast,48.5,37.0,(2) 25 km Precision ,Education,Local Education Provider,Air-Launched: Drone,Aerial Bomb,Foreign Forces: Military,Armed Forces of the Russian Federation,Education Infrastructure
2025-05-03,,Ukraine,UKR,Kherson Oblast,46.6,32.6,(2) 25 km Precision ,Education,Local Education Provider,Air-Launched: Drone,Aerial Bomb,Foreign Forces: Military,Armed Forces of the Russian Federation,Education Infrastructure
2025-05-03,,Ukraine,UKR,Sumy Oblast,51.8,33.4,(2) 25 km Precision ,Education,Local Education Provider,Air-Launched: Plane,Aerial Bomb,Foreign Forces: Military,Armed Forces of the Russian Federation,Education Infrastructure
2025-05-03,,Ukraine,UKR,Donetsk Oblast,48.5,37.6,(2) 25 km Precision ,Education,Local Education Provider,Air-Launched: Drone,Aerial Bomb,Foreign Forces: Military,Armed Forces of the Russian Federation,Education Infrastructure
2025-05-03,,Ukraine,UKR,Donetsk Oblast,48.5,37.6,(2) 25 km Precision ,Food Security,None,Air-Launched: Drone,Aerial Bomb,Foreign Forces: Military,Armed Forces of the Russian Federation,Other
2025-05-03,,Ukraine,UKR,Donetsk Oblast,48.5,37.6,(2) 25 km Precision ,Health Care,Local Health Care Provider,Air-Launched: Drone,Aerial Bomb,Foreign Forces: Military,Armed Forces of the Russian Federation,Health Infrastructure
2025-05-03,,Yemen,YEM,Al Hudaydah Governorate,15.1,42.6,(2) 25 km Precision ,Food Security,None,Air-Launched: Plane,Aerial Bomb,Foreign Forces: Military,US Military,Other
2025-05-03,,Ukraine,UKR,Donetsk Oblast,48.4,37.3,(2) 25 km Precision ,Health Care,Local Health Care Provider,Air-Launched: Drone,Aerial Bomb,Foreign Forces: Military,Armed Forces of the Russian Federation,Health Infrastructure
2025-05-03,,Myanmar,MMR,Sagaing Region,23.6,95.4,(2) 25 km Precision ,Health Care,Local Health Care Provider,Air-Launched: Plane,Aerial Bomb,Other,Myanmar Armed Forces,Health Infrastructure
2025-05-03,,South Sudan,SSD,Jonglei,9.0,30.8,(2) 25 km Precision ,"Health Care, Aid Operations","INGO, Local Health Care Provider",Air-Launched: Plane,Aerial Bomb,No Information,Unidentified Armed Actor,Multiple
2025-05-02,,Ukraine,UKR,Chernihiv Oblast,52.2,32.4,(2) 25 km Precision ,Education,Local Education Provider,Air-Launched: Drone,Aerial Bomb,Foreign Forces: Military,Armed Forces of the Russian Federation,Education Infrastructure
2025-05-02,,Myanmar,MMR,Tanintharyi Region,12.1,98.9,(2) 25 km Precision ,Education,Local Education Provider,Air-Launched: Drone,Aerial Bomb,Other,Myanmar Armed Forces,Education Infrastructure
2025-05-02,,Syria,SYR,As-Suweida Governorate,32.7,36.4,(2) 25 km Precision ,Food Security,None,Directly-Emplaced,Mine,NSA,Unidentified Armed Actor,Other
2025-05-02,,Syria,SYR,As-Suweida Governorate,32.6,36.5,(2) 25 km Precision ,Food Security,None,Air-Launched: Drone,Aerial Bomb,Foreign Forces: Military,Israeli Defence Forces,Other
2025-05-01,,Syria,SYR,Dar'a Governorate,32.7,36.3,(2) 25 km Precision ,Food Security,None,UXO,UXO,NSA,Unidentified Armed Actor,Other
2025-05-01,,Myanmar,MMR,Sagaing Region,24.0,95.3,"(3) District, Communicipality or Commune ",Health Care,Local Health Care Provider,Air-Launched: Plane,Aerial Bomb,Other,Myanmar Armed Forces,Health Infrastructure
2025-05-01,,Ukraine,UKR,Odesa Oblast,46.4,30.7,(2) 25 km Precision ,Education,Local Education Provider,Air-Launched: Drone,Aerial Bomb,Foreign Forces: Military,Armed Forces of the Russian Federation,Education Infrastructure
2025-05-01,,Ukraine,UKR,Zaporizhia Oblast,47.8,35.1,(2) 25 km Precision ,Health Care,Local Health Care Provider,Air-Launched: Drone,Aerial Bomb,Foreign Forces: Military,Armed Forces of the Russian Federation,Health Infrastructure
2025-05-01,,Ukraine,UKR,Zaporizhia Oblast,47.8,35.1,(2) 25 km Precision ,Education,Local Education Provider,Air-Launched: Drone,Aerial Bomb,Foreign Forces: Military,Armed Forces of the Russian Federation,Education Infrastructure
2025-05-01,,Myanmar,MMR,Magway,21.1,94.1,(2) 25 km Precision ,Education,Local Education Provider,Air-Launched: Plane,Aerial Bomb,Other,Myanmar Armed Forces,Education Infrastructure
2025-05-01,,Lebanon,LBN,Nabatieh Governorate,33.2,35.3,censored by HDX,Food Security,None,Ground-Launched,Artillery,Foreign Forces: Military,Israeli Defence Forces,Other
2025-05-01,,Myanmar,MMR,Rakhine,20.8,92.3,(2) 25 km Precision ,Food Security,None,Directly-Emplaced,Mine,Other,Myanmar Armed Forces,Other
2025-04-30,,Chechnya,RUS,Central Federal District,51.5,34.6,(2) 25 km Precision ,Education,Local Education Provider,Air-Launched: Drone,Aerial Bomb,Foreign Forces: Military,Armed Forces of Ukraine,Education Infrastructure
2025-04-30,,Ukraine,UKR,Sumy Oblast,50.4,35.4,(2) 25 km Precision ,Health Care,Local Health Care Provider,Air-Launched: Drone,Aerial Bomb,Foreign Forces: Military,Armed Forces of the Russian Federation,Health Infrastructure
2025-04-30,,Ukraine,UKR,Sumy Oblast,50.4,35.4,(2) 25 km Precision ,Education,Local Education Provider,Air-Launched: Drone,Aerial Bomb,Foreign Forces: Military,Armed Forces of the Russian Federation,Education Infrastructure
2025-04-29,,Ukraine,UKR,Donetsk Oblast,48.3,38.0,(2) 25 km Precision ,Education,Local Education Provider,Air-Launched: Drone,Aerial Bomb,Other,Armed Forces of Ukraine,Education Infrastructure
2025-04-29,,Ukraine,UKR,Donetsk Oblast,48.3,38.0,(2) 25 km Precision ,Education,Local Education Provider,Air-Launched: Drone,Aerial Bomb,Other,Armed Forces of Ukraine,Education Infrastructure
2025-04-29,,Myanmar,MMR,Sagaing Region,22.1,95.8,(2) 25 km Precision ,Education,Local Education Provider,Air-Launched: Plane,Aerial Bomb,Other,Myanmar Armed Forces,Education Infrastructure
2025-04-29,,Syria,SYR,Homs Governorate,34.5,38.2,(2) 25 km Precision ,Food Security,None,Directly-Emplaced,Mine,No Information,Unidentified Armed Actor,Other
2025-04-29,,Ukraine,UKR,Kharkiv Oblast,49.9,36.2,(2) 25 km Precision ,Education,Local Education Provider,Air-Launched: Drone,Aerial Bomb,Foreign Forces: Military,Armed Forces of the Russian Federation,Education Infrastructure
2025-04-29,,Ukraine,UKR,Sumy Oblast,51.4,34.0,(2) 25 km Precision ,Education,Local Education Provider,Air-Launched: Drone,Aerial Bomb,Foreign Forces: Military,Armed Forces of the Russian Federation,Education Infrastructure
2025-04-29,,Ukraine,UKR,Kharkiv Oblast,49.9,36.2,(2) 25 km Precision ,Health Care,Local Health Care Provider,Air-Launched: Drone,Aerial Bomb,Foreign Forces: Military,Armed Forces of the Russian Federation,Health Infrastructure
2025-04-29,,Ukraine,UKR,Kharkiv Oblast,49.9,36.2,(2) 25 km Precision ,Health Care,Local Health Care Provider,Air-Launched: Drone,Aerial Bomb,Foreign Forces: Military,Armed Forces of the Russian Federation,Health Infrastructure
2025-04-29,,Syria,SYR,Rif Dimashq Governorate,33.4,38.6,(2) 25 km Precision ,Food Security,None,Directly-Emplaced,Mine,NSA,Unidentified Armed Actor,Other
2025-04-29,,Yemen,YEM,Ta'izz Governorate,13.5,43.9,(2) 25 km Precision ,Food Security,None,Ground-Launched,Artillery,Other,Yemen Armed Forces,Other
2025-04-29,,Yemen,YEM,Abyan Governorate,13.9,46.0,(2) 25 km Precision ,Health Care,Local Health Care Provider,Directly-Emplaced,Remote-Controlled IED,NSA,Al-Qaeda in the Arabian Peninsula,Health Infrastructure
2025-04-28,,Ukraine,UKR,Kherson Oblast,47.0,33.7,(2) 25 km Precision ,Health Care,Local Health Care Provider,Air-Launched: Drone,Aerial Bomb,Foreign Forces: Military,Armed Forces of the Russian Federation,Health Infrastructure
2025-04-28,,Ukraine,UKR,Donetsk Oblast,48.7,37.5,"(3) District, Communicipality or Commune ",Education,Local Education Provider,Air-Launched: Drone,Unspecified Explosive,Foreign Forces: Military,Armed Forces of the Russian Federation,Education Infrastructure
2025-04-28,,Ukraine,UKR,Donetsk Oblast,48.4,37.3,(2) 25 km Precision ,Education,Local Education Provider,Air-Launched: Drone,Aerial Bomb,Foreign Forces: Military,Armed Forces of the Russian Federation,Education Infrastructure
2025-04-28,,Ukraine,UKR,Sumy Oblast,51.8,33.4,(2) 25 km Precision ,Education,Local Education Provider,Air-Launched: Drone,Aerial Bomb,Foreign Forces: Military,Armed Forces of the Russian Federation,Education Infrastructure
2025-04-28,,Ukraine,UKR,Kherson Oblast,46.7,33.3,(2) 25 km Precision ,Education,Local Education Provider,Ground-Launched,Shelling,Other,Armed Forces of Ukraine,Education Infrastructure
2025-04-28,,Sudan,SDN,North Darfur State,13.6,25.3,"(3) District, Communicipality or Commune ",Aid Operations,NGO,Air-Launched: Drone,Shelling,Multiple,"Rapid Support Forces, Sudanese Armed Forces",Other
2025-04-27,,Myanmar,MMR,Mandalay,22.5,96.1,"(3) District, Communicipality or Commune ",Education,Local Education Provider,Air-Launched: Plane,Aerial Bomb,Other,Myanmar Armed Forces,Education Infrastructure
2025-04-27,,Ukraine,UKR,Kherson Oblast,46.6,32.6,(2) 25 km Precision ,Education,Local Education Provider,Air-Launched: Plane,Aerial Bomb,Foreign Forces: Military,Armed Forces of the Russian Federation,Education Infrastructure
2025-04-27,,Ukraine,UKR,Sumy Oblast,51.5,34.0,(2) 25 km Precision ,Education,Local Education Provider,Air-Launched: Plane,Aerial Bomb,Foreign Forces: Military,Armed Forces of the Russian Federation,Education Infrastructure
2025-04-27,,Ukraine,UKR,Kherson Oblast,46.6,32.6,(2) 25 km Precision ,Health Care,Local Health Care Provider,Air-Launched: Plane,Aerial Bomb,Foreign Forces: Military,Armed Forces of the Russian Federation,Health Infrastructure
2025-04-27,,Russia,RUS,Central Federal District,51.0,35.6,(2) 25 km Precision ,Education,Local Education Provider,Air-Launched: Drone,Aerial Bomb,Foreign Forces: Military,Armed Forces of Ukraine,Education Infrastructure
2025-04-27,,Ukraine,UKR,Kharkiv Oblast,49.7,37.6,(2) 25 km Precision ,Health Care,Local Health Care Provider,Air-Launched: Drone,Aerial Bomb,Foreign Forces: Military,Armed Forces of the Russian Federation,Health Worker
2025-04-27,,Lebanon,LBN,Nabatieh Governorate,33.2,35.3,censored by HDX,Food Security,None,Air-Launched: Drone,Aerial Bomb,Foreign Forces: Military,Israeli Defence Forces,Other
2025-04-27,,Ukraine,UKR,Kharkiv Oblast,49.7,37.6,(2) 25 km Precision ,Education,Local Education Provider,Air-Launched: No Information on Platform Type,Aerial Bomb,Foreign Forces: Military,Armed Forces of the Russian Federation,Education Infrastructure
2025-04-27,,Syria,SYR,As-Suweida Governorate,32.6,36.5,(2) 25 km Precision ,Food Security,None,Directly-Emplaced,Mine,NSA,Unidentified Armed Actor,Other
2025-04-26,,Syria,SYR,Deir ez-Zor Governorate,35.3,40.1,(2) 25 km Precision ,Food Security,None,Directly-Emplaced,Mine,NSA,Unidentified Armed Actor,Other
2025-04-26,,Myanmar,MMR,Sagaing Region,23.7,96.2,(2) 25 km Precision ,Health Care,Local Health Care Provider,Air-Launched: Plane,Aerial Bomb,Other,Myanmar Armed Forces,Health Infrastructure
2025-04-26,,Myanmar,MMR,Rakhine,20.2,92.8,(2) 25 km Precision ,Health Care,Local Health Care Provider,Air-Launched: Drone,Aerial Bomb,Other,Myanmar Armed Forces,Health Infrastructure
2025-04-26,,Myanmar,MMR,Sagaing Region,23.7,96.2,"(3) District, Communicipality or Commune ",Education,Local Education Provider,Air-Launched: Plane,Aerial Bomb,Other,Myanmar Armed Forces,Education Infrastructure
2025-04-26,,Yemen,YEM,Al Jawf Governorate,16.2,44.5,(2) 25 km Precision ,Food Security,None,Directly-Emplaced,Mine,NSA,Shia al-Houthi rebels,Other
2025-04-26,,Sudan,SDN,East Darfur State,10.9,26.1,(2) 25 km Precision ,Food Security,None,Directly-Emplaced,Hand Grenade,NSA,Darfur rebels,Other
2025-04-26,,DRC,COD,North Kivu,-1.6,29.2,(2) 25 km Precision ,Food Security,None,UXO,UXO,NSA,Unidentified Armed Actor,Other
2025-04-26,,Ukraine,UKR,Donetsk Oblast,48.5,37.6,(2) 25 km Precision ,Health Care,Local Health Care Provider,Air-Launched: Drone,Aerial Bomb,Foreign Forces: Military,Armed Forces of the Russian Federation,Health Infrastructure
2025-04-26,,Ukraine,UKR,Donetsk Oblast,48.5,37.6,(2) 25 km Precision ,Education,Local Education Provider,Air-Launched: Drone,Aerial Bomb,Foreign Forces: Military,Armed Forces of the Russian Federation,Education Infrastructure
2025-04-26,,Ukraine,UKR,Sumy Oblast,51.0,35.2,(2) 25 km Precision ,Education,Local Education Provider,Air-Launched: No Information on Platform Type,Aerial Bomb,Foreign Forces: Military,Armed Forces of the Russian Federation,Education Infrastructure
2025-04-25,,Sudan,SDN,Al Khartum,15.5,32.5,(2) 25 km Precision ,"Education, Protection","IDP/Refugee Service, Local Education Provider",Air-Launched: Drone,Aerial Bomb,Vigilante,Rapid Support Forces,Education Infrastructure
2025-04-25,,Ukraine,UKR,Donetsk Oblast,48.4,37.6,(2) 25 km Precision ,Education,Local Education Provider,Air-Launched: No Information on Platform Type,Aerial Bomb,Foreign Forces: Military,Armed Forces of the Russian Federation,Education Infrastructure
2025-04-25,,Myanmar,MMR,Rakhine,19.3,93.4,(2) 25 km Precision ,Food Security,None,Air-Launched: Drone,Aerial Bomb,Other,Myanmar Armed Forces,Other
2025-04-25,,Ukraine,UKR,Donetsk Oblast,48.5,37.6,(2) 25 km Precision ,Health Care,Local Health Care Provider,Ground-Launched,Shelling,Foreign Forces: Military,Armed Forces of the Russian Federation,Other
2025-04-25,,Sudan,SDN,River Nile State,17.6,33.9,(2) 25 km Precision ,Protection,IDP/Refugee Service,Air-Launched: Drone,Aerial Bomb,Vigilante,Rapid Support Forces,Protection Infrastructure
2025-04-25,,Ukraine,UKR,Sumy Oblast,50.3,34.8,(2) 25 km Precision ,Education,Local Education Provider,Air-Launched: Drone,Aerial Bomb,Foreign Forces: Military,Armed Forces of the Russian Federation,Education Infrastructure
2025-04-25,,Sudan,SDN,North Darfur State,13.6,25.3,"(3) District, Communicipality or Commune ",Aid Operations,INGO,Ground-Launched,Shelling,Vigilante,Rapid Support Forces,Food Infrastructure
2025-04-25,,Myanmar,MMR,Tanintharyi Region,14.0,98.1,(2) 25 km Precision ,Education,Local Education Provider,Air-Launched: Plane,Aerial Bomb,Other,Myanmar Armed Forces,Education Infrastructure
2025-04-25,,Ukraine,UKR,Donetsk Oblast,48.5,37.6,(2) 25 km Precision ,Health Care,Local Health Care Provider,Ground-Launched,Shelling,Foreign Forces: Military,Armed Forces of the Russian Federation,Health Infrastructure
2025-04-25,,Myanmar,MMR,Rakhine,19.8,94.1,(2) 25 km Precision ,Food Security,None,Directly-Emplaced,Mine,NSA,Unidentified Armed Actor,Other
2025-04-25,,Myanmar,MMR,Sagaing Region,22.4,94.9,(2) 25 km Precision ,Food Security,None,Air-Launched: Plane,Aerial Bomb,Other,Myanmar Armed Forces,Other
2025-04-25,,Yemen,YEM,Ta'izz Governorate,13.8,43.6,(2) 25 km Precision ,Food Security,None,Ground-Launched,Shelling,Other,Yemen Armed Forces,Other
2025-04-25,,Ukraine,UKR,Donetsk Oblast,48.6,37.4,(2) 25 km Precision ,Health Care,Local Health Care Provider,Air-Launched: Plane,Aerial Bomb,Foreign Forces: Military,Armed Forces of the Russian Federation,Health Infrastructure
2025-04-24,,Ukraine,UKR,Sumy Oblast,51.5,34.1,(2) 25 km Precision ,Education,Local Education Provider,Air-Launched: Drone,Aerial Bomb,Foreign Forces: Military,Armed Forces of the Russian Federation,Education Infrastructure
2025-04-24,,Lebanon,LBN,Nabatieh Governorate,33.2,35.3,censored by HDX,"Health Care, Aid Operations",Government Aid Agency,Air-Launched: Drone,Aerial Bomb,Foreign Forces: Military,Israeli Defence Forces,Health Infrastructure
2025-04-24,,Ukraine,UKR,Kyiv,50.4,30.5,"(3) District, Communicipality or Commune ",Education,Local Education Provider,Unspecified Launch Method,Missile,Foreign Forces: Military,Armed Forces of the Russian Federation,Education Infrastructure
2025-04-24,,Sudan,SDN,North Darfur State,13.6,25.3,(2) 25 km Precision ,Protection,IDP/Refugee Service,Ground-Launched,Artillery,Vigilante,Rapid Support Forces,Protection Infrastructure
2025-04-24,,Ukraine,UKR,Kharkiv Oblast,49.9,36.2,(2) 25 km Precision ,Health Care,Local Health Care Provider,Air-Launched: Drone,Aerial Bomb,Foreign Forces: Military,Armed Forces of the Russian Federation,Health Infrastructure
2025-04-24,,Ukraine,UKR,Kharkiv Oblast,49.9,36.2,(2) 25 km Precision ,Education,Local Education Provider,Air-Launched: Drone,Aerial Bomb,Foreign Forces: Military,Armed Forces of the Russian Federation,Education Infrastructure
2025-04-24,,Myanmar,MMR,Magway,20.6,94.5,"(3) District, Communicipality or Commune ",Education,Local Education Provider,Air-Launched: Plane,Aerial Bomb,Other,Myanmar Armed Forces,Education Infrastructure
2025-04-24,,Syria,SYR,Homs Governorate,34.4,36.4,(2) 25 km Precision ,Food Security,None,Air-Launched: Drone,Unspecified Explosive,NSA,Unidentified Armed Actor,Other
2025-04-24,,Ukraine,UKR,Kharkiv Oblast,49.9,36.2,(2) 25 km Precision ,Food Security,None,Air-Launched: Drone,Aerial Bomb,Foreign Forces: Military,Armed Forces of the Russian Federation,Other
2025-04-24,,Yemen,YEM,Shabwah Governorate,14.4,45.9,"(3) District, Communicipality or Commune ",Health Care,Local Health Care Provider,Air-Launched: Drone,Aerial Bomb,NSA,Shia al-Houthi rebels,Health Infrastructure
2025-04-24,,Ukraine,UKR,No Information,49.4,31.2,(6) Country,Health Care,Local Health Care Provider,Unspecified Launch Method,Unspecified Explosive,Foreign Forces: Military,Armed Forces of the Russian Federation,Health Worker
2025-04-24,,Ukraine,UKR,Kyiv,50.4,30.5,"(3) District, Communicipality or Commune ",Education,Local Education Provider,Unspecified Launch Method,Missile,Foreign Forces: Military,Armed Forces of the Russian Federation,Education Infrastructure
2025-04-23,,Myanmar,MMR,Kayin State,16.3,98.1,(2) 25 km Precision ,Education,Local Education Provider,Air-Launched: Plane,Aerial Bomb,Other,Myanmar Armed Forces,Education Infrastructure
2025-04-23,,Ukraine,UKR,Sumy Oblast,51.2,34.1,(2) 25 km Precision ,Health Care,Local Health Care Provider,Air-Launched: Plane,Aerial Bomb,Foreign Forces: Military,Armed Forces of the Russian Federation,Health Infrastructure
2025-04-23,,Ukraine,UKR,Kherson Oblast,46.6,32.5,(2) 25 km Precision ,Education,Local Education Provider,Air-Launched: Drone,Aerial Bomb,Foreign Forces: Military,Armed Forces of the Russian Federation,Education Infrastructure
2025-04-23,,Ukraine,UKR,Sumy Oblast,51.7,34.3,(2) 25 km Precision ,Education,Local Education Provider,Air-Launched: Plane,Aerial Bomb,Foreign Forces: Military,Armed Forces of the Russian Federation,Education Infrastructure
2025-04-23,,Myanmar,MMR,Magway,21.3,94.8,(2) 25 km Precision ,Education,Local Education Provider,Air-Launched: Plane,Aerial Bomb,Other,Myanmar Armed Forces,Education Infrastructure
2025-04-23,,Ukraine,UKR,Kherson Oblast,46.5,33.4,"(4) Province, State, Governorate ",Health Care,Local Health Care Provider,Ground-Launched,Shelling,Foreign Forces: Military,Armed Forces of the Russian Federation,Other
2025-04-23,,Sudan,SDN,North Darfur State,13.6,25.3,(2) 25 km Precision ,Protection,IDP/Refugee Service,Ground-Launched,Artillery,Vigilante,Rapid Support Forces,Protection Infrastructure
2025-04-23,,Myanmar,MMR,Magway,21.4,95.2,(2) 25 km Precision ,Health Care,Local Health Care Provider,Air-Launched: Plane,Aerial Bomb,Other,Myanmar Armed Forces,Health Infrastructure
2025-04-23,,Myanmar,MMR,Magway,21.3,94.8,(2) 25 km Precision ,Food Security,None,Air-Launched: Plane,Aerial Bomb,Other,Myanmar Armed Forces,Other
2025-04-23,,Syria,SYR,Idleb Governorate,35.4,36.5,(2) 25 km Precision ,Food Security,None,Directly-Emplaced,Mine,NSA,Unidentified Armed Actor,Other
2025-04-23,,Syria,SYR,Aleppo Governorate,36.6,37.8,(2) 25 km Precision ,Food Security,None,Directly-Emplaced,Mine,NSA,Unidentified Armed Actor,Other
2025-04-23,,Myanmar,MMR,Sagaing Region,22.4,95.5,(2) 25 km Precision ,Health Care,Local Health Care Provider,Air-Launched: Plane,Aerial Bomb,Other,Myanmar Armed Forces,Health Infrastructure
2025-04-22,,Myanmar,MMR,Sagaing Region,24.0,95.7,(2) 25 km Precision ,Education,Local Education Provider,Air-Launched: Plane,Aerial Bomb,Other,Myanmar Armed Forces,Education Infrastructure
2025-04-22,,Ukraine,UKR,Kherson Oblast,46.6,32.6,(2) 25 km Precision ,Health Care,Local Health Care Provider,Air-Launched: Drone,Aerial Bomb,Foreign Forces: Military,Armed Forces of the Russian Federation,Health Infrastructure
2025-04-22,,Ukraine,UKR,Zaporizhia Oblast,47.8,35.1,(2) 25 km Precision ,Education,Local Education Provider,Air-Launched: Plane,Aerial Bomb,Foreign Forces: Military,Armed Forces of the Russian Federation,Education Infrastructure
2025-04-22,,Ukraine,UKR,No Information,49.4,31.2,(6) Country,Health Care,Local Health Care Provider,Unspecified Launch Method,Unspecified Explosive,Foreign Forces: Military,Armed Forces of the Russian Federation,Health Worker
2025-04-22,,Ukraine,UKR,Donetsk Oblast,48.5,37.6,(2) 25 km Precision ,Health Care,Local Health Care Provider,Air-Launched: Drone,Aerial Bomb,Foreign Forces: Military,Armed Forces of the Russian Federation,Health Infrastructure
2025-04-22,,Ukraine,UKR,Kherson Oblast,46.6,32.5,(2) 25 km Precision ,Health Care,Local Health Care Provider,Air-Launched: Drone,Aerial Bomb,Foreign Forces: Military,Armed Forces of the Russian Federation,Health Infrastructure
2025-04-22,,Syria,SYR,Idleb Governorate,36.2,36.5,"(3) District, Communicipality or Commune ",Protection,IDP/Refugee Service,UXO,UXO,NSA,Unidentified Armed Actor,Protection Infrastructure
2025-04-22,,Sudan,SDN,North Darfur State,13.6,25.3,(2) 25 km Precision ,Protection,IDP/Refugee Service,Ground-Launched,Artillery,Vigilante,Rapid Support Forces,Protection Infrastructure
2025-04-22,,Syria,SYR,Hama Governorate,35.4,36.3,(2) 25 km Precision ,Food Security,None,Directly-Emplaced,Mine,NSA,Unidentified Armed Actor,Other
2025-04-22,,Syria,SYR,Idleb Governorate,35.5,36.7,(2) 25 km Precision ,Food Security,None,Directly-Emplaced,Mine,NSA,Unidentified Armed Actor,Other
2025-04-22,,Syria,SYR,Dar'a Governorate,32.5,36.4,(2) 25 km Precision ,Food Security,None,Ground-Launched,Mortar,Police,Syrian Public Security Police,Other
2025-04-22,,Somalia,SOM,Banaadir,2.0,45.2,(2) 25 km Precision ,Food Security,None,Directly-Emplaced,Unspecified IED,NSA,Al-Shabaab,Other
2025-04-22,,Myanmar,MMR,Kachin State,25.1,96.2,(2) 25 km Precision ,Health Care,Local Health Care Provider,Air-Launched: Plane,Aerial Bomb,Other,Myanmar Armed Forces,Health Infrastructure
2025-04-21,,Myanmar,MMR,Tanintharyi Region,13.6,98.3,(2) 25 km Precision ,Food Security,None,Air-Launched: Plane,Aerial Bomb,Other,Myanmar Armed Forces,Other
2025-04-21,,Myanmar,MMR,Mandalay,22.1,96.0,(2) 25 km Precision ,Health Care,Local Health Care Provider,Air-Launched: Plane,Aerial Bomb,Other,Myanmar Armed Forces,Health Infrastructure
2025-04-21,,Sudan,SDN,North Darfur State,13.6,25.3,"(3) District, Communicipality or Commune ",Aid Operations,LNGO,None,Aerial Bomb,Vigilante,Rapid Support Forces,Other
2025-04-21,,Yemen,YEM,'Amran Governorate,15.9,43.9,(2) 25 km Precision ,"Health Care, Aid Operations","INGO, Local Health Care Provider",Directly-Emplaced,Hand Grenade,NSA,Unidentified Armed Actor,Health Infrastructure
2025-04-21,,Myanmar,MMR,Magway,21.6,95.1,"(3) District, Communicipality or Commune ",Education,Local Education Provider,Air-Launched: Plane,Aerial Bomb,Other,Myanmar Armed Forces,Education Infrastructure
2025-04-21,,Ukraine,UKR,Odesa Oblast,46.4,30.7,(2) 25 km Precision ,Education,Local Education Provider,Air-Launched: Plane,Aerial Bomb,Foreign Forces: Military,Armed Forces of the Russian Federation,Education Infrastructure
2025-04-21,,Myanmar,MMR,Magway,21.0,94.3,(2) 25 km Precision ,Protection,IDP/Refugee Service,Air-Launched: Plane,Aerial Bomb,Other,Myanmar Armed Forces,Protection Infrastructure
2025-04-21,,Sudan,SDN,North Darfur State,13.6,25.3,(2) 25 km Precision ,Protection,IDP/Refugee Service,Ground-Launched,Artillery,Vigilante,Rapid Support Forces,Protection Infrastructure
2025-04-21,,Ukraine,UKR,Odesa Oblast,46.4,30.7,(2) 25 km Precision ,Education,Local Education Provider,Air-Launched: Plane,Aerial Bomb,Foreign Forces: Military,Armed Forces of the Russian Federation,Education Infrastructure
2025-04-21,,Ukraine,UKR,Odesa Oblast,46.4,30.7,(2) 25 km Precision ,Education,Local Education Provider,Air-Launched: Plane,Aerial Bomb,Foreign Forces: Military,Armed Forces of the Russian Federation,Education Infrastructure
2025-04-21,,Ukraine,UKR,Donetsk Oblast,48.9,37.8,(2) 25 km Precision ,Education,Local Education Provider,Ground-Launched,Rocket,Foreign Forces: Military,Armed Forces of the Russian Federation,Education Infrastructure
2025-04-20,,Myanmar,MMR,Sagaing Region,22.5,95.6,"(3) District, Communicipality or Commune ","Education, Protection","IDP/Refugee Service, Local Education Provider",Air-Launched: Plane,Aerial Bomb,Other,Myanmar Armed Forces,Education Infrastructure
2025-04-20,,Syria,SYR,Deir ez-Zor Governorate,34.4,40.9,(2) 25 km Precision ,Food Security,None,Directly-Emplaced,Mine,NSA,Unidentified Armed Actor,Other
2025-04-20,,Syria,SYR,Dar'a Governorate,32.7,36.3,(2) 25 km Precision ,Food Security,None,Directly-Emplaced,Mine,NSA,Unidentified Armed Actor,Other
2025-04-20,,Syria,SYR,Deir ez-Zor Governorate,34.4,40.9,(2) 25 km Precision ,Food Security,None,Directly-Emplaced,Mine,NSA,Unidentified Armed Actor,Other
2025-04-20,,Myanmar,MMR,Sagaing Region,23.6,95.6,(2) 25 km Precision ,Food Security,None,Air-Launched: Plane,Aerial Bomb,Other,Myanmar Armed Forces,Other
2025-04-20,,Myanmar,MMR,Sagaing Region,23.6,95.6,(2) 25 km Precision ,Education,Local Education Provider,Air-Launched: Plane,Aerial Bomb,Other,Myanmar Armed Forces,Education Infrastructure
2025-04-19,,Sudan,SDN,North Darfur State,13.6,25.3,(2) 25 km Precision ,Protection,IDP/Refugee Service,Ground-Launched,Artillery,Vigilante,Rapid Support Forces,Protection Infrastructure
2025-04-19,,Myanmar,MMR,Sagaing Region,22.0,95.5,(2) 25 km Precision ,Protection,IDP/Refugee Service,Air-Launched: Plane,Aerial Bomb,Other,Myanmar Armed Forces,Protection Infrastructure
2025-04-18,,Myanmar,MMR,Mandalay,22.6,96.0,(2) 25 km Precision ,Education,Local Education Provider,Air-Launched: Plane,Aerial Bomb,Other,Myanmar Armed Forces,Education Infrastructure
2025-04-18,,Ethiopia,ETH,Amhara Region,9.6,39.5,"(3) District, Communicipality or Commune ",Education,Local Education Provider,Air-Launched: Drone,Aerial Bomb,Other,Ethiopian National Defense Forces,Education Infrastructure
2025-04-18,,Ukraine,UKR,Sumy Oblast,50.9,34.8,"(3) District, Communicipality or Commune ",Education,Local Education Provider,Air-Launched: Plane,Aerial Bomb,Foreign Forces: Military,Armed Forces of the Russian Federation,Education Infrastructure
2025-04-18,,Ukraine,UKR,Kharkiv Oblast,49.1,37.2,(2) 25 km Precision ,Education,Local Education Provider,Ground-Launched,Shelling,Foreign Forces: Military,Armed Forces of the Russian Federation,Education Infrastructure
2025-04-17,,Myanmar,MMR,Kayin State,16.5,98.1,"(3) District, Communicipality or Commune ",Education,Local Education Provider,Air-Launched: Plane,Aerial Bomb,Other,Myanmar Armed Forces,Education Infrastructure
2025-04-17,,Ukraine,UKR,Dnipropetrovsk Oblast,48.4,35.0,(2) 25 km Precision ,Education,Local Education Provider,Air-Launched: Drone,Aerial Bomb,Foreign Forces: Military,Armed Forces of the Russian Federation,Education Infrastructure
2025-04-17,,Ethiopia,ETH,Amhara Region,10.6,38.3,(2) 25 km Precision ,Education,Local Education Provider,Air-Launched: Drone,Aerial Bomb,Other,Ethiopian National Defense Forces,Education Infrastructure
2025-04-17,,Yemen,YEM,Al Bayda' Governorate,13.9,45.6,(2) 25 km Precision ,Health Care,Local Health Care Provider,Air-Launched: Plane,Aerial Bomb,Foreign Forces: Military,US Military,Multiple
2025-04-17,,Ukraine,UKR,Kherson Oblast,46.6,32.6,(2) 25 km Precision ,Health Care,Local Health Care Provider,Air-Launched: Drone,Aerial Bomb,Foreign Forces: Military,Armed Forces of the Russian Federation,Health Infrastructure
2025-04-17,,Myanmar,MMR,Sagaing Region,24.2,96.1,(2) 25 km Precision ,Health Care,Local Health Care Provider,Air-Launched: Plane,Aerial Bomb,Other,Myanmar Armed Forces,Health Infrastructure
2025-04-17,,Sudan,SDN,North Darfur State,13.6,25.3,(2) 25 km Precision ,"Health Care, Protection","IDP/Refugee Service, Local Health Care Provider",Ground-Launched,Artillery,Vigilante,Rapid Support Forces,Protection Infrastructure
2025-04-17,,Yemen,YEM,Al Hudaydah Governorate,14.7,42.9,"(3) District, Communicipality or Commune ","Health Care, Aid Operations","Local Health Care Provider, NGO",Air-Launched: No Information on Platform Type,Aerial Bomb,Foreign Forces: Military,US Military,Health Worker
2025-04-16,,Ukraine,UKR,Kherson Oblast,46.6,32.6,(2) 25 km Precision ,Education,Local Education Provider,Ground-Launched,Artillery,Foreign Forces: Military,Armed Forces of the Russian Federation,Education Infrastructure
2025-04-16,,Lebanon,LBN,South Governorate,33.3,35,censored by HDX,Health Care,Other,Air-Launched: Drone,Aerial Bomb,Foreign Forces: Military,Israeli Defence Forces,Health Infrastructure
2025-04-16,,Somalia,SOM,Lower Shabelle,1.4,44.3,(2) 25 km Precision ,Food Security,None,Air-Launched: Plane,Aerial Bomb,Foreign Forces: Military,US Military,Other
2025-04-16,,Ukraine,UKR,Donetsk Oblast,48.3,37.6,(2) 25 km Precision ,Education,Local Education Provider,Air-Launched: No Information on Platform Type,Aerial Bomb,Foreign Forces: Military,Armed Forces of the Russian Federation,Education Infrastructure
2025-04-16,,Ukraine,UKR,Dnipropetrovsk Oblast,48.4,35.0,"(3) District, Communicipality or Commune ",Education,Local Education Provider,Air-Launched: Drone,Aerial Bomb,Foreign Forces: Military,Armed Forces of the Russian Federation,Education Infrastructure
2025-04-16,,Ukraine,UKR,Kherson Oblast,46.6,32.6,(2) 25 km Precision ,Education,Local Education Provider,Ground-Launched,Artillery,Foreign Forces: Military,Armed Forces of the Russian Federation,Education Infrastructure
2025-04-16,,Myanmar,MMR,Sagaing Region,21.8,95.9,"(3) District, Communicipality or Commune ",Education,Local Education Provider,Air-Launched: No Information on Platform Type,Aerial Bomb,Other,Myanmar Armed Forces,Education Infrastructure
2025-04-16,,Ukraine,UKR,Dnipropetrovsk Oblast,48.4,35.0,(2) 25 km Precision ,Protection,IDP/Refugee Service,Air-Launched: Drone,Aerial Bomb,Foreign Forces: Military,Armed Forces of the Russian Federation,Protection Infrastructure
2025-04-15,,Ukraine,UKR,Kharkiv Oblast,50.2,36.1,(2) 25 km Precision ,Health Care,Local Health Care Provider,Air-Launched: Plane,Aerial Bomb,Foreign Forces: Military,Armed Forces of the Russian Federation,Health Infrastructure
2025-04-15,,Sudan,SDN,North Darfur State,13.4,25.3,(2) 25 km Precision ,Protection,IDP/Refugee Service,Ground-Launched,Artillery,Vigilante,Rapid Support Forces,Protection Infrastructure
2025-04-15,,Ukraine,UKR,Donetsk Oblast,47.9,36.7,(2) 25 km Precision ,Health Care,Local Health Care Provider,Unspecified Launch Method,Unspecified Explosive,Foreign Forces: Military,Armed Forces of the Russian Federation,Health Worker
2025-04-15,,Ukraine,UKR,Zaporizhia Oblast,48.0,35.3,(2) 25 km Precision ,Health Care,Local Health Care Provider,Unspecified Launch Method,Unspecified Explosive,Foreign Forces: Military,Armed Forces of the Russian Federation,Health Worker
2025-04-15,,Syria,SYR,Homs Governorate,34.2,37.0,(2) 25 km Precision ,Food Security,None,Directly-Emplaced,Unspecified IED,NSA,Unidentified Armed Actor,Other
2025-04-15,,Ukraine,UKR,Kharkiv Oblast,49.6,37.6,(2) 25 km Precision ,Health Care,Local Health Care Provider,Air-Launched: Plane,Aerial Bomb,Foreign Forces: Military,Armed Forces of the Russian Federation,Health Worker
2025-04-15,,Russia,RUS,Central Federal District,51.7,36.1,"(3) District, Communicipality or Commune ",Health Care,Local Health Care Provider,Air-Launched: Drone,Aerial Bomb,Foreign Forces: Military,Armed Forces of Ukraine,Multiple
2025-04-15,,Syria,SYR,Dar'a Governorate,32.8,35.9,(2) 25 km Precision ,Health Care,Local Health Care Provider,UXO,UXO,No Information,Unidentified Armed Actor,Health Infrastructure
2025-04-15,,Sudan,SDN,North Darfur State,13.6,25.3,(2) 25 km Precision ,Protection,IDP/Refugee Service,Ground-Launched,Artillery,Vigilante,Rapid Support Forces,Protection Infrastructure
2025-04-14,,Syria,SYR,Idleb Governorate,35.6,36.6,(2) 25 km Precision ,Food Security,None,Unspecified Launch Method,Unspecified Explosive,NSA,Unidentified Armed Actor,Other
2025-04-14,,Yemen,YEM,Al Jawf Governorate,16.8,44.8,(2) 25 km Precision ,Food Security,None,Directly-Emplaced,Mine,Other,Yemen Armed Forces,Other
2025-04-14,,Ukraine,UKR,Donetsk Oblast,48.5,37.7,(2) 25 km Precision ,Education,Local Education Provider,Air-Launched: Plane,Aerial Bomb,Foreign Forces: Military,Armed Forces of the Russian Federation,Education Infrastructure
2025-04-14,,Sudan,SDN,North Darfur State,13.6,25.3,(2) 25 km Precision ,Protection,IDP/Refugee Service,Ground-Launched,Artillery,Vigilante,Rapid Support Forces,Protection Infrastructure
2025-04-14,,Myanmar,MMR,Sagaing Region,22.4,94.6,"(3) District, Communicipality or Commune ",Education,Local Education Provider,Air-Launched: Drone,Aerial Bomb,Other,Myanmar Armed Forces,Education Infrastructure
2025-04-13,,Sudan,SDN,North Darfur State,13.4,25.3,(2) 25 km Precision ,"Protection, Aid Operations, Food Security","IDP/Refugee Service, INGO",Ground-Launched,Shelling,Vigilante,Rapid Support Forces,Food Infrastructure
2025-04-13,,Yemen,YEM,Hadramaut Governorate,16.1,47.2,(2) 25 km Precision ,Food Security,None,Air-Launched: Drone,Aerial Bomb,Foreign Forces: Military,US Military,Other
2025-04-13,,Ukraine,UKR,Sumy Oblast,50.9,34.7,(2) 25 km Precision ,"Education, Health Care","Local Education Provider, Local Health Care Provider",Ground-Launched,Missile,Foreign Forces: Military,Armed Forces of the Russian Federation,Education Infrastructure
2025-04-13,,Ukraine,UKR,Chernihiv Oblast,52.1,32.5,(2) 25 km Precision ,Health Care,Local Health Care Provider,Air-Launched: Drone,Aerial Bomb,Foreign Forces: Military,Armed Forces of the Russian Federation,Health Infrastructure
2025-04-13,,Sudan,SDN,North Darfur State,13.4,25.3,(2) 25 km Precision ,"Health Care, Protection, Aid Operations","IDP/Refugee Service, INGO",Ground-Launched,Shelling,Vigilante,Rapid Support Forces,Health Infrastructure
2025-04-12,,Yemen,YEM,Al Hudaydah Governorate,13.8,43.2,(2) 25 km Precision ,Food Security,None,UXO,UXO,Police,Government of Saudi Arabia,Other
2025-04-12,,Myanmar,MMR,Magway,21.6,95.3,(2) 25 km Precision ,Education,Local Education Provider,Air-Launched: Plane,Aerial Bomb,Other,Myanmar Armed Forces,Education Infrastructure
2025-04-12,,Ukraine,UKR,Kherson Oblast,46.6,32.6,(2) 25 km Precision ,Aid Operations,LNGO,Air-Launched: Drone,Aerial Bomb,Foreign Forces: Military,Armed Forces of the Russian Federation,Other
2025-04-12,,Yemen,YEM,Al Bayda' Governorate,14.0,45.8,(2) 25 km Precision ,Education,Local Education Provider,Air-Launched: No Information on Platform Type,Aerial Bomb,Foreign Forces: Military,US Military,Education Infrastructure
2025-04-12,,Myanmar,MMR,Sagaing Region,22.1,95.8,(2) 25 km Precision ,Protection,IDP/Refugee Service,Air-Launched: Plane,Aerial Bomb,Other,Myanmar Armed Forces,Protection Infrastructure
2025-04-12,,Sudan,SDN,North Darfur State,13.6,25.3,(2) 25 km Precision ,Protection,IDP/Refugee Service,Ground-Launched,Artillery,Vigilante,Rapid Support Forces,Protection Infrastructure
2025-04-11,,Ukraine,UKR,Kharkiv Oblast,50.4,35.8,(2) 25 km Precision ,"Aid Operations, Food Security",NGO,Air-Launched: Drone,Aerial Bomb,Foreign Forces: Military,Armed Forces of the Russian Federation,Aid Infrastructure
2025-04-11,,Yemen,YEM,Amanat Al Asimah,15.3,44.1,(2) 25 km Precision ,Food Security,None,Air-Launched: Plane,Aerial Bomb,Foreign Forces: Military,US Military,Other
2025-04-11,,Chechnya,RUS,Central Federal District,51.2,36.1,(2) 25 km Precision ,Education,Local Education Provider,Air-Launched: Drone,Aerial Bomb,Foreign Forces: Military,Armed Forces of Ukraine,Education Infrastructure
2025-04-11,,Syria,SYR,Hama Governorate,35.2,37.3,(2) 25 km Precision ,Food Security,None,Ground-Launched,Shelling,NSA,Unidentified Armed Actor,Other
2025-04-11,,Myanmar,MMR,Sagaing Region,22.8,94.7,(2) 25 km Precision ,Education,Local Education Provider,Air-Launched: Plane,Aerial Bomb,Other,Myanmar Armed Forces,Education Infrastructure
2025-04-11,,Sudan,SDN,North Darfur State,13.4,25.3,(2) 25 km Precision ,Protection,IDP/Refugee Service,"Air-Launched: Plane, Ground-Launched","Aerial Bomb, Artillery",Multiple,"Rapid Support Forces, Sudanese Armed Forces",Protection Infrastructure
2025-04-11,,Sudan,SDN,North Darfur State,13.6,25.3,(2) 25 km Precision ,Protection,IDP/Refugee Service,"Air-Launched: Plane, Ground-Launched","Aerial Bomb, Artillery",Multiple,"Rapid Support Forces, Sudanese Armed Forces",Protection Infrastructure
2025-04-10,,Somalia,SOM,Bari,11.3,49.3,(2) 25 km Precision ,Food Security,None,Air-Launched: Plane,Aerial Bomb,NSA,Unidentified Armed Actor,Other
2025-04-10,,Syria,SYR,Ar-Raqqa Governorate,35.6,38.7,(2) 25 km Precision ,Food Security,None,Directly-Emplaced,Mine,NSA,Unidentified Armed Actor,Other
2025-04-10,,Sudan,SDN,North Darfur State,13.6,25.3,(2) 25 km Precision ,Protection,IDP/Refugee Service,Ground-Launched,Artillery,Vigilante,Rapid Support Forces,Protection Infrastructure
2025-04-10,,Ukraine,UKR,Kharkiv Oblast,49.3,37.6,(2) 25 km Precision ,Health Care,Local Health Care Provider,Air-Launched: Drone,Aerial Bomb,Foreign Forces: Military,Armed Forces of the Russian Federation,Health Infrastructure
2025-04-10,,Ukraine,UKR,Kharkiv Oblast,49.3,37.6,(2) 25 km Precision ,Education,Local Education Provider,Air-Launched: Drone,Aerial Bomb,Foreign Forces: Military,Armed Forces of the Russian Federation,Education Infrastructure
2025-04-10,,Ukraine,UKR,Kharkiv Oblast,49.7,37.6,(2) 25 km Precision ,Health Care,Local Health Care Provider,Air-Launched: Plane,Aerial Bomb,Foreign Forces: Military,Armed Forces of the Russian Federation,Multiple
2025-04-10,,Myanmar,MMR,Sagaing Region,23.7,95.8,(2) 25 km Precision ,Education,Local Education Provider,Air-Launched: Plane,Aerial Bomb,Other,Myanmar Armed Forces,Education Infrastructure
2025-04-10,,Ukraine,UKR,Kharkiv Oblast,49.3,37.6,(2) 25 km Precision ,Education,Local Education Provider,Air-Launched: Drone,Aerial Bomb,Foreign Forces: Military,Armed Forces of the Russian Federation,Education Infrastructure
2025-04-09,,DRC,COD,North Kivu,-1.4,28.0,(2) 25 km Precision ,Food Security,None,Directly-emplaced,Unspecified Explosive,NSA,March 23 Movement,Other
2025-04-09,,Myanmar,MMR,Sagaing Region,23.9,95.8,(2) 25 km Precision ,Health Care,Local Health Care Provider,Air-Launched: Plane,Aerial Bomb,Other,Myanmar Armed Forces,Other
2025-04-09,,Ukraine,UKR,Kharkiv Oblast,50.0,37.9,(2) 25 km Precision ,Health Care,Local Health Care Provider,Ground-Launched,Shelling,Other,Armed Forces of Ukraine,Multiple
2025-04-08,,Yemen,YEM,Dhamar Governorate,14.4,44.3,(2) 25 km Precision ,Food Security,None,Air-Launched: Plane,Aerial Bomb,Foreign Forces: Military,US Military,Other
2025-04-08,,Lebanon,LBN,South Governorate,33.3,35,censored by HDX,Food Security,None,Air-Launched: Drone,Missile,Foreign Forces: Military,Israeli Defence Forces,Other
2025-04-08,,Ethiopia,ETH,Amhara Region,11.5,37.3,(2) 25 km Precision ,Aid Operations,UN Agency,Directly-Emplaced,Hand Grenade,NSA,Fano,Aid Infrastructure
2025-04-07,,OPT,PSE,West Bank,,,censored,Protection,IDP/Refugee Service,"Directly-Emplaced, NotAnswered","NotAnswered, RoadIED",Multiple,Unidentified Armed Actor,Protection Infrastructure
2025-04-07,,Sudan,SDN,North Darfur State,13.4,25.3,(2) 25 km Precision ,Protection,IDP/Refugee Service,Ground-Launched,Artillery,Vigilante,Rapid Support Forces,Protection Infrastructure
2025-04-07,,Sudan,SDN,North Darfur State,13.6,25.3,(2) 25 km Precision ,Protection,IDP/Refugee Service,Ground-Launched,Artillery,Vigilante,Rapid Support Forces,Protection Infrastructure
2025-04-06,,Syria,SYR,Deir ez-Zor Governorate,34.7,40.6,(2) 25 km Precision ,Food Security,None,Directly-Emplaced,Mine,NSA,Unidentified Armed Actor,Other
2025-04-06,,Myanmar,MMR,Kayin State,16.5,98.1,(2) 25 km Precision ,Food Security,None,Unspecified Launch Method,Unspecified Explosive,Other,Myanmar Armed Forces,Other
2025-04-06,,Pakistan,PAK,Khyber Pakhtunkhwa,32.3,70.1,(2) 25 km Precision ,Health Care,Local Health Care Provider,Directly-Emplaced,Unspecified IED,NSA,Unidentified Armed Actor,Health Infrastructure
2025-04-06,,Pakistan,PAK,Khyber Pakhtunkhwa,32.6,70.3,(2) 25 km Precision ,Health Care,Local Health Care Provider,Directly-Emplaced,Unspecified IED,NSA,Unidentified Armed Actor,Health Infrastructure
2025-04-05,,Myanmar,MMR,Mandalay,22.1,96.2,(2) 25 km Precision ,Food Security,None,Unspecified Launch Method,Unspecified Explosive,Other,Myanmar Armed Forces,Other
2025-04-05,,Ukraine,UKR,Donetsk Oblast,48.3,38.0,(2) 25 km Precision ,Health Care,Local Health Care Provider,Air-Launched: Drone,Aerial Bomb,Other,Armed Forces of Ukraine,Health Infrastructure
2025-04-05,,Sudan,SDN,North Darfur State,13.6,25.3,(2) 25 km Precision ,Protection,IDP/Refugee Service,Ground-Launched,Artillery,Vigilante,Rapid Support Forces,Protection Infrastructure
2025-04-05,,Sudan,SDN,North Darfur State,13.4,25.3,(2) 25 km Precision ,Protection,IDP/Refugee Service,Ground-Launched,Artillery,Vigilante,Rapid Support Forces,Protection Infrastructure
2025-04-05,,Syria,SYR,Idleb Governorate,35.5,36.9,(2) 25 km Precision ,Food Security,None,Directly-Emplaced,Mine,NSA,Unidentified Armed Actor,Other
2025-04-04,,Myanmar,MMR,Shan State,19.8,97.0,(2) 25 km Precision ,Food Security,None,Ground-Launched,Artillery,Other,Myanmar Armed Forces,Other
2025-04-04,,Ukraine,UKR,Kherson Oblast,46.6,32.6,(2) 25 km Precision ,Aid Operations,LNGO,Air-Launched: Drone,Aerial Bomb,Foreign Forces: Military,Armed Forces of the Russian Federation,Other
2025-04-04,,Yemen,YEM,Hajjah Governorate,16.3,43.4,(2) 25 km Precision ,Health Care,Local Health Care Provider,Air-Launched: Plane,Aerial Bomb,Foreign Forces: Military,US Military,Health Infrastructure
2025-04-03,,Myanmar,MMR,Mandalay,21.1,95.4,(2) 25 km Precision ,Education,Local Education Provider,Air-Launched: Plane,Aerial Bomb,Other,Myanmar Armed Forces,Education Infrastructure
2025-04-03,,Myanmar,MMR,Mandalay,21.1,95.4,(2) 25 km Precision ,Education,Local Education Provider,Air-Launched: Plane,Aerial Bomb,Other,Myanmar Armed Forces,Education Infrastructure
2025-04-03,,Lebanon,LBN,South Governorate,33.3,35,censored by HDX,Health Care,Other,Air-Launched: Plane,Aerial Bomb,Foreign Forces: Military,Israeli Defence Forces,Multiple
2025-04-02,,Ethiopia,ETH,Amhara Region,11.5,38.5,(2) 25 km Precision ,Education,Local Education Provider,Air-Launched: Drone,Aerial Bomb,Other,Ethiopian National Defense Forces,Education Infrastructure
2025-04-02,,Yemen,YEM,Al Hudaydah Governorate,13.8,43.2,(2) 25 km Precision ,Protection,IDP/Refugee Service,Unspecified Launch Method,Missile,No Information,Unidentified Armed Actor,Protection Infrastructure
2025-04-02,,Ukraine,UKR,Kherson Oblast,46.6,32.5,(2) 25 km Precision ,Food Security,None,Ground-Launched,Artillery,Foreign Forces: Military,Armed Forces of the Russian Federation,Other
2025-04-02,,Myanmar,MMR,Mandalay,22.5,95.9,(2) 25 km Precision ,Education,Local Education Provider,Air-Launched: Plane,Aerial Bomb,Other,Myanmar Armed Forces,Education Infrastructure
2025-04-02,,Ukraine,UKR,Kherson Oblast,46.6,32.5,(2) 25 km Precision ,Health Care,Local Health Care Provider,Ground-Launched,Artillery,Foreign Forces: Military,Armed Forces of the Russian Federation,Multiple
2025-04-02,,Sudan,SDN,North Darfur State,13.6,25.3,(2) 25 km Precision ,Protection,IDP/Refugee Service,Air-Launched: Drone,Aerial Bomb,Vigilante,Rapid Support Forces,Protection Infrastructure
2025-04-01,,Myanmar,MMR,Mandalay,21.7,95.4,(2) 25 km Precision ,Health Care,Local Health Care Provider,Directly-Emplaced,Hand Grenade,Other,Local Defense Forces,Health Infrastructure
2025-04-01,,Myanmar,MMR,Kachin State,25.5,96.7,(2) 25 km Precision ,Education,Local Education Provider,Unspecified Launch Method,Unspecified Explosive,Multiple,"Kachin Independence Army, Myanmar Armed Forces",Education Infrastructure
2025-04-01,,Myanmar,MMR,Kachin State,25.5,96.7,(2) 25 km Precision ,Food Security,None,Unspecified Launch Method,Unspecified Explosive,Multiple,"Kachin Independence Army, Myanmar Armed Forces",Other
2025-04-01,,Yemen,YEM,Al Hudaydah Governorate,14.7,43.4,(2) 25 km Precision ,Food Security,None,Air-Launched: Plane,Aerial Bomb,Foreign Forces: Military,US Military,Other
2025-04-01,,Ukraine,UKR,Kherson Oblast,46.8,33.4,(2) 25 km Precision ,Education,Local Education Provider,Ground-Launched,Shelling,Other,Armed Forces of Ukraine,Education Infrastructure
2025-03-31,,Ukraine,UKR,Zaporizhia Oblast,47.6,35.2,(2) 25 km Precision ,Education,Local Education Provider,Air-Launched: Plane,Aerial Bomb,Foreign Forces: Military,Armed Forces of the Russian Federation,Education Infrastructure
2025-03-31,,Ukraine,UKR,Kharkiv Oblast,49.3,37.6,(2) 25 km Precision ,Education,Local Education Provider,Air-Launched: Drone,Aerial Bomb,Foreign Forces: Military,Armed Forces of the Russian Federation,Education Infrastructure
2025-03-31,,DRC,COD,North Kivu,-1.6,29.2,(2) 25 km Precision ,Food Security,None,Air-Launched: Plane,Aerial Bomb,NSA,March 23 Movement,Other
2025-03-31,,Sudan,SDN,South Darfur State,12.0,24.8,(2) 25 km Precision ,Food Security,None,Directly-Emplaced,Hand Grenade,Vigilante,Rapid Support Forces,Other
2025-03-31,,Lebanon,LBN,Nabatieh Governorate,33.2,35.3,censored by HDX,Food Security,None,Air-Launched: Plane,Aerial Bomb,Foreign Forces: Military,Israeli Defence Forces,Other
2025-03-31,,Sudan,SDN,North Darfur State,13.6,25.3,(2) 25 km Precision ,Protection,IDP/Refugee Service,Ground-Launched,Artillery,Vigilante,Rapid Support Forces,Protection Infrastructure
2025-03-30,,Israel,ISR,Jerusalem District,31.7,35.0,(2) 25 km Precision ,Education,Local Education Provider,Ground-Launched,Missile,NSA,Shia al-Houthi rebels,Education Infrastructure
2025-03-30,,Ukraine,UKR,No Information,49.4,31.2,(6) Country,Health Care,Local Health Care Provider,Air-Launched: Drone,Aerial Bomb,Foreign Forces: Military,Armed Forces of the Russian Federation,Health Worker
2025-03-29,,Ukraine,UKR,Kharkiv Oblast,50.0,36.2,(2) 25 km Precision ,Health Care,Local Health Care Provider,Air-Launched: Drone,Aerial Bomb,Foreign Forces: Military,Armed Forces of the Russian Federation,Health Infrastructure
2025-03-28,,Myanmar,MMR,Rakhine,20.3,93.0,(2) 25 km Precision ,Health Care,Local Health Care Provider,Ground-Launched,Rocket,Other,Myanmar Armed Forces,Health Infrastructure
2025-03-28,,Myanmar,MMR,Shan State,22.1,96.8,(2) 25 km Precision ,Education,Local Education Provider,Air-Launched: Plane,Aerial Bomb,Other,Myanmar Armed Forces,Education Infrastructure
2025-03-28,,Ukraine,UKR,Kherson Oblast,46.6,32.4,(2) 25 km Precision ,Education,Local Education Provider,Air-Launched: Drone,Aerial Bomb,Foreign Forces: Military,Armed Forces of the Russian Federation,Education Infrastructure
2025-03-28,,Lebanon,LBN,Nabatieh Governorate,33.2,35.3,censored by HDX,Education,Local Education Provider,Ground-Launched,Artillery,Foreign Forces: Military,Israeli Defence Forces,Education Infrastructure
2025-03-28,,Myanmar,MMR,Magway,21.3,94.8,(2) 25 km Precision ,Health Care,Local Health Care Provider,Air-Launched: Plane,Aerial Bomb,Other,Myanmar Armed Forces,Health Worker
2025-03-28,,Ukraine,UKR,Zaporizhia Oblast,47.6,36.4,(2) 25 km Precision ,Health Care,Local Health Care Provider,Unspecified Launch Method,Unspecified Explosive,Foreign Forces: Military,Armed Forces of the Russian Federation,Health Worker
2025-03-28,,Yemen,YEM,Sa'dah Governorate,16.9,43.7,(2) 25 km Precision ,Food Security,None,Air-Launched: Plane,Aerial Bomb,Foreign Forces: Military,US Military,Other
2025-03-28,,Ukraine,UKR,Sumy Oblast,50.4,35.4,(2) 25 km Precision ,Education,Local Education Provider,Air-Launched: Drone,Aerial Bomb,Foreign Forces: Military,Armed Forces of the Russian Federation,Education Infrastructure
2025-03-27,,Ukraine,UKR,Kharkiv Oblast,50.2,35.9,(2) 25 km Precision ,Health Care,Local Health Care Provider,Air-Launched: Drone,Aerial Bomb,Foreign Forces: Military,Armed Forces of the Russian Federation,Health Infrastructure
2025-03-27,,Myanmar,MMR,Mandalay,21.3,95.5,(2) 25 km Precision ,Education,Local Education Provider,Air-Launched: Plane,Aerial Bomb,Other,Myanmar Armed Forces,Education Infrastructure
2025-03-27,,Ukraine,UKR,Kherson Oblast,46.6,32.6,(2) 25 km Precision ,Health Care,Local Health Care Provider,Ground-Launched,Shelling,Foreign Forces: Military,Armed Forces of the Russian Federation,Health Infrastructure
2025-03-27,,Ukraine,UKR,Chernihiv Oblast,51.5,30.6,(2) 25 km Precision ,Education,Local Education Provider,Air-Launched: Drone,Aerial Bomb,Foreign Forces: Military,Armed Forces of the Russian Federation,Education Infrastructure
2025-03-25,,Ethiopia,ETH,Amhara Region,11.2,37.4,(2) 25 km Precision ,Education,Local Education Provider,Ground-Launched,Shelling,Other,Ethiopian National Defense Forces,Education Infrastructure
2025-03-25,,Syria,SYR,Deir ez-Zor Governorate,34.9,40.4,(2) 25 km Precision ,Food Security,None,Directly-Emplaced,Mine,NSA,Unidentified Armed Actor,Other
2025-03-25,,Russia,RUS,Central Federal District,50.5,36.3,(2) 25 km Precision ,Health Care,Local Health Care Provider,Air-Launched: Drone,Aerial Bomb,Foreign Forces: Military,Armed Forces of Ukraine,Health Infrastructure
2025-03-25,,Sudan,SDN,North Darfur State,13.6,25.3,(2) 25 km Precision ,Protection,IDP/Refugee Service,Ground-Launched,Artillery,Vigilante,Rapid Support Forces,Protection Infrastructure
2025-03-24,,Somalia,SOM,Bari,11.1,49.8,(2) 25 km Precision ,Health Care,Local Health Care Provider,Directly-Emplaced,Remote-Controlled IED,NSA,Islamic State,Health Infrastructure
2025-03-24,,Yemen,YEM,Sa'dah Governorate,16.9,43.7,(2) 25 km Precision ,Health Care,Local Health Care Provider,Air-Launched: Plane,Aerial Bomb,Foreign Forces: Military,US Military,Health Infrastructure
2025-03-24,,Ukraine,UKR,Sumy Oblast,50.9,34.8,(2) 25 km Precision ,Education,Local Education Provider,Unspecified Launch Method,Missile,Foreign Forces: Military,Armed Forces of the Russian Federation,Education Infrastructure
2025-03-24,,Ukraine,UKR,Sumy Oblast,50.9,34.8,(2) 25 km Precision ,Education,Local Education Provider,Unspecified Launch Method,Missile,Foreign Forces: Military,Armed Forces of the Russian Federation,Education Infrastructure
2025-03-24,,Ukraine,UKR,Sumy Oblast,50.9,34.8,(2) 25 km Precision ,Education,Local Education Provider,Unspecified Launch Method,Missile,Foreign Forces: Military,Armed Forces of the Russian Federation,Education Infrastructure
2025-03-24,,Ukraine,UKR,Sumy Oblast,50.9,34.8,(2) 25 km Precision ,Health Care,Local Health Care Provider,Unspecified Launch Method,Missile,Foreign Forces: Military,Armed Forces of the Russian Federation,Health Infrastructure
2025-03-23,,Ukraine,UKR,Donetsk Oblast,47.9,37.7,"(4) Province, State, Governorate ",Health Care,Local Health Care Provider,Unspecified Launch Method,Unspecified Explosive,Foreign Forces: Military,Armed Forces of the Russian Federation,Health Worker
2025-03-23,,Lebanon,LBN,Nabatieh Governorate,33.2,35.3,censored by HDX,Food Security,None,Ground-Launched,Shelling,Foreign Forces: Military,Israeli Defence Forces,Other
2025-03-23,,Syria,SYR,Idleb Governorate,35.5,36.4,(2) 25 km Precision ,Food Security,None,Directly-Emplaced,Mine,NSA,Unidentified Armed Actor,Other
2025-03-23,,Ukraine,UKR,Sumy Oblast,51.0,35.2,(2) 25 km Precision ,Education,Local Education Provider,Air-Launched: Plane,Aerial Bomb,Foreign Forces: Military,Armed Forces of the Russian Federation,Education Infrastructure
2025-03-23,,Sudan,SDN,North Darfur State,13.6,25.3,(2) 25 km Precision ,Protection,IDP/Refugee Service,Ground-Launched,Artillery,Vigilante,Rapid Support Forces,Protection Infrastructure
2025-03-22,,Myanmar,MMR,Magway,22.2,94.1,(2) 25 km Precision ,Health Care,Local Health Care Provider,Air-Launched: Plane,Aerial Bomb,Other,Myanmar Armed Forces,Health Infrastructure
2025-03-22,,Myanmar,MMR,Magway,22.2,94.1,(2) 25 km Precision ,Health Care,Private Health Care,Air-Launched: Plane,Aerial Bomb,Other,Myanmar Armed Forces,Health Infrastructure
2025-03-22,,South Sudan,SSD,Upper Nile,8.4,33.1,(2) 25 km Precision ,Aid Operations,LNGO,Air-Launched: Plane,Aerial Bomb,No Information,Unidentified Armed Actor,Other
2025-03-22,,Sudan,SDN,North Darfur State,13.6,25.3,(2) 25 km Precision ,Protection,IDP/Refugee Service,Ground-Launched,Artillery,Vigilante,Rapid Support Forces,Protection Infrastructure
2025-03-22,,Ethiopia,ETH,Amhara Region,12.5,37.5,(2) 25 km Precision ,Health Care,Local Health Care Provider,Ground-Launched,Artillery,Other,Ethiopian National Defense Forces,Health Infrastructure
2025-03-22,,Syria,SYR,Aleppo Governorate,36.4,37.0,(2) 25 km Precision ,Food Security,None,Directly-Emplaced,Mine,NSA,Unidentified Armed Actor,Other
2025-03-21,,Somalia,SOM,Lower Shabelle,2.0,45.2,(2) 25 km Precision ,Food Security,None,Directly-Emplaced,Unspecified IED,NSA,Al-Shabaab,Other
2025-03-20,,Ethiopia,ETH,Amhara Region,11.5,36.4,"(3) District, Communicipality or Commune ",Education,Local Education Provider,Air-Launched: Plane,Aerial Bomb,Other,Ethiopian National Defense Forces,Education Infrastructure
2025-03-20,,Ethiopia,ETH,Amhara Region,10.6,37.2,(2) 25 km Precision ,Health Care,Local Health Care Provider,Ground-Launched,Artillery,Other,Ethiopian National Defense Forces,Health Worker
2025-03-20,,DRC,COD,North Kivu,-1.4,28.0,(2) 25 km Precision ,Health Care,Local Health Care Provider,Unspecified Launch Method,Unspecified Explosive,Multiple,"Forces armées de la République démocratique du Congo, March 23 Movement",Health Infrastructure
2025-03-19,,Ukraine,UKR,Sumy Oblast,50.7,35.2,(2) 25 km Precision ,Health Care,Local Health Care Provider,Air-Launched: Drone,Aerial Bomb,Foreign Forces: Military,Armed Forces of the Russian Federation,Health Infrastructure
2025-03-19,,Ethiopia,ETH,Afar Region,12.3,39.8,(2) 25 km Precision ,Education,Local Education Provider,Unspecified Launch Method,Unspecified Explosive,NSA,Fano,Education Infrastructure
2025-03-19,,Russia,RUS,Central Federal District,51.9,34.5,(2) 25 km Precision ,Health Care,Local Health Care Provider,Air-Launched: Drone,Aerial Bomb,Foreign Forces: Military,Armed Forces of Ukraine,Health Infrastructure
2025-03-19,,Yemen,YEM,Al Jawf Governorate,16.1,44.7,(2) 25 km Precision ,Food Security,None,Air-Launched: Plane,Aerial Bomb,Foreign Forces: Military,US Military,Other
2025-03-19,,Ukraine,UKR,Sumy Oblast,50.7,35.2,(2) 25 km Precision ,Health Care,Local Health Care Provider,Air-Launched: Drone,Aerial Bomb,Foreign Forces: Military,Armed Forces of the Russian Federation,Health Infrastructure
2025-03-19,,Ethiopia,ETH,Afar Region,12.3,39.8,(2) 25 km Precision ,Education,Local Education Provider,Unspecified Launch Method,Unspecified Explosive,NSA,Fano,Education Infrastructure
2025-03-18,,Sudan,SDN,North Darfur State,13.4,25.3,(2) 25 km Precision ,Protection,IDP/Refugee Service,Ground-Launched,Shelling,Vigilante,Rapid Support Forces,Protection Infrastructure
2025-03-18,,Ukraine,UKR,Sumy Oblast,50.9,34.7,(2) 25 km Precision ,Health Care,Local Health Care Provider,Air-Launched: Drone,Aerial Bomb,Foreign Forces: Military,Armed Forces of the Russian Federation,Health Infrastructure
2025-03-18,,Ukraine,UKR,Sumy Oblast,50.9,34.7,(2) 25 km Precision ,Health Care,Local Health Care Provider,Air-Launched: Drone,Aerial Bomb,Foreign Forces: Military,Armed Forces of the Russian Federation,Health Infrastructure
2025-03-18,,Ukraine,UKR,Kharkiv Oblast,49.8,36.9,(2) 25 km Precision ,Education,Local Education Provider,Air-Launched: Drone,Aerial Bomb,Foreign Forces: Military,Armed Forces of the Russian Federation,Education Infrastructure
2025-03-18,,Syria,SYR,Dar'a Governorate,32.7,36.2,(2) 25 km Precision ,Food Security,None,Directly-Emplaced,Mine,NSA,Unidentified Armed Actor,Other
2025-03-18,,Sudan,SDN,Al Khartum,15.6,32.5,"(3) District, Communicipality or Commune ",Education,Local Education Provider,Air-Launched: Drone,Aerial Bomb,NSA,Unidentified Armed Actor,Education Infrastructure
2025-03-17,,Syria,SYR,Al-Hasaka Governorate,36.6,40.3,(2) 25 km Precision ,Food Security,None,Ground-Launched,Shelling,Other,Syrian Armed Forces,Other
2025-03-17,,Syria,SYR,Aleppo Governorate,36.6,38.2,(2) 25 km Precision ,Food Security,None,Air-Launched: Drone,Aerial Bomb,Foreign Forces: Military,Armed Forces of Turkey,Other
2025-03-17,,Yemen,YEM,Al Jawf Governorate,16.1,44.7,(2) 25 km Precision ,Health Care,Local Health Care Provider,Air-Launched: Plane,Aerial Bomb,Other,Conflict Party unspecified (Yemen),Other
2025-03-17,,Yemen,YEM,Amanat Al Asimah,15.3,44.2,"(3) District, Communicipality or Commune ",Education,Local Education Provider,Air-Launched: Plane,Aerial Bomb,No Information,Unidentified Armed Actor,Education Infrastructure
2025-03-17,,Sudan,SDN,North Darfur State,13.4,25.3,(2) 25 km Precision ,Protection,IDP/Refugee Service,Directly-Emplaced,Hand Grenade,No Information,Unidentified Armed Actor,Protection Infrastructure
2025-03-17,,Syria,SYR,Homs Governorate,34.5,36.5,(2) 25 km Precision ,Food Security,None,Ground-Launched,Shelling,NSA,Militia,Other
2025-03-16,,Mali,MLI,Taoudénit Region,16.5,-5.4,(2) 25 km Precision ,Food Security,None,Air-Launched: Plane,Aerial Bomb,Other,Mali Armed Forces,Other
2025-03-16,,Ukraine,UKR,Kherson Oblast,46.6,32.6,(2) 25 km Precision ,Health Care,Local Health Care Provider,Air-Launched: Drone,Aerial Bomb,Foreign Forces: Military,Armed Forces of the Russian Federation,Multiple
2025-03-16,,Yemen,YEM,Sa'dah Governorate,16.9,43.7,(2) 25 km Precision ,Health Care,Local Health Care Provider,Air-Launched: Plane,Aerial Bomb,Other,Conflict Party unspecified (Yemen),Other
2025-03-16,,Yemen,YEM,Sa'dah Governorate,16.9,43.7,"(3) District, Communicipality or Commune ",Health Care,Local Health Care Provider,Air-Launched: Plane,Aerial Bomb,Foreign Forces: Military,US Military,Health Infrastructure
2025-03-16,,Mali,MLI,Taoudénit Region,16.5,-5.4,(2) 25 km Precision ,Food Security,None,Air-Launched: Plane,Aerial Bomb,Other,Mali Armed Forces,Other
2025-03-16,,DRC,COD,North Kivu,-1.4,28.0,(2) 25 km Precision ,Health Care,Local Health Care Provider,Ground-Launched,Unspecified Explosive,NSA,"March 23 Movement, Wazalendo (DRC local militia)",Health Infrastructure
2025-03-16,,Somalia,SOM,Middle Juba,0.4,42.7,(2) 25 km Precision ,Food Security,None,Air-Launched: Plane,Aerial Bomb,Foreign Forces: Military,Ethiopian National Defense Forces,Other
2025-03-16,,Yemen,YEM,Al Bayda' Governorate,14.4,44.8,"(3) District, Communicipality or Commune ",Education,Local Education Provider,Air-Launched: Plane,Aerial Bomb,NSA,Unidentified Armed Actor,Education Infrastructure
2025-03-16,,Yemen,YEM,Sa'dah Governorate,16.9,43.6,(2) 25 km Precision ,Food Security,None,Air-Launched: Plane,Aerial Bomb,Foreign Forces: Military,US Military,Other
2025-03-16,,Yemen,YEM,Sa'dah Governorate,17.0,43.6,(2) 25 km Precision ,Food Security,None,Air-Launched: Plane,Aerial Bomb,Foreign Forces: Military,US Military,Other
2025-03-16,,Myanmar,MMR,Ayeyarwady,16.9,95.6,(2) 25 km Precision ,Education,Local Education Provider,Air-Launched: Plane,Aerial Bomb,Other,Myanmar Armed Forces,Education Infrastructure
2025-03-15,,Sudan,SDN,North Darfur State,13.6,25.3,(2) 25 km Precision ,Protection,IDP/Refugee Service,Ground-Launched,Shelling,Vigilante,Rapid Support Forces,Protection Infrastructure
2025-03-15,,Ukraine,UKR,Kharkiv Oblast,50.1,35.5,(2) 25 km Precision ,Education,Local Education Provider,Air-Launched: Drone,Aerial Bomb,Foreign Forces: Military,Armed Forces of the Russian Federation,Other
2025-03-15,,Ukraine,UKR,Kharkiv Oblast,50.1,35.5,(2) 25 km Precision ,Education,Local Education Provider,Air-Launched: Drone,Aerial Bomb,Foreign Forces: Military,Armed Forces of the Russian Federation,Education Infrastructure
2025-03-15,,Yemen,YEM,Ad Dali' Governorate,13.9,44.6,(2) 25 km Precision ,Food Security,None,Air-Launched: Drone,Aerial Bomb,Other,Yemen Armed Forces,Other
2025-03-14,,Yemen,YEM,Al Hudaydah Governorate,13.9,43.4,(2) 25 km Precision ,Food Security,None,Directly-Emplaced,Mine,NSA,Shia al-Houthi rebels,Other
2025-03-13,,Ukraine,UKR,Kharkiv Oblast,50.2,35.9,(2) 25 km Precision ,Health Care,Local Health Care Provider,Air-Launched: Drone,Aerial Bomb,Foreign Forces: Military,Armed Forces of the Russian Federation,Health Infrastructure
2025-03-13,,Sudan,SDN,North Darfur State,13.4,25.3,(2) 25 km Precision ,"Protection, Aid Operations","IDP/Refugee Service, NGO",Ground-Launched,Shelling,No Information,Unidentified Armed Actor,Aid Infrastructure
2025-03-13,,Ukraine,UKR,Kharkiv Oblast,50.2,35.9,(2) 25 km Precision ,Health Care,Local Health Care Provider,Air-Launched: Drone,Aerial Bomb,Foreign Forces: Military,Armed Forces of the Russian Federation,Health Worker
2025-03-13,,Ukraine,UKR,Chernihiv Oblast,52.2,32.3,(2) 25 km Precision ,Education,Local Education Provider,Air-Launched: Drone,Aerial Bomb,Foreign Forces: Military,Armed Forces of the Russian Federation,Education Infrastructure
2025-03-13,,Sudan,SDN,North Kordofan State,13.1,30.2,(2) 25 km Precision ,"Education, Health Care","Local Education Provider, Local Health Care Provider",Ground-Launched,Artillery,Vigilante,Rapid Support Forces,Education Infrastructure
2025-03-13,,Yemen,YEM,Ta'izz Governorate,13.5,44.0,(2) 25 km Precision ,Food Security,None,Ground-Launched,Shelling,NSA,Shia al-Houthi rebels,Other
2025-03-13,,Lebanon,LBN,Nabatieh Governorate,33.2,35.3,censored by HDX,Food Security,None,Air-Launched: Plane,Aerial Bomb,Foreign Forces: Military,Israeli Defence Forces,Other
2025-03-12,,Ukraine,UKR,Donetsk Oblast,48.5,37.6,(2) 25 km Precision ,Health Care,Local Health Care Provider,Air-Launched: Plane,Aerial Bomb,Foreign Forces: Military,Armed Forces of the Russian Federation,Health Infrastructure
2025-03-12,,Somalia,SOM,Lower Shabelle,2.1,45.1,(2) 25 km Precision ,Food Security,None,Air-Launched: Plane,Aerial Bomb,Foreign Forces: Military,US Military,Other
2025-03-11,,Syria,SYR,Hama Governorate,35.0,37.4,(2) 25 km Precision ,Food Security,None,Directly-Emplaced,Mine,NSA,Unidentified Armed Actor,Other
2025-03-11,,Myanmar,MMR,Kayah State,19.4,97.2,None,Protection,IDP/Refugee Service,Air-Launched: Plane,Aerial Bomb,Other,Myanmar Armed Forces,Protection Infrastructure
2025-03-11,,Myanmar,MMR,Magway,21.2,94.9,(2) 25 km Precision ,Education,Local Education Provider,None,Aerial Bomb,Other,Myanmar Armed Forces,Education Infrastructure
2025-03-11,,Ukraine,UKR,No Information,49.4,31.2,(6) Country,Health Care,Local Health Care Provider,Unspecified Launch Method,Unspecified Explosive,Foreign Forces: Military,Armed Forces of the Russian Federation,Health Worker
2025-03-11,,Ukraine,UKR,Dnipropetrovsk Oblast,48.4,35.0,(2) 25 km Precision ,Education,Local Education Provider,Air-Launched: Drone,Aerial Bomb,Foreign Forces: Military,Armed Forces of the Russian Federation,Education Infrastructure
2025-03-11,,Ukraine,UKR,Dnipropetrovsk Oblast,48.4,35.0,(2) 25 km Precision ,Education,Local Education Provider,Air-Launched: Drone,Aerial Bomb,Foreign Forces: Military,Armed Forces of the Russian Federation,Education Infrastructure
2025-03-11,,Ukraine,UKR,Sumy Oblast,50.4,35.4,(2) 25 km Precision ,Health Care,Local Health Care Provider,Air-Launched: Drone,Aerial Bomb,Foreign Forces: Military,Armed Forces of the Russian Federation,Other
2025-03-11,,Sudan,SDN,North Darfur State,13.6,25.3,(2) 25 km Precision ,Protection,IDP/Refugee Service,Ground-Launched,Shelling,Vigilante,Rapid Support Forces,Protection Infrastructure
2025-03-10,,Ukraine,UKR,Kyiv Oblast,50.4,29.8,(2) 25 km Precision ,Health Care,Private Health Care,Ground-Launched,Artillery,Foreign Forces: Military,Armed Forces of the Russian Federation,Health Infrastructure
2025-03-10,,Ukraine,UKR,Dnipropetrovsk Oblast,47.7,34.4,"(3) District, Communicipality or Commune ",Health Care,Local Health Care Provider,Unspecified Launch Method,Unspecified Explosive,Foreign Forces: Military,Armed Forces of the Russian Federation,Health Infrastructure
2025-03-10,,Syria,SYR,Deir ez-Zor Governorate,34.8,40.5,(2) 25 km Precision ,Food Security,None,Directly-Emplaced,Mine,NSA,Unidentified Armed Actor,Other
2025-03-10,,Yemen,YEM,Ta'izz Governorate,12.9,43.4,(2) 25 km Precision ,Food Security,None,Unspecified Launch Method,Unspecified Explosive,NSA,Shia al-Houthi rebels,Other
2025-03-10,,Myanmar,MMR,Sagaing Region,22.7,95.4,(2) 25 km Precision ,Education,Local Education Provider,Air-Launched: Drone,Aerial Bomb,NSA,Unidentified Armed Actor,Education Infrastructure
2025-03-10,,Ukraine,UKR,Donetsk Oblast,48.4,37.1,(2) 25 km Precision ,Education,Local Education Provider,Air-Launched: Plane,Aerial Bomb,Foreign Forces: Military,Armed Forces of the Russian Federation,Education Infrastructure
2025-03-10,,Myanmar,MMR,Rakhine,19.2,93.7,(2) 25 km Precision ,Health Care,Local Health Care Provider,Air-Launched: Drone,Aerial Bomb,Other,Myanmar Armed Forces,Health Infrastructure
2025-03-09,,Lebanon,LBN,Nabatieh Governorate,33.2,35.3,censored by HDX,Food Security,None,Ground-Launched,Mortar,Foreign Forces: Military,Israeli Defence Forces,Other
2025-03-09,,Myanmar,MMR,Kayin State,16.6,98.0,(2) 25 km Precision ,Education,Local Education Provider,Air-Launched: Drone,Aerial Bomb,Other,Local Defense Forces,Education Infrastructure
2025-03-09,,DRC,COD,South Kivu,-2.8,28.8,(2) 25 km Precision ,Health Care,Local Health Care Provider,Ground-Launched,Shelling,Other,Conflict Party unspecified (DRC),Health Infrastructure
2025-03-08,,Myanmar,MMR,Bago Region,18.7,96.5,(2) 25 km Precision ,"Health Care, Aid Operations",NGO,Air-Launched: Plane,Aerial Bomb,Other,Myanmar Armed Forces,Health Worker
2025-03-08,,Syria,SYR,Deir ez-Zor Governorate,34.9,40.5,(2) 25 km Precision ,Food Security,None,Directly-Emplaced,Mine,NSA,Unidentified Armed Actor,Other
2025-03-08,,Ukraine,UKR,Sumy Oblast,50.3,34.8,(2) 25 km Precision ,Education,Local Education Provider,Air-Launched: Drone,Aerial Bomb,Foreign Forces: Military,Armed Forces of the Russian Federation,Education Infrastructure
2025-03-08,,Ukraine,UKR,Donetsk Oblast,48.5,37.6,(2) 25 km Precision ,Health Care,Local Health Care Provider,Air-Launched: Plane,Aerial Bomb,Foreign Forces: Military,Armed Forces of the Russian Federation,Health Infrastructure
2025-03-08,,Myanmar,MMR,Shan State,19.7,97.0,(2) 25 km Precision ,Health Care,Local Health Care Provider,Ground-Launched,Artillery,Other,Myanmar Armed Forces,Health Infrastructure
2025-03-07,,Ukraine,UKR,Donetsk Oblast,47.9,37.7,"(4) Province, State, Governorate ",Health Care,Local Health Care Provider,Ground-Launched,Shelling,Foreign Forces: Military,Armed Forces of the Russian Federation,Health Infrastructure
2025-03-07,,Ukraine,UKR,Donetsk Oblast,48.2,37.1,(2) 25 km Precision ,Aid Operations,LNGO,Ground-Launched,Shelling,Foreign Forces: Military,Armed Forces of the Russian Federation,Other
2025-03-07,,Yemen,YEM,Ta'izz Governorate,13.6,43.6,(2) 25 km Precision ,Food Security,None,Directly-Emplaced,Mine,NSA,Shia al-Houthi rebels,Other
2025-03-07,,Sudan,SDN,Aj Jazira,14.4,33.7,(2) 25 km Precision ,Food Security,None,UXO,UXO,NSA,Unidentified Armed Actor,Other
2025-03-07,,Syria,SYR,Idleb Governorate,35.6,36.5,(2) 25 km Precision ,Food Security,None,Directly-Emplaced,Mine,NSA,Unidentified Armed Actor,Other
2025-03-06,,Ukraine,UKR,Dnipropetrovsk Oblast,47.5,34.3,(2) 25 km Precision ,Education,Local Education Provider,Air-Launched: Drone,Aerial Bomb,Foreign Forces: Military,Armed Forces of the Russian Federation,Education Infrastructure
2025-03-06,,Syria,SYR,Aleppo Governorate,36.1,37.7,(2) 25 km Precision ,Food Security,None,Directly-Emplaced,Mine,NSA,Unidentified Armed Actor,Other
2025-03-05,,Sudan,SDN,North Darfur State,13.4,25.3,(2) 25 km Precision ,Protection,IDP/Refugee Service,Ground-Launched,Shelling,Vigilante,Rapid Support Forces,Protection Infrastructure
2025-03-05,,Ukraine,UKR,Dnipropetrovsk Oblast,47.9,33.3,(2) 25 km Precision ,Education,Local Education Provider,Air-Launched: Plane,Aerial Bomb,Foreign Forces: Military,Armed Forces of the Russian Federation,Education Infrastructure
2025-03-05,,Sudan,SDN,Al Khartum,15.6,32.4,(2) 25 km Precision ,Health Care,Local Health Care Provider,Ground-Launched,Artillery,Vigilante,Rapid Support Forces,Health Worker
2025-03-05,,Sudan,SDN,Al Khartum,15.6,32.4,(2) 25 km Precision ,Education,Local Education Provider,Ground-Launched,Artillery,Vigilante,Rapid Support Forces,Education Infrastructure
2025-03-05,,Ukraine,UKR,Kyiv Oblast,50.3,30.9,(2) 25 km Precision ,Education,Local Education Provider,Air-Launched: Drone,Aerial Bomb,Foreign Forces: Military,Armed Forces of the Russian Federation,Education Infrastructure
2025-03-05,,Myanmar,MMR,Kayah State,19.4,97.2,(2) 25 km Precision ,Education,Local Education Provider,Air-Launched: Plane,Aerial Bomb,Other,Myanmar Armed Forces,Education Infrastructure
2025-03-05,,Ukraine,UKR,Dnipropetrovsk Oblast,47.9,33.3,(2) 25 km Precision ,Education,Local Education Provider,Air-Launched: Plane,Aerial Bomb,Foreign Forces: Military,Armed Forces of the Russian Federation,Education Infrastructure
2025-03-05,,Ukraine,UKR,Kyiv Oblast,50.3,30.9,(2) 25 km Precision ,Education,Local Education Provider,Air-Launched: Drone,Aerial Bomb,Foreign Forces: Military,Armed Forces of the Russian Federation,Education Infrastructure
2025-03-05,,Sudan,SDN,North Darfur State,13.6,25.3,(2) 25 km Precision ,Protection,IDP/Refugee Service,Ground-Launched,Shelling,Vigilante,Rapid Support Forces,Protection Infrastructure
2025-03-04,,Sudan,SDN,North Darfur State,13.6,25.3,(2) 25 km Precision ,"Protection, Food Security",IDP/Refugee Service,Ground-Launched,Shelling,Vigilante,Rapid Support Forces,Protection Infrastructure
2025-03-04,,Myanmar,MMR,Mandalay,22.5,96.0,(2) 25 km Precision ,Health Care,Local Health Care Provider,Air-Launched: Plane,Aerial Bomb,Other,Myanmar Armed Forces,Health Infrastructure
2025-03-04,,Ukraine,UKR,Sumy Oblast,50.9,34.8,(2) 25 km Precision ,Health Care,Local Health Care Provider,Air-Launched: Drone,Aerial Bomb,Foreign Forces: Military,Armed Forces of the Russian Federation,Health Infrastructure
2025-03-04,,Ukraine,UKR,Sumy Oblast,50.9,34.8,(2) 25 km Precision ,Health Care,Local Health Care Provider,Air-Launched: Drone,Aerial Bomb,Foreign Forces: Military,Armed Forces of the Russian Federation,Other
2025-03-04,,Myanmar,MMR,Kayah State,19.4,97.2,"(3) District, Communicipality or Commune ","Health Care, Aid Operations",NGO,Air-Launched: Plane,Aerial Bomb,Other,Myanmar Armed Forces,Health Infrastructure
2025-03-04,,Myanmar,MMR,Shan State,19.7,97.0,"(3) District, Communicipality or Commune ",Education,Local Education Provider,Air-Launched: Drone,Aerial Bomb,Other,Myanmar Armed Forces,Education Infrastructure
2025-03-04,,Myanmar,MMR,Shan State,19.7,97.0,"(3) District, Communicipality or Commune ",Education,Local Education Provider,Air-Launched: Drone,Aerial Bomb,Other,Myanmar Armed Forces,Education Infrastructure
2025-03-04,,Myanmar,MMR,Shan State,19.7,97.0,"(3) District, Communicipality or Commune ",Education,Local Education Provider,Air-Launched: Drone,Aerial Bomb,Other,Myanmar Armed Forces,Education Infrastructure
2025-03-04,,Myanmar,MMR,Shan State,19.7,97.0,"(3) District, Communicipality or Commune ",Education,Local Education Provider,Air-Launched: Drone,Aerial Bomb,Other,Myanmar Armed Forces,Education Infrastructure
2025-03-04,,Syria,SYR,Deir ez-Zor Governorate,35.5,39.9,(2) 25 km Precision ,Food Security,None,Directly-Emplaced,Mine,NSA,Unidentified Armed Actor,Other
2025-03-04,,Syria,SYR,Aleppo Governorate,36.4,36.9,(2) 25 km Precision ,Food Security,None,Directly-Emplaced,Mine,NSA,Unidentified Armed Actor,Other
2025-03-04,,Myanmar,MMR,Kayah State,19.4,96.9,None,Protection,IDP/Refugee Service,Air-Launched: Plane,Aerial Bomb,Other,Myanmar Armed Forces,Protection Infrastructure
2025-03-04,,Ukraine,UKR,Donetsk Oblast,48.3,38.0,(2) 25 km Precision ,Education,Local Education Provider,Air-Launched: Drone,Aerial Bomb,Other,Armed Forces of Ukraine,Education Infrastructure
2025-03-03,,Ukraine,UKR,Kharkiv Oblast,49.5,36.6,(2) 25 km Precision ,Education,Local Education Provider,Air-Launched: Plane,Aerial Bomb,Foreign Forces: Military,Armed Forces of the Russian Federation,Education Infrastructure
2025-03-03,,Yemen,YEM,Shabwah Governorate,14.5,46.4,(2) 25 km Precision ,Food Security,None,UXO,UXO,NSA,Shia al-Houthi rebels,Other
2025-03-03,,Myanmar,MMR,Magway,21.6,94.7,(2) 25 km Precision ,Health Care,Local Health Care Provider,Air-Launched: Plane,Aerial Bomb,Other,Myanmar Armed Forces,Health Infrastructure
2025-03-03,,Ukraine,UKR,Kherson Oblast,46.6,32.6,(2) 25 km Precision ,Health Care,Local Health Care Provider,Air-Launched: Drone,Aerial Bomb,Foreign Forces: Military,Armed Forces of the Russian Federation,Health Infrastructure
2025-03-03,,Ukraine,UKR,Donetsk Oblast,48.3,37.2,(2) 25 km Precision ,Health Care,Local Health Care Provider,Ground-Launched,Shelling,Foreign Forces: Military,Armed Forces of the Russian Federation,Health Infrastructure
2025-03-02,,Syria,SYR,Deir ez-Zor Governorate,34.4,40.9,(2) 25 km Precision ,Food Security,None,Directly-Emplaced,Mine,NSA,Unidentified Armed Actor,Other
2025-03-02,,Sudan,SDN,North Darfur State,13.6,25.3,(2) 25 km Precision ,Protection,IDP/Refugee Service,Ground-Launched,Shelling,Vigilante,Rapid Support Forces,Protection Infrastructure
2025-03-02,,Ukraine,UKR,Dnipropetrovsk Oblast,47.9,33.3,(2) 25 km Precision ,Education,Local Education Provider,Air-Launched: Drone,Aerial Bomb,Foreign Forces: Military,Armed Forces of the Russian Federation,Education Infrastructure
2025-03-01,,Myanmar,MMR,Kayin State,17.2,97.5,(2) 25 km Precision ,Education,Local Education Provider,Air-Launched: Plane,Aerial Bomb,Other,Myanmar Armed Forces,Education Infrastructure
2025-03-01,,Chechnya,RUS,Central Federal District,51.9,34.5,(2) 25 km Precision ,Health Care,Local Health Care Provider,Air-Launched: Drone,Aerial Bomb,Foreign Forces: Military,Armed Forces of Ukraine,Health Infrastructure
2025-03-01,,OPT,PSE,West Bank,,,censored,Protection,IDP/Refugee Service,Directly-emplaced,Unspecified Explosive,NSA,Unidentified Armed Actor,Protection Infrastructure
2025-02-28,,Ukraine,UKR,Kharkiv Oblast,50.0,36.2,(2) 25 km Precision ,Health Care,Local Health Care Provider,Air-Launched: Drone,Aerial Bomb,Foreign Forces: Military,Armed Forces of the Russian Federation,Health Infrastructure
2025-02-28,,Ukraine,UKR,Kharkiv Oblast,49.9,36.2,(2) 25 km Precision ,Health Care,Local Health Care Provider,Air-Launched: Drone,Aerial Bomb,Foreign Forces: Military,Armed Forces of the Russian Federation,Health Infrastructure
2025-02-28,,Ukraine,UKR,Kharkiv Oblast,50.0,36.2,(2) 25 km Precision ,Health Care,Local Health Care Provider,Air-Launched: Drone,Aerial Bomb,Foreign Forces: Military,Armed Forces of the Russian Federation,Health Infrastructure
2025-02-26,,Myanmar,MMR,Bago Region,18.2,96.7,(2) 25 km Precision ,Education,Local Education Provider,Air-Launched: Drone,Aerial Bomb,Other,Myanmar Armed Forces,Education Infrastructure
2025-02-26,,Myanmar,MMR,Bago Region,18.2,96.7,(2) 25 km Precision ,Education,Local Education Provider,Air-Launched: Drone,Aerial Bomb,Other,Myanmar Armed Forces,Education Infrastructure
2025-02-26,,Ukraine,UKR,Kyiv Oblast,50.3,30.3,(2) 25 km Precision ,Health Care,Local Health Care Provider,Air-Launched: Drone,Aerial Bomb,Foreign Forces: Military,Armed Forces of the Russian Federation,Health Worker
2025-02-26,,Ukraine,UKR,Kherson Oblast,46.7,33.8,"(4) Province, State, Governorate ",Health Care,Local Health Care Provider,Air-Launched: Drone,Aerial Bomb,Foreign Forces: Military,Armed Forces of the Russian Federation,Health Infrastructure
2025-02-26,,Ukraine,UKR,Kharkiv Oblast,49.3,37.6,(2) 25 km Precision ,Health Care,Local Health Care Provider,Ground-Launched,Rocket,Foreign Forces: Military,Armed Forces of the Russian Federation,Multiple
2025-02-25,,Ukraine,UKR,Donetsk Oblast,48.6,37.6,(2) 25 km Precision ,Education,Local Education Provider,Unspecified Launch Method,Unspecified Explosive,Foreign Forces: Military,Armed Forces of the Russian Federation,Education Infrastructure
2025-02-25,,Ukraine,UKR,Donetsk Oblast,48.5,37.6,(2) 25 km Precision ,Education,Local Education Provider,Air-Launched: Plane,Aerial Bomb,Foreign Forces: Military,Armed Forces of the Russian Federation,Education Infrastructure
2025-02-25,,Ukraine,UKR,Donetsk Oblast,48.3,38.0,(2) 25 km Precision ,Education,Local Education Provider,Air-Launched: Drone,Aerial Bomb,Other,Armed Forces of Ukraine,Education Infrastructure
2025-02-25,,Ukraine,UKR,Kherson Oblast,46.6,32.6,(2) 25 km Precision ,Health Care,Local Health Care Provider,Ground-Launched,Shelling,Foreign Forces: Military,Armed Forces of the Russian Federation,Health Infrastructure
2025-02-25,,Ukraine,UKR,Donetsk Oblast,48.6,37.6,(2) 25 km Precision ,Education,Local Education Provider,Unspecified Launch Method,Unspecified Explosive,Foreign Forces: Military,Armed Forces of the Russian Federation,Education Infrastructure
2025-02-25,,Ukraine,UKR,Donetsk Oblast,48.3,37.7,(2) 25 km Precision ,Health Care,Local Health Care Provider,Ground-Launched,Artillery,Foreign Forces: Military,Armed Forces of the Russian Federation,Health Worker
2025-02-24,,Ukraine,UKR,Donetsk Oblast,48.3,38.0,(2) 25 km Precision ,Education,Local Education Provider,Air-Launched: Drone,Aerial Bomb,Other,Armed Forces of Ukraine,Education Infrastructure
2025-02-24,,Sudan,SDN,North Darfur State,13.4,25.3,(2) 25 km Precision ,"Health Care, Protection, Aid Operations","IDP/Refugee Service, INGO",Unspecified Launch Method,Unspecified Explosive,Vigilante,Rapid Support Forces,Other
2025-02-24,,Myanmar,MMR,Sagaing Region,22.6,95.6,(2) 25 km Precision ,Health Care,Local Health Care Provider,Air-Launched: Drone,Aerial Bomb,NSA,Unidentified Armed Actor,Health Infrastructure
2025-02-23,,Ukraine,UKR,Kherson Oblast,46.6,32.6,(2) 25 km Precision ,Education,Local Education Provider,Air-Launched: Plane,Aerial Bomb,Foreign Forces: Military,Armed Forces of the Russian Federation,Education Infrastructure
2025-02-23,,Myanmar,MMR,Kachin State,23.9,97.2,(2) 25 km Precision ,Education,Local Education Provider,Air-Launched: Plane,Aerial Bomb,Other,Myanmar Armed Forces,Education Infrastructure
2025-02-23,,Myanmar,MMR,Sagaing Region,23.0,94.0,(2) 25 km Precision ,"Health Care, Food Security",Other,Air-Launched: Plane,Aerial Bomb,Other,Myanmar Armed Forces,Health Infrastructure
2025-02-22,,Ukraine,UKR,Donetsk Oblast,48.5,37.6,(2) 25 km Precision ,Health Care,Local Health Care Provider,Air-Launched: Plane,Aerial Bomb,Foreign Forces: Military,Armed Forces of the Russian Federation,Health Infrastructure
2025-02-21,,Ukraine,UKR,Kharkiv Oblast,50.0,37.3,None,Health Care,Local Health Care Provider,Air-Launched: Plane,Aerial Bomb,Foreign Forces: Military,Armed Forces of the Russian Federation,Health Infrastructure
2025-02-21,,Ukraine,UKR,Donetsk Oblast,48.3,37.2,(2) 25 km Precision ,Education,Local Education Provider,Air-Launched: Plane,Aerial Bomb,Foreign Forces: Military,Armed Forces of the Russian Federation,Education Infrastructure
2025-02-20,,OPT,PSE,West Bank,,,censored,Protection,IDP/Refugee Service,"Directly-Emplaced, NotAnswered","NotAnswered, RoadIED",Multiple,Unidentified Armed Actor,Protection Infrastructure
2025-02-20,,Ukraine,UKR,Donetsk Oblast,47.9,36.7,(2) 25 km Precision ,Health Care,Local Health Care Provider,Air-Launched: Plane,Aerial Bomb,Foreign Forces: Military,Armed Forces of the Russian Federation,Health Infrastructure
2025-02-20,,Ukraine,UKR,Donetsk Oblast,47.9,36.7,(2) 25 km Precision ,Health Care,Local Health Care Provider,Air-Launched: Plane,Aerial Bomb,Foreign Forces: Military,Armed Forces of the Russian Federation,Health Infrastructure
2025-02-20,,Ukraine,UKR,Donetsk Oblast,48.5,37.6,(2) 25 km Precision ,Health Care,Local Health Care Provider,Air-Launched: Plane,Aerial Bomb,Foreign Forces: Military,Armed Forces of the Russian Federation,Health Infrastructure
2025-02-20,,Ukraine,UKR,Donetsk Oblast,47.9,37.7,"(4) Province, State, Governorate ",Health Care,Local Health Care Provider,Ground-Launched,Shelling,Foreign Forces: Military,Armed Forces of the Russian Federation,Health Worker
2025-02-19,,Ukraine,UKR,Kherson Raion,46.6,32.4,(2) 25 km Precision ,Health Care,Local Health Care Provider,Air-Launched: Drone,Aerial Bomb,Foreign Forces: Military,Armed Forces of the Russian Federation,Health Infrastructure
2025-02-19,,Ukraine,UKR,Zaporizhia Oblast,47.6,36.2,(2) 25 km Precision ,Health Care,Local Health Care Provider,Ground-Launched,Rocket,Foreign Forces: Military,Armed Forces of the Russian Federation,Health Infrastructure
2025-02-19,,Colombia,COL,RAP Pacífico,2.4,-77.2,(2) 25 km Precision ,Education,Local Education Provider,Air-Launched: Drone,Aerial Bomb,NSA,Fuerzas Armadas Revolucionarias de Colombia,Education Infrastructure
2025-02-19,,Myanmar,MMR,Sagaing Region,22.0,95.1,(2) 25 km Precision ,Education,Local Education Provider,Ground-Launched,Artillery,Other,Myanmar Armed Forces,Education Infrastructure
2025-02-19,,Colombia,COL,RAP Pacífico,2.4,-77.2,(2) 25 km Precision ,"Health Care, Aid Operations","INGO, Local Health Care Provider",Air-Launched: Drone,Aerial Bomb,NSA,Fuerzas Armadas Revolucionarias de Colombia,Health Infrastructure
2025-02-19,,Myanmar,MMR,Ta'ang State,22.3,96.8,(2) 25 km Precision ,Health Care,Local Health Care Provider,Air-Launched: Plane,Aerial Bomb,Other,Myanmar Armed Forces,Health Infrastructure
2025-02-19,,Myanmar,MMR,Sagaing Region,22.0,95.1,(2) 25 km Precision ,Protection,IDP/Refugee Service,Ground-Launched,Artillery,Other,Myanmar Armed Forces,Protection Infrastructure
2025-02-19,,Ukraine,UKR,Dnipropetrovsk Oblast,47.5,34.8,(2) 25 km Precision ,"Health Care, Aid Operations",LNGO,Air-Launched: Drone,Aerial Bomb,Foreign Forces: Military,Armed Forces of the Russian Federation,Health Infrastructure
2025-02-18,,Ukraine,UKR,Donetsk Oblast,48.5,37.8,(2) 25 km Precision ,Health Care,Local Health Care Provider,Ground-Launched,Shelling,Foreign Forces: Military,Armed Forces of the Russian Federation,Health Worker
2025-02-18,,Ukraine,UKR,Odesa Oblast,46.4,30.7,(2) 25 km Precision ,Health Care,Local Health Care Provider,Air-Launched: Drone,Aerial Bomb,Foreign Forces: Military,Armed Forces of the Russian Federation,Health Infrastructure
2025-02-18,,Myanmar,MMR,Mandalay,22.5,96.0,(2) 25 km Precision ,Education,Local Education Provider,Air-Launched: Plane,Aerial Bomb,Other,Myanmar Armed Forces,Education Infrastructure
2025-02-18,,Ukraine,UKR,Odesa Oblast,46.4,30.7,(2) 25 km Precision ,Health Care,Local Health Care Provider,Air-Launched: Drone,Aerial Bomb,Foreign Forces: Military,Armed Forces of the Russian Federation,Other
2025-02-18,,Ukraine,UKR,Kherson Oblast,47.0,33.6,(2) 25 km Precision ,Education,Local Education Provider,Air-Launched: Plane,Aerial Bomb,Foreign Forces: Military,Armed Forces of the Russian Federation,Education Infrastructure
2025-02-18,,Ukraine,UKR,Odesa Oblast,46.4,30.7,(2) 25 km Precision ,Education,Local Education Provider,Air-Launched: Drone,Aerial Bomb,Foreign Forces: Military,Armed Forces of the Russian Federation,Education Infrastructure
2025-02-18,,Ukraine,UKR,Kherson Oblast,47.0,33.6,(2) 25 km Precision ,Education,Local Education Provider,Air-Launched: Plane,Aerial Bomb,Foreign Forces: Military,Armed Forces of the Russian Federation,Education Infrastructure
2025-02-18,,Myanmar,MMR,Rakhine,20.1,92.8,(2) 25 km Precision ,Health Care,Local Health Care Provider,Ground-Launched,Artillery,NSA,Arakan Army,Health Infrastructure
2025-02-17,,Lebanon,LBN,Nabatieh Governorate,33.2,35.3,censored by HDX,Education,Local Education Provider,Air-Launched: Drone,Aerial Bomb,Foreign Forces: Military,Israeli Defence Forces,Education Infrastructure
2025-02-17,,Ethiopia,ETH,Amhara Region,12.3,37.5,(2) 25 km Precision ,Education,Local Education Provider,Air-Launched: Drone,Aerial Bomb,Other,Ethiopian National Defense Forces,Education Infrastructure
2025-02-17,,Myanmar,MMR,Tanintharyi Region,14.8,98.0,(2) 25 km Precision ,Education,Local Education Provider,Air-Launched: Plane,Aerial Bomb,Other,Myanmar Armed Forces,Education Infrastructure
2025-02-17,,Ukraine,UKR,Sumy Oblast,51.1,35.0,(2) 25 km Precision ,Health Care,Local Health Care Provider,Unspecified Launch Method,Unspecified Explosive,Foreign Forces: Military,Armed Forces of the Russian Federation,Health Worker
2025-02-17,,Sudan,SDN,North Darfur State,13.6,25.3,(2) 25 km Precision ,"Protection, Aid Operations",UN Agency,Ground-Launched,Shelling,NSA,Unidentified Armed Actor,Aid Infrastructure
2025-02-17,,Colombia,COL,RAP Pacífico,2.4,-77.2,(2) 25 km Precision ,Health Care,Local Health Care Provider,Air-Launched: Drone,Aerial Bomb,NSA,Unidentified Armed Actor,Health Infrastructure
2025-02-17,,Myanmar,MMR,Kachin State,25.8,96.6,(2) 25 km Precision ,Education,Local Education Provider,Air-Launched: Plane,Aerial Bomb,Other,Myanmar Armed Forces,Education Infrastructure
2025-02-17,,Ukraine,UKR,Dnipropetrovsk Oblast,47.6,34.6,(2) 25 km Precision ,"Education, Food Security",Local Education Provider,Ground-Launched,Shelling,Foreign Forces: Military,Armed Forces of the Russian Federation,Education Infrastructure
2025-02-16,,Ukraine,UKR,Donetsk Oblast,47.4,37.6,(2) 25 km Precision ,Health Care,Local Health Care Provider,Ground-Launched,Shelling,Foreign Forces: Military,Armed Forces of the Russian Federation,Health Worker
2025-02-16,,Ukraine,UKR,Kherson Oblast,46.6,32.6,(2) 25 km Precision ,Aid Operations,NGO,Ground-Launched,Artillery,Foreign Forces: Military,Armed Forces of the Russian Federation,Other
2025-02-15,,Myanmar,MMR,Sagaing Region,21.8,95.9,(2) 25 km Precision ,Health Care,Local Health Care Provider,Directly-emplaced,Unspecified Explosive,Other,Local Defense Forces,Health Infrastructure
2025-02-15,,Myanmar,MMR,Sagaing Region,23.7,95.8,(2) 25 km Precision ,"Education, Protection","IDP/Refugee Service, Local Education Provider",Air-Launched: Plane,Aerial Bomb,Other,Myanmar Armed Forces,Education Infrastructure
2025-02-15,,Myanmar,MMR,Sagaing Region,22.7,95.4,(2) 25 km Precision ,Health Care,Local Health Care Provider,Ground-Launched,Artillery,Other,Local Defense Forces,Health Infrastructure
2025-02-14,,Myanmar,MMR,Magway,21.9,94.3,(2) 25 km Precision ,Health Care,Local Health Care Provider,Air-Launched: Plane,Aerial Bomb,Other,Myanmar Armed Forces,Health Infrastructure
2025-02-14,,Ukraine,UKR,Sumy Oblast,50.9,34.8,(2) 25 km Precision ,Health Care,Local Health Care Provider,Air-Launched: Drone,Aerial Bomb,Foreign Forces: Military,Armed Forces of the Russian Federation,Health Infrastructure
2025-02-14,,Ukraine,UKR,Kharkiv Oblast,49.4,37.7,(2) 25 km Precision ,Health Care,Local Health Care Provider,Ground-Launched,Shelling,Foreign Forces: Military,Armed Forces of the Russian Federation,Health Worker
2025-02-14,,Myanmar,MMR,Sagaing Region,23.1,94.0,"(3) District, Communicipality or Commune ",Education,Local Education Provider,Air-Launched: Plane,Aerial Bomb,Other,Myanmar Armed Forces,Education Infrastructure
2025-02-14,,Ukraine,UKR,Kherson Raion,46.6,32.6,"(3) District, Communicipality or Commune ",Health Care,Local Health Care Provider,Ground-Launched,Shelling,Foreign Forces: Military,Armed Forces of the Russian Federation,Health Infrastructure
2025-02-14,,Myanmar,MMR,Sagaing Region,23.0,94.0,(2) 25 km Precision ,Health Care,Local Health Care Provider,Air-Launched: Plane,Aerial Bomb,Other,Myanmar Armed Forces,Health Infrastructure
2025-02-14,,Ukraine,UKR,Kherson Oblast,46.6,32.6,(2) 25 km Precision ,Education,Local Education Provider,Unspecified Launch Method,Unspecified Explosive,Foreign Forces: Military,Armed Forces of the Russian Federation,Education Infrastructure
2025-02-13,,Sudan,SDN,North Darfur State,13.9,26.0,(2) 25 km Precision ,Education,Local Education Provider,Air-Launched: Plane,Aerial Bomb,Other,Sudanese Armed Forces,Education Infrastructure
2025-02-13,,DRC,COD,South Kivu,-2.1,28.9,(2) 25 km Precision ,Health Care,Local Health Care Provider,Air-Launched: Plane,Aerial Bomb,Other,Forces armées de la République démocratique du Congo,Health Infrastructure
2025-02-13,,Myanmar,MMR,Sagaing Region,23.1,94.1,(2) 25 km Precision ,Health Care,Local Health Care Provider,Air-Launched: Plane,Aerial Bomb,Other,Myanmar Armed Forces,Health Infrastructure
2025-02-13,,Ukraine,UKR,Odesa Oblast,46.4,30.7,(2) 25 km Precision ,Education,Local Education Provider,Air-Launched: Drone,Aerial Bomb,Foreign Forces: Military,Armed Forces of the Russian Federation,Education Infrastructure
2025-02-13,,Myanmar,MMR,Sagaing Region,22.9,94.4,"(3) District, Communicipality or Commune ",Health Care,Local Health Care Provider,Air-Launched: Plane,Aerial Bomb,Other,Myanmar Armed Forces,Health Infrastructure
2025-02-13,,Myanmar,MMR,Mandalay,22.2,96.2,(2) 25 km Precision ,Education,Local Education Provider,Ground-Launched,Mortar,Other,Myanmar Armed Forces,Education Infrastructure
2025-02-13,,Myanmar,MMR,Kayah State,19.5,97.1,"(3) District, Communicipality or Commune ",Health Care,Local Health Care Provider,Air-Launched: Plane,Aerial Bomb,Other,Myanmar Armed Forces,Health Infrastructure
2025-02-13,,Myanmar,MMR,Mon State,17.4,97.0,"(3) District, Communicipality or Commune ",Education,Local Education Provider,Air-Launched: Plane,Aerial Bomb,Other,Myanmar Armed Forces,Education Infrastructure
2025-02-13,,Myanmar,MMR,Kayah State,19.4,97.2,"(3) District, Communicipality or Commune ",Education,Local Education Provider,Air-Launched: Plane,Aerial Bomb,Other,Myanmar Armed Forces,Education Infrastructure
2025-02-13,,Myanmar,MMR,Sagaing Region,22.3,95.1,(2) 25 km Precision ,Education,Local Education Provider,Unspecified Launch Method,Unspecified Explosive,NSA,Unidentified Armed Actor,Education Infrastructure
2025-02-12,,Ukraine,UKR,Kharkiv Oblast,49.3,37.5,(2) 25 km Precision ,Health Care,Local Health Care Provider,Ground-Launched,Shelling,Foreign Forces: Military,Armed Forces of the Russian Federation,Health Infrastructure
2025-02-12,,Myanmar,MMR,Sagaing Region,22.3,94.9,(2) 25 km Precision ,Education,Local Education Provider,Air-Launched: Plane,Aerial Bomb,Other,Myanmar Armed Forces,Education Infrastructure
2025-02-11,,Ukraine,UKR,Kyiv Oblast,50.1,30.4,"(4) Province, State, Governorate ",Education,Local Education Provider,Air-Launched: Drone,Aerial Bomb,Foreign Forces: Military,Armed Forces of the Russian Federation,Education Infrastructure
2025-02-11,,Ukraine,UKR,Kyiv Oblast,50.1,30.4,"(4) Province, State, Governorate ",Education,Local Education Provider,Air-Launched: Drone,Aerial Bomb,Foreign Forces: Military,Armed Forces of the Russian Federation,Education Infrastructure
2025-02-11,,Myanmar,MMR,Mandalay,22.3,96.1,(2) 25 km Precision ,Health Care,Local Health Care Provider,Ground-Launched,Artillery,Other,Myanmar Armed Forces,Health Infrastructure
2025-02-11,,Ukraine,UKR,Dnipropetrovsk Oblast,47.9,33.3,(2) 25 km Precision ,Education,Local Education Provider,Ground-Launched,Missile,Foreign Forces: Military,Armed Forces of the Russian Federation,Education Infrastructure
2025-02-11,,Ukraine,UKR,Kyiv Oblast,50.1,30.4,"(4) Province, State, Governorate ",Education,Local Education Provider,Air-Launched: Drone,Aerial Bomb,Foreign Forces: Military,Armed Forces of the Russian Federation,Education Infrastructure
2025-02-11,,Ukraine,UKR,Kharkiv Oblast,49.8,37.5,(2) 25 km Precision ,Health Care,Local Health Care Provider,Ground-Launched,Rocket,Foreign Forces: Military,Armed Forces of the Russian Federation,Health Infrastructure
2025-02-11,,Sudan,SDN,North Darfur State,13.6,25.3,(2) 25 km Precision ,Protection,IDP/Refugee Service,Ground-Launched,Shelling,Vigilante,Rapid Support Forces,Protection Infrastructure
2025-02-11,,Ukraine,UKR,Kherson Raion,46.6,32.4,(2) 25 km Precision ,Health Care,Local Health Care Provider,Air-Launched: Drone,Aerial Bomb,Foreign Forces: Military,Armed Forces of the Russian Federation,Health Infrastructure
2025-02-11,,Myanmar,MMR,Tanintharyi Region,12.3,98.8,(2) 25 km Precision ,Education,Local Education Provider,Directly-Emplaced,Mine,NSA,Unidentified Armed Actor,Teacher/Student
2025-02-11,,Ukraine,UKR,Mykolaiv Oblast,47.6,31.4,"(3) District, Communicipality or Commune ",Education,Local Education Provider,Air-Launched: Drone,Aerial Bomb,Foreign Forces: Military,Armed Forces of the Russian Federation,Education Infrastructure
2025-02-10,,Ukraine,UKR,Kyiv Oblast,50.1,30.4,"(4) Province, State, Governorate ",Education,Local Education Provider,Air-Launched: Drone,Aerial Bomb,Foreign Forces: Military,Armed Forces of the Russian Federation,Education Infrastructure
2025-02-10,,Ukraine,UKR,Dnipropetrovsk Oblast,47.5,34.3,(2) 25 km Precision ,Education,Local Education Provider,Air-Launched: Drone,Aerial Bomb,Foreign Forces: Military,Armed Forces of the Russian Federation,Education Infrastructure
2025-02-10,,Ukraine,UKR,Kherson Raion,46.6,32.6,(2) 25 km Precision ,Education,Local Education Provider,Air-Launched: Drone,Aerial Bomb,Foreign Forces: Military,Armed Forces of the Russian Federation,Education Infrastructure
2025-02-09,,Lebanon,LBN,Baalbek-Hermel Governorate,,,censored by HDX,Education,Local Education Provider,Ground-Launched,Artillery,Multiple,"Syrian Armed Forces, Tahrir al-Sham",Education Infrastructure
2025-02-09,,Ukraine,UKR,Donetsk Oblast,48.7,37.5,(2) 25 km Precision ,Health Care,Local Health Care Provider,Air-Launched: Plane,Aerial Bomb,Foreign Forces: Military,Armed Forces of the Russian Federation,Health Infrastructure
2025-02-08,,Sudan,SDN,North Kordofan State,13.1,30.2,(2) 25 km Precision ,Education,Local Education Provider,Ground-Launched,Artillery,Vigilante,Rapid Support Forces,Education Infrastructure
2025-02-08,,Ukraine,UKR,Sumy Oblast,51.8,33.4,(2) 25 km Precision ,Health Care,Local Health Care Provider,Air-Launched: Drone,Aerial Bomb,Foreign Forces: Military,Armed Forces of the Russian Federation,Health Infrastructure
2025-02-07,,Myanmar,MMR,Kachin State,26.5,98.5,(2) 25 km Precision ,Education,Local Education Provider,Air-Launched: Plane,Aerial Bomb,Other,Myanmar Armed Forces,Education Infrastructure
2025-02-07,,Myanmar,MMR,Mon State,17.5,97.2,(2) 25 km Precision ,Education,Local Education Provider,Air-Launched: Plane,Aerial Bomb,Other,Myanmar Armed Forces,Education Infrastructure
2025-02-07,,Ukraine,UKR,Kharkiv Oblast,49.7,37.6,(2) 25 km Precision ,Health Care,Local Health Care Provider,Air-Launched: Plane,Aerial Bomb,Foreign Forces: Military,Armed Forces of the Russian Federation,Health Infrastructure
2025-02-06,,OPT,PSE,West Bank,,,censored,Protection,IDP/Refugee Service,"Directly-Emplaced, NotAnswered","NotAnswered, RoadIED",Multiple,Unidentified Armed Actor,Protection Infrastructure
2025-02-06,,Ethiopia,ETH,Amhara Region,11.0,37.3,"(3) District, Communicipality or Commune ",Education,Local Education Provider,Air-Launched: Plane,Aerial Bomb,Other,Ethiopian National Defense Forces,Education Infrastructure
2025-02-06,,OPT,PSE,West Bank,,,censored,Protection,IDP/Refugee Service,"NotAnswered, Unspecified Launch Method","NotAnswered, Unspecified Explosive",Multiple,Unidentified Armed Actor,Protection Infrastructure
2025-02-05,,Ukraine,UKR,Donetsk Oblast,47.9,37.7,"(4) Province, State, Governorate ",Health Care,Local Health Care Provider,Ground-Launched,Shelling,Foreign Forces: Military,Armed Forces of the Russian Federation,Health Worker
2025-02-05,,Myanmar,MMR,Shan State,19.7,97.0,(2) 25 km Precision ,Aid Operations,INGO,Ground-Launched,Mortar,No Information,Unidentified Armed Actor,Aid Infrastructure
2025-02-05,,Myanmar,MMR,Mandalay,21.7,95.9,"(3) District, Communicipality or Commune ",Protection,IDP/Refugee Service,Ground-Launched,Artillery,Other,Myanmar Armed Forces,Protection Infrastructure
2025-02-05,,Myanmar,MMR,Shan State,20.3,96.9,"(4) Province, State, Governorate ",Protection,IDP/Refugee Service,Ground-Launched,Artillery,Multiple,Unidentified Armed Actor,Protection Infrastructure
2025-02-05,,Ukraine,UKR,Khmelnytskyi Oblast,48.6,26.5,(2) 25 km Precision ,Health Care,Local Health Care Provider,Directly-emplaced,Unspecified Explosive,Civilian,Civilian individual,Health Worker
2025-02-05,,Ukraine,UKR,Donetsk Oblast,47.9,37.7,"(4) Province, State, Governorate ",Health Care,Local Health Care Provider,Ground-Launched,Shelling,Foreign Forces: Military,Armed Forces of the Russian Federation,Health Worker
2025-02-04,,Sudan,SDN,Al Khartum,15.6,32.4,(2) 25 km Precision ,"Health Care, Aid Operations",INGO,Ground-Launched,Shelling,Vigilante,Rapid Support Forces,Health Infrastructure
2025-02-04,,Ukraine,UKR,Pecherskyi district,50.4,30.5,(2) 25 km Precision ,Health Care,Local Health Care Provider,Air-Launched: Drone,Aerial Bomb,Foreign Forces: Military,Armed Forces of the Russian Federation,Health Infrastructure
2025-02-04,,Ukraine,UKR,Donetsk Oblast,48.8,38.0,(2) 25 km Precision ,Health Care,Local Health Care Provider,Air-Launched: Plane,Aerial Bomb,Foreign Forces: Military,Armed Forces of the Russian Federation,Health Infrastructure
2025-02-04,,Ukraine,UKR,Donetsk Oblast,48.2,37.1,(2) 25 km Precision ,Health Care,Local Health Care Provider,Air-Launched: No Information on Platform Type,Aerial Bomb,Foreign Forces: Military,Armed Forces of the Russian Federation,Health Infrastructure
2025-02-04,,Sudan,SDN,South Kordofan,11.0,29.7,(2) 25 km Precision ,Health Care,Local Health Care Provider,Ground-Launched,Shelling,NSA,Sudan People's Liberation Movement - North,Health Worker
2025-02-03,,Ukraine,UKR,Kharkiv Oblast,49.7,37.6,(2) 25 km Precision ,Health Care,Local Health Care Provider,Air-Launched: Drone,Aerial Bomb,Foreign Forces: Military,Armed Forces of the Russian Federation,Health Infrastructure
2025-02-02,,Somalia,SOM,Lower Shabelle,2.2,44.9,"(3) District, Communicipality or Commune ",Protection,IDP/Refugee Service,Unspecified Launch Method,Unspecified Explosive,NSA,Al-Shabaab,Protection Infrastructure
2025-02-02,,OPT,PSE,West Bank,,,censored,Protection,IDP/Refugee Service,"NotAnswered, Unspecified Launch Method","NotAnswered, Unspecified Explosive",Multiple,"al-Aqsa Martyrs' Brigades, Israeli Defence Forces, Palestinian Islamic Jihad",Protection Infrastructure
2025-02-02,,Ukraine,UKR,Kherson Oblast,46.6,32.6,(2) 25 km Precision ,Health Care,Local Health Care Provider,Air-Launched: Drone,Aerial Bomb,Foreign Forces: Military,Armed Forces of the Russian Federation,Health Infrastructure
2025-02-01,,Syria,SYR,Ar-Raqqa Governorate,35.8,39.0,(2) 25 km Precision ,Education,Local Education Provider,Air-Launched: Plane,Aerial Bomb,Foreign Forces: Military,Armed Forces of Turkey,Education Infrastructure
2025-02-01,,Chechnya,RUS,Central Federal District,51.1,35.2,(2) 25 km Precision ,Education,Local Education Provider,Unspecified Launch Method,Unspecified Explosive,No Information,Unidentified Armed Actor,Education Infrastructure
2025-02-01,,Myanmar,MMR,Magway,20.3,94.6,"(3) District, Communicipality or Commune ",Education,Local Education Provider,Air-Launched: Plane,Aerial Bomb,Other,Myanmar Armed Forces,Education Infrastructure
2025-02-01,,Myanmar,MMR,Sagaing Region,23.1,94.0,"(3) District, Communicipality or Commune ",Education,Local Education Provider,Air-Launched: Plane,Aerial Bomb,Other,Myanmar Armed Forces,Education Infrastructure
2025-02-01,,Myanmar,MMR,Sagaing Region,22.1,95.7,(2) 25 km Precision ,Education,Local Education Provider,Air-Launched: Drone,Aerial Bomb,NSA,Unidentified Armed Actor,Education Infrastructure
2025-02-01,,Sudan,SDN,North Darfur State,13.6,25.3,(2) 25 km Precision ,Protection,IDP/Refugee Service,Ground-Launched,Shelling,Vigilante,Rapid Support Forces,Protection Infrastructure
2025-02-01,,Sudan,SDN,Al Khartum,15.6,32.4,(2) 25 km Precision ,"Health Care, Aid Operations, Food Security",National Red Cross Society,Ground-Launched,Artillery,Vigilante,Rapid Support Forces,Health Worker
2025-02-01,,OPT,PSE,West Bank,,,censored,Protection,IDP/Refugee Service,"NotAnswered, Unspecified Launch Method","NotAnswered, Unspecified Explosive",Multiple,"al-Aqsa Martyrs' Brigades, Israeli Defence Forces, Palestinian Islamic Jihad",Protection Infrastructure
2025-02-01,,Ukraine,UKR,Dnipropetrovsk Oblast,47.5,34.3,(2) 25 km Precision ,"Health Care, Food Security",Local Health Care Provider,Ground-Launched,Shelling,Foreign Forces: Military,Armed Forces of the Russian Federation,Health Infrastructure
2025-02-01,,Ukraine,UKR,Dnipropetrovsk Oblast,47.5,34.3,(2) 25 km Precision ,"Education, Food Security",Local Education Provider,Ground-Launched,Artillery,Foreign Forces: Military,Armed Forces of the Russian Federation,Education Infrastructure
2025-01-31,,Ukraine,UKR,Odesa Oblast,46.3,30.6,(2) 25 km Precision ,Health Care,Local Health Care Provider,Air-Launched: Drone,Aerial Bomb,Foreign Forces: Military,Armed Forces of the Russian Federation,Health Infrastructure
2025-01-31,,Ukraine,UKR,Donetsk Oblast,48.2,37.1,(2) 25 km Precision ,Health Care,Local Health Care Provider,Air-Launched: Plane,Aerial Bomb,Foreign Forces: Military,Armed Forces of the Russian Federation,Health Infrastructure
2025-01-31,,Syria,SYR,Aleppo Governorate,36.6,38.2,(2) 25 km Precision ,Education,Local Education Provider,Air-Launched: Plane,Aerial Bomb,Foreign Forces: Military,Armed Forces of Turkey,Education Infrastructure
2025-01-31,,Myanmar,MMR,Sagaing Region,23.1,94.0,"(3) District, Communicipality or Commune ","Education, Protection","IDP/Refugee Service, Local Education Provider",Air-Launched: Plane,Aerial Bomb,Other,Myanmar Armed Forces,Education Infrastructure
2025-01-31,,Myanmar,MMR,Sagaing Region,23.1,94.0,"(3) District, Communicipality or Commune ","Education, Protection","IDP/Refugee Service, Local Education Provider",Air-Launched: Plane,Aerial Bomb,Other,Myanmar Armed Forces,Education Infrastructure
2025-01-31,,Myanmar,MMR,Sagaing Region,22.8,94.0,(2) 25 km Precision ,Health Care,Local Health Care Provider,Air-Launched: Plane,Aerial Bomb,Other,Myanmar Armed Forces,Health Infrastructure
2025-01-31,,Ukraine,UKR,Donetsk Oblast,48.2,37.1,(2) 25 km Precision ,Health Care,Local Health Care Provider,Ground-Launched,Shelling,Foreign Forces: Military,Armed Forces of the Russian Federation,Health Infrastructure
2025-01-31,,Ukraine,UKR,Donetsk Oblast,48.2,37.1,(2) 25 km Precision ,Health Care,Local Health Care Provider,Air-Launched: Plane,Aerial Bomb,Foreign Forces: Military,Armed Forces of the Russian Federation,Health Infrastructure
2025-01-31,,Myanmar,MMR,Mandalay,22.5,95.9,(2) 25 km Precision ,Health Care,Local Health Care Provider,Air-Launched: Plane,Aerial Bomb,Other,Myanmar Armed Forces,Health Infrastructure
2025-01-31,,Ukraine,UKR,Donetsk Oblast,48.3,38.0,(2) 25 km Precision ,Health Care,Local Health Care Provider,Ground-Launched,Shelling,Other,Armed Forces of Ukraine,Health Infrastructure
2025-01-30,,Myanmar,MMR,Magway,21.6,94.8,"(3) District, Communicipality or Commune ",Education,Local Education Provider,Air-Launched: Plane,Aerial Bomb,Other,Myanmar Armed Forces,Education Infrastructure
2025-01-30,,Ukraine,UKR,Donetsk Oblast,48.2,37.1,(2) 25 km Precision ,"Health Care, Aid Operations","Local Health Care Provider, NGO",Air-Launched: Drone,Aerial Bomb,Foreign Forces: Military,Armed Forces of the Russian Federation,Aid Infrastructure
2025-01-30,,Iraq,IRQ,Iraqi Kurdistan Region,36.6,44.5,(2) 25 km Precision ,Protection,IDP/Refugee Service,Air-Launched: Drone,Aerial Bomb,No Information,Unidentified Armed Actor,Protection Infrastructure
2025-01-30,,Ukraine,UKR,Donetsk Oblast,48.2,37.1,(2) 25 km Precision ,Health Care,Local Health Care Provider,Air-Launched: Plane,Aerial Bomb,Foreign Forces: Military,Armed Forces of the Russian Federation,Other
2025-01-30,,Ukraine,UKR,Donetsk Oblast,48.2,37.1,(2) 25 km Precision ,Health Care,Local Health Care Provider,Air-Launched: Plane,Aerial Bomb,Foreign Forces: Military,Armed Forces of the Russian Federation,Health Infrastructure
2025-01-30,,Ukraine,UKR,Odesa Oblast,45.5,29.1,"(3) District, Communicipality or Commune ",Health Care,Local Health Care Provider,Air-Launched: Drone,Aerial Bomb,Foreign Forces: Military,Armed Forces of the Russian Federation,Health Infrastructure
2025-01-29,,Ukraine,UKR,Kharkiv Oblast,49.7,37.6,(2) 25 km Precision ,Health Care,Local Health Care Provider,Air-Launched: Drone,Aerial Bomb,Foreign Forces: Military,Armed Forces of the Russian Federation,Health Infrastructure
2025-01-29,,Myanmar,MMR,Tanintharyi Region,12.0,99.0,(2) 25 km Precision ,Health Care,Local Health Care Provider,Ground-Launched,Artillery,Other,Myanmar Armed Forces,Health Worker
2025-01-29,,Syria,SYR,Aleppo Governorate,36.5,37.9,(2) 25 km Precision ,"Education, Health Care","Local Education Provider, Local Health Care Provider",Directly-Emplaced,VBIED,No Information,Unidentified Armed Actor,Multiple
2025-01-29,,Ukraine,UKR,Dnipropetrovsk Oblast,48.0,34.6,(2) 25 km Precision ,Education,Local Education Provider,Air-Launched: Plane,Aerial Bomb,Foreign Forces: Military,Armed Forces of the Russian Federation,Education Infrastructure
2025-01-29,,Sudan,SDN,North Darfur State,13.6,25.3,(2) 25 km Precision ,Protection,IDP/Refugee Service,Ground-Launched,Artillery,Vigilante,Rapid Support Forces,Protection Infrastructure
2025-01-29,,Russia,RUS,Central Federal District,50.5,35.6,"(3) District, Communicipality or Commune ",Health Care,Local Health Care Provider,Air-Launched: Drone,Aerial Bomb,Foreign Forces: Military,Armed Forces of Ukraine,Health Infrastructure
2025-01-28,,Myanmar,MMR,Sagaing Region,22.6,95.2,"(3) District, Communicipality or Commune ",Education,Local Education Provider,Unspecified Launch Method,Unspecified Explosive,NSA,Unidentified Armed Actor,Education Infrastructure
2025-01-28,,Ukraine,UKR,Odesa Oblast,46.4,30.7,(2) 25 km Precision ,Education,Local Education Provider,Air-Launched: Drone,Aerial Bomb,Foreign Forces: Military,Armed Forces of the Russian Federation,Education Infrastructure
2025-01-28,,Syria,SYR,Aleppo Governorate,36.3,38.1,(2) 25 km Precision ,Aid Operations,NGO,Air-Launched: Plane,Aerial Bomb,Foreign Forces: Military,Armed Forces of Turkey,Other
2025-01-27,,DRC,COD,North Kivu,-1.6,29.2,(2) 25 km Precision ,Health Care,Local Health Care Provider,Ground-Launched,Shelling,Other,Conflict Party unspecified (DRC),Health Infrastructure
2025-01-26,,Myanmar,MMR,Magway,21.0,94.5,"(3) District, Communicipality or Commune ",Education,Local Education Provider,Air-Launched: Drone,Aerial Bomb,NSA,Unidentified Armed Actor,Education Infrastructure
2025-01-26,,DRC,COD,North Kivu,-1.6,29.1,(2) 25 km Precision ,Protection,IDP/Refugee Service,Unspecified Launch Method,Unspecified Explosive,No Information,Unidentified Armed Actor,Protection Infrastructure
2025-01-26,,Myanmar,MMR,Mandalay,21.4,95.3,(2) 25 km Precision ,"Education, Health Care","Local Education Provider, Local Health Care Provider",Air-Launched: Plane,Aerial Bomb,Other,Myanmar Armed Forces,Multiple
2025-01-26,,Ethiopia,ETH,Amhara Region,9.9,39.9,(2) 25 km Precision ,Education,Local Education Provider,Ground-Launched,Shelling,Other,Ethiopian National Defense Forces,Education Infrastructure
2025-01-25,,Myanmar,MMR,Shan State,22.5,97.0,(2) 25 km Precision ,Health Care,Local Health Care Provider,Air-Launched: Plane,Aerial Bomb,Other,Myanmar Armed Forces,Health Infrastructure
2025-01-25,,Ukraine,UKR,Kherson Oblast,46.8,33.4,(2) 25 km Precision ,Health Care,Local Health Care Provider,Air-Launched: Plane,Aerial Bomb,Foreign Forces: Military,Armed Forces of the Russian Federation,Health Infrastructure
2025-01-24,,Sudan,SDN,North Darfur State,13.6,25.3,(2) 25 km Precision ,"Health Care, Aid Operations",INGO,Air-Launched: Drone,Aerial Bomb,Vigilante,Rapid Support Forces,Health Infrastructure
2025-01-24,,Myanmar,MMR,Chin,21.5,93.4,(2) 25 km Precision ,Health Care,Private Health Care,Air-Launched: Plane,Aerial Bomb,Other,Myanmar Armed Forces,Health Infrastructure
2025-01-23,,Sudan,SDN,North Darfur State,13.6,25.3,(2) 25 km Precision ,Protection,IDP/Refugee Service,Ground-Launched,Artillery,Vigilante,Rapid Support Forces,Protection Infrastructure
2025-01-23,,Sudan,SDN,Al Jazira,14.3,33.5,(2) 25 km Precision ,Education,Local Education Provider,Ground-Launched,Shelling,Vigilante,Rapid Support Forces,Education Infrastructure
2025-01-23,,Myanmar,MMR,Rakhine,18.9,93.9,(2) 25 km Precision ,Education,Local Education Provider,Air-Launched: Plane,Aerial Bomb,Other,Myanmar Armed Forces,Education Infrastructure
2025-01-23,,Ukraine,UKR,Kharkiv Oblast,50.2,36.7,(2) 25 km Precision ,Health Care,Local Health Care Provider,Unspecified Launch Method,Unspecified Explosive,Foreign Forces: Military,Armed Forces of the Russian Federation,Health Worker
2025-01-22,,Ukraine,UKR,Donetsk Oblast,48.2,37.4,"(3) District, Communicipality or Commune ",Health Care,Local Health Care Provider,Ground-Launched,Unspecified Explosive,Foreign Forces: Military,Armed Forces of the Russian Federation,Health Worker
2025-01-22,,Myanmar,MMR,Chin,21.7,93.2,"(3) District, Communicipality or Commune ",Education,Local Education Provider,Air-Launched: Drone,Aerial Bomb,Other,Myanmar Armed Forces,Education Infrastructure
2025-01-22,,Myanmar,MMR,Kayin State,16.8,97.6,(2) 25 km Precision ,Health Care,Local Health Care Provider,Air-Launched: Plane,Aerial Bomb,Other,Myanmar Armed Forces,Health Infrastructure
2025-01-21,,Ukraine,UKR,Donetsk Oblast,48.3,38.0,(2) 25 km Precision ,Education,Local Education Provider,Air-Launched: Drone,Aerial Bomb,Other,Armed Forces of Ukraine,Education Infrastructure
2025-01-21,,Sudan,SDN,North Darfur State,13.6,25.3,(2) 25 km Precision ,Protection,IDP/Refugee Service,Ground-Launched,Shelling,Vigilante,Rapid Support Forces,Protection Infrastructure
2025-01-21,,Ukraine,UKR,Dnipropetrovsk Oblast,48.4,35.0,"(3) District, Communicipality or Commune ",Education,Local Education Provider,Ground-Launched,Missile,Foreign Forces: Military,Armed Forces of the Russian Federation,Education Infrastructure
2025-01-21,,Ukraine,UKR,Donetsk Oblast,48.3,38.0,(2) 25 km Precision ,Education,Local Education Provider,Air-Launched: Drone,Aerial Bomb,Other,Armed Forces of Ukraine,Education Infrastructure
2025-01-21,,Ukraine,UKR,Donetsk Oblast,48.3,38.0,(2) 25 km Precision ,Education,Local Education Provider,Air-Launched: Drone,Aerial Bomb,Other,Armed Forces of Ukraine,Education Infrastructure
2025-01-21,,Ukraine,UKR,Donetsk Oblast,48.3,38.0,(2) 25 km Precision ,Health Care,Local Health Care Provider,Air-Launched: Drone,Aerial Bomb,Other,Armed Forces of Ukraine,Health Infrastructure
2025-01-21,,DRC,COD,North Kivu,-1.6,29.1,(2) 25 km Precision ,Protection,IDP/Refugee Service,Unspecified Launch Method,Unspecified Explosive,Multiple,"Forces armées de la République démocratique du Congo, March 23 Movement",Protection Infrastructure
2025-01-21,,Sudan,SDN,Al Khartum,15.6,32.4,(2) 25 km Precision ,Education,Local Education Provider,Ground-Launched,Artillery,Vigilante,Rapid Support Forces,Education Infrastructure
2025-01-20,,DRC,COD,South Kivu,-1.7,29.0,(2) 25 km Precision ,Protection,IDP/Refugee Service,Unspecified Launch Method,Unspecified Explosive,Multiple,"Forces armées de la République démocratique du Congo, March 23 Movement",Protection Infrastructure
2025-01-20,,Ukraine,UKR,Donetsk Oblast,48.1,37.0,(2) 25 km Precision ,Health Care,Local Health Care Provider,Ground-Launched,Shelling,Foreign Forces: Military,Armed Forces of the Russian Federation,Health Worker
2025-01-20,,Ukraine,UKR,Donetsk Oblast,48.0,37.9,(2) 25 km Precision ,Education,Local Education Provider,Ground-Launched,Rocket,Other,Armed Forces of Ukraine,Education Infrastructure
2025-01-20,,Sudan,SDN,North Darfur State,13.6,25.3,(2) 25 km Precision ,Protection,IDP/Refugee Service,Ground-Launched,Mortar,Vigilante,Rapid Support Forces,Protection Infrastructure
2025-01-20,,Syria,SYR,Lattakia Governorate,35.7,36.1,(2) 25 km Precision ,"Health Care, Aid Operations",LNGO,Directly-Emplaced,Mine,NSA,Unidentified Armed Actor,Health Worker
2025-01-19,,DRC,COD,North Kivu,-1.3,28.8,(2) 25 km Precision ,Protection,IDP/Refugee Service,Unspecified Launch Method,Unspecified Explosive,Multiple,"Forces armées de la République démocratique du Congo, March 23 Movement",Protection Infrastructure
2025-01-19,,DRC,COD,North Kivu,-1.3,28.8,(2) 25 km Precision ,"Protection, Aid Operations","IDP/Refugee Service, INGO",Ground-Launched,Rocket,NSA,March 23 Movement,Aid Infrastructure
2025-01-19,,DRC,COD,North Kivu,-1.3,28.8,(2) 25 km Precision ,Protection,IDP/Refugee Service,Unspecified Launch Method,Unspecified Explosive,Multiple,"Forces armées de la République démocratique du Congo, March 23 Movement",Protection Infrastructure
2025-01-19,,DRC,COD,North Kivu,-1.3,28.8,(2) 25 km Precision ,"Health Care, Protection","IDP/Refugee Service, Local Health Care Provider","Ground-Launched, NotAnswered","NotAnswered, Rocket",Multiple,"Forces armées de la République démocratique du Congo, March 23 Movement",Health Infrastructure
2025-01-19,,Sudan,SDN,North Darfur State,13.4,25.3,(2) 25 km Precision ,Protection,IDP/Refugee Service,Ground-Launched,Shelling,Vigilante,Rapid Support Forces,Protection Infrastructure
2025-01-18,,Sudan,SDN,North Darfur State,13.6,25.3,(2) 25 km Precision ,Protection,IDP/Refugee Service,Ground-Launched,Artillery,Vigilante,Rapid Support Forces,Protection Infrastructure
2025-01-18,,Syria,SYR,Aleppo Governorate,36.6,38.2,(2) 25 km Precision ,Education,Local Education Provider,Air-Launched: Plane,Aerial Bomb,Foreign Forces: Military,Armed Forces of Turkey,Education Infrastructure
2025-01-18,,Syria,SYR,Hama Governorate,35.5,36.3,(2) 25 km Precision ,"Health Care, Aid Operations",LNGO,Air-Launched: Drone,Aerial Bomb,NSA,Syrian National Army (SNA),Health Infrastructure
2025-01-18,,Myanmar,MMR,Mandalay,21.5,95.4,"(3) District, Communicipality or Commune ",Education,Local Education Provider,Air-Launched: Plane,Aerial Bomb,Other,Myanmar Armed Forces,Education Infrastructure
2025-01-18,,Sudan,SDN,North Darfur State,13.6,25.3,(2) 25 km Precision ,Protection,IDP/Refugee Service,Ground-Launched,Shelling,Vigilante,Rapid Support Forces,Protection Infrastructure
2025-01-18,,Sudan,SDN,Kassala State,14.9,35.9,(2) 25 km Precision ,Health Care,Local Health Care Provider,Air-Launched: Drone,Aerial Bomb,No Information,Unidentified Armed Actor,Other
2025-01-17,,Syria,SYR,Aleppo Governorate,36.1,37.1,(2) 25 km Precision ,Health Care,Local Health Care Provider,Ground-Launched,Shelling,NSA,Unidentified Armed Actor,Health Infrastructure
2025-01-17,,Myanmar,MMR,Shan State,20.6,96.9,"(3) District, Communicipality or Commune ",Protection,IDP/Refugee Service,Ground-Launched,Shelling,Multiple,"Myanmar Armed Forces, Pa-O National Army",Protection Infrastructure
2025-01-17,,Ukraine,UKR,Dnipropetrovsk Oblast,47.9,33.3,(2) 25 km Precision ,Education,Local Education Provider,Ground-Launched,Missile,Foreign Forces: Military,Armed Forces of the Russian Federation,Education Infrastructure
2025-01-17,,Ukraine,UKR,Donetsk Oblast,48.3,38.0,(2) 25 km Precision ,Education,Local Education Provider,Ground-Launched,Shelling,Other,Armed Forces of Ukraine,Education Infrastructure
2025-01-16,,Sudan,SDN,North Darfur State,13.6,25.3,(2) 25 km Precision ,Protection,IDP/Refugee Service,Ground-Launched,Artillery,Vigilante,Rapid Support Forces,Protection Infrastructure
2025-01-16,,Myanmar,MMR,Mon State,17.2,97.2,"(3) District, Communicipality or Commune ",Education,Local Education Provider,Air-Launched: Drone,Aerial Bomb,Other,Myanmar Armed Forces,Education Infrastructure
2025-01-16,,Myanmar,MMR,Sagaing Region,21.8,95.9,(2) 25 km Precision ,Education,Local Education Provider,Air-Launched: Drone,Aerial Bomb,Other,Myanmar Armed Forces,Education Infrastructure
2025-01-15,,Myanmar,MMR,Shan State,20.7,97.5,(2) 25 km Precision ,Health Care,Local Health Care Provider,Ground-Launched,Shelling,NSA,Unidentified Armed Actor,Health Infrastructure
2025-01-15,,Israel,ISR,Tel-Aviv District,32.0,34.7,"(3) District, Communicipality or Commune ",Education,Local Education Provider,Air-Launched: Drone,Aerial Bomb,NSA,Shia al-Houthi rebels,Education Infrastructure
2025-01-15,,Ukraine,UKR,Kherson Oblast,46.5,32.1,(2) 25 km Precision ,Aid Operations,LNGO,Air-Launched: Drone,Shelling,Foreign Forces: Military,Armed Forces of the Russian Federation,Other
2025-01-15,,Ukraine,UKR,Mykolaiv Oblast,47.8,30.8,(2) 25 km Precision ,Health Care,Local Health Care Provider,Ground-Launched,Shelling,Foreign Forces: Military,Armed Forces of the Russian Federation,Health Worker
2025-01-15,,Sudan,SDN,North Darfur State,13.6,25.3,(2) 25 km Precision ,Protection,IDP/Refugee Service,Ground-Launched,Artillery,Vigilante,Rapid Support Forces,Protection Infrastructure
2025-01-15,,Myanmar,MMR,Kayah State,19.3,97.3,(2) 25 km Precision ,Protection,IDP/Refugee Service,Air-Launched: Plane,Aerial Bomb,Other,Myanmar Armed Forces,Protection Infrastructure
2025-01-15,,Ukraine,UKR,Kherson Oblast,46.6,32.3,(2) 25 km Precision ,Health Care,Local Health Care Provider,Ground-Launched,Shelling,Foreign Forces: Military,Armed Forces of the Russian Federation,Health Infrastructure
2025-01-15,,Syria,SYR,Aleppo Governorate,36.3,38.1,None,Health Care,Local Health Care Provider,Air-Launched: Drone,Aerial Bomb,Foreign Forces: Military,Armed Forces of Turkey,Health Worker
2025-01-14,,Myanmar,MMR,Mandalay,21.2,95.4,(2) 25 km Precision ,Education,Local Education Provider,Air-Launched: Plane,Aerial Bomb,Other,Myanmar Armed Forces,Education Infrastructure
2025-01-13,,Sudan,SDN,North Darfur State,13.6,25.3,(2) 25 km Precision ,"Health Care, Protection","IDP/Refugee Service, Local Health Care Provider",Ground-Launched,Shelling,Vigilante,Rapid Support Forces,Health Infrastructure
2025-01-13,,Myanmar,MMR,Chin,21.2,93.0,(2) 25 km Precision ,Education,Local Education Provider,Air-Launched: Plane,Aerial Bomb,Other,Myanmar Armed Forces,Education Infrastructure
2025-01-13,,Myanmar,MMR,Mandalay,21.2,95.4,"(3) District, Communicipality or Commune ",Education,Local Education Provider,Ground-Launched,RPG,Other,People's Defence Force (Myanmar),Education Infrastructure
2025-01-13,,OPT,PSE,Gaza Strip,,,censored,Protection,IDP/Refugee Service,"NotAnswered, Unspecified Launch Method","NotAnswered, Unspecified Explosive",Multiple,"Hamas, Israeli Defence Forces",Protection Infrastructure
2025-01-12,,DRC,COD,North Kivu,-1.6,29.1,(2) 25 km Precision ,Protection,IDP/Refugee Service,Unspecified Launch Method,Unspecified Explosive,NSA,March 23 Movement,Protection Infrastructure
2025-01-12,,Ukraine,UKR,Sumy Oblast,50.9,34.8,"(3) District, Communicipality or Commune ",Education,Local Education Provider,Air-Launched: Drone,Aerial Bomb,Foreign Forces: Military,Armed Forces of the Russian Federation,Education Infrastructure
2025-01-12,,Ukraine,UKR,Donetsk Oblast,48.3,37.2,(2) 25 km Precision ,Health Care,Local Health Care Provider,Ground-Launched,Shelling,Foreign Forces: Military,Armed Forces of the Russian Federation,Health Infrastructure
2025-01-12,,DRC,COD,North Kivu,-1.4,29.0,"(3) District, Communicipality or Commune ",Protection,IDP/Refugee Service,Ground-Launched,Shelling,Multiple,"March 23 Movement, Rwanda Defence Forces",Protection Infrastructure
2025-01-12,,Sudan,SDN,Al Khartum,15.6,32.4,(2) 25 km Precision ,Health Care,Local Health Care Provider,Unspecified Launch Method,Unspecified Explosive,Vigilante,Rapid Support Forces,Other
2025-01-12,,Myanmar,MMR,Ayeyarwady,17.0,94.4,"(3) District, Communicipality or Commune ",Education,Local Education Provider,Air-Launched: Plane,Aerial Bomb,Other,Myanmar Armed Forces,Education Infrastructure
2025-01-12,,Ethiopia,ETH,Amhara Region,11.1,37.2,"(3) District, Communicipality or Commune ",Education,Local Education Provider,Air-Launched: Drone,Aerial Bomb,Other,Ethiopian National Defense Forces,Education Infrastructure
2025-01-12,,Ethiopia,ETH,Amhara Region,9.3,39.4,(2) 25 km Precision ,Education,Local Education Provider,Air-Launched: Drone,Aerial Bomb,Other,Ethiopian National Defense Forces,Education Infrastructure
2025-01-11,,Yemen,YEM,Abyan Governorate,13.3,45.6,(2) 25 km Precision ,Protection,IDP/Refugee Service,UXO,UXO,No Information,Unidentified Armed Actor,Protection Infrastructure
2025-01-11,,Myanmar,MMR,Kayin State,15.8,98.2,"(3) District, Communicipality or Commune ",Education,Local Education Provider,Air-Launched: Plane,Aerial Bomb,Other,Myanmar Armed Forces,Education Infrastructure
2025-01-11,,Myanmar,MMR,Rakhine,20.8,92.9,(2) 25 km Precision ,Health Care,Local Health Care Provider,Air-Launched: Plane,Aerial Bomb,Other,Myanmar Armed Forces,Health Infrastructure
2025-01-11,,Sudan,SDN,North Darfur State,13.4,25.3,(2) 25 km Precision ,Protection,IDP/Refugee Service,Ground-Launched,Artillery,Vigilante,Rapid Support Forces,Protection Infrastructure
2025-01-11,,Sudan,SDN,North Darfur State,13.6,25.3,(2) 25 km Precision ,Protection,IDP/Refugee Service,Ground-Launched,Artillery,Vigilante,Rapid Support Forces,Protection Infrastructure
2025-01-11,,Ethiopia,ETH,Amhara Region,9.7,39.5,"(3) District, Communicipality or Commune ",Education,Local Education Provider,Air-Launched: Drone,Aerial Bomb,Other,Ethiopian National Defense Forces,Education Infrastructure
2025-01-11,,Ukraine,UKR,Kirovohrad Oblast,48.9,32.5,(2) 25 km Precision ,Education,Local Education Provider,Air-Launched: Drone,Aerial Bomb,Foreign Forces: Military,Armed Forces of the Russian Federation,Education Infrastructure
2025-01-11,,Chechnya,RUS,Central Federal District,51.1,35.2,(2) 25 km Precision ,Education,Local Education Provider,Air-Launched: Plane,Aerial Bomb,Other,Armed Forces of the Russian Federation,Education Infrastructure
2025-01-11,,Syria,SYR,Rif Dimashq Governorate,33.3,38.6,(2) 25 km Precision ,Protection,IDP/Refugee Service,Directly-Emplaced,Mine,Other,Syrian Armed Forces,Protection Infrastructure
2025-01-10,,Russia,RUS,Southern Federal District,47.7,39.0,"(3) District, Communicipality or Commune ",Education,Local Education Provider,Air-Launched: Drone,Aerial Bomb,Foreign Forces: Military,Armed Forces of Ukraine,Education Infrastructure
2025-01-10,,Sudan,SDN,North Darfur State,13.6,25.3,(2) 25 km Precision ,Protection,IDP/Refugee Service,Ground-Launched,Artillery,Vigilante,Rapid Support Forces,Protection Infrastructure
2025-01-09,,Ukraine,UKR,Kharkiv Oblast,49.6,37.6,(2) 25 km Precision ,Health Care,Local Health Care Provider,Ground-Launched,Shelling,No Information,Unidentified Armed Actor,Health Infrastructure
2025-01-09,,Ukraine,UKR,Kherson Oblast,46.6,32.6,(2) 25 km Precision ,Education,Local Education Provider,Air-Launched: Plane,Aerial Bomb,Foreign Forces: Military,Armed Forces of the Russian Federation,Education Infrastructure
2025-01-09,,Ukraine,UKR,Kherson Oblast,46.6,32.6,(2) 25 km Precision ,Education,Local Education Provider,Air-Launched: Plane,Aerial Bomb,Foreign Forces: Military,Armed Forces of the Russian Federation,Education Infrastructure
2025-01-09,,Myanmar,MMR,Ayeyarwady,16.9,94.5,"(3) District, Communicipality or Commune ",Education,Local Education Provider,Air-Launched: Plane,Aerial Bomb,Other,Myanmar Armed Forces,Education Infrastructure
2025-01-09,,Myanmar,MMR,Ayeyarwady,16.9,94.5,"(3) District, Communicipality or Commune ",Education,Local Education Provider,Air-Launched: Plane,Aerial Bomb,Other,Myanmar Armed Forces,Education Infrastructure
2025-01-09,,Ethiopia,ETH,Amhara Region,13.1,37.8,(2) 25 km Precision ,Education,Local Education Provider,Air-Launched: Drone,Aerial Bomb,Other,Ethiopian National Defense Forces,Education Infrastructure
2025-01-08,,Ukraine,UKR,No Information,49.4,31.2,(6) Country,Health Care,Local Health Care Provider,Unspecified Launch Method,Unspecified Explosive,Foreign Forces: Military,Armed Forces of the Russian Federation,Health Worker
2025-01-08,,Sudan,SDN,North Darfur,14.1,24.5,(2) 25 km Precision ,Protection,IDP/Refugee Service,Air-Launched: Plane,Aerial Bomb,Other,Sudanese Armed Forces,Protection Infrastructure
2025-01-08,,Syria,SYR,Aleppo Governorate,36.3,38.1,(2) 25 km Precision ,Health Care,Local Health Care Provider,Air-Launched: Drone,Aerial Bomb,Foreign Forces: Military,Armed Forces of Turkey,Health Infrastructure
2025-01-08,,OPT,PSE,West Bank,,,censored,Protection,IDP/Refugee Service,"NotAnswered, Unspecified Launch Method","NotAnswered, Unspecified Explosive",Multiple,Unidentified Armed Actor,Protection Infrastructure
2025-01-07,,Yemen,YEM,Al Hudaydah Governorate,13.9,43.4,"(3) District, Communicipality or Commune ",Education,Local Education Provider,Ground-Launched,Artillery,NSA,Unidentified Armed Actor,Education Infrastructure
2025-01-07,,Sudan,SDN,North Darfur State,13.6,25.3,(2) 25 km Precision ,Protection,IDP/Refugee Service,Ground-Launched,Artillery,Vigilante,Rapid Support Forces,Protection Infrastructure
2025-01-06,,Sudan,SDN,North Darfur State,13.6,25.3,(2) 25 km Precision ,Protection,IDP/Refugee Service,Ground-Launched,Artillery,Vigilante,Rapid Support Forces,Protection Infrastructure
2025-01-06,,Nigeria,NGA,Federal Capital Territory,9.2,7.3,(2) 25 km Precision ,Education,Local Education Provider,Directly-Emplaced,Unspecified IED,No Information,Unidentified Armed Actor,Education Infrastructure
2025-01-06,,OPT,PSE,West Bank,,,censored,Protection,IDP/Refugee Service,"NotAnswered, Unspecified Launch Method","NotAnswered, Unspecified Explosive",Multiple,Unidentified Armed Actor,Protection Infrastructure
2025-01-05,,Ukraine,UKR,Kharkiv Oblast,49.6,37.6,(2) 25 km Precision ,Health Care,Local Health Care Provider,Air-Launched: Drone,Aerial Bomb,Foreign Forces: Military,Armed Forces of the Russian Federation,Multiple
2025-01-05,,Sudan,SDN,North Darfur,14.1,24.5,(2) 25 km Precision ,Protection,IDP/Refugee Service,Air-Launched: Plane,Aerial Bomb,Other,Sudanese Armed Forces,Protection Infrastructure
2025-01-05,,Syria,SYR,Idleb Governorate,35.6,36.4,(2) 25 km Precision ,"Health Care, Aid Operations",LNGO,Directly-Emplaced,Mine,NSA,Unidentified Armed Actor,Health Worker
2025-01-05,,Myanmar,MMR,Sagaing Region,22.4,95.6,(2) 25 km Precision ,Health Care,Local Health Care Provider,Air-Launched: Plane,Aerial Bomb,Other,Myanmar Armed Forces,Education Infrastructure
2025-01-05,,Myanmar,MMR,Sagaing Region,22.4,95.6,(2) 25 km Precision ,Health Care,Local Health Care Provider,Air-Launched: Plane,Aerial Bomb,Other,Myanmar Armed Forces,Health Infrastructure
2025-01-04,,Sudan,SDN,North Darfur State,13.4,25.3,(2) 25 km Precision ,Protection,IDP/Refugee Service,Ground-Launched,Artillery,Vigilante,Rapid Support Forces,Protection Infrastructure
2025-01-04,,Sudan,SDN,North Darfur State,13.6,25.3,(2) 25 km Precision ,Protection,IDP/Refugee Service,Air-Launched: Drone,Aerial Bomb,Other,Sudanese Armed Forces,Protection Infrastructure
2025-01-04,,Myanmar,MMR,Chin,23.0,93.5,(2) 25 km Precision ,Education,Local Education Provider,Air-Launched: Plane,Aerial Bomb,Other,Myanmar Armed Forces,Education Infrastructure
2025-01-04,,Myanmar,MMR,Chin,23.0,93.5,(2) 25 km Precision ,Health Care,Local Health Care Provider,Air-Launched: Plane,Aerial Bomb,Other,Myanmar Armed Forces,Health Infrastructure
2025-01-04,,Sudan,SDN,North Darfur State,13.6,25.3,(2) 25 km Precision ,"Health Care, Aid Operations",INGO,None,Shelling,Vigilante,Rapid Support Forces,Health Infrastructure
2025-01-04,,Ukraine,UKR,Chernihiv Oblast,52.1,32.5,(2) 25 km Precision ,Health Care,Local Health Care Provider,Air-Launched: Plane,Aerial Bomb,Foreign Forces: Military,Armed Forces of the Russian Federation,Health Infrastructure
2025-01-03,,Ukraine,UKR,No Information,49.4,31.2,(6) Country,Health Care,Local Health Care Provider,Unspecified Launch Method,Unspecified Explosive,Foreign Forces: Military,Armed Forces of the Russian Federation,Health Worker
2025-01-03,,Sudan,SDN,North Darfur State,13.6,25.3,(2) 25 km Precision ,Protection,IDP/Refugee Service,Ground-Launched,Artillery,Vigilante,Rapid Support Forces,Protection Infrastructure
2025-01-03,,OPT,PSE,West Bank,,,censored,Protection,IDP/Refugee Service,"NotAnswered, Unspecified Launch Method","NotAnswered, Unspecified Explosive",Multiple,Unidentified Armed Actor,Protection Infrastructure
2025-01-03,,Sudan,SDN,North Darfur State,13.6,25.3,(2) 25 km Precision ,Protection,IDP/Refugee Service,Air-Launched: Plane,Aerial Bomb,Other,Sudanese Armed Forces,Protection Infrastructure
2025-01-03,,Myanmar,MMR,Rakhine,19.8,93.7,(2) 25 km Precision ,Health Care,Local Health Care Provider,Air-Launched: Plane,Aerial Bomb,Other,Myanmar Armed Forces,Health Infrastructure
2025-01-03,,Myanmar,MMR,Rakhine,19.8,93.7,(2) 25 km Precision ,Education,Local Education Provider,Air-Launched: Plane,Aerial Bomb,Other,Myanmar Armed Forces,Education Infrastructure
2025-01-02,,Yemen,YEM,Al Bayda' Governorate,14.4,44.8,(2) 25 km Precision ,Education,Local Education Provider,Directly-Emplaced,Hand Grenade,NSA,Unidentified Armed Actor,Multiple
2025-01-02,,Chechnya,RUS,Central Federal District,51.6,34.9,(2) 25 km Precision ,Education,Local Education Provider,Ground-Launched,Missile,Foreign Forces: Military,Armed Forces of Ukraine,Education Infrastructure
2025-01-02,,Myanmar,MMR,Mandalay,22.7,96.0,(2) 25 km Precision ,"Health Care, Aid Operations",INGO,Air-Launched: Plane,Aerial Bomb,Other,Myanmar Armed Forces,Multiple
2025-01-02,,Sudan,SDN,North Darfur State,13.4,25.3,(2) 25 km Precision ,Protection,IDP/Refugee Service,Ground-Launched,Shelling,Vigilante,Rapid Support Forces,Protection Infrastructure
2025-01-02,,Sudan,SDN,North Darfur State,13.6,25.3,(2) 25 km Precision ,Protection,IDP/Refugee Service,Ground-Launched,Artillery,Vigilante,Rapid Support Forces,Protection Infrastructure
2025-01-01,,Sudan,SDN,North Darfur State,13.6,25.3,(2) 25 km Precision ,Protection,IDP/Refugee Service,Ground-Launched,Shelling,Vigilante,Rapid Support Forces,Protection Infrastructure
2024-12-31,,Myanmar,MMR,Shan State,19.9,97.4,(2) 25 km Precision ,Health Care,Local Health Care Provider,Air-Launched: Plane,Aerial Bomb,Other,Myanmar Armed Forces,Health Infrastructure
2024-12-31,,Myanmar,MMR,Kayah State,19.6,97.2,(2) 25 km Precision ,Protection,IDP/Refugee Service,Air-Launched: Plane,Aerial Bomb,Other,Myanmar Armed Forces,Protection Infrastructure
2024-12-31,,Ukraine,UKR,Sumy Oblast,51.8,33.4,(2) 25 km Precision ,Health Care,Local Health Care Provider,Ground-Launched,Missile,Foreign Forces: Military,Armed Forces of the Russian Federation,Health Infrastructure
2024-12-31,,OPT,PSE,West Bank,,,censored,"Health Care, Protection, Aid Operations","IDP/Refugee Service, UN Agency",Ground-Launched,RPG,Police,Palestinian National Security Forces,Health Infrastructure
2024-12-31,,Ukraine,UKR,Sumy Oblast,51.8,33.4,(2) 25 km Precision ,Education,Local Education Provider,Ground-Launched,Missile,Foreign Forces: Military,Armed Forces of the Russian Federation,Education Infrastructure
2024-12-31,,Ukraine,UKR,Dnipropetrovsk Oblast,47.5,34.3,(2) 25 km Precision ,Health Care,Local Health Care Provider,Ground-Launched,Rocket,Foreign Forces: Military,Armed Forces of the Russian Federation,Health Infrastructure
2024-12-31,,Sudan,SDN,North Darfur State,13.6,25.3,(2) 25 km Precision ,Protection,IDP/Refugee Service,Ground-Launched,Artillery,Vigilante,Rapid Support Forces,Protection Infrastructure
2024-12-31,,Sudan,SDN,North Darfur State,13.6,25.3,(2) 25 km Precision ,"Education, Protection","IDP/Refugee Service, Local Education Provider",Ground-Launched,Artillery,Vigilante,Rapid Support Forces,Education Infrastructure
2024-12-31,,Ukraine,UKR,Sumy Oblast,51.8,33.4,(2) 25 km Precision ,Education,Local Education Provider,Ground-Launched,Missile,Foreign Forces: Military,Armed Forces of the Russian Federation,Education Infrastructure
2024-12-30,,Ukraine,UKR,Kherson Oblast,46.6,32.7,(2) 25 km Precision ,Health Care,Local Health Care Provider,Air-Launched: Drone,Aerial Bomb,Other,Armed Forces of Ukraine,Health Infrastructure
2024-12-30,,Myanmar,MMR,Yangon,16.8,96.1,(2) 25 km Precision ,Health Care,Private Health Care,Directly-Emplaced,Unspecified IED,NSA,Unidentified Armed Actor,Health Infrastructure
2024-12-30,,Sudan,SDN,North Darfur State,13.6,25.3,(2) 25 km Precision ,Protection,IDP/Refugee Service,Ground-Launched,Shelling,Vigilante,Rapid Support Forces,Protection Infrastructure
2024-12-29,,OPT,PSE,West Bank,,,censored,Protection,IDP/Refugee Service,Ground-Launched,RPG,Police,Palestinian National Security Forces,Protection Infrastructure
2024-12-29,,Ukraine,UKR,Dnipropetrovsk Oblast,48.4,35.0,(2) 25 km Precision ,Health Care,Local Health Care Provider,Unspecified Launch Method,Unspecified Explosive,Foreign Forces: Military,Armed Forces of the Russian Federation,Health Worker
2024-12-29,,OPT,PSE,Gaza Strip,,,censored,Protection,IDP/Refugee Service,"Directly-Emplaced, NotAnswered","NotAnswered, Unspecified IED",Multiple,"al-Aqsa Martyrs' Brigades, Israeli Defence Forces, Palestinian Islamic Jihad",Protection Infrastructure
2024-12-28,,Sudan,SDN,North Darfur State,13.4,25.4,(2) 25 km Precision ,"Education, Protection","IDP/Refugee Service, Local Education Provider",Air-Launched: Drone,Aerial Bomb,Vigilante,Rapid Support Forces,Education Infrastructure
2024-12-27,,Chechnya,RUS,Central Federal District,50.6,36.0,(2) 25 km Precision ,Education,Local Education Provider,Air-Launched: Drone,Aerial Bomb,Foreign Forces: Military,Armed Forces of Ukraine,Education Infrastructure
2024-12-27,,Ukraine,UKR,Kherson Oblast,46.7,33.3,(2) 25 km Precision ,Education,Local Education Provider,Ground-Launched,Shelling,Other,Armed Forces of Ukraine,Education Infrastructure
2024-12-27,,Myanmar,MMR,Magway,22.1,94.1,(2) 25 km Precision ,Education,Local Education Provider,Ground-Launched,Artillery,Other,Myanmar Armed Forces,Education Infrastructure
2024-12-26,,Sudan,SDN,North Darfur State,13.6,25.3,(2) 25 km Precision ,Protection,IDP/Refugee Service,Ground-Launched,Artillery,Vigilante,Rapid Support Forces,Protection Infrastructure
2024-12-26,,Ukraine,UKR,Sumy Oblast,52.1,34.0,(2) 25 km Precision ,Education,Local Education Provider,Air-Launched: Drone,Aerial Bomb,Foreign Forces: Military,Armed Forces of the Russian Federation,Education Infrastructure
2024-12-26,,Sudan,SDN,North Darfur State,16.0,26.0,"(4) Province, State, Governorate ",Protection,IDP/Refugee Service,Ground-Launched,Missile,Vigilante,Rapid Support Forces,Protection Infrastructure
2024-12-25,,Ukraine,UKR,Dnipropetrovsk Oblast,48.4,35.0,(2) 25 km Precision ,Education,Local Education Provider,Air-Launched: Drone,Aerial Bomb,Foreign Forces: Military,Armed Forces of the Russian Federation,Education Infrastructure
2024-12-25,,Ukraine,UKR,Dnipropetrovsk Oblast,48.4,35.0,(2) 25 km Precision ,Health Care,Local Health Care Provider,Air-Launched: Drone,Aerial Bomb,Foreign Forces: Military,Armed Forces of the Russian Federation,Health Infrastructure
2024-12-25,,Ukraine,UKR,Dnipropetrovsk Oblast,48.4,35.0,(2) 25 km Precision ,Education,Local Education Provider,Air-Launched: Drone,Aerial Bomb,Foreign Forces: Military,Armed Forces of the Russian Federation,Education Infrastructure
2024-12-25,,Ukraine,UKR,Dnipropetrovsk Oblast,48.4,35.0,(2) 25 km Precision ,Education,Local Education Provider,Air-Launched: Drone,Aerial Bomb,Foreign Forces: Military,Armed Forces of the Russian Federation,Education Infrastructure
2024-12-25,,Ukraine,UKR,Dnipropetrovsk Oblast,48.4,35.0,(2) 25 km Precision ,Education,Local Education Provider,Air-Launched: Drone,Aerial Bomb,Foreign Forces: Military,Armed Forces of the Russian Federation,Education Infrastructure
2024-12-25,,Ukraine,UKR,Dnipropetrovsk Oblast,48.4,35.0,(2) 25 km Precision ,Education,Local Education Provider,Air-Launched: Drone,Aerial Bomb,Foreign Forces: Military,Armed Forces of the Russian Federation,Education Infrastructure
2024-12-25,,Myanmar,MMR,Mandalay,21.2,95.4,"(3) District, Communicipality or Commune ",Education,Local Education Provider,Air-Launched: Plane,Aerial Bomb,Other,Myanmar Armed Forces,Education Infrastructure
2024-12-25,,Ukraine,UKR,Dnipropetrovsk Oblast,48.4,35.0,(2) 25 km Precision ,Education,Local Education Provider,Air-Launched: Drone,Aerial Bomb,Foreign Forces: Military,Armed Forces of the Russian Federation,Education Infrastructure
2024-12-25,,Ukraine,UKR,Dnipropetrovsk Oblast,48.4,35.0,(2) 25 km Precision ,Education,Local Education Provider,Air-Launched: Drone,Aerial Bomb,Foreign Forces: Military,Armed Forces of the Russian Federation,Education Infrastructure
2024-12-25,,Ukraine,UKR,Dnipropetrovsk Oblast,48.4,35.0,(2) 25 km Precision ,Education,Local Education Provider,Air-Launched: Drone,Aerial Bomb,Foreign Forces: Military,Armed Forces of the Russian Federation,Education Infrastructure
2024-12-25,,Ukraine,UKR,Dnipropetrovsk Oblast,48.4,35.0,(2) 25 km Precision ,Education,Local Education Provider,Air-Launched: Drone,Aerial Bomb,Foreign Forces: Military,Armed Forces of the Russian Federation,Education Infrastructure
2024-12-25,,Ukraine,UKR,Dnipropetrovsk Oblast,48.4,35.0,(2) 25 km Precision ,Education,Local Education Provider,Air-Launched: Drone,Aerial Bomb,Foreign Forces: Military,Armed Forces of the Russian Federation,Education Infrastructure
2024-12-25,,Ukraine,UKR,Dnipropetrovsk Oblast,48.4,35.0,(2) 25 km Precision ,Education,Local Education Provider,Air-Launched: Drone,Aerial Bomb,Foreign Forces: Military,Armed Forces of the Russian Federation,Education Infrastructure
2024-12-25,,Ukraine,UKR,Dnipropetrovsk Oblast,48.4,35.0,(2) 25 km Precision ,Education,Local Education Provider,Air-Launched: Drone,Aerial Bomb,Foreign Forces: Military,Armed Forces of the Russian Federation,Education Infrastructure
2024-12-25,,Ukraine,UKR,Dnipropetrovsk Oblast,48.4,35.0,(2) 25 km Precision ,Education,Local Education Provider,Air-Launched: Drone,Aerial Bomb,Foreign Forces: Military,Armed Forces of the Russian Federation,Education Infrastructure
2024-12-25,,Ukraine,UKR,Dnipropetrovsk Oblast,48.4,35.0,(2) 25 km Precision ,Education,Local Education Provider,Air-Launched: Drone,Aerial Bomb,Foreign Forces: Military,Armed Forces of the Russian Federation,Other
2024-12-25,,Myanmar,MMR,Kachin State,24.2,97.2,(2) 25 km Precision ,Health Care,Private Health Care,Ground-Launched,Missile,NSA,Kachin Independence Army,Health Infrastructure
2024-12-25,,Sudan,SDN,North Darfur State,13.6,25.3,(2) 25 km Precision ,"Health Care, Aid Operations",INGO,Ground-Launched,Rocket,Vigilante,Rapid Support Forces,Health Infrastructure
2024-12-24,,Mali,MLI,Kidal,19.8,0.7,(2) 25 km Precision ,Health Care,Local Health Care Provider,Directly-emplaced,Unspecified Explosive,Multiple,"Mali Armed Forces, Wagner Group",Health Infrastructure
2024-12-24,,Sudan,SDN,North Darfur State,13.4,25.3,(2) 25 km Precision ,Protection,IDP/Refugee Service,Ground-Launched,Shelling,Vigilante,Rapid Support Forces,Protection Infrastructure
2024-12-24,,Ukraine,UKR,Dnipropetrovsk Oblast,47.5,34.3,(2) 25 km Precision ,Health Care,Local Health Care Provider,Ground-Launched,Artillery,Foreign Forces: Military,Armed Forces of the Russian Federation,Health Infrastructure
2024-12-24,,Myanmar,MMR,Mandalay,21.4,95.6,"(4) Province, State, Governorate ",Education,Local Education Provider,Air-Launched: Plane,Aerial Bomb,Other,Myanmar Armed Forces,Education Infrastructure
2024-12-24,,Sudan,SDN,North Darfur State,13.6,25.3,(2) 25 km Precision ,Protection,IDP/Refugee Service,Ground-Launched,Shelling,Multiple,"Darfur rebels, Rapid Support Forces",Protection Infrastructure
2024-12-24,,Ethiopia,ETH,Amhara Region,11.5,39.6,(2) 25 km Precision ,Education,Local Education Provider,Air-Launched: Drone,Aerial Bomb,Other,Ethiopian National Defense Forces,Education Infrastructure
2024-12-23,,Ukraine,UKR,Donetsk Oblast,48.0,37.8,(2) 25 km Precision ,Health Care,Local Health Care Provider,Ground-Launched,Rocket,NSA,Unidentified Armed Actor,Multiple
2024-12-23,,Myanmar,MMR,Bago Region,18.5,96.2,"(3) District, Communicipality or Commune ",Education,Local Education Provider,Air-Launched: Drone,Aerial Bomb,Other,Myanmar Armed Forces,Education Infrastructure
2024-12-23,,Myanmar,MMR,Bago Region,17.9,96.7,(2) 25 km Precision ,Education,Local Education Provider,Air-Launched: Drone,Aerial Bomb,Other,Myanmar Armed Forces,Education Infrastructure
2024-12-22,,Sudan,SDN,North Darfur State,13.6,25.3,(2) 25 km Precision ,Protection,IDP/Refugee Service,Ground-Launched,Artillery,Vigilante,Rapid Support Forces,Protection Infrastructure
2024-12-22,,Sudan,SDN,North Darfur State,13.4,25.3,(2) 25 km Precision ,Protection,IDP/Refugee Service,Ground-Launched,Artillery,Vigilante,Rapid Support Forces,Protection Infrastructure
2024-12-22,,OPT,PSE,West Bank,,,censored,Protection,IDP/Refugee Service,Directly-Emplaced,Unspecified IED,No Information,Unidentified Armed Actor,Protection Infrastructure
2024-12-22,,Myanmar,MMR,Kachin State,24.2,97.2,(2) 25 km Precision ,Education,Local Education Provider,Air-Launched: Drone,Aerial Bomb,NSA,Kachin Independence Army,Education Infrastructure
2024-12-21,,Ukraine,UKR,Cherkasy Oblast,49.0,30.9,(2) 25 km Precision ,Education,Local Education Provider,Air-Launched: Drone,Aerial Bomb,Foreign Forces: Military,Armed Forces of the Russian Federation,Education Infrastructure
2024-12-20,,Ukraine,UKR,Kyiv Oblast,50.4,30.5,(2) 25 km Precision ,Education,Local Education Provider,Ground-Launched,Missile,Foreign Forces: Military,Armed Forces of the Russian Federation,Other
2024-12-20,,Ukraine,UKR,Pecherskyi district,50.4,30.5,(2) 25 km Precision ,Health Care,Local Health Care Provider,Ground-Launched,Missile,Foreign Forces: Military,Armed Forces of the Russian Federation,Other
2024-12-20,,Ukraine,UKR,Kherson Oblast,46.6,32.6,"(3) District, Communicipality or Commune ","Health Care, Aid Operations",NGO,Unspecified Launch Method,Unspecified Explosive,Foreign Forces: Military,Armed Forces of the Russian Federation,Aid Infrastructure
2024-12-20,,Ukraine,UKR,Kherson Oblast,46.6,32.6,"(3) District, Communicipality or Commune ",Health Care,Local Health Care Provider,Ground-Launched,Rocket,Foreign Forces: Military,Armed Forces of the Russian Federation,Health Infrastructure
2024-12-20,,Ukraine,UKR,Kherson Oblast,46.6,32.6,(2) 25 km Precision ,Health Care,Local Health Care Provider,Ground-Launched,Rocket,Foreign Forces: Military,Armed Forces of the Russian Federation,Health Infrastructure
2024-12-20,,Ukraine,UKR,Kherson Raion,46.6,32.7,(2) 25 km Precision ,Health Care,Local Health Care Provider,Air-Launched: Plane,Aerial Bomb,Foreign Forces: Military,Armed Forces of the Russian Federation,Health Infrastructure
2024-12-20,,Ukraine,UKR,Kyiv Oblast,50.4,30.5,(2) 25 km Precision ,Health Care,Local Health Care Provider,Ground-Launched,Missile,Foreign Forces: Military,Armed Forces of the Russian Federation,Other
2024-12-20,,Ukraine,UKR,Kyiv Oblast,50.4,30.5,(2) 25 km Precision ,Health Care,Local Health Care Provider,Ground-Launched,Missile,Foreign Forces: Military,Armed Forces of the Russian Federation,Other
2024-12-20,,Ukraine,UKR,Kyiv Oblast,50.4,30.5,(2) 25 km Precision ,Health Care,Local Health Care Provider,Ground-Launched,Missile,Foreign Forces: Military,Armed Forces of the Russian Federation,Other
2024-12-20,,Ukraine,UKR,Kyiv Oblast,50.4,30.5,(2) 25 km Precision ,Health Care,Local Health Care Provider,Ground-Launched,Missile,Foreign Forces: Military,Armed Forces of the Russian Federation,Other
2024-12-20,,Ukraine,UKR,Kyiv Oblast,50.4,30.5,(2) 25 km Precision ,Health Care,Local Health Care Provider,Ground-Launched,Missile,Foreign Forces: Military,Armed Forces of the Russian Federation,Other
2024-12-20,,Ukraine,UKR,Kyiv Oblast,50.4,30.5,(2) 25 km Precision ,Health Care,Local Health Care Provider,Ground-Launched,Missile,Foreign Forces: Military,Armed Forces of the Russian Federation,Other
2024-12-20,,Ukraine,UKR,Kyiv Oblast,50.4,30.5,(2) 25 km Precision ,Health Care,Local Health Care Provider,Ground-Launched,Missile,Foreign Forces: Military,Armed Forces of the Russian Federation,Other
2024-12-20,,Ukraine,UKR,Kyiv Oblast,50.4,30.5,(2) 25 km Precision ,Health Care,Local Health Care Provider,Ground-Launched,Missile,Foreign Forces: Military,Armed Forces of the Russian Federation,Other
2024-12-20,,Ukraine,UKR,Kyiv Oblast,50.4,30.5,(2) 25 km Precision ,Health Care,Local Health Care Provider,Ground-Launched,Missile,Foreign Forces: Military,Armed Forces of the Russian Federation,Other
2024-12-20,,Ukraine,UKR,Kyiv Oblast,50.4,30.5,(2) 25 km Precision ,Health Care,Local Health Care Provider,Ground-Launched,Missile,Foreign Forces: Military,Armed Forces of the Russian Federation,Other
2024-12-20,,Ukraine,UKR,Kyiv Oblast,50.4,30.5,(2) 25 km Precision ,Health Care,Local Health Care Provider,Ground-Launched,Missile,Foreign Forces: Military,Armed Forces of the Russian Federation,Other
2024-12-20,,Ukraine,UKR,Kyiv Oblast,50.4,30.5,(2) 25 km Precision ,Health Care,Local Health Care Provider,Ground-Launched,Missile,Foreign Forces: Military,Armed Forces of the Russian Federation,Other
2024-12-20,,Ukraine,UKR,Kyiv Oblast,50.4,30.5,(2) 25 km Precision ,Health Care,Local Health Care Provider,Ground-Launched,Missile,Foreign Forces: Military,Armed Forces of the Russian Federation,Other
2024-12-20,,Ukraine,UKR,Kyiv Oblast,50.4,30.5,(2) 25 km Precision ,Health Care,Local Health Care Provider,Ground-Launched,Missile,Foreign Forces: Military,Armed Forces of the Russian Federation,Other
2024-12-20,,Ukraine,UKR,Kyiv Oblast,50.4,30.5,(2) 25 km Precision ,Health Care,Local Health Care Provider,Ground-Launched,Missile,Foreign Forces: Military,Armed Forces of the Russian Federation,Other
2024-12-20,,Ukraine,UKR,Kyiv Oblast,50.4,30.5,(2) 25 km Precision ,Education,Local Education Provider,Ground-Launched,Missile,Foreign Forces: Military,Armed Forces of the Russian Federation,Other
2024-12-20,,Ukraine,UKR,Kyiv Oblast,50.4,30.5,(2) 25 km Precision ,Education,Local Education Provider,Ground-Launched,Missile,Foreign Forces: Military,Armed Forces of the Russian Federation,Other
2024-12-20,,Ukraine,UKR,Kyiv Oblast,50.4,30.5,(2) 25 km Precision ,Education,Local Education Provider,Ground-Launched,Missile,Foreign Forces: Military,Armed Forces of the Russian Federation,Other
2024-12-20,,Ukraine,UKR,Kyiv Oblast,50.4,30.5,(2) 25 km Precision ,Education,Local Education Provider,Ground-Launched,Missile,Foreign Forces: Military,Armed Forces of the Russian Federation,Other
2024-12-20,,Ukraine,UKR,Kyiv Oblast,50.4,30.5,(2) 25 km Precision ,Education,Local Education Provider,Ground-Launched,Missile,Foreign Forces: Military,Armed Forces of the Russian Federation,Other
2024-12-20,,Ukraine,UKR,Kyiv Oblast,50.4,30.5,(2) 25 km Precision ,Education,Local Education Provider,Ground-Launched,Missile,Foreign Forces: Military,Armed Forces of the Russian Federation,Other
2024-12-20,,Ukraine,UKR,Kyiv Oblast,50.4,30.5,(2) 25 km Precision ,Education,Local Education Provider,Ground-Launched,Missile,Foreign Forces: Military,Armed Forces of the Russian Federation,Other
2024-12-20,,Ukraine,UKR,Kyiv Oblast,50.4,30.5,(2) 25 km Precision ,Education,Local Education Provider,Ground-Launched,Missile,Foreign Forces: Military,Armed Forces of the Russian Federation,Other
2024-12-20,,Ukraine,UKR,Kyiv Oblast,50.4,30.5,(2) 25 km Precision ,Education,Local Education Provider,Ground-Launched,Missile,Foreign Forces: Military,Armed Forces of the Russian Federation,Other
2024-12-20,,Ukraine,UKR,,50.4,30.5,(2) 25 km Precision ,Education,Local Education Provider,Ground-Launched,Missile,Foreign Forces: Military,Armed Forces of the Russian Federation,Other
2024-12-20,,Ukraine,UKR,,50.4,30.5,(2) 25 km Precision ,Education,Local Education Provider,Ground-Launched,Missile,Foreign Forces: Military,Armed Forces of the Russian Federation,Other
2024-12-20,,Ukraine,UKR,,50.4,30.5,(2) 25 km Precision ,Education,Local Education Provider,Ground-Launched,Missile,Foreign Forces: Military,Armed Forces of the Russian Federation,Other
2024-12-20,,Ukraine,UKR,,50.4,30.5,(2) 25 km Precision ,Education,Local Education Provider,Ground-Launched,Missile,Foreign Forces: Military,Armed Forces of the Russian Federation,Other
2024-12-20,,Ukraine,UKR,,50.4,30.5,(2) 25 km Precision ,Education,Local Education Provider,Ground-Launched,Missile,Foreign Forces: Military,Armed Forces of the Russian Federation,Other
2024-12-20,,Ukraine,UKR,,50.4,30.5,(2) 25 km Precision ,Education,Local Education Provider,Ground-Launched,Missile,Foreign Forces: Military,Armed Forces of the Russian Federation,Other
2024-12-20,,Ukraine,UKR,,50.4,30.5,(2) 25 km Precision ,Education,Local Education Provider,Ground-Launched,Missile,Foreign Forces: Military,Armed Forces of the Russian Federation,Other
2024-12-20,,Ukraine,UKR,,50.4,30.5,(2) 25 km Precision ,Education,Local Education Provider,Ground-Launched,Missile,Foreign Forces: Military,Armed Forces of the Russian Federation,Other
2024-12-20,,Ukraine,UKR,,50.4,30.5,(2) 25 km Precision ,Education,Local Education Provider,Ground-Launched,Missile,Foreign Forces: Military,Armed Forces of the Russian Federation,Other
2024-12-20,,Ukraine,UKR,,50.4,30.5,(2) 25 km Precision ,Education,Local Education Provider,Ground-Launched,Missile,Foreign Forces: Military,Armed Forces of the Russian Federation,Other
2024-12-20,,Ukraine,UKR,,50.4,30.5,(2) 25 km Precision ,Education,Local Education Provider,Ground-Launched,Missile,Foreign Forces: Military,Armed Forces of the Russian Federation,Other
2024-12-20,,Ukraine,UKR,,50.4,30.5,(2) 25 km Precision ,Education,Local Education Provider,Ground-Launched,Missile,Foreign Forces: Military,Armed Forces of the Russian Federation,Other
2024-12-20,,Ukraine,UKR,,50.4,30.5,(2) 25 km Precision ,Education,Local Education Provider,Ground-Launched,Missile,Foreign Forces: Military,Armed Forces of the Russian Federation,Other
2024-12-20,,Ukraine,UKR,,50.4,30.5,(2) 25 km Precision ,Education,Local Education Provider,Ground-Launched,Missile,Foreign Forces: Military,Armed Forces of the Russian Federation,Other
2024-12-20,,Ukraine,UKR,,50.4,30.5,(2) 25 km Precision ,Education,Local Education Provider,Ground-Launched,Missile,Foreign Forces: Military,Armed Forces of the Russian Federation,Other
2024-12-20,,Ukraine,UKR,,50.4,30.5,(2) 25 km Precision ,Education,Local Education Provider,Ground-Launched,Missile,Foreign Forces: Military,Armed Forces of the Russian Federation,Other
2024-12-20,,Ukraine,UKR,,50.4,30.5,(2) 25 km Precision ,Education,Local Education Provider,Ground-Launched,Missile,Foreign Forces: Military,Armed Forces of the Russian Federation,Other
2024-12-20,,Ukraine,UKR,,50.4,30.5,(2) 25 km Precision ,Education,Local Education Provider,Ground-Launched,Missile,Foreign Forces: Military,Armed Forces of the Russian Federation,Other
2024-12-20,,Ukraine,UKR,,50.4,30.5,(2) 25 km Precision ,Education,Local Education Provider,Ground-Launched,Missile,Foreign Forces: Military,Armed Forces of the Russian Federation,Other
2024-12-20,,Ukraine,UKR,,50.4,30.5,(2) 25 km Precision ,Education,Local Education Provider,Ground-Launched,Missile,Foreign Forces: Military,Armed Forces of the Russian Federation,Other
2024-12-20,,Ukraine,UKR,Donetsk Oblast,48.5,37.6,(2) 25 km Precision ,Health Care,Local Health Care Provider,Air-Launched: Plane,Aerial Bomb,Foreign Forces: Military,Armed Forces of the Russian Federation,Health Infrastructure
2024-12-20,,Ukraine,UKR,Donetsk Oblast,48.3,38.0,(2) 25 km Precision ,Health Care,Local Health Care Provider,Air-Launched: Drone,Aerial Bomb,Other,Armed Forces of Ukraine,Health Infrastructure
2024-12-20,,Chechnya,RUS,Central Federal District,51.5,34.6,(2) 25 km Precision ,Education,Local Education Provider,Ground-Launched,Rocket,Foreign Forces: Military,Armed Forces of Ukraine,Education Infrastructure
2024-12-20,,Myanmar,MMR,Chin,22.9,93.6,(2) 25 km Precision ,Health Care,Local Health Care Provider,"Air-Launched: Plane, NotAnswered","Aerial Bomb, NotAnswered",Multiple,"Chin National Army, Myanmar Armed Forces",Health Infrastructure
2024-12-19,,Myanmar,MMR,Sagaing Region,21.9,96.0,(2) 25 km Precision ,Education,Local Education Provider,Air-Launched: Plane,Aerial Bomb,Other,Myanmar Armed Forces,Education Infrastructure
2024-12-19,,Israel,ISR,Tel-Aviv District,32.0,34.8,(2) 25 km Precision ,Education,Local Education Provider,Unspecified Launch Method,"Missile, Unspecified Explosive",Multiple,"Israeli Defence Forces, Shia al-Houthi rebels",Education Infrastructure
2024-12-19,,Myanmar,MMR,Sagaing Region,21.9,96.0,(2) 25 km Precision ,Education,Local Education Provider,Air-Launched: Plane,Aerial Bomb,Other,Myanmar Armed Forces,Education Infrastructure
2024-12-19,,Sudan,SDN,Blue Nile,9.9,34.0,"(3) District, Communicipality or Commune ",Aid Operations,UN Agency,Unspecified Launch Method,Unspecified Explosive,Other,Sudanese Armed Forces,Food Infrastructure
2024-12-19,,Ukraine,UKR,Dnipropetrovsk Oblast,47.9,33.3,(2) 25 km Precision ,Health Care,Local Health Care Provider,Unspecified Launch Method,Missile,Foreign Forces: Military,Armed Forces of the Russian Federation,Health Infrastructure
2024-12-19,,Sudan,SDN,North Darfur State,13.4,25.3,(2) 25 km Precision ,"Protection, Aid Operations","IDP/Refugee Service, UN Agency",Ground-Launched,Shelling,Vigilante,Rapid Support Forces,Food Infrastructure
2024-12-18,,Sudan,SDN,North Darfur State,13.6,25.3,(2) 25 km Precision ,"Health Care, Aid Operations",INGO,Ground-Launched,Shelling,Vigilante,Rapid Support Forces,Health Infrastructure
2024-12-18,,Sudan,SDN,North Darfur State,13.4,25.3,(2) 25 km Precision ,Protection,IDP/Refugee Service,Ground-Launched,Shelling,Vigilante,Rapid Support Forces,Protection Infrastructure
2024-12-18,,Ukraine,UKR,Dnipropetrovsk Oblast,47.9,33.3,(2) 25 km Precision ,Health Care,Local Health Care Provider,Unspecified Launch Method,Missile,Foreign Forces: Military,Armed Forces of the Russian Federation,Health Infrastructure
2024-12-18,,Ukraine,UKR,Dnipropetrovsk Oblast,47.9,33.3,(2) 25 km Precision ,Education,Local Education Provider,Unspecified Launch Method,Missile,Foreign Forces: Military,Armed Forces of the Russian Federation,Education Infrastructure
2024-12-17,,Sudan,SDN,South Darfur State,12.0,24.8,(2) 25 km Precision ,"Education, Protection","IDP/Refugee Service, Local Education Provider",Air-Launched: Plane,Aerial Bomb,Other,Sudanese Armed Forces,Education Infrastructure
2024-12-17,,Ukraine,UKR,Solomianskyi district,50.4,30.4,(2) 25 km Precision ,Health Care,Local Health Care Provider,Air-Launched: Drone,Aerial Bomb,Foreign Forces: Military,Armed Forces of the Russian Federation,Health Infrastructure
2024-12-17,,Sudan,SDN,South Darfur State,12.0,24.8,(2) 25 km Precision ,"Health Care, Aid Operations",INGO,Air-Launched: Plane,Aerial Bomb,Other,Sudanese Armed Forces,Health Infrastructure
2024-12-17,,Sudan,SDN,South Darfur State,12.0,24.8,(2) 25 km Precision ,Protection,IDP/Refugee Service,Air-Launched: Plane,Aerial Bomb,Other,Sudanese Armed Forces,Protection Infrastructure
2024-12-16,,Ukraine,UKR,Kharkiv Oblast,49.7,37.6,(2) 25 km Precision ,Health Care,Local Health Care Provider,Ground-Launched,Rocket,Foreign Forces: Military,Armed Forces of the Russian Federation,Health Infrastructure
2024-12-15,,OPT,PSE,West Bank,,,censored,Protection,IDP/Refugee Service,Directly-emplaced,Unspecified Explosive,NSA,Unidentified Armed Actor,Protection Infrastructure
2024-12-15,,Ukraine,UKR,Beryslav Raion,47.1,33.7,(2) 25 km Precision ,Health Care,Local Health Care Provider,Ground-Launched,Artillery,Foreign Forces: Military,Armed Forces of the Russian Federation,Health Infrastructure
2024-12-15,,Myanmar,MMR,Rakhine,19.7,94.0,(2) 25 km Precision ,Health Care,Local Health Care Provider,Ground-Launched,Artillery,NSA,Arakan Army,Health Worker
2024-12-15,,OPT,PSE,West Bank,,,censored,"Education, Protection, Aid Operations","IDP/Refugee Service, UN Agency","Directly-emplaced, NotAnswered","NotAnswered, Unspecified Explosive",Multiple,Unidentified Armed Actor,Aid Infrastructure
2024-12-15,,Myanmar,MMR,Rakhine,17.5,94.5,(2) 25 km Precision ,Health Care,Local Health Care Provider,Air-Launched: Plane,Aerial Bomb,Other,Myanmar Armed Forces,Health Infrastructure
2024-12-14,,OPT,PSE,West Bank,,,censored,Protection,IDP/Refugee Service,"NotAnswered, Unspecified Launch Method","NotAnswered, Unspecified Explosive",Multiple,Unidentified Armed Actor,Protection Infrastructure
2024-12-14,,Sudan,SDN,North Darfur State,13.6,25.3,"(3) District, Communicipality or Commune ",Protection,IDP/Refugee Service,Ground-Launched,Shelling,Vigilante,Rapid Support Forces,Protection Infrastructure
2024-12-13,,Ukraine,UKR,Kherson Oblast,46.6,32.5,(2) 25 km Precision ,Health Care,Local Health Care Provider,Ground-Launched,Artillery,Foreign Forces: Military,Armed Forces of the Russian Federation,Health Infrastructure
2024-12-13,,Ukraine,UKR,Chernihiv Oblast,50.5,32.3,(2) 25 km Precision ,Education,Local Education Provider,Air-Launched: Drone,Aerial Bomb,Foreign Forces: Military,Armed Forces of the Russian Federation,Education Infrastructure
2024-12-13,,Sudan,SDN,North Darfur State,13.6,25.3,(2) 25 km Precision ,"Health Care, Aid Operations",INGO,Air-Launched: Drone,Aerial Bomb,Vigilante,Rapid Support Forces,Health Infrastructure
2024-12-13,,Ukraine,UKR,Kherson Oblast,46.6,32.6,(2) 25 km Precision ,Health Care,Local Health Care Provider,Air-Launched: Drone,Aerial Bomb,Foreign Forces: Military,Armed Forces of the Russian Federation,Health Worker
2024-12-12,,Sudan,SDN,North Darfur State,13.6,25.3,(2) 25 km Precision ,Protection,IDP/Refugee Service,Ground-Launched,Artillery,Multiple,"Militia, Rapid Support Forces",Protection Infrastructure
2024-12-12,,Syria,SYR,Al-Hasaka Governorate,36.4,40.5,"(4) Province, State, Governorate ",Education,Local Education Provider,Ground-Launched,Artillery,Multiple,Unidentified Armed Actor,Education Infrastructure
2024-12-12,,Myanmar,MMR,Magway,20.5,94.6,(2) 25 km Precision ,Education,Local Education Provider,Air-Launched: Helicopter,Unspecified Explosive,Other,Myanmar Armed Forces,Education Infrastructure
2024-12-12,,OPT,PSE,Gaza Strip,,,censored,Protection,IDP/Refugee Service,"Directly-Emplaced, NotAnswered","NotAnswered, Unspecified IED",Multiple,"Hamas, Israeli Defence Forces",Protection Infrastructure
2024-12-11,,Sudan,SDN,Blue Nile,9.9,34.0,"(3) District, Communicipality or Commune ",Aid Operations,UN Agency,Air-Launched: Plane,Aerial Bomb,Other,Sudanese Armed Forces,Food Infrastructure
2024-12-11,,Syria,SYR,Aleppo Governorate,36.5,38.2,(2) 25 km Precision ,Health Care,Local Health Care Provider,Air-Launched: Drone,Aerial Bomb,Foreign Forces: Military,Armed Forces of Turkey,Health Infrastructure
2024-12-11,,Sudan,SDN,North Darfur State,13.4,25.3,(2) 25 km Precision ,Protection,IDP/Refugee Service,Ground-Launched,Artillery,Vigilante,Rapid Support Forces,Protection Infrastructure
2024-12-10,,Ukraine,UKR,Zaporizhia Oblast,47.8,35.1,(2) 25 km Precision ,Health Care,Local Health Care Provider,Ground-Launched,Missile,Foreign Forces: Military,Armed Forces of the Russian Federation,Health Infrastructure
2024-12-10,,Ukraine,UKR,Zaporizhia Oblast,47.8,35.1,(2) 25 km Precision ,Health Care,Private Health Care,Ground-Launched,Missile,Foreign Forces: Military,Armed Forces of the Russian Federation,Health Infrastructure
2024-12-10,,Ukraine,UKR,Zaporizhia Oblast,47.8,35.1,"(3) District, Communicipality or Commune ",Education,Local Education Provider,Ground-Launched,Missile,Foreign Forces: Military,Armed Forces of the Russian Federation,Education Infrastructure
2024-12-10,,Sudan,SDN,Khartoum State,15.6,32.4,"(3) District, Communicipality or Commune ",Education,Local Education Provider,Unspecified Launch Method,Unspecified Explosive,Vigilante,Rapid Support Forces,Teacher/Student
2024-12-10,,Iraq,IRQ,Iraqi Kurdistan Region,37.0,43.4,"(3) District, Communicipality or Commune ",Education,Local Education Provider,Ground-Launched,Shelling,Foreign Forces: Military,Armed Forces of Turkey,Education Infrastructure
2024-12-10,,Sudan,SDN,North Darfur State,13.4,25.3,(2) 25 km Precision ,Protection,IDP/Refugee Service,Ground-Launched,Artillery,Vigilante,Rapid Support Forces,Protection Infrastructure
2024-12-09,,Ukraine,UKR,Donetsk Oblast,48.5,37.6,(2) 25 km Precision ,Health Care,Local Health Care Provider,Ground-Launched,Artillery,Foreign Forces: Military,Armed Forces of the Russian Federation,Health Infrastructure
2024-12-09,,Myanmar,MMR,Magway,21.3,95.0,(2) 25 km Precision ,Education,Local Education Provider,Air-Launched: Drone,Aerial Bomb,Other,People's Defence Force (Myanmar),Education Infrastructure
2024-12-09,,Ethiopia,ETH,Amhara Region,11.0,36.8,(2) 25 km Precision ,Education,Local Education Provider,Air-Launched: Drone,Aerial Bomb,Other,Ethiopian National Defense Forces,Education Infrastructure
2024-12-09,,Ukraine,UKR,Kherson Oblast,46.6,32.5,(2) 25 km Precision ,Health Care,Local Health Care Provider,Air-Launched: Drone,Aerial Bomb,Foreign Forces: Military,Armed Forces of the Russian Federation,Health Infrastructure
2024-12-08,,Sudan,SDN,North Darfur State,13.9,23.7,"(3) District, Communicipality or Commune ",Protection,IDP/Refugee Service,Air-Launched: Plane,Aerial Bomb,Other,Sudanese Armed Forces,Protection Infrastructure
2024-12-08,,OPT,PSE,Gaza Strip,,,censored,Protection,IDP/Refugee Service,"Ground-Launched, NotAnswered","NotAnswered, Shelling",Multiple,"Hamas, Israeli Defence Forces",Protection Infrastructure
2024-12-08,,Sudan,SDN,Al Khartum,15.4,32.5,(2) 25 km Precision ,Health Care,Local Health Care Provider,Air-Launched: Plane,Aerial Bomb,Other,Sudanese Armed Forces,Health Infrastructure
2024-12-07,,Sudan,SDN,Al Khartum,15.6,32.4,(2) 25 km Precision ,Health Care,Local Health Care Provider,Ground-Launched,Shelling,Vigilante,Rapid Support Forces,Health Worker
2024-12-07,,Sudan,SDN,Al Khartum,15.6,32.3,(2) 25 km Precision ,Health Care,Local Health Care Provider,Ground-Launched,Shelling,Vigilante,Rapid Support Forces,Health Infrastructure
2024-12-06,,Myanmar,MMR,Rakhine,18.7,94.3,(2) 25 km Precision ,Education,Local Education Provider,Air-Launched: Plane,Aerial Bomb,Other,Myanmar Armed Forces,Education Infrastructure
2024-12-06,,Sudan,SDN,North Darfur State,13.4,25.3,(2) 25 km Precision ,Protection,IDP/Refugee Service,Ground-Launched,Shelling,Vigilante,Rapid Support Forces,Protection Infrastructure
2024-12-06,,Ukraine,UKR,Kherson Oblast,46.6,32.7,(2) 25 km Precision ,Health Care,Local Health Care Provider,Air-Launched: Drone,Aerial Bomb,Foreign Forces: Military,Armed Forces of the Russian Federation,Health Infrastructure
2024-12-06,,Sudan,SDN,Al Khartum,15.7,32.5,(2) 25 km Precision ,Health Care,Local Health Care Provider,Unspecified Launch Method,Unspecified Explosive,Vigilante,Rapid Support Forces,Health Infrastructure
2024-12-05,,Myanmar,MMR,Kachin State,24.2,97.2,"(3) District, Communicipality or Commune ",Education,Local Education Provider,Ground-Launched,Shelling,Multiple,"Local Defense Forces, Myanmar Armed Forces",Teacher/Student
2024-12-05,,Lebanon,LBN,South Governorate,33.3,35,censored by HDX,"Health Care, Aid Operations",Government Aid Agency,Air-Launched: Plane,Aerial Bomb,Foreign Forces: Military,Israeli Defence Forces,Other
2024-12-05,,Sudan,SDN,North Darfur State,13.6,25.3,(2) 25 km Precision ,Protection,IDP/Refugee Service,Ground-Launched,Artillery,Vigilante,Rapid Support Forces,Protection Infrastructure
2024-12-05,,Myanmar,MMR,Mandalay,21.8,95.5,(2) 25 km Precision ,Education,Local Education Provider,Air-Launched: Plane,Aerial Bomb,Other,Myanmar Armed Forces,Education Infrastructure
2024-12-04,,OPT,PSE,Gaza Strip,,,censored,Protection,IDP/Refugee Service,"Directly-Emplaced, NotAnswered","NotAnswered, Unspecified IED",Multiple,"Hamas, Israeli Defence Forces",Protection Infrastructure
2024-12-04,,Lebanon,LBN,Beirut Governorate,33.8,35.4,censored by HDX,"Health Care, Aid Operations",INGO,Air-Launched: Plane,Aerial Bomb,Foreign Forces: Military,Israeli Defence Forces,Health Infrastructure
2024-12-04,,Myanmar,MMR,Shan State,19.7,97.0,(2) 25 km Precision ,Protection,IDP/Refugee Service,Air-Launched: Drone,Aerial Bomb,Other,Myanmar Armed Forces,Protection Infrastructure
2024-12-04,,Myanmar,MMR,Kachin State,25.3,97.3,(2) 25 km Precision ,Health Care,Private Health Care,Ground-Launched,Rocket,No Information,Unidentified Armed Actor,Multiple
2024-12-04,,Sudan,SDN,North Darfur State,13.4,25.3,(2) 25 km Precision ,Protection,IDP/Refugee Service,Ground-Launched,Shelling,Vigilante,Rapid Support Forces,Protection Infrastructure
2024-12-04,,Myanmar,MMR,Mandalay,21.4,95.6,(2) 25 km Precision ,Education,Local Education Provider,Air-Launched: Plane,Aerial Bomb,Other,Myanmar Armed Forces,Education Infrastructure
2024-12-03,,Russia,RUS,Southern Federal District,48.3,40.2,(2) 25 km Precision ,Education,Local Education Provider,Air-Launched: Drone,Aerial Bomb,Foreign Forces: Military,Armed Forces of Ukraine,Education Infrastructure
2024-12-03,,Sudan,SDN,North Darfur State,13.4,25.3,(2) 25 km Precision ,Protection,IDP/Refugee Service,Ground-Launched,Artillery,Vigilante,Rapid Support Forces,Protection Infrastructure
2024-12-03,,Ukraine,UKR,Dnipropetrovsk Oblast,47.5,34.3,(2) 25 km Precision ,Education,Local Education Provider,Air-Launched: Drone,Aerial Bomb,Foreign Forces: Military,Armed Forces of the Russian Federation,Education Infrastructure
2024-12-03,,Myanmar,MMR,Magway,20.5,94.6,(2) 25 km Precision ,Education,Local Education Provider,Air-Launched: Drone,Aerial Bomb,Other,Myanmar Armed Forces,Education Infrastructure
2024-12-03,,Myanmar,MMR,Sagaing Region,22.7,95.4,(2) 25 km Precision ,Health Care,Local Health Care Provider,Ground-Launched,Artillery,Other,Local Defense Forces,Health Infrastructure
2024-12-03,,Syria,SYR,Idleb Governorate,35.9,36.6,(2) 25 km Precision ,Health Care,Local Health Care Provider,Air-Launched: Plane,Aerial Bomb,Foreign Forces: Military,Armed Forces of the Russian Federation,Health Infrastructure
2024-12-03,,Lebanon,LBN,Nabatieh Governorate,33.2,35.3,censored by HDX,Health Care,Local Health Care Provider,Air-Launched: Drone,Aerial Bomb,Foreign Forces: Military,Israeli Defence Forces,Health Worker
2024-12-03,,Syria,SYR,Idleb Governorate,35.9,36.6,(2) 25 km Precision ,"Health Care, Aid Operations",LNGO,Air-Launched: Plane,Aerial Bomb,Other,Syrian or Russian Forces,Health Worker
2024-12-03,,Syria,SYR,Idleb Governorate,35.9,36.6,(2) 25 km Precision ,Health Care,Local Health Care Provider,Air-Launched: Plane,Aerial Bomb,Foreign Forces: Military,Armed Forces of the Russian Federation,Health Infrastructure
2024-12-03,,Syria,SYR,Aleppo Governorate,36.2,37.1,(2) 25 km Precision ,"Health Care, Aid Operations",NGO,Air-Launched: Plane,Aerial Bomb,Other,Syrian or Russian Forces,Health Worker
2024-12-02,,Syria,SYR,Idleb Governorate,36.0,36.6,(2) 25 km Precision ,Protection,IDP/Refugee Service,Air-Launched: Plane,Aerial Bomb,Other,Syrian or Russian Forces,Protection Infrastructure
2024-12-02,,Syria,SYR,Idleb Governorate,35.9,36.6,(2) 25 km Precision ,"Health Care, Aid Operations",INGO,Air-Launched: Plane,Aerial Bomb,Foreign Forces: Military,Armed Forces of the Russian Federation,Health Infrastructure
2024-12-02,,Syria,SYR,Idleb Governorate,35.9,36.6,(2) 25 km Precision ,Health Care,Local Health Care Provider,Air-Launched: Plane,Aerial Bomb,Foreign Forces: Military,Armed Forces of the Russian Federation,Health Infrastructure
2024-12-02,,Syria,SYR,Idleb Governorate,35.9,36.6,(2) 25 km Precision ,"Health Care, Aid Operations",INGO,Air-Launched: Plane,Aerial Bomb,Foreign Forces: Military,Armed Forces of the Russian Federation,Health Infrastructure
2024-12-02,,Syria,SYR,Idleb Governorate,35.9,36.6,(2) 25 km Precision ,"Health Care, Aid Operations",INGO,Air-Launched: Plane,Aerial Bomb,Foreign Forces: Military,Armed Forces of the Russian Federation,Health Infrastructure
2024-12-02,,Syria,SYR,Idleb Governorate,35.9,36.6,(2) 25 km Precision ,Health Care,Local Health Care Provider,Air-Launched: Plane,Aerial Bomb,Foreign Forces: Military,Armed Forces of the Russian Federation,Health Infrastructure
2024-12-02,,Syria,SYR,Idleb Governorate,35.9,36.6,(2) 25 km Precision ,Health Care,Local Health Care Provider,Air-Launched: Plane,Aerial Bomb,Foreign Forces: Military,Armed Forces of the Russian Federation,Health Infrastructure
2024-12-02,,Syria,SYR,Idleb Governorate,35.9,36.6,(2) 25 km Precision ,Health Care,Local Health Care Provider,Air-Launched: Plane,Aerial Bomb,Foreign Forces: Military,Armed Forces of the Russian Federation,Health Infrastructure
2024-12-02,,Syria,SYR,Idleb Governorate,35.9,36.6,(2) 25 km Precision ,"Health Care, Aid Operations",INGO,Air-Launched: Plane,Aerial Bomb,Foreign Forces: Military,Armed Forces of the Russian Federation,Health Infrastructure
2024-12-02,,Ethiopia,ETH,Amhara Region,12.1,38.9,(2) 25 km Precision ,Health Care,Local Health Care Provider,Air-Launched: Drone,Aerial Bomb,Other,Ethiopian National Defense Forces,Health Worker
2024-12-02,,Lebanon,LBN,South Governorate,33.3,35,censored by HDX,Health Care,Local Health Care Provider,Air-Launched: Plane,Aerial Bomb,Foreign Forces: Military,Israeli Defence Forces,Health Infrastructure
2024-12-02,,Lebanon,LBN,Nabatieh Governorate,33.2,35.3,censored by HDX,Health Care,Other,Air-Launched: Drone,Aerial Bomb,Foreign Forces: Military,Israeli Defence Forces,Health Worker
2024-12-02,,Sudan,SDN,North Darfur State,13.6,25.3,(2) 25 km Precision ,Protection,IDP/Refugee Service,Ground-Launched,Artillery,Multiple,"Militia, Rapid Support Forces",Protection Infrastructure
2024-12-02,,Sudan,SDN,North Darfur State,13.4,25.3,(2) 25 km Precision ,"Health Care, Protection, Aid Operations","IDP/Refugee Service, NGO",Ground-Launched,Artillery,Vigilante,Rapid Support Forces,Aid Infrastructure
2024-12-02,,Syria,SYR,Idleb Governorate,36.0,36.6,(2) 25 km Precision ,Protection,IDP/Refugee Service,Air-Launched: Plane,Aerial Bomb,Other,Syrian or Russian Forces,Protection Infrastructure
2024-12-02,,Myanmar,MMR,Mandalay,21.4,95.6,(2) 25 km Precision ,Education,Local Education Provider,Air-Launched: Plane,Aerial Bomb,Other,Myanmar Armed Forces,Education Infrastructure
2024-12-02,,Myanmar,MMR,Rakhine,20.3,93.0,(2) 25 km Precision ,Education,Local Education Provider,Air-Launched: Plane,Aerial Bomb,Other,Myanmar Armed Forces,Education Infrastructure
2024-12-01,,Myanmar,MMR,Rakhine,17.5,94.5,(2) 25 km Precision ,Education,Local Education Provider,Air-Launched: Plane,Aerial Bomb,Other,Myanmar Armed Forces,Education Infrastructure
2024-12-01,,Syria,SYR,Aleppo Governorate,36.2,37.1,(2) 25 km Precision ,"Health Care, Aid Operations","LNGO, Local Health Care Provider, NGO",Air-Launched: Plane,Aerial Bomb,Other,Syrian or Russian Forces,Multiple
2024-12-01,,Syria,SYR,Idleb Governorate,35.9,36.6,(2) 25 km Precision ,"Health Care, Aid Operations",INGO,Air-Launched: Plane,Aerial Bomb,Other,Syrian Armed Forces,Health Infrastructure
2024-12-01,,Sudan,SDN,North Darfur State,13.6,25.3,(2) 25 km Precision ,"Protection, Food Security",IDP/Refugee Service,Ground-Launched,Shelling,Multiple,"Militia, Rapid Support Forces",Protection Infrastructure
2024-12-01,,Sudan,SDN,North Darfur State,13.4,25.3,(2) 25 km Precision ,Protection,IDP/Refugee Service,Ground-Launched,Artillery,Vigilante,Rapid Support Forces,Protection Infrastructure
2024-12-01,,Syria,SYR,Idleb Governorate,35.9,36.6,(2) 25 km Precision ,Health Care,Local Health Care Provider,Air-Launched: Plane,Aerial Bomb,Other,Syrian Armed Forces,Health Infrastructure
2024-12-01,,Ukraine,UKR,Sumy Oblast,51.0,34.8,(2) 25 km Precision ,Health Care,Local Health Care Provider,Air-Launched: Drone,Aerial Bomb,Foreign Forces: Military,Armed Forces of the Russian Federation,Health Infrastructure
2024-12-01,,Ethiopia,ETH,Amhara Region,9.0,39.5,(2) 25 km Precision ,Education,Local Education Provider,Air-Launched: Drone,Aerial Bomb,Other,Ethiopian National Defense Forces,Education Infrastructure
2024-12-01,,Yemen,YEM,Ta'izz Governorate,13.8,43.5,(2) 25 km Precision ,Education,Local Education Provider,Air-Launched: Drone,Aerial Bomb,NSA,Shia al-Houthi rebels,Education Infrastructure
2024-12-01,,Syria,SYR,Idleb Governorate,35.9,36.6,(2) 25 km Precision ,"Health Care, Aid Operations",LNGO,Air-Launched: Plane,Aerial Bomb,Other,Syrian Armed Forces,Multiple
2024-12-01,,Sudan,SDN,North Darfur State,13.4,25.3,(2) 25 km Precision ,"Health Care, Protection, Aid Operations","IDP/Refugee Service, Local Health Care Provider, NGO",Ground-Launched,Shelling,Vigilante,Rapid Support Forces,Health Infrastructure
2024-12-01,,Syria,SYR,Aleppo Governorate,36.2,37.1,"(3) District, Communicipality or Commune ","Health Care, Aid Operations","Local Health Care Provider, NGO",Air-Launched: Plane,Aerial Bomb,Other,Syrian or Russian Forces,Health Infrastructure
2024-12-01,,Sudan,SDN,North Darfur State,13.4,25.3,(2) 25 km Precision ,"Health Care, Protection, Aid Operations","IDP/Refugee Service, INGO",Ground-Launched,Shelling,Vigilante,Rapid Support Forces,Multiple
2024-11-30,,Syria,SYR,Aleppo Governorate,36.2,37.1,(2) 25 km Precision ,"Health Care, Aid Operations","LNGO, Local Health Care Provider",Air-Launched: Plane,Aerial Bomb,Other,Syrian Armed Forces,Health Worker
2024-11-30,,Ethiopia,ETH,Amhara Region,12.1,37.0,(2) 25 km Precision ,Education,Local Education Provider,"Ground-Launched, Unspecified Launch Method","Mortar, Unspecified Explosive",Multiple,"Ethiopian National Defense Forces, Fano",Education Infrastructure
2024-11-29,,Ethiopia,ETH,Amhara Region,11.4,37.1,(2) 25 km Precision ,Education,Local Education Provider,Unspecified Launch Method,Unspecified Explosive,Other,Ethiopian National Defense Forces,Education Infrastructure
2024-11-29,,Ukraine,UKR,Kherson Raion,46.6,32.6,(2) 25 km Precision ,Health Care,Local Health Care Provider,Air-Launched: Drone,Aerial Bomb,Foreign Forces: Military,Armed Forces of the Russian Federation,Health Worker
2024-11-29,,Syria,SYR,Aleppo Governorate,36.1,36.8,(2) 25 km Precision ,Education,Local Education Provider,Air-Launched: Plane,Aerial Bomb,Other,Syrian or Russian Forces,Education Infrastructure
2024-11-29,,Syria,SYR,Aleppo Governorate,36.1,36.8,(2) 25 km Precision ,Education,Local Education Provider,Air-Launched: Plane,Aerial Bomb,Other,Syrian or Russian Forces,Education Infrastructure
2024-11-29,,Sudan,SDN,South Darfur State,12.0,25.0,(2) 25 km Precision ,Protection,IDP/Refugee Service,Air-Launched: Drone,Aerial Bomb,Vigilante,Rapid Support Forces,Other
2024-11-29,,OPT,PSE,Gaza Strip,,,censored,Protection,IDP/Refugee Service,"Ground-Launched, NotAnswered","Mortar, NotAnswered",Multiple,"Hamas, Israeli Defence Forces",Protection Infrastructure
2024-11-29,,Sudan,SDN,West Darfur,13.3,22.7,(2) 25 km Precision ,Education,Local Education Provider,Air-Launched: Plane,Aerial Bomb,Other,Sudanese Armed Forces,Education Infrastructure
2024-11-29,,Syria,SYR,Idleb Governorate,35.8,36.5,(2) 25 km Precision ,Education,Local Education Provider,Air-Launched: Plane,Aerial Bomb,Other,Syrian or Russian Forces,Education Infrastructure
2024-11-29,,Ukraine,UKR,Pecherskyi district,50.4,30.5,(2) 25 km Precision ,Health Care,Local Health Care Provider,Air-Launched: Drone,Aerial Bomb,Foreign Forces: Military,Armed Forces of the Russian Federation,Health Infrastructure
2024-11-29,,Syria,SYR,Idleb Governorate,36.0,36.6,(2) 25 km Precision ,Protection,IDP/Refugee Service,Air-Launched: Plane,Aerial Bomb,Other,Syrian or Russian Forces,Protection Infrastructure
2024-11-28,,Ukraine,UKR,Sumy Oblast,51.8,33.4,(2) 25 km Precision ,Education,Local Education Provider,Unspecified Launch Method,Missile,Foreign Forces: Military,Armed Forces of the Russian Federation,Education Infrastructure
2024-11-28,,Ukraine,UKR,Sumy Oblast,51.8,33.4,(2) 25 km Precision ,Health Care,Local Health Care Provider,Ground-Launched,Missile,Foreign Forces: Military,Armed Forces of the Russian Federation,Health Infrastructure
2024-11-27,,Ukraine,UKR,Kherson Raion,46.6,32.6,(2) 25 km Precision ,Health Care,Local Health Care Provider,Air-Launched: Drone,Aerial Bomb,Foreign Forces: Military,Armed Forces of the Russian Federation,Health Infrastructure
2024-11-27,,Syria,SYR,Idleb Governorate,36.2,36.7,(2) 25 km Precision ,Protection,IDP/Refugee Service,Unspecified Launch Method,Cluster Bomb,Other,Syrian Armed Forces,Protection Infrastructure
2024-11-27,,Ukraine,UKR,Kherson Raion,46.6,32.6,(2) 25 km Precision ,Health Care,Local Health Care Provider,Ground-Launched,Shelling,Foreign Forces: Military,Armed Forces of the Russian Federation,Health Infrastructure
2024-11-27,,Myanmar,MMR,Shan State,19.6,96.7,"(3) District, Communicipality or Commune ",Protection,IDP/Refugee Service,Ground-Launched,Artillery,Other,Myanmar Armed Forces,Protection Infrastructure
2024-11-27,,OPT,PSE,Gaza Strip,,,censored,Protection,IDP/Refugee Service,Ground-Launched,"Artillery, Mortar",Multiple,Unidentified Armed Actor,Protection Infrastructure
2024-11-27,,Syria,SYR,Homs Governorate,34.6,36.1,(2) 25 km Precision ,"Health Care, Aid Operations",National Red Cross Society,Air-Launched: Plane,Aerial Bomb,Foreign Forces: Military,Israeli Defence Forces,Health Infrastructure
2024-11-26,,Myanmar,MMR,Chin,22.9,93.7,(2) 25 km Precision ,Health Care,Local Health Care Provider,Air-Launched: Plane,Aerial Bomb,Other,Myanmar Armed Forces,Health Infrastructure
2024-11-26,,Lebanon,LBN,South Governorate,33.3,35,censored by HDX,"Protection, Food Security",IDP/Refugee Service,Air-Launched: Plane,Aerial Bomb,Foreign Forces: Military,Israeli Defence Forces,Protection Infrastructure
2024-11-26,,OPT,PSE,Gaza Strip,,,censored,Protection,IDP/Refugee Service,"Directly-Emplaced, NotAnswered","NotAnswered, Unspecified IED",Multiple,"Hamas, Israeli Defence Forces",Protection Infrastructure
2024-11-26,,OPT,PSE,Gaza Strip,,,censored,Protection,IDP/Refugee Service,"Directly-Emplaced, NotAnswered","NotAnswered, Unspecified IED",Multiple,"Hamas, Israeli Defence Forces",Protection Infrastructure
2024-11-26,,Myanmar,MMR,Sagaing Region,23.3,94.0,(2) 25 km Precision ,Education,Local Education Provider,Ground-Launched,Artillery,Other,Myanmar Armed Forces,Education Infrastructure
2024-11-26,,Syria,SYR,Idleb Governorate,35.8,36.6,(2) 25 km Precision ,Education,Local Education Provider,Ground-Launched,Shelling,Other,Syrian Armed Forces,Education Infrastructure
2024-11-26,,Syria,SYR,Idleb Governorate,35.8,36.6,(2) 25 km Precision ,Education,Local Education Provider,Ground-Launched,Shelling,Other,Syrian Armed Forces,Education Infrastructure
2024-11-26,,Lebanon,LBN,South Governorate,33.3,35,censored by HDX,Health Care,Local Health Care Provider,Air-Launched: Plane,Aerial Bomb,Foreign Forces: Military,Israeli Defence Forces,Health Worker
2024-11-26,,Lebanon,LBN,Beirut Governorate,33.8,35.4,censored by HDX,Health Care,Local Health Care Provider,Air-Launched: Plane,Aerial Bomb,Foreign Forces: Military,Israeli Defence Forces,Health Infrastructure
2024-11-26,,Ukraine,UKR,Sumy Oblast,50.9,34.8,"(3) District, Communicipality or Commune ",Education,Local Education Provider,Ground-Launched,Missile,Foreign Forces: Military,Armed Forces of the Russian Federation,Education Infrastructure
2024-11-26,,Lebanon,LBN,South Governorate,33.3,35,censored by HDX,Protection,IDP/Refugee Service,Air-Launched: Plane,Aerial Bomb,Foreign Forces: Military,Israeli Defence Forces,Protection Infrastructure
2024-11-26,,Myanmar,MMR,Bago Region,18.2,96.7,(2) 25 km Precision ,Health Care,Local Health Care Provider,Air-Launched: Drone,Aerial Bomb,Other,Myanmar Armed Forces,Health Infrastructure
2024-11-25,,Sudan,SDN,North Darfur State,13.6,25.3,(2) 25 km Precision ,Protection,IDP/Refugee Service,Ground-Launched,Shelling,Vigilante,Rapid Support Forces,Protection Infrastructure
2024-11-25,,Sudan,SDN,North Darfur State,13.9,24.9,(2) 25 km Precision ,Education,Local Education Provider,Air-Launched: Plane,Aerial Bomb,Other,Sudanese Armed Forces,Education Infrastructure
2024-11-25,,Ukraine,UKR,Odesa Oblast,46.4,30.7,"(3) District, Communicipality or Commune ",Education,Local Education Provider,Ground-Launched,Missile,Foreign Forces: Military,Armed Forces of the Russian Federation,Education Infrastructure
2024-11-25,,Myanmar,MMR,Sagaing Region,21.9,95.0,(2) 25 km Precision ,Health Care,Local Health Care Provider,Air-Launched: Drone,Aerial Bomb,Other,Local Defense Forces,Health Infrastructure
2024-11-25,,Ukraine,UKR,Mykolaiv Oblast,46.6,31.8,(2) 25 km Precision ,"Aid Operations, Food Security",NGO,Air-Launched: Drone,Shelling,Foreign Forces: Military,Armed Forces of the Russian Federation,Food Infrastructure
2024-11-25,,Ukraine,UKR,Odesa Oblast,46.4,30.7,"(3) District, Communicipality or Commune ",Education,Local Education Provider,Ground-Launched,Missile,Foreign Forces: Military,Armed Forces of the Russian Federation,Education Infrastructure
2024-11-25,,Lebanon,LBN,Nabatieh Governorate,33.2,35.3,censored by HDX,Health Care,Local Health Care Provider,Air-Launched: Plane,Aerial Bomb,Foreign Forces: Military,Israeli Defence Forces,Health Infrastructure
2024-11-25,,Myanmar,MMR,Rakhine,17.7,94.5,(2) 25 km Precision ,Education,Local Education Provider,Air-Launched: Plane,Aerial Bomb,Other,Myanmar Armed Forces,Education Infrastructure
2024-11-25,,Ukraine,UKR,Kharkiv Oblast,50.0,37.3,(2) 25 km Precision ,Education,Local Education Provider,Air-Launched: Plane,Aerial Bomb,Foreign Forces: Military,Armed Forces of the Russian Federation,Education Infrastructure
2024-11-25,,OPT,PSE,Gaza Strip,,,censored,Protection,IDP/Refugee Service,"NotAnswered, Unspecified Launch Method","NotAnswered, Rocket",Multiple,"Hamas, Israeli Defence Forces",Protection Infrastructure
2024-11-24,,Ethiopia,ETH,Amhara Region,9.8,39.4,(2) 25 km Precision ,Education,Local Education Provider,Air-Launched: Drone,Aerial Bomb,Other,Ethiopian National Defense Forces,Education Infrastructure
2024-11-24,,Myanmar,MMR,Special Region 1,22.6,97.4,(2) 25 km Precision ,Education,Local Education Provider,Air-Launched: Plane,Aerial Bomb,Other,Myanmar Armed Forces,Education Infrastructure
2024-11-23,,Sudan,SDN,North Darfur State,13.6,25.3,(2) 25 km Precision ,"Health Care, Protection, Aid Operations","IDP/Refugee Service, INGO","Ground-Launched, Unspecified Launch Method","Artillery, Unspecified Explosive",Multiple,Unidentified Armed Actor,Aid Infrastructure
2024-11-23,,OPT,PSE,Gaza Strip,,,censored,Protection,IDP/Refugee Service,"Directly-Emplaced, NotAnswered","NotAnswered, Unspecified IED",Multiple,"Hamas, Israeli Defence Forces",Protection Infrastructure
2024-11-23,,Sudan,SDN,North Darfur State,14.1,25.5,(2) 25 km Precision ,Aid Operations,UN Agency,Ground-Launched,Shelling,No Information,Unidentified Armed Actor,Other
2024-11-23,,Sudan,SDN,North Darfur State,13.6,25.3,(2) 25 km Precision ,"Protection, Food Security",IDP/Refugee Service,Ground-Launched,Artillery,Vigilante,Rapid Support Forces,Protection Infrastructure
2024-11-23,,Lebanon,LBN,South Governorate,33.3,35,censored by HDX,Health Care,Other,Air-Launched: Drone,Missile,Foreign Forces: Military,Israeli Defence Forces,Health Infrastructure
2024-11-23,,Myanmar,MMR,Magway,21.6,94.8,(2) 25 km Precision ,Education,Local Education Provider,Air-Launched: Drone,Aerial Bomb,Other,People's Defence Force (Myanmar),Education Infrastructure
2024-11-23,,Ukraine,UKR,Kharkiv Oblast,50.3,35.9,(2) 25 km Precision ,Health Care,Local Health Care Provider,Air-Launched: Plane,Aerial Bomb,Foreign Forces: Military,Armed Forces of the Russian Federation,Health Infrastructure
2024-11-23,,Lebanon,LBN,South Governorate,33.3,35,censored by HDX,Health Care,Other,Air-Launched: Drone,Missile,Foreign Forces: Military,Israeli Defence Forces,Health Infrastructure
2024-11-22,,Lebanon,LBN,South Governorate,33.3,35,censored by HDX,Health Care,Private Health Care,Air-Launched: Plane,Aerial Bomb,Foreign Forces: Military,Israeli Defence Forces,Private/Voluntary Aid
2024-11-22,,OPT,PSE,Gaza Strip,,,censored,Protection,IDP/Refugee Service,"NotAnswered, Unspecified Launch Method","NotAnswered, Rocket",Multiple,"al-Aqsa Martyrs' Brigades, Israeli Defence Forces",Protection Infrastructure
2024-11-22,,Lebanon,LBN,Baalbek-Hermel Governorate,34.1,35.9,censored by HDX,Health Care,Local Health Care Provider,Air-Launched: Plane,Aerial Bomb,Foreign Forces: Military,Israeli Defence Forces,Health Worker
2024-11-22,,Sudan,SDN,North Darfur State,13.6,25.3,(2) 25 km Precision ,Protection,IDP/Refugee Service,Ground-Launched,Shelling,Vigilante,Rapid Support Forces,Protection Infrastructure
2024-11-22,,Lebanon,LBN,South Governorate,33.3,35,censored by HDX,Health Care,Private Health Care,Air-Launched: Plane,Aerial Bomb,Foreign Forces: Military,Israeli Defence Forces,Health Infrastructure
2024-11-21,,Ukraine,UKR,Sumy Oblast,50.5,34.3,(2) 25 km Precision ,Education,Local Education Provider,Air-Launched: Plane,Aerial Bomb,Foreign Forces: Military,Armed Forces of the Russian Federation,Education Infrastructure
2024-11-21,,Ukraine,UKR,Dnipropetrovsk Oblast,48.4,34.9,(2) 25 km Precision ,Health Care,Local Health Care Provider,Air-Launched: Plane,Aerial Bomb,Foreign Forces: Military,Armed Forces of the Russian Federation,Health Infrastructure
2024-11-21,,OPT,PSE,Gaza Strip,,,censored,Protection,IDP/Refugee Service,"Ground-Launched, NotAnswered","NotAnswered, Shelling",Multiple,"Hamas, Israeli Defence Forces",Protection Infrastructure
2024-11-21,,Syria,SYR,Homs Governorate,34.7,36.7,"(3) District, Communicipality or Commune ","Protection, Aid Operations",UN Agency,Air-Launched: No Information on Platform Type,Aerial Bomb,Foreign Forces: Military,Israeli Defence Forces,Aid Infrastructure
2024-11-21,,Lebanon,LBN,South Governorate,33.3,35,censored by HDX,Protection,IDP/Refugee Service,Air-Launched: Plane,Aerial Bomb,Foreign Forces: Military,Israeli Defence Forces,Protection Infrastructure
2024-11-20,,Ukraine,UKR,Kyiv Oblast,50.4,30.5,"(3) District, Communicipality or Commune ",Education,Local Education Provider,Unspecified Launch Method,Unspecified Explosive,Foreign Forces: Military,Armed Forces of the Russian Federation,Education Infrastructure
2024-11-20,,Myanmar,MMR,Tanintharyi Region,12.9,98.6,(2) 25 km Precision ,Education,Local Education Provider,Air-Launched: Drone,Aerial Bomb,Other,Local Defense Forces,Education Infrastructure
2024-11-20,,Ukraine,UKR,Kyiv Oblast,50.4,30.5,"(3) District, Communicipality or Commune ",Education,Local Education Provider,Unspecified Launch Method,Unspecified Explosive,Foreign Forces: Military,Armed Forces of the Russian Federation,Education Infrastructure
2024-11-20,,OPT,PSE,Gaza Strip,,,censored,Protection,IDP/Refugee Service,"Directly-Emplaced, Ground-Launched, NotAnswered","Mortar, NotAnswered, Unspecified IED",Multiple,Unidentified Armed Actor,Protection Infrastructure
2024-11-20,,Ukraine,UKR,No Information,49.4,31.2,(6) Country,Health Care,Local Health Care Provider,Unspecified Launch Method,Unspecified Explosive,Foreign Forces: Military,Armed Forces of the Russian Federation,Health Worker
2024-11-20,,Lebanon,LBN,Nabatieh Governorate,33.2,35.3,censored by HDX,Health Care,Private Health Care,Air-Launched: Plane,Aerial Bomb,Foreign Forces: Military,Israeli Defence Forces,Private/Voluntary Aid
2024-11-20,,Myanmar,MMR,Sagaing Region,21.9,95.6,(2) 25 km Precision ,Education,Local Education Provider,Air-Launched: Plane,Aerial Bomb,Other,Myanmar Armed Forces,Education Infrastructure
2024-11-19,,Ukraine,UKR,Sumy Oblast,51.0,35.2,(2) 25 km Precision ,Education,Local Education Provider,Air-Launched: Drone,Aerial Bomb,Foreign Forces: Military,Armed Forces of the Russian Federation,Education Infrastructure
2024-11-19,,Chechnya,RUS,Central Federal District,50.8,36.4,(2) 25 km Precision ,Education,Local Education Provider,Air-Launched: Plane,Aerial Bomb,Other,Armed Forces of the Russian Federation,Education Infrastructure
2024-11-19,,Myanmar,MMR,Sagaing Region,22.1,95.7,(2) 25 km Precision ,Education,Local Education Provider,Air-Launched: Drone,Aerial Bomb,Other,People's Defence Force (Myanmar),Education Infrastructure
2024-11-19,,Ukraine,UKR,Sumy Oblast,50.7,34.3,"(4) Province, State, Governorate ",Education,Local Education Provider,Ground-Launched,Shelling,Foreign Forces: Military,Armed Forces of the Russian Federation,Education Infrastructure
2024-11-19,,Myanmar,MMR,Bago Region,18.3,96.7,"(3) District, Communicipality or Commune ",Education,Local Education Provider,Air-Launched: Drone,Aerial Bomb,Other,Myanmar Armed Forces,Education Infrastructure
2024-11-19,,Lebanon,LBN,South Governorate,33.3,35,censored by HDX,Health Care,Private Health Care,Air-Launched: Plane,Aerial Bomb,Foreign Forces: Military,Israeli Defence Forces,Private/Voluntary Aid
2024-11-19,,Ukraine,UKR,Kherson Oblast,46.6,32.6,(2) 25 km Precision ,Health Care,Local Health Care Provider,Ground-Launched,Artillery,Foreign Forces: Military,Armed Forces of the Russian Federation,Health Infrastructure
2024-11-19,,Myanmar,MMR,Rakhine,20.8,92.3,(2) 25 km Precision ,Education,Local Education Provider,Air-Launched: Plane,Aerial Bomb,Other,Myanmar Armed Forces,Education Infrastructure
2024-11-19,,Myanmar,MMR,Rakhine,18.8,94.2,"(3) District, Communicipality or Commune ",Education,Local Education Provider,Unspecified Launch Method,Unspecified Explosive,Other,Myanmar Armed Forces,Education Infrastructure
2024-11-19,,Ukraine,UKR,Kherson Raion,46.6,32.6,(2) 25 km Precision ,Health Care,Local Health Care Provider,Air-Launched: Drone,Aerial Bomb,Foreign Forces: Military,Armed Forces of the Russian Federation,Health Infrastructure
2024-11-19,,Ukraine,UKR,Kherson Oblast,46.6,32.4,(2) 25 km Precision ,Health Care,Local Health Care Provider,Ground-Launched,Artillery,Foreign Forces: Military,Armed Forces of the Russian Federation,Health Infrastructure
2024-11-18,,Ukraine,UKR,Donetsk Oblast,48.6,37.8,(2) 25 km Precision ,Health Care,Local Health Care Provider,Air-Launched: Drone,Aerial Bomb,Foreign Forces: Military,Armed Forces of the Russian Federation,Health Worker
2024-11-18,,Ukraine,UKR,Sumy Oblast,51.6,33.9,(2) 25 km Precision ,Education,Local Education Provider,Unspecified Launch Method,Unspecified Explosive,Foreign Forces: Military,Armed Forces of the Russian Federation,Education Infrastructure
2024-11-18,,Lebanon,LBN,South Governorate,33.3,35,censored by HDX,Health Care,Private Health Care,Air-Launched: Plane,Aerial Bomb,Foreign Forces: Military,Israeli Defence Forces,Health Infrastructure
2024-11-18,,Lebanon,LBN,Nabatieh Governorate,33.2,35.3,censored by HDX,Health Care,Private Health Care,Air-Launched: Plane,Aerial Bomb,Foreign Forces: Military,Israeli Defence Forces,Health Infrastructure
2024-11-18,,OPT,PSE,Gaza Strip,,,censored,Protection,IDP/Refugee Service,"Ground-Launched, NotAnswered","NotAnswered, Shelling",Multiple,"Hamas, Israeli Defence Forces",Protection Infrastructure
2024-11-18,,Lebanon,LBN,Nabatieh Governorate,33.2,35.3,censored by HDX,Health Care,Local Health Care Provider,Air-Launched: Plane,Aerial Bomb,Foreign Forces: Military,Israeli Defence Forces,Health Infrastructure
2024-11-18,,Ukraine,UKR,Sumy Oblast,51.6,33.9,(2) 25 km Precision ,Health Care,Local Health Care Provider,Air-Launched: Drone,Aerial Bomb,Foreign Forces: Military,Armed Forces of the Russian Federation,Health Infrastructure
2024-11-18,,Ukraine,UKR,Odesa Oblast,46.4,30.7,(2) 25 km Precision ,Health Care,Local Health Care Provider,Ground-Launched,Missile,Foreign Forces: Military,Armed Forces of the Russian Federation,Health Worker
2024-11-18,,Ukraine,UKR,Kherson Oblast,46.5,33.4,"(4) Province, State, Governorate ",Health Care,Local Health Care Provider,Air-Launched: Drone,Aerial Bomb,Foreign Forces: Military,Armed Forces of the Russian Federation,Multiple
2024-11-18,,Myanmar,MMR,Shan State,19.6,96.7,"(3) District, Communicipality or Commune ",Protection,IDP/Refugee Service,Air-Launched: Plane,Aerial Bomb,Other,Myanmar Armed Forces,Protection Infrastructure
2024-11-18,,Ukraine,UKR,Kherson Raion,46.6,32.6,(2) 25 km Precision ,Health Care,Local Health Care Provider,Ground-Launched,Artillery,Foreign Forces: Military,Armed Forces of the Russian Federation,Health Infrastructure
2024-11-18,,Ukraine,UKR,Odesa Oblast,46.4,30.7,(2) 25 km Precision ,Health Care,Local Health Care Provider,Unspecified Launch Method,Missile,Foreign Forces: Military,Armed Forces of the Russian Federation,Health Worker
2024-11-17,,Ukraine,UKR,Dnipropetrovsk Oblast,47.8,33.5,"(3) District, Communicipality or Commune ",Education,Local Education Provider,Unspecified Launch Method,Missile,Foreign Forces: Military,Armed Forces of the Russian Federation,Education Infrastructure
2024-11-17,,Ethiopia,ETH,Amhara Region,11.8,38.3,(2) 25 km Precision ,Education,Local Education Provider,Air-Launched: Drone,Aerial Bomb,Other,Ethiopian National Defense Forces,Education Infrastructure
2024-11-17,,Ethiopia,ETH,Amhara Region,11.7,38.0,"(3) District, Communicipality or Commune ",Education,Local Education Provider,Air-Launched: Drone,Aerial Bomb,Other,Ethiopian National Defense Forces,Education Infrastructure
2024-11-17,,OPT,PSE,West Bank,,,censored,Protection,IDP/Refugee Service,Directly-Emplaced,RoadIED,NSA,Unidentified Armed Actor,Protection Infrastructure
2024-11-17,,Pakistan,PAK,Khyber Pakhtunkhwa,32.2,69.4,(2) 25 km Precision ,Education,Local Education Provider,Ground-Launched,RPG,No Information,Unidentified Armed Actor,Education Infrastructure
2024-11-17,,OPT,PSE,Gaza Strip,,,censored,Protection,IDP/Refugee Service,"Ground-Launched, Unspecified Launch Method","Missile, Unspecified Explosive",Multiple,"Hamas, Israeli Defence Forces",Protection Infrastructure
2024-11-17,,OPT,PSE,Gaza Strip,,,censored,Protection,IDP/Refugee Service,"Ground-Launched, Unspecified Launch Method","Mortar, Unspecified Explosive",Multiple,Unidentified Armed Actor,Protection Infrastructure
2024-11-17,,Ukraine,UKR,Sumy Oblast,52.2,33.5,(2) 25 km Precision ,Health Care,Local Health Care Provider,Ground-Launched,Artillery,Foreign Forces: Military,Armed Forces of the Russian Federation,Health Infrastructure
2024-11-17,,Myanmar,MMR,Bago Region,17.1,96.6,(2) 25 km Precision ,Health Care,Local Health Care Provider,Air-Launched: Drone,Aerial Bomb,Other,Myanmar Armed Forces,Health Infrastructure
2024-11-17,,Sudan,SDN,North Darfur State,13.6,25.3,"(3) District, Communicipality or Commune ","Health Care, Aid Operations","INGO, Local Health Care Provider",Ground-Launched,Artillery,Vigilante,Rapid Support Forces,Health Infrastructure
2024-11-17,,Ukraine,UKR,Dnipropetrovsk Oblast,47.8,33.5,"(3) District, Communicipality or Commune ",Education,Local Education Provider,Unspecified Launch Method,Missile,Foreign Forces: Military,Armed Forces of the Russian Federation,Education Infrastructure
2024-11-17,,Ukraine,UKR,Dnipropetrovsk Oblast,47.8,33.5,"(3) District, Communicipality or Commune ",Health Care,Local Health Care Provider,Unspecified Launch Method,Missile,Foreign Forces: Military,Armed Forces of the Russian Federation,Other
2024-11-17,,Ukraine,UKR,Odesa Oblast,46.1,29.9,"(4) Province, State, Governorate ",Health Care,Local Health Care Provider,Ground-Launched,Shelling,Foreign Forces: Military,Armed Forces of the Russian Federation,Other
2024-11-17,,Lebanon,LBN,Mount Lebanon Governorate,33.8,35.3,censored by HDX,Health Care,Local Health Care Provider,Air-Launched: Plane,Aerial Bomb,Foreign Forces: Military,Israeli Defence Forces,Health Infrastructure
2024-11-17,,Ukraine,UKR,Sumy Oblast,52.2,33.5,(2) 25 km Precision ,Education,Local Education Provider,Ground-Launched,Artillery,Foreign Forces: Military,Armed Forces of the Russian Federation,Education Infrastructure
2024-11-16,,Lebanon,LBN,Nabatieh Governorate,33.2,35.3,censored by HDX,Health Care,Private Health Care,Air-Launched: Plane,Aerial Bomb,Foreign Forces: Military,Israeli Defence Forces,Private/Voluntary Aid
2024-11-16,,Ukraine,UKR,Donetsk Oblast,48.5,37.7,(2) 25 km Precision ,Health Care,Local Health Care Provider,Air-Launched: Plane,Aerial Bomb,Foreign Forces: Military,Armed Forces of the Russian Federation,Health Infrastructure
2024-11-16,,Ethiopia,ETH,Amhara Region,9.7,39.5,"(3) District, Communicipality or Commune ","Education, Protection","IDP/Refugee Service, Local Education Provider",Air-Launched: Drone,Aerial Bomb,Other,Ethiopian National Defense Forces,Education Infrastructure
2024-11-16,,Myanmar,MMR,Bago Region,18.2,96.6,(2) 25 km Precision ,Education,Local Education Provider,Air-Launched: Drone,Aerial Bomb,Other,Myanmar Armed Forces,Education Infrastructure
2024-11-16,,Myanmar,MMR,Bago Region,18.2,96.6,(2) 25 km Precision ,Education,Local Education Provider,Air-Launched: Drone,Aerial Bomb,Other,Myanmar Armed Forces,Education Infrastructure
2024-11-16,,Myanmar,MMR,Bago Region,18.2,96.6,(2) 25 km Precision ,Health Care,Local Health Care Provider,Air-Launched: Drone,Aerial Bomb,Other,Myanmar Armed Forces,Health Infrastructure
2024-11-16,,Lebanon,LBN,South Governorate,33.3,35,censored by HDX,Health Care,Other,Air-Launched: Plane,Aerial Bomb,Foreign Forces: Military,Israeli Defence Forces,Health Worker
2024-11-15,,Myanmar,MMR,Kachin State,24.4,97.4,(2) 25 km Precision ,Protection,IDP/Refugee Service,Air-Launched: Plane,Aerial Bomb,Other,Myanmar Armed Forces,Protection Infrastructure
2024-11-15,,OPT,PSE,Gaza Strip,,,censored,Protection,IDP/Refugee Service,"Directly-Emplaced, NotAnswered","NotAnswered, Unspecified IED",Multiple,"Hamas, Israeli Defence Forces",Protection Infrastructure
2024-11-15,,Ukraine,UKR,No Information,49.4,31.2,(6) Country,Health Care,Local Health Care Provider,Air-Launched: Drone,Aerial Bomb,Foreign Forces: Military,Armed Forces of the Russian Federation,Health Worker
2024-11-15,,Ukraine,UKR,Donetsk Oblast,48.9,37.8,(2) 25 km Precision ,Health Care,Local Health Care Provider,Air-Launched: Plane,Aerial Bomb,Foreign Forces: Military,Armed Forces of the Russian Federation,Health Infrastructure
2024-11-15,,Ukraine,UKR,Kharkiv Oblast,50.0,37.3,(2) 25 km Precision ,Health Care,Local Health Care Provider,Ground-Launched,Missile,Foreign Forces: Military,Armed Forces of the Russian Federation,Health Infrastructure
2024-11-15,,Ukraine,UKR,Kharkiv Oblast,50.0,37.3,(2) 25 km Precision ,Education,Local Education Provider,Ground-Launched,Missile,Foreign Forces: Military,Armed Forces of the Russian Federation,Education Infrastructure
2024-11-14,,Ethiopia,ETH,Amhara Region,10.0,39.5,"(3) District, Communicipality or Commune ",Protection,IDP/Refugee Service,Air-Launched: Drone,Aerial Bomb,Other,Ethiopian National Defense Forces,Protection Infrastructure
2024-11-14,,Kenya,KEN,Mandera County,2.4,40.7,"(3) District, Communicipality or Commune ",Health Care,Local Health Care Provider,Directly-Emplaced,Unspecified IED,No Information,Unidentified Armed Actor,Health Infrastructure
2024-11-14,,Ukraine,UKR,Odesa Oblast,46.4,30.7,(2) 25 km Precision ,Education,Local Education Provider,Air-Launched: Drone,Aerial Bomb,Foreign Forces: Military,Armed Forces of the Russian Federation,Education Infrastructure
2024-11-14,,Ukraine,UKR,Odesa Oblast,46.4,30.7,(2) 25 km Precision ,Education,Local Education Provider,Air-Launched: Drone,Aerial Bomb,Foreign Forces: Military,Armed Forces of the Russian Federation,Education Infrastructure
2024-11-14,,Ukraine,UKR,Odesa Oblast,46.4,30.7,(2) 25 km Precision ,Education,Local Education Provider,Air-Launched: Drone,Aerial Bomb,Foreign Forces: Military,Armed Forces of the Russian Federation,Education Infrastructure
2024-11-14,,Ukraine,UKR,Odesa Oblast,46.4,30.7,(2) 25 km Precision ,Education,Local Education Provider,Air-Launched: Drone,Aerial Bomb,Foreign Forces: Military,Armed Forces of the Russian Federation,Education Infrastructure
2024-11-14,,Ukraine,UKR,Odesa Oblast,46.4,30.7,(2) 25 km Precision ,Education,Local Education Provider,Air-Launched: Drone,Aerial Bomb,Foreign Forces: Military,Armed Forces of the Russian Federation,Education Infrastructure
2024-11-14,,Ukraine,UKR,Donetsk Oblast,48.8,37.6,(2) 25 km Precision ,Education,Local Education Provider,Ground-Launched,Shelling,Foreign Forces: Military,Armed Forces of the Russian Federation,Education Infrastructure
2024-11-14,,Sudan,SDN,North Darfur State,13.6,25.3,(2) 25 km Precision ,Protection,IDP/Refugee Service,Ground-Launched,Shelling,Vigilante,Rapid Support Forces,Protection Infrastructure
2024-11-14,,Ukraine,UKR,Donetsk Oblast,48.8,37.6,(2) 25 km Precision ,Education,Local Education Provider,Ground-Launched,Shelling,Foreign Forces: Military,Armed Forces of the Russian Federation,Education Infrastructure
2024-11-14,,Lebanon,LBN,Baalbek-Hermel Governorate,34.1,35.9,censored by HDX,"Health Care, Aid Operations",Government Aid Agency,Air-Launched: Plane,Aerial Bomb,Foreign Forces: Military,Israeli Defence Forces,Health Infrastructure
2024-11-14,,Lebanon,LBN,Nabatieh Governorate,33.2,35.3,censored by HDX,Health Care,Private Health Care,Air-Launched: Plane,Aerial Bomb,Foreign Forces: Military,Israeli Defence Forces,Private/Voluntary Aid
2024-11-14,,Lebanon,LBN,Nabatieh Governorate,33.2,35.3,censored by HDX,Health Care,Private Health Care,Air-Launched: Plane,Aerial Bomb,Foreign Forces: Military,Israeli Defence Forces,Health Infrastructure
2024-11-13,,Ethiopia,ETH,Amhara Region,11.8,38.3,(2) 25 km Precision ,Education,Local Education Provider,Air-Launched: Drone,Aerial Bomb,Other,Ethiopian National Defense Forces,Education Infrastructure
2024-11-13,,Myanmar,MMR,Sagaing Region,21.8,95.4,(2) 25 km Precision ,Education,Local Education Provider,Air-Launched: Plane,Aerial Bomb,Other,Myanmar Armed Forces,Education Infrastructure
2024-11-13,,Ethiopia,ETH,Amhara Region,11.7,38.0,"(3) District, Communicipality or Commune ",Education,Local Education Provider,Air-Launched: Drone,Aerial Bomb,Other,Ethiopian National Defense Forces,Education Infrastructure
2024-11-13,,Myanmar,MMR,Sagaing Region,21.8,95.4,(2) 25 km Precision ,Education,Local Education Provider,Unspecified Launch Method,Unspecified Explosive,Other,Myanmar Armed Forces,Education Infrastructure
2024-11-13,,Ethiopia,ETH,Amhara Region,9.8,39.7,(2) 25 km Precision ,Protection,IDP/Refugee Service,Air-Launched: Drone,Aerial Bomb,Other,Ethiopian National Defense Forces,Protection Infrastructure
2024-11-13,,Ukraine,UKR,Kharkiv Oblast,49.7,37.6,(2) 25 km Precision ,Health Care,Local Health Care Provider,Ground-Launched,Shelling,Foreign Forces: Military,Armed Forces of the Russian Federation,Health Infrastructure
2024-11-13,,Ukraine,UKR,Kherson Oblast,46.5,32.1,(2) 25 km Precision ,Health Care,Local Health Care Provider,Air-Launched: Drone,Aerial Bomb,Foreign Forces: Military,Armed Forces of the Russian Federation,Health Infrastructure
2024-11-13,,Lebanon,LBN,Mount Lebanon Governorate,33.8,35.3,censored by HDX,Health Care,Local Health Care Provider,Air-Launched: Plane,Aerial Bomb,Foreign Forces: Military,Israeli Defence Forces,Health Infrastructure
2024-11-12,,OPT,PSE,Gaza Strip,,,censored,Protection,IDP/Refugee Service,Unspecified Launch Method,"Rocket, Unspecified Explosive",Multiple,"Hamas, Israeli Defence Forces",Protection Infrastructure
2024-11-12,,Myanmar,MMR,Mon State,15.2,97.8,"(3) District, Communicipality or Commune ",Education,Local Education Provider,Ground-Launched,Artillery,Other,Myanmar Armed Forces,Education Infrastructure
2024-11-12,,Lebanon,LBN,Mount Lebanon Governorate,33.8,35.3,censored by HDX,Health Care,Local Health Care Provider,Air-Launched: Plane,Aerial Bomb,Foreign Forces: Military,Israeli Defence Forces,Health Infrastructure
2024-11-12,,Israel,ISR,Haifa District,32.7,35.0,(2) 25 km Precision ,Education,Local Education Provider,Air-Launched: Drone,Aerial Bomb,NSA,Hezbollah,Education Infrastructure
2024-11-12,,OPT,PSE,Gaza Strip,,,censored,Protection,IDP/Refugee Service,"Directly-emplaced, NotAnswered","NotAnswered, Unspecified Explosive",Multiple,"Hamas, Israeli Defence Forces",Protection Infrastructure
2024-11-11,,Sudan,SDN,North Darfur State,13.6,25.3,(2) 25 km Precision ,Protection,IDP/Refugee Service,Ground-Launched,Shelling,Vigilante,Rapid Support Forces,Protection Infrastructure
2024-11-11,,Ukraine,UKR,Donetsk Oblast,48.0,37.8,"(3) District, Communicipality or Commune ",Aid Operations,NGO,Air-Launched: Drone,Aerial Bomb,Foreign Forces: Military,Armed Forces of the Russian Federation,Aid Infrastructure
2024-11-11,,Ukraine,UKR,Beryslav Raion,46.8,33.3,(2) 25 km Precision ,Health Care,Local Health Care Provider,Ground-Launched,Artillery,Foreign Forces: Military,Armed Forces of the Russian Federation,Health Infrastructure
2024-11-11,,Ukraine,UKR,Donetsk Oblast,48.7,37.5,"(3) District, Communicipality or Commune ",Education,Local Education Provider,Air-Launched: Plane,Aerial Bomb,Foreign Forces: Military,Armed Forces of the Russian Federation,Education Infrastructure
2024-11-11,,Ukraine,UKR,Dnipropetrovsk Oblast,47.5,34.3,"(3) District, Communicipality or Commune ",Education,Local Education Provider,Ground-Launched,Artillery,Foreign Forces: Military,Armed Forces of the Russian Federation,Education Infrastructure
2024-11-11,,Myanmar,MMR,Sagaing Region,23.0,95.1,(2) 25 km Precision ,Education,Local Education Provider,Air-Launched: Plane,Aerial Bomb,Other,Myanmar Armed Forces,Education Infrastructure
2024-11-11,,Ukraine,UKR,Dnipropetrovsk Oblast,47.5,34.3,(2) 25 km Precision ,Health Care,Local Health Care Provider,Ground-Launched,Artillery,Foreign Forces: Military,Armed Forces of the Russian Federation,Health Infrastructure
2024-11-11,,Ukraine,UKR,Donetsk Oblast,48.3,38.0,(2) 25 km Precision ,Education,Local Education Provider,Air-Launched: Drone,Aerial Bomb,Foreign Forces: Military,Armed Forces of the Russian Federation,Education Infrastructure
2024-11-11,,OPT,PSE,Gaza Strip,,,censored,Protection,IDP/Refugee Service,"Ground-Launched, Unspecified Launch Method","Shelling, Unspecified Explosive",Multiple,"Hamas, Israeli Defence Forces",Protection Infrastructure
2024-11-11,,Myanmar,MMR,Palaung State,22.3,96.7,(2) 25 km Precision ,Health Care,Private Health Care,Air-Launched: Plane,Aerial Bomb,Other,Myanmar Armed Forces,Health Infrastructure
2024-11-11,,OPT,PSE,Gaza Strip,,,censored,Protection,IDP/Refugee Service,"Ground-Launched, NotAnswered","NotAnswered, Shelling",Multiple,"Hamas, Israeli Defence Forces",Protection Infrastructure
2024-11-10,,OPT,PSE,Gaza Strip,,,censored,Protection,IDP/Refugee Service,"Directly-Emplaced, NotAnswered","NotAnswered, Unspecified IED",Multiple,"Hamas, Israeli Defence Forces",Protection Infrastructure
2024-11-10,,OPT,PSE,Gaza Strip,,,censored,Protection,IDP/Refugee Service,"Ground-Launched, NotAnswered","Mortar, NotAnswered",Multiple,Unidentified Armed Actor,Protection Infrastructure
2024-11-10,,Myanmar,MMR,Rakhine,19.7,94.0,(2) 25 km Precision ,Health Care,Local Health Care Provider,Air-Launched: Plane,Aerial Bomb,Other,Myanmar Armed Forces,Health Infrastructure
2024-11-10,,Somalia,SOM,Lower Shabelle,1.7,44.7,"(3) District, Communicipality or Commune ",Aid Operations,NGO,Directly-Emplaced,RoadIED,NSA,Al-Shabaab,Aid Infrastructure
2024-11-10,,Lebanon,LBN,South Governorate,33.3,35,censored by HDX,Health Care,Private Health Care,Air-Launched: Plane,Aerial Bomb,Foreign Forces: Military,Israeli Defence Forces,Health Infrastructure
2024-11-10,,Myanmar,MMR,Bago Region,18.3,96.7,(2) 25 km Precision ,Education,Local Education Provider,Air-Launched: Drone,Aerial Bomb,Other,Myanmar Armed Forces,Education Infrastructure
2024-11-10,,Myanmar,MMR,Bago Region,18.1,96.6,(2) 25 km Precision ,Education,Local Education Provider,Air-Launched: Drone,Aerial Bomb,Other,Myanmar Armed Forces,Education Infrastructure
2024-11-09,,Ukraine,UKR,Kherson Raion,46.6,32.6,(2) 25 km Precision ,Health Care,Local Health Care Provider,Air-Launched: Drone,Aerial Bomb,Foreign Forces: Military,Armed Forces of the Russian Federation,Multiple
2024-11-09,,Sudan,SDN,North Darfur State,13.6,25.3,(2) 25 km Precision ,Protection,IDP/Refugee Service,None,Shelling,Vigilante,Rapid Support Forces,Protection Infrastructure
2024-11-09,,Sudan,SDN,North Darfur State,13.6,25.3,"(3) District, Communicipality or Commune ",Protection,IDP/Refugee Service,Ground-Launched,Shelling,Vigilante,Rapid Support Forces,Protection Infrastructure
2024-11-09,,Syria,SYR,Aleppo Governorate,36.1,36.8,(2) 25 km Precision ,Education,Local Education Provider,Ground-Launched,Shelling,Other,Syrian Armed Forces,Education Infrastructure
2024-11-09,,Syria,SYR,Aleppo Governorate,36.1,36.8,(2) 25 km Precision ,Education,Local Education Provider,Ground-Launched,Shelling,Other,Syrian Armed Forces,Education Infrastructure
2024-11-09,,OPT,PSE,Gaza Strip,,,censored,Protection,IDP/Refugee Service,"Ground-Launched, NotAnswered","NotAnswered, Shelling",Multiple,"Hamas, Israeli Defence Forces",Protection Infrastructure
2024-11-09,,Ethiopia,ETH,Amhara Region,11.0,37.3,(2) 25 km Precision ,Education,Local Education Provider,Air-Launched: Drone,Aerial Bomb,Other,Ethiopian National Defense Forces,Education Infrastructure
2024-11-09,,Sudan,SDN,South Darfur State,12.0,24.8,(2) 25 km Precision ,Health Care,Local Health Care Provider,Unspecified Launch Method,Unspecified Explosive,Vigilante,Rapid Support Forces,Health Infrastructure
2024-11-09,,Syria,SYR,Idleb Governorate,35.9,36.7,(2) 25 km Precision ,"Health Care, Aid Operations",INGO,Unspecified Launch Method,Rocket,Other,Syrian Armed Forces,Health Infrastructure
2024-11-09,,Lebanon,LBN,Mount Lebanon Governorate,33.8,35.3,censored by HDX,Health Care,Local Health Care Provider,Air-Launched: Plane,Aerial Bomb,Foreign Forces: Military,Israeli Defence Forces,Health Worker
2024-11-09,,Lebanon,LBN,South Governorate,33.3,35,censored by HDX,Health Care,Other,Air-Launched: Plane,Aerial Bomb,Foreign Forces: Military,Israeli Defence Forces,Health Worker
2024-11-09,,Lebanon,LBN,South Governorate,33.3,35,censored by HDX,Health Care,Other,Air-Launched: Plane,Aerial Bomb,Foreign Forces: Military,Israeli Defence Forces,Health Worker
2024-11-09,,Lebanon,LBN,South Governorate,33.3,35,censored by HDX,Health Care,Other,Air-Launched: Plane,Aerial Bomb,Foreign Forces: Military,Israeli Defence Forces,Health Worker
2024-11-08,,Ukraine,UKR,Dnipropetrovsk Oblast,47.5,34.6,(2) 25 km Precision ,Health Care,Local Health Care Provider,Air-Launched: Drone,Aerial Bomb,Foreign Forces: Military,Armed Forces of the Russian Federation,Health Infrastructure
2024-11-08,,Ukraine,UKR,Sumy Oblast,50.7,35.2,(2) 25 km Precision ,Education,Local Education Provider,Air-Launched: Plane,Aerial Bomb,Foreign Forces: Military,Armed Forces of the Russian Federation,Education Infrastructure
2024-11-08,,Ethiopia,ETH,Amhara Region,10.9,37.4,(2) 25 km Precision ,Education,Local Education Provider,Air-Launched: Drone,Aerial Bomb,Other,Ethiopian National Defense Forces,Education Infrastructure
2024-11-08,,OPT,PSE,Gaza Strip,,,censored,Protection,IDP/Refugee Service,Directly-Emplaced,Unspecified IED,NSA,Palestinian Islamic Jihad,Protection Infrastructure
2024-11-08,,OPT,PSE,Gaza Strip,,,censored,Protection,IDP/Refugee Service,"Ground-Launched, NotAnswered","NotAnswered, Shelling",Multiple,"Hamas, Israeli Defence Forces",Protection Infrastructure
2024-11-08,,Lebanon,LBN,South Governorate,33.3,35,censored by HDX,Health Care,Private Health Care,Air-Launched: Plane,Aerial Bomb,Foreign Forces: Military,Israeli Defence Forces,Health Infrastructure
2024-11-07,,Ethiopia,ETH,Amhara Region,12.9,37.0,(2) 25 km Precision ,Education,Local Education Provider,Air-Launched: Drone,Aerial Bomb,Other,Ethiopian National Defense Forces,Education Infrastructure
2024-11-07,,OPT,PSE,West Bank,,,censored,"Education, Protection","IDP/Refugee Service, Local Education Provider","Air-Launched: Plane, Directly-emplaced","Aerial Bomb, Unspecified Explosive",Multiple,Unidentified Armed Actor,Protection Infrastructure
2024-11-07,,Ukraine,UKR,Solomianskyi district,50.4,30.4,(2) 25 km Precision ,Health Care,Private Health Care,Air-Launched: Drone,Aerial Bomb,Foreign Forces: Military,Armed Forces of the Russian Federation,Health Infrastructure
2024-11-07,,Lebanon,LBN,Nabatieh Governorate,33.2,35.3,censored by HDX,Education,Local Education Provider,Air-Launched: Plane,Aerial Bomb,Foreign Forces: Military,Israeli Defence Forces,Education Infrastructure
2024-11-07,,Ukraine,UKR,Sumy Oblast,50.7,35.2,(2) 25 km Precision ,Education,Local Education Provider,Air-Launched: Plane,Aerial Bomb,Foreign Forces: Military,Armed Forces of the Russian Federation,Education Infrastructure
2024-11-07,,OPT,PSE,West Bank,,,censored,"Education, Protection","IDP/Refugee Service, Local Education Provider","Air-Launched: Plane, Directly-emplaced","Aerial Bomb, Unspecified Explosive",Multiple,Unidentified Armed Actor,Protection Infrastructure
2024-11-06,,Pakistan,PAK,Khyber Pakhtunkhwa,32.8,70.6,(2) 25 km Precision ,Education,Local Education Provider,Directly-Emplaced,Hand Grenade,NSA,Unidentified Armed Actor,Education Infrastructure
2024-11-06,,Israel,ISR,Center District,32.0,34.8,(2) 25 km Precision ,Education,Local Education Provider,Ground-Launched,Rocket,NSA,Hezbollah,Education Infrastructure
2024-11-06,,Ukraine,UKR,Kherson Raion,46.6,32.6,(2) 25 km Precision ,Health Care,Local Health Care Provider,Ground-Launched,Artillery,Foreign Forces: Military,Armed Forces of the Russian Federation,Health Infrastructure
2024-11-06,,Ukraine,UKR,Donetsk Oblast,48.3,37.6,(2) 25 km Precision ,Health Care,Local Health Care Provider,Air-Launched: Plane,Aerial Bomb,Foreign Forces: Military,Armed Forces of the Russian Federation,Health Infrastructure
2024-11-06,,Pakistan,PAK,Khyber Pakhtunkhwa,33.7,71.2,(2) 25 km Precision ,Education,Local Education Provider,Ground-Launched,Mortar,NSA,TTP Tehrik-i-Taliban Pakistan,Teacher/Student
2024-11-06,,Lebanon,LBN,Nabatieh Governorate,33.2,35.3,censored by HDX,Health Care,Local Health Care Provider,Directly-Emplaced,Remote-Controlled IED,Foreign Forces: Military,Israeli Defence Forces,Health Infrastructure
2024-11-06,,Myanmar,MMR,Chin,21.3,93.9,(2) 25 km Precision ,Education,Local Education Provider,Air-Launched: Plane,Aerial Bomb,Other,Myanmar Armed Forces,Education Infrastructure
2024-11-05,,Myanmar,MMR,Sagaing Region,24.1,94.8,(2) 25 km Precision ,"Education, Protection","IDP/Refugee Service, Local Education Provider",Air-Launched: Plane,Aerial Bomb,Other,Myanmar Armed Forces,Education Infrastructure
2024-11-05,,Sudan,SDN,North Darfur State,13.6,25.3,(2) 25 km Precision ,Protection,IDP/Refugee Service,"Ground-Launched, NotAnswered","NotAnswered, Shelling",Multiple,Unidentified Armed Actor,Protection Infrastructure
2024-11-05,,OPT,PSE,Gaza Strip,,,censored,"Health Care, Protection","IDP/Refugee Service, Local Health Care Provider",Directly-Emplaced,"Mine, Unspecified IED",NSA,"al-Aqsa Martyrs' Brigades, Palestinian Islamic Jihad",Multiple
2024-11-05,,Ethiopia,ETH,Amhara Region,11.5,36.7,(2) 25 km Precision ,Health Care,Local Health Care Provider,Air-Launched: Drone,Aerial Bomb,Other,Ethiopian National Defense Forces,Health Infrastructure
2024-11-05,,Myanmar,MMR,Sagaing Region,24.4,96.1,(2) 25 km Precision ,Health Care,Local Health Care Provider,Air-Launched: Plane,Aerial Bomb,Other,Myanmar Armed Forces,Health Infrastructure
2024-11-05,,Lebanon,LBN,South Governorate,33.3,35,censored by HDX,Health Care,Other,Air-Launched: Drone,Aerial Bomb,Foreign Forces: Military,Israeli Defence Forces,Health Worker
2024-11-05,,Ethiopia,ETH,Amhara Region,11.5,36.7,(2) 25 km Precision ,Education,Local Education Provider,Air-Launched: Drone,Aerial Bomb,Other,Ethiopian National Defense Forces,Education Infrastructure
2024-11-05,,Myanmar,MMR,Sagaing Region,21.8,95.9,(2) 25 km Precision ,Health Care,Local Health Care Provider,Air-Launched: Plane,Aerial Bomb,Other,Myanmar Armed Forces,Health Infrastructure
2024-11-05,,Myanmar,MMR,Sagaing Region,24.1,94.8,"(3) District, Communicipality or Commune ","Education, Protection","IDP/Refugee Service, Local Education Provider",Air-Launched: Plane,Aerial Bomb,Other,Myanmar Armed Forces,Education Infrastructure
2024-11-05,,Ukraine,UKR,Kherson Oblast,46.6,32.4,(2) 25 km Precision ,Health Care,Local Health Care Provider,Ground-Launched,Artillery,Foreign Forces: Military,Armed Forces of the Russian Federation,Health Infrastructure
2024-11-04,,Mexico,MEX,Sinaloa,24.7,-107.3,(2) 25 km Precision ,Health Care,Local Health Care Provider,Directly-emplaced,Unspecified Explosive,No Information,Unidentified Armed Actor,Health Infrastructure
2024-11-04,,OPT,PSE,Gaza Strip,,,censored,Protection,IDP/Refugee Service,Directly-Emplaced,Unspecified IED,NSA,Palestinian Islamic Jihad,Protection Infrastructure
2024-11-04,,Syria,SYR,Aleppo Governorate,36.3,37.4,(2) 25 km Precision ,Aid Operations,NGO,Ground-Launched,Artillery,NSA,Unidentified Armed Actor,Other
2024-11-04,,Ukraine,UKR,Donetsk Oblast,48.2,37.1,(2) 25 km Precision ,Aid Operations,LNGO,Air-Launched: Drone,Aerial Bomb,Foreign Forces: Military,Armed Forces of the Russian Federation,Other
2024-11-04,,Ukraine,UKR,Donetsk Oblast,47.9,37.2,(2) 25 km Precision ,Education,Local Education Provider,Ground-Launched,Missile,Foreign Forces: Military,Armed Forces of the Russian Federation,Education Infrastructure
2024-11-04,,Myanmar,MMR,Sagaing Region,22.9,95.3,(2) 25 km Precision ,Education,Local Education Provider,Air-Launched: Plane,Aerial Bomb,Other,Myanmar Armed Forces,Education Infrastructure
2024-11-04,,Sudan,SDN,North Darfur State,13.6,25.3,(2) 25 km Precision ,Protection,IDP/Refugee Service,Ground-Launched,Shelling,Vigilante,Rapid Support Forces,Protection Infrastructure
2024-11-04,,Ethiopia,ETH,Amhara Region,9.6,39.4,(2) 25 km Precision ,Education,Local Education Provider,Air-Launched: Drone,Aerial Bomb,Other,Ethiopian National Defense Forces,Education Infrastructure
2024-11-04,,Ukraine,UKR,Donetsk Oblast,47.9,37.2,(2) 25 km Precision ,Education,Local Education Provider,Ground-Launched,Missile,Foreign Forces: Military,Armed Forces of the Russian Federation,Education Infrastructure
2024-11-04,,Myanmar,MMR,Sagaing Region,21.9,95.9,(2) 25 km Precision ,Education,Local Education Provider,Directly-Emplaced,Mine,Other,People's Defence Force (Myanmar),Education Infrastructure
2024-11-03,,Ukraine,UKR,Shevchenkivskyi district,50.4,30.4,(2) 25 km Precision ,Education,Local Education Provider,Air-Launched: Drone,Aerial Bomb,Foreign Forces: Military,Armed Forces of the Russian Federation,Education Infrastructure
2024-11-03,,Ukraine,UKR,Sumy Oblast,51.8,33.4,(2) 25 km Precision ,Education,Local Education Provider,Air-Launched: Drone,Aerial Bomb,Foreign Forces: Military,Armed Forces of the Russian Federation,Education Infrastructure
2024-11-03,,Ukraine,UKR,Kharkiv Oblast,49.6,37.6,(2) 25 km Precision ,Health Care,Local Health Care Provider,Air-Launched: Plane,Aerial Bomb,Foreign Forces: Military,Armed Forces of the Russian Federation,Multiple
2024-11-03,,Ukraine,UKR,Dnipropetrovsk Oblast,47.5,34.3,(2) 25 km Precision ,Health Care,Local Health Care Provider,Ground-Launched,Artillery,Foreign Forces: Military,Armed Forces of the Russian Federation,Health Infrastructure
2024-11-03,,Ukraine,UKR,Kherson Oblast,46.6,32.4,(2) 25 km Precision ,Health Care,Local Health Care Provider,Ground-Launched,Shelling,Foreign Forces: Military,Armed Forces of the Russian Federation,Health Infrastructure
2024-11-03,,Lebanon,LBN,Nabatieh Governorate,33.2,35.3,censored by HDX,Health Care,Local Health Care Provider,Air-Launched: Plane,Aerial Bomb,Foreign Forces: Military,Israeli Defence Forces,Health Infrastructure
2024-11-03,,Lebanon,LBN,Baalbek-Hermel Governorate,34.1,35.9,censored by HDX,Health Care,Local Health Care Provider,Air-Launched: Plane,Aerial Bomb,Foreign Forces: Military,Israeli Defence Forces,Health Infrastructure
2024-11-03,,Lebanon,LBN,South Governorate,33.3,35,censored by HDX,Health Care,Private Health Care,Air-Launched: Plane,Aerial Bomb,Foreign Forces: Military,Israeli Defence Forces,Health Infrastructure
2024-11-03,,Lebanon,LBN,South Governorate,33.3,35,censored by HDX,"Education, Aid Operations",UN Agency,Air-Launched: No Information on Platform Type,Aerial Bomb,Foreign Forces: Military,Israeli Defence Forces,Education Infrastructure
2024-11-02,,Myanmar,MMR,Rakhine,20.8,92.3,(2) 25 km Precision ,Protection,IDP/Refugee Service,Air-Launched: Plane,Aerial Bomb,Other,Myanmar Armed Forces,Protection Infrastructure
2024-11-02,,Myanmar,MMR,Magway,21.6,94.9,(2) 25 km Precision ,Protection,IDP/Refugee Service,Air-Launched: Plane,Aerial Bomb,Other,Myanmar Armed Forces,Protection Infrastructure
2024-11-02,,Sudan,SDN,North Darfur State,13.6,25.3,"(3) District, Communicipality or Commune ","Health Care, Aid Operations","INGO, Local Health Care Provider",Ground-Launched,Shelling,Vigilante,Rapid Support Forces,Health Infrastructure
2024-11-02,,Lebanon,LBN,Beqaa Governorate,33.6,35.5,censored by HDX,Health Care,Private Health Care,Air-Launched: Plane,Aerial Bomb,Foreign Forces: Military,Israeli Defence Forces,Health Infrastructure
2024-11-02,,Myanmar,MMR,Tanintharyi Region,12.0,99.0,(2) 25 km Precision ,Education,Local Education Provider,Directly-Emplaced,Mine,NSA,Unidentified Armed Actor,Education Infrastructure
2024-11-02,,Ukraine,UKR,Beryslav Raion,46.8,33.3,(2) 25 km Precision ,Health Care,Local Health Care Provider,Ground-Launched,Artillery,Foreign Forces: Military,Armed Forces of the Russian Federation,Health Infrastructure
2024-11-02,,Pakistan,PAK,Khyber Pakhtunkhwa,34.1,71.1,(2) 25 km Precision ,Education,Local Education Provider,Directly-Emplaced,Unspecified IED,NSA,TTP Tehrik-i-Taliban Pakistan,Education Infrastructure
2024-11-01,,Myanmar,MMR,Shan State,23.4,97.9,(2) 25 km Precision ,Education,Local Education Provider,Air-Launched: Plane,Aerial Bomb,Other,Myanmar Armed Forces,Education Infrastructure
2024-11-01,,Pakistan,PAK,Balochistan,29.8,66.8,(2) 25 km Precision ,Education,Local Education Provider,Directly-Emplaced,Unspecified IED,NSA,Balochistan Liberation United Front,Education Infrastructure
2024-11-01,,Sudan,SDN,North Darfur State,13.6,25.3,(2) 25 km Precision ,Protection,IDP/Refugee Service,Ground-Launched,Shelling,Vigilante,Rapid Support Forces,Protection Infrastructure
2024-11-01,,Ukraine,UKR,Kherson Raion,46.6,32.6,(2) 25 km Precision ,Education,Local Education Provider,Ground-Launched,Shelling,Foreign Forces: Military,Armed Forces of the Russian Federation,Education Infrastructure
2024-11-01,,Pakistan,PAK,Balochistan,29.7,66.8,(2) 25 km Precision ,Education,Local Education Provider,Directly-Emplaced,VBIED,NSA,Balochistan Liberation United Front,Education Infrastructure
2024-11-01,,Ukraine,UKR,Donetsk Oblast,47.9,37.2,(2) 25 km Precision ,Health Care,Local Health Care Provider,Air-Launched: Plane,Aerial Bomb,Foreign Forces: Military,Armed Forces of the Russian Federation,Health Infrastructure
2024-11-01,,Pakistan,PAK,Balochistan,29.7,66.8,(2) 25 km Precision ,Health Care,Local Health Care Provider,Directly-Emplaced,VBIED,NSA,Balochistan Liberation United Front,Health Infrastructure
2024-11-01,,Sudan,SDN,North Darfur State,13.6,25.3,(2) 25 km Precision ,Protection,IDP/Refugee Service,Ground-Launched,Shelling,Vigilante,Rapid Support Forces,Protection Infrastructure
2024-11-01,,Pakistan,PAK,Balochistan,28.0,66.0,"(4) Province, State, Governorate ","Education, Health Care","Local Education Provider, Local Health Care Provider",Unspecified Launch Method,Unspecified Explosive,No Information,Unidentified Armed Actor,Education Infrastructure
2024-10-31,,Lebanon,LBN,Nabatieh Governorate,33.2,35.3,censored by HDX,Health Care,Other,Air-Launched: Plane,Aerial Bomb,Foreign Forces: Military,Israeli Defence Forces,Health Infrastructure
2024-10-31,,Myanmar,MMR,Magway,21.2,94.1,(2) 25 km Precision ,Health Care,Local Health Care Provider,Air-Launched: Plane,Aerial Bomb,Other,Myanmar Armed Forces,Health Infrastructure
2024-10-31,,Lebanon,LBN,Baalbek-Hermel Governorate,34.1,35.9,censored by HDX,Health Care,Local Health Care Provider,Air-Launched: Plane,Aerial Bomb,Foreign Forces: Military,Israeli Defence Forces,Other
2024-10-31,,Ukraine,UKR,Donetsk Oblast,48.9,37.6,(2) 25 km Precision ,Health Care,Local Health Care Provider,Ground-Launched,Missile,Foreign Forces: Military,Armed Forces of the Russian Federation,Health Infrastructure
2024-10-31,,Lebanon,LBN,South Governorate,33.3,35,censored by HDX,Health Care,Other,Air-Launched: Plane,Aerial Bomb,Foreign Forces: Military,Israeli Defence Forces,Multiple
2024-10-31,,Lebanon,LBN,South Governorate,33.3,35,censored by HDX,Health Care,Private Health Care,Air-Launched: Plane,Aerial Bomb,Foreign Forces: Military,Israeli Defence Forces,Private/Voluntary Aid
2024-10-31,,Lebanon,LBN,South Governorate,33.3,35,censored by HDX,Health Care,Private Health Care,Air-Launched: Plane,Aerial Bomb,Foreign Forces: Military,Israeli Defence Forces,Health Infrastructure
2024-10-31,,Lebanon,LBN,South Governorate,33.3,35,censored by HDX,Health Care,Other,Air-Launched: Plane,Aerial Bomb,Foreign Forces: Military,Israeli Defence Forces,Health Infrastructure
2024-10-31,,Lebanon,LBN,Nabatieh Governorate,33.2,35.3,censored by HDX,Health Care,Private Health Care,Air-Launched: Plane,Aerial Bomb,Foreign Forces: Military,Israeli Defence Forces,Private/Voluntary Aid
2024-10-31,,Lebanon,LBN,South Governorate,33.3,35,censored by HDX,Health Care,Private Health Care,Air-Launched: Plane,Aerial Bomb,Foreign Forces: Military,Israeli Defence Forces,Private/Voluntary Aid
2024-10-30,,Lebanon,LBN,Nabatieh Governorate,33.2,35.3,censored by HDX,Health Care,Local Health Care Provider,Air-Launched: Plane,Aerial Bomb,Foreign Forces: Military,Israeli Defence Forces,Health Infrastructure
2024-10-30,,Lebanon,LBN,South Governorate,33.3,35,censored by HDX,Health Care,Private Health Care,Air-Launched: Plane,Aerial Bomb,Foreign Forces: Military,Israeli Defence Forces,Multiple
2024-10-30,,Lebanon,LBN,South Governorate,33.3,35,censored by HDX,Health Care,Local Health Care Provider,Air-Launched: Plane,Aerial Bomb,Foreign Forces: Military,Israeli Defence Forces,Health Infrastructure
2024-10-30,,Lebanon,LBN,South Governorate,33.3,35,censored by HDX,Health Care,Local Health Care Provider,Air-Launched: Plane,Aerial Bomb,Foreign Forces: Military,Israeli Defence Forces,Health Infrastructure
2024-10-30,,Lebanon,LBN,South Governorate,33.3,35,censored by HDX,Health Care,Local Health Care Provider,Air-Launched: Plane,Aerial Bomb,Foreign Forces: Military,Israeli Defence Forces,Multiple
2024-10-30,,Lebanon,LBN,Nabatieh Governorate,33.2,35.3,censored by HDX,Health Care,Other,Air-Launched: Plane,Aerial Bomb,Foreign Forces: Military,Israeli Defence Forces,Health Infrastructure
2024-10-30,,Lebanon,LBN,Nabatieh Governorate,33.2,35.3,censored by HDX,"Health Care, Aid Operations","Local Health Care Provider, National Red Cross Society",Air-Launched: Plane,Aerial Bomb,Foreign Forces: Military,Israeli Defence Forces,Multiple
2024-10-30,,Ukraine,UKR,Solomianskyi district,50.4,30.4,(2) 25 km Precision ,Education,Private Education,Air-Launched: Drone,Aerial Bomb,Foreign Forces: Military,Armed Forces of the Russian Federation,Education Infrastructure
2024-10-29,,Ukraine,UKR,Kherson Oblast,46.6,32.4,(2) 25 km Precision ,"Health Care, Aid Operations","LNGO, Local Health Care Provider",Ground-Launched,Artillery,Foreign Forces: Military,Armed Forces of the Russian Federation,Multiple
2024-10-29,,Russia,RUS,North Caucasian Federal District,43.3,46.0,(2) 25 km Precision ,Education,Local Education Provider,Air-Launched: Drone,Aerial Bomb,No Information,Unidentified Armed Actor,Education Infrastructure
2024-10-29,,Syria,SYR,Deir ez-Zor Governorate,35.3,40.1,"(3) District, Communicipality or Commune ",Education,Local Education Provider,Air-Launched: Plane,Aerial Bomb,Other,International Coalition Forces in Syria,Education Infrastructure
2024-10-29,,Ukraine,UKR,Kherson Oblast,46.6,32.4,(2) 25 km Precision ,Health Care,Local Health Care Provider,Ground-Launched,Artillery,Foreign Forces: Military,Armed Forces of the Russian Federation,Health Infrastructure
2024-10-28,,Ukraine,UKR,Kharkiv Oblast,50.0,36.2,(2) 25 km Precision ,Health Care,Local Health Care Provider,Air-Launched: Plane,Aerial Bomb,Foreign Forces: Military,Armed Forces of the Russian Federation,Health Infrastructure
2024-10-28,,Ukraine,UKR,Dnipropetrovsk Oblast,47.9,33.3,"(3) District, Communicipality or Commune ",Education,Local Education Provider,Unspecified Launch Method,Missile,Foreign Forces: Military,Armed Forces of the Russian Federation,Education Infrastructure
2024-10-28,,Pakistan,PAK,Khyber Pakhtunkhwa,32.9,70.6,(2) 25 km Precision ,Health Care,Local Health Care Provider,Directly-Emplaced,Unspecified IED,NSA,TTP Tehrik-i-Taliban Pakistan,Health Worker
2024-10-28,,Ukraine,UKR,Dnipropetrovsk Oblast,47.9,33.3,(2) 25 km Precision ,Health Care,Local Health Care Provider,Ground-Launched,Missile,Foreign Forces: Military,Armed Forces of the Russian Federation,Health Infrastructure
2024-10-28,,Ukraine,UKR,Kherson Oblast,46.6,32.7,(2) 25 km Precision ,Health Care,Local Health Care Provider,Air-Launched: Drone,Aerial Bomb,Foreign Forces: Military,Armed Forces of the Russian Federation,Health Infrastructure
2024-10-27,,Ukraine,UKR,Donetsk Oblast,48.5,37.6,(2) 25 km Precision ,Health Care,Local Health Care Provider,Air-Launched: Plane,Aerial Bomb,Foreign Forces: Military,Armed Forces of the Russian Federation,Health Infrastructure
2024-10-27,,Ukraine,UKR,Kherson Oblast,46.6,32.4,(2) 25 km Precision ,Health Care,Local Health Care Provider,Ground-Launched,Artillery,Foreign Forces: Military,Armed Forces of the Russian Federation,Health Infrastructure
2024-10-27,,Lebanon,LBN,South Governorate,33.3,35,censored by HDX,Health Care,Other,Air-Launched: Plane,Aerial Bomb,Foreign Forces: Military,Israeli Defence Forces,Health Infrastructure
2024-10-27,,Lebanon,LBN,South Governorate,33.3,35,censored by HDX,"Protection, Aid Operations","IDP/Refugee Service, UN Agency",Air-Launched: Plane,Aerial Bomb,Foreign Forces: Military,Israeli Defence Forces,Education Infrastructure
2024-10-26,,Sudan,SDN,Khartoum State,15.6,32.4,"(3) District, Communicipality or Commune ",Protection,IDP/Refugee Service,Ground-Launched,Artillery,Vigilante,Rapid Support Forces,Protection Infrastructure
2024-10-26,,Lebanon,LBN,South Governorate,33.3,35,censored by HDX,Health Care,Private Health Care,Air-Launched: Plane,Aerial Bomb,Foreign Forces: Military,Israeli Defence Forces,Health Infrastructure
2024-10-26,,Ethiopia,ETH,Amhara Region,11.0,37.3,(2) 25 km Precision ,Health Care,Local Health Care Provider,Air-Launched: Drone,Aerial Bomb,Other,Ethiopian National Defense Forces,Health Infrastructure
2024-10-25,,Ukraine,UKR,Kherson Oblast,46.6,32.4,(2) 25 km Precision ,Aid Operations,LNGO,Ground-Launched,Artillery,Foreign Forces: Military,Armed Forces of the Russian Federation,Multiple
2024-10-25,,Ukraine,UKR,Kherson Oblast,46.6,32.4,(2) 25 km Precision ,Health Care,Local Health Care Provider,Ground-Launched,Artillery,Foreign Forces: Military,Armed Forces of the Russian Federation,Health Infrastructure
2024-10-25,,Ukraine,UKR,Dnipropetrovsk Oblast,48.4,35.0,(2) 25 km Precision ,"Health Care, Aid Operations","INGO, Local Health Care Provider",Unspecified Launch Method,Missile,Foreign Forces: Military,Armed Forces of the Russian Federation,Health Infrastructure
2024-10-25,,Lebanon,LBN,Nabatieh Governorate,33.2,35.3,censored by HDX,Health Care,Private Health Care,Air-Launched: Plane,Aerial Bomb,Foreign Forces: Military,Israeli Defence Forces,Health Infrastructure
2024-10-25,,Ukraine,UKR,Dnipropetrovsk Oblast,48.4,35.0,"(3) District, Communicipality or Commune ",Aid Operations,NGO,Unspecified Launch Method,Unspecified Explosive,Foreign Forces: Military,Armed Forces of the Russian Federation,Aid Infrastructure
2024-10-25,,Mexico,MEX,Michoacán,19.1,-102.2,(2) 25 km Precision ,Education,Local Education Provider,Air-Launched: Drone,Aerial Bomb,No Information,Unidentified Armed Actor,Education Infrastructure
2024-10-24,,Ukraine,UKR,Kharkiv Oblast,49.3,37.6,(2) 25 km Precision ,Health Care,Local Health Care Provider,Air-Launched: Plane,Aerial Bomb,Foreign Forces: Military,Armed Forces of the Russian Federation,Health Infrastructure
2024-10-24,,Haiti,HTI,West,18.5,-72.3,"(3) District, Communicipality or Commune ",Aid Operations,United Nations,Ground-Launched,Unspecified Explosive,Criminal,Grand Ravine Gang,Other
2024-10-24,,Lebanon,LBN,South Governorate,33.3,35,censored by HDX,Health Care,Private Health Care,Air-Launched: Plane,Aerial Bomb,Foreign Forces: Military,Israeli Defence Forces,Health Infrastructure
2024-10-24,,Sudan,SDN,North Darfur State,13.6,25.3,(2) 25 km Precision ,Protection,IDP/Refugee Service,Air-Launched: Plane,Aerial Bomb,Vigilante,Rapid Support Forces,Protection Infrastructure
2024-10-24,,Lebanon,LBN,Nabatieh Governorate,33.2,35.3,censored by HDX,Health Care,Local Health Care Provider,Air-Launched: Plane,Aerial Bomb,Foreign Forces: Military,Israeli Defence Forces,Health Infrastructure
2024-10-24,,Ukraine,UKR,Donetsk Oblast,48.0,37.0,(2) 25 km Precision ,Health Care,Local Health Care Provider,Air-Launched: Plane,Aerial Bomb,Foreign Forces: Military,Armed Forces of the Russian Federation,Health Infrastructure
2024-10-24,,Sudan,SDN,North Darfur State,13.6,25.3,(2) 25 km Precision ,Health Care,Local Health Care Provider,Ground-Launched,Shelling,Vigilante,Rapid Support Forces,Health Worker
2024-10-24,,Lebanon,LBN,Nabatieh Governorate,33.2,35.3,censored by HDX,Health Care,Local Health Care Provider,Air-Launched: Plane,Aerial Bomb,Foreign Forces: Military,Israeli Defence Forces,Health Worker
2024-10-23,,Lebanon,LBN,South Governorate,33.3,35,censored by HDX,"Health Care, Aid Operations",National Red Cross Society,Unspecified Launch Method,Unspecified Explosive,Foreign Forces: Military,Israeli Defence Forces,Health Infrastructure
2024-10-23,,Ukraine,UKR,Kherson Oblast,46.6,32.4,(2) 25 km Precision ,Health Care,Local Health Care Provider,Air-Launched: Drone,Aerial Bomb,Foreign Forces: Military,Armed Forces of the Russian Federation,Health Worker
2024-10-23,,Ethiopia,ETH,Amhara Region,12.1,39.6,(2) 25 km Precision ,Education,Local Education Provider,Air-Launched: Drone,Aerial Bomb,Other,Ethiopian National Defense Forces,Education Infrastructure
2024-10-23,,Ethiopia,ETH,Amhara Region,10.0,39.2,(2) 25 km Precision ,Education,Local Education Provider,Air-Launched: Plane,Aerial Bomb,Other,Ethiopian National Defense Forces,Education Infrastructure
2024-10-23,,Ukraine,UKR,Dnipropetrovsk Oblast,47.6,34.6,(2) 25 km Precision ,Health Care,Local Health Care Provider,Air-Launched: Drone,Aerial Bomb,Foreign Forces: Military,Armed Forces of the Russian Federation,Health Infrastructure
2024-10-23,,Ukraine,UKR,No Information,49.4,31.2,(6) Country,Health Care,Local Health Care Provider,Unspecified Launch Method,Unspecified Explosive,Foreign Forces: Military,Armed Forces of the Russian Federation,Health Worker
2024-10-23,,Lebanon,LBN,South Governorate,33.3,35,censored by HDX,Health Care,Other,Air-Launched: Plane,Aerial Bomb,Foreign Forces: Military,Israeli Defence Forces,Health Worker
2024-10-23,,Lebanon,LBN,South Governorate,33.3,35,censored by HDX,Health Care,Private Health Care,Unspecified Launch Method,Unspecified Explosive,Foreign Forces: Military,Israeli Defence Forces,Private/Voluntary Aid
2024-10-23,,Lebanon,LBN,South Governorate,33.3,35,censored by HDX,"Health Care, Aid Operations",National Red Cross Society,Air-Launched: Plane,Aerial Bomb,Foreign Forces: Military,Israeli Defence Forces,Multiple
2024-10-23,,Ethiopia,ETH,Amhara Region,9.7,39.5,(2) 25 km Precision ,Education,Local Education Provider,Air-Launched: Drone,Aerial Bomb,Other,Ethiopian National Defense Forces,Education Infrastructure
2024-10-23,,Yemen,YEM,Ta'izz Governorate,13.5,44.0,"(3) District, Communicipality or Commune ",Education,Local Education Provider,Air-Launched: Drone,Aerial Bomb,NSA,Shia al-Houthi rebels,Education Infrastructure
2024-10-23,,Syria,SYR,Aleppo Governorate,36.1,36.8,(2) 25 km Precision ,Education,Local Education Provider,Ground-Launched,Artillery,Other,Syrian Armed Forces,Education Infrastructure
2024-10-23,,Ukraine,UKR,Donetsk Oblast,47.9,37.2,(2) 25 km Precision ,Aid Operations,NGO,Unspecified Launch Method,Unspecified Explosive,Foreign Forces: Military,Armed Forces of the Russian Federation,Aid Infrastructure
2024-10-22,,Ukraine,UKR,Kherson Oblast,46.6,32.5,(2) 25 km Precision ,Health Care,Local Health Care Provider,Ground-Launched,Artillery,Foreign Forces: Military,Armed Forces of the Russian Federation,Health Infrastructure
2024-10-22,,Ethiopia,ETH,Amhara Region,10.3,37.4,(2) 25 km Precision ,Education,Local Education Provider,Air-Launched: Drone,Aerial Bomb,Other,Ethiopian National Defense Forces,Education Infrastructure
2024-10-22,,Myanmar,MMR,Magway,21.8,94.1,(2) 25 km Precision ,Health Care,Local Health Care Provider,Air-Launched: Plane,Aerial Bomb,Other,Myanmar Armed Forces,Health Infrastructure
2024-10-22,,Lebanon,LBN,Mount Lebanon Governorate,33.8,35.3,censored by HDX,Health Care,Local Health Care Provider,Air-Launched: Plane,Aerial Bomb,Foreign Forces: Military,Israeli Defence Forces,Health Infrastructure
2024-10-22,,Lebanon,LBN,South Governorate,33.3,35,censored by HDX,Health Care,Local Health Care Provider,Air-Launched: Plane,Aerial Bomb,Foreign Forces: Military,Israeli Defence Forces,Health Worker
2024-10-22,,Sudan,SDN,Al Khartum,15.4,32.5,(2) 25 km Precision ,Health Care,Local Health Care Provider,Air-Launched: Drone,Aerial Bomb,Vigilante,Rapid Support Forces,Health Infrastructure
2024-10-22,,Myanmar,MMR,Magway,21.8,94.1,(2) 25 km Precision ,Education,Local Education Provider,Air-Launched: Plane,Aerial Bomb,Other,Myanmar Armed Forces,Education Infrastructure
2024-10-22,,Syria,SYR,Deir ez-Zor Governorate,35.2,40.2,"(4) Province, State, Governorate ",Education,Local Education Provider,Ground-Launched,Shelling,NSA,Unidentified Armed Actor,Education Infrastructure
2024-10-22,,Lebanon,LBN,Baalbek-Hermel Governorate,34.1,35.9,censored by HDX,Health Care,Local Health Care Provider,Air-Launched: Plane,Aerial Bomb,Foreign Forces: Military,Israeli Defence Forces,Other
2024-10-22,,Lebanon,LBN,Nabatieh Governorate,33.2,35.3,censored by HDX,"Health Care, Aid Operations",National Red Cross Society,Unspecified Launch Method,Unspecified Explosive,Foreign Forces: Military,Israeli Defence Forces,Health Worker
2024-10-22,,Lebanon,LBN,Nabatieh Governorate,33.2,35.3,censored by HDX,Health Care,Other,Unspecified Launch Method,Unspecified Explosive,Foreign Forces: Military,Israeli Defence Forces,Health Worker
2024-10-22,,Myanmar,MMR,Mandalay,22.0,96.4,"(3) District, Communicipality or Commune ",Education,Local Education Provider,Air-Launched: Plane,Aerial Bomb,Other,Myanmar Armed Forces,Education Infrastructure
2024-10-22,,Syria,SYR,Deir ez-Zor Governorate,35.1,40.6,(2) 25 km Precision ,Education,Local Education Provider,Directly-Emplaced,Hand Grenade,NSA,Unidentified Armed Actor,Education Infrastructure
2024-10-22,,Ethiopia,ETH,Amhara Region,10.7,38.0,(2) 25 km Precision ,Education,Local Education Provider,Air-Launched: Drone,Aerial Bomb,Other,Ethiopian National Defense Forces,Education Infrastructure
2024-10-21,,Ukraine,UKR,Kherson Oblast,46.6,32.6,(2) 25 km Precision ,Health Care,Local Health Care Provider,Air-Launched: Drone,Aerial Bomb,Foreign Forces: Military,Armed Forces of the Russian Federation,Health Worker
2024-10-21,,Lebanon,LBN,Nabatieh Governorate,33.2,35.3,censored by HDX,Health Care,Private Health Care,Air-Launched: Plane,Aerial Bomb,Foreign Forces: Military,Israeli Defence Forces,Multiple
2024-10-21,,Ukraine,UKR,Zaporizhia Oblast,47.4,35.9,"(4) Province, State, Governorate ",Education,Local Education Provider,Air-Launched: Plane,Aerial Bomb,Foreign Forces: Military,Armed Forces of the Russian Federation,Education Infrastructure
2024-10-21,,Lebanon,LBN,Mount Lebanon Governorate,33.8,35.3,censored by HDX,Health Care,Local Health Care Provider,Air-Launched: Plane,Aerial Bomb,Foreign Forces: Military,Israeli Defence Forces,Health Infrastructure
2024-10-21,,Lebanon,LBN,South Governorate,33.3,35,censored by HDX,Health Care,Other,Air-Launched: Plane,Aerial Bomb,Foreign Forces: Military,Israeli Defence Forces,Health Infrastructure
2024-10-21,,Ukraine,UKR,Sumy Oblast,50.7,34.3,"(4) Province, State, Governorate ",Education,Local Education Provider,Air-Launched: Plane,Aerial Bomb,Foreign Forces: Military,Armed Forces of the Russian Federation,Education Infrastructure
2024-10-20,,Lebanon,LBN,Nabatieh Governorate,33.2,35.3,censored by HDX,"Health Care, Aid Operations",Government Aid Agency,Unspecified Launch Method,Unspecified Explosive,Foreign Forces: Military,Israeli Defence Forces,Multiple
2024-10-20,,Lebanon,LBN,Nabatieh Governorate,33.2,35.3,censored by HDX,Health Care,Private Health Care,Air-Launched: Plane,Aerial Bomb,Foreign Forces: Military,Israeli Defence Forces,Health Infrastructure
2024-10-20,,Ukraine,UKR,Zaporizhia Oblast,47.8,35.1,"(3) District, Communicipality or Commune ",Education,Local Education Provider,Unspecified Launch Method,Unspecified Explosive,No Information,Unidentified Armed Actor,Education Infrastructure
2024-10-20,,Lebanon,LBN,Mount Lebanon Governorate,33.8,35.3,censored by HDX,Health Care,Local Health Care Provider,Air-Launched: Plane,Aerial Bomb,Foreign Forces: Military,Israeli Defence Forces,Health Infrastructure
2024-10-20,,Lebanon,LBN,Baalbek-Hermel Governorate,34.1,35.9,censored by HDX,Health Care,Private Health Care,Air-Launched: Plane,Aerial Bomb,Foreign Forces: Military,Israeli Defence Forces,Other
2024-10-20,,India,IND,Delhi,28.6,77.1,(2) 25 km Precision ,Education,Local Education Provider,Directly-emplaced,Unspecified Explosive,No Information,Unidentified Armed Actor,Education Infrastructure
2024-10-20,,India,IND,Jammu and Kashmir,33.6,75.1,"(4) Province, State, Governorate ",Health Care,Local Health Care Provider,Directly-Emplaced,Hand Grenade,NSA,Unidentified Armed Actor,Health Worker
2024-10-20,,Lebanon,LBN,Nabatieh Governorate,33.2,35.3,censored by HDX,Health Care,Private Health Care,Air-Launched: Plane,Aerial Bomb,Foreign Forces: Military,Israeli Defence Forces,Multiple
2024-10-20,,Ukraine,UKR,Donetsk Oblast,48.1,37.0,(2) 25 km Precision ,Health Care,Local Health Care Provider,Ground-Launched,Missile,Foreign Forces: Military,Armed Forces of the Russian Federation,Health Infrastructure
2024-10-20,,Ukraine,UKR,Kharkiv Oblast,50.1,36.1,(2) 25 km Precision ,Education,Local Education Provider,Air-Launched: Plane,Aerial Bomb,Foreign Forces: Military,Armed Forces of the Russian Federation,Education Infrastructure
2024-10-20,,Lebanon,LBN,Nabatieh Governorate,33.2,35.3,censored by HDX,Health Care,Other,Unspecified Launch Method,Unspecified Explosive,Foreign Forces: Military,Israeli Defence Forces,Health Worker
2024-10-20,,Lebanon,LBN,Mount Lebanon Governorate,33.8,35.3,censored by HDX,Aid Operations,UN Agency,Air-Launched: Plane,Aerial Bomb,Foreign Forces: Military,Israeli Defence Forces,Aid Infrastructure
2024-10-20,,Lebanon,LBN,Mount Lebanon Governorate,33.8,35.3,censored by HDX,Health Care,Local Health Care Provider,Air-Launched: Plane,Aerial Bomb,Foreign Forces: Military,Israeli Defence Forces,Health Infrastructure
2024-10-20,,Lebanon,LBN,Nabatieh Governorate,33.2,35.3,censored by HDX,Health Care,Other,Unspecified Launch Method,Unspecified Explosive,Foreign Forces: Military,Israeli Defence Forces,Health Worker
2024-10-20,,Lebanon,LBN,Nabatieh Governorate,33.2,35.3,censored by HDX,Health Care,Other,Unspecified Launch Method,Unspecified Explosive,Foreign Forces: Military,Israeli Defence Forces,Health Worker
2024-10-20,,Ukraine,UKR,Donetsk Oblast,48.1,37.0,(2) 25 km Precision ,Education,Local Education Provider,Ground-Launched,Missile,Foreign Forces: Military,Armed Forces of the Russian Federation,Education Infrastructure
2024-10-19,,Ukraine,UKR,Sumy Oblast,51.8,33.4,(2) 25 km Precision ,Health Care,Local Health Care Provider,Air-Launched: Plane,Aerial Bomb,Foreign Forces: Military,Armed Forces of the Russian Federation,Health Infrastructure
2024-10-19,,Ukraine,UKR,Sumy Oblast,51.8,33.4,(2) 25 km Precision ,Health Care,Local Health Care Provider,Air-Launched: Plane,Aerial Bomb,Foreign Forces: Military,Armed Forces of the Russian Federation,Health Infrastructure
2024-10-19,,Ukraine,UKR,Sumy Oblast,51.8,33.4,(2) 25 km Precision ,Health Care,Local Health Care Provider,Air-Launched: Plane,Aerial Bomb,Foreign Forces: Military,Armed Forces of the Russian Federation,Health Infrastructure
2024-10-19,,Lebanon,LBN,South Governorate,33.3,35,censored by HDX,Health Care,Other,Unspecified Launch Method,Unspecified Explosive,Foreign Forces: Military,Israeli Defence Forces,Health Worker
2024-10-19,,Lebanon,LBN,Beqaa Governorate,33.6,35.5,censored by HDX,Health Care,Other,Unspecified Launch Method,Unspecified Explosive,Foreign Forces: Military,Israeli Defence Forces,Health Infrastructure
2024-10-19,,Ukraine,UKR,Sumy Oblast,51.8,33.4,(2) 25 km Precision ,Education,Local Education Provider,Air-Launched: Plane,Aerial Bomb,Foreign Forces: Military,Armed Forces of the Russian Federation,Education Infrastructure
2024-10-19,,Lebanon,LBN,South Governorate,33.3,35,censored by HDX,Health Care,Private Health Care,Air-Launched: Plane,Aerial Bomb,Foreign Forces: Military,Israeli Defence Forces,Private/Voluntary Aid
2024-10-19,,Ukraine,UKR,Sumy Oblast,51.8,33.4,(2) 25 km Precision ,Education,Local Education Provider,Air-Launched: Plane,Aerial Bomb,Foreign Forces: Military,Armed Forces of the Russian Federation,Education Infrastructure
2024-10-19,,Lebanon,LBN,Nabatieh Governorate,33.2,35.3,censored by HDX,Education,Local Education Provider,Air-Launched: Plane,Aerial Bomb,Foreign Forces: Military,Israeli Defence Forces,Education Infrastructure
2024-10-19,,Ukraine,UKR,Sumy Oblast,51.8,33.4,(2) 25 km Precision ,Education,Local Education Provider,Air-Launched: Plane,Aerial Bomb,Foreign Forces: Military,Armed Forces of the Russian Federation,Education Infrastructure
2024-10-18,,Lebanon,LBN,South Governorate,33.3,35,censored by HDX,Health Care,Other,Unspecified Launch Method,Unspecified Explosive,Foreign Forces: Military,Israeli Defence Forces,Health Worker
2024-10-18,,Ukraine,UKR,Kherson Oblast,46.5,33.4,"(4) Province, State, Governorate ",Health Care,Local Health Care Provider,Air-Launched: Drone,Aerial Bomb,Foreign Forces: Military,Armed Forces of the Russian Federation,Health Infrastructure
2024-10-18,,Ukraine,UKR,Kherson Oblast,46.5,32.1,(2) 25 km Precision ,Health Care,Local Health Care Provider,Air-Launched: Drone,Aerial Bomb,Foreign Forces: Military,Armed Forces of the Russian Federation,Health Infrastructure
2024-10-17,,Niger,NER,Tillabéri Region,13.7,1.6,(2) 25 km Precision ,Health Care,Local Health Care Provider,Air-Launched: Drone,Aerial Bomb,NSA,Unidentified Armed Actor,Health Infrastructure
2024-10-17,,Lebanon,LBN,Baalbek-Hermel Governorate,34.1,35.9,censored by HDX,Health Care,Local Health Care Provider,Air-Launched: Plane,Aerial Bomb,Foreign Forces: Military,Israeli Defence Forces,Health Infrastructure
2024-10-17,,Lebanon,LBN,South Governorate,33.3,35,censored by HDX,Health Care,Local Health Care Provider,Air-Launched: Plane,Aerial Bomb,Foreign Forces: Military,Israeli Defence Forces,Health Infrastructure
2024-10-17,,Lebanon,LBN,Nabatieh Governorate,33.2,35.3,censored by HDX,Health Care,Local Health Care Provider,Air-Launched: Plane,Aerial Bomb,Foreign Forces: Military,Israeli Defence Forces,Health Infrastructure
2024-10-17,,Ukraine,UKR,Desnianskyi district,50.5,30.6,(2) 25 km Precision ,Education,Local Education Provider,Air-Launched: Drone,Aerial Bomb,Foreign Forces: Military,Armed Forces of the Russian Federation,Education Infrastructure
2024-10-17,,Ukraine,UKR,Sumy Oblast,51.1,34.4,(2) 25 km Precision ,Health Care,Local Health Care Provider,Air-Launched: Drone,Aerial Bomb,Foreign Forces: Military,Armed Forces of the Russian Federation,Health Infrastructure
2024-10-17,,Lebanon,LBN,Nabatieh Governorate,33.2,35.3,censored by HDX,Health Care,Other,Unspecified Launch Method,Unspecified Explosive,Foreign Forces: Military,Israeli Defence Forces,Health Infrastructure
2024-10-17,,Lebanon,LBN,Nabatieh Governorate,33.2,35.3,censored by HDX,Health Care,Other,Unspecified Launch Method,Unspecified Explosive,Foreign Forces: Military,Israeli Defence Forces,Health Worker
2024-10-17,,Lebanon,LBN,Mount Lebanon Governorate,33.8,35.3,censored by HDX,Health Care,Local Health Care Provider,Air-Launched: Plane,Aerial Bomb,Foreign Forces: Military,Israeli Defence Forces,Health Infrastructure
2024-10-16,,Lebanon,LBN,South Governorate,33.3,35,censored by HDX,"Health Care, Aid Operations",National Red Cross Society,Unspecified Launch Method,Unspecified Explosive,Foreign Forces: Military,Israeli Defence Forces,Health Worker
2024-10-16,,Lebanon,LBN,Nabatieh Governorate,33.2,35.3,censored by HDX,Aid Operations,NGO,Air-Launched: Plane,Aerial Bomb,Foreign Forces: Military,Israeli Defence Forces,Aid Infrastructure
2024-10-16,,Lebanon,LBN,South Governorate,33.3,35,censored by HDX,"Health Care, Aid Operations",National Red Cross Society,Air-Launched: Plane,Aerial Bomb,Foreign Forces: Military,Israeli Defence Forces,Health Infrastructure
2024-10-16,,Myanmar,MMR,Sagaing Region,22.8,95.3,(2) 25 km Precision ,Health Care,Local Health Care Provider,Air-Launched: Drone,Aerial Bomb,Other,Myanmar Armed Forces,Health Infrastructure
2024-10-15,,Lebanon,LBN,Nabatieh Governorate,33.2,35.3,censored by HDX,Health Care,Local Health Care Provider,Air-Launched: Plane,Aerial Bomb,Foreign Forces: Military,Israeli Defence Forces,Health Infrastructure
2024-10-15,,Ukraine,UKR,Mykolaiv Oblast,46.9,31.9,"(3) District, Communicipality or Commune ",Education,Local Education Provider,Ground-Launched,Missile,Foreign Forces: Military,Armed Forces of the Russian Federation,Education Infrastructure
2024-10-15,,Ukraine,UKR,Mykolaiv Oblast,46.9,31.9,"(3) District, Communicipality or Commune ",Education,Local Education Provider,Ground-Launched,Missile,Foreign Forces: Military,Armed Forces of the Russian Federation,Education Infrastructure
2024-10-15,,Lebanon,LBN,Nabatieh Governorate,33.2,35.3,censored by HDX,Health Care,Other,Unspecified Launch Method,Unspecified Explosive,Foreign Forces: Military,Israeli Defence Forces,Health Infrastructure
2024-10-15,,Myanmar,MMR,Sagaing Region,22.9,95.3,(2) 25 km Precision ,Health Care,Local Health Care Provider,Air-Launched: Drone,Aerial Bomb,Other,Myanmar Armed Forces,Health Infrastructure
2024-10-15,,Lebanon,LBN,Nabatieh Governorate,33.2,35.3,censored by HDX,Health Care,Other,Unspecified Launch Method,Unspecified Explosive,Foreign Forces: Military,Israeli Defence Forces,Health Worker
2024-10-15,,Ukraine,UKR,Mykolaiv Oblast,46.9,31.9,"(3) District, Communicipality or Commune ",Education,Local Education Provider,Ground-Launched,Missile,Foreign Forces: Military,Armed Forces of the Russian Federation,Education Infrastructure
2024-10-15,,Ukraine,UKR,Mykolaiv Oblast,46.9,31.9,"(3) District, Communicipality or Commune ",Education,Local Education Provider,Ground-Launched,Missile,Foreign Forces: Military,Armed Forces of the Russian Federation,Education Infrastructure
2024-10-15,,Ukraine,UKR,Mykolaiv Oblast,46.9,31.9,"(3) District, Communicipality or Commune ",Education,Local Education Provider,Ground-Launched,Missile,Foreign Forces: Military,Armed Forces of the Russian Federation,Education Infrastructure
2024-10-15,,Ukraine,UKR,Mykolaiv Oblast,46.9,31.9,"(3) District, Communicipality or Commune ",Education,Local Education Provider,Ground-Launched,Missile,Foreign Forces: Military,Armed Forces of the Russian Federation,Education Infrastructure
2024-10-15,,Ukraine,UKR,Mykolaiv Oblast,46.9,31.9,"(3) District, Communicipality or Commune ",Education,Local Education Provider,Ground-Launched,Missile,Foreign Forces: Military,Armed Forces of the Russian Federation,Education Infrastructure
2024-10-15,,Lebanon,LBN,Nabatieh Governorate,33.2,35.3,censored by HDX,Health Care,Private Health Care,Air-Launched: Plane,Aerial Bomb,Foreign Forces: Military,Israeli Defence Forces,Health Infrastructure
2024-10-15,,Ukraine,UKR,Mykolaiv Oblast,46.9,31.9,"(3) District, Communicipality or Commune ",Education,Local Education Provider,Ground-Launched,Missile,Foreign Forces: Military,Armed Forces of the Russian Federation,Education Infrastructure
2024-10-15,,Lebanon,LBN,Baalbek-Hermel Governorate,34.1,35.9,censored by HDX,Health Care,Private Health Care,Air-Launched: Plane,Aerial Bomb,Foreign Forces: Military,Israeli Defence Forces,Health Infrastructure
2024-10-14,,Lebanon,LBN,Nabatieh Governorate,33.2,35.3,censored by HDX,Health Care,Private Health Care,Air-Launched: Plane,Aerial Bomb,Foreign Forces: Military,Israeli Defence Forces,Health Infrastructure
2024-10-14,,Myanmar,MMR,Special Region 1,22.9,97.6,(2) 25 km Precision ,Education,Local Education Provider,Air-Launched: Plane,Aerial Bomb,Other,Myanmar Armed Forces,Education Infrastructure
2024-10-14,,Syria,SYR,Idleb Governorate,35.9,36.6,"(3) District, Communicipality or Commune ","Protection, Aid Operations",UN Agency,Air-Launched: Plane,Aerial Bomb,No Information,Unidentified Armed Actor,Food Infrastructure
2024-10-14,,Ukraine,UKR,Kherson Oblast,46.5,33.4,"(4) Province, State, Governorate ","Health Care, Aid Operations",National Red Cross Society,Ground-Launched,Artillery,Foreign Forces: Military,Armed Forces of the Russian Federation,Aid Infrastructure
2024-10-14,,Ukraine,UKR,Donetsk Oblast,47.9,37.2,(2) 25 km Precision ,Health Care,Local Health Care Provider,Air-Launched: Plane,Aerial Bomb,Foreign Forces: Military,Armed Forces of the Russian Federation,Health Infrastructure
2024-10-14,,Lebanon,LBN,Nabatieh Governorate,33.2,35.3,censored by HDX,Health Care,Other,Unspecified Launch Method,Unspecified Explosive,Foreign Forces: Military,Israeli Defence Forces,Health Infrastructure
2024-10-14,,Lebanon,LBN,Baalbek-Hermel Governorate,34.1,35.9,censored by HDX,"Health Care, Aid Operations",National Red Cross Society,Air-Launched: Plane,Aerial Bomb,Foreign Forces: Military,Israeli Defence Forces,Aid Infrastructure
2024-10-14,,Myanmar,MMR,Special Region 1,22.9,97.6,(2) 25 km Precision ,Health Care,Local Health Care Provider,Air-Launched: Plane,Aerial Bomb,Other,Myanmar Armed Forces,Health Infrastructure
2024-10-14,,Lebanon,LBN,South Governorate,33.3,35,censored by HDX,Health Care,Other,Unspecified Launch Method,Unspecified Explosive,Foreign Forces: Military,Israeli Defence Forces,Multiple
2024-10-14,,Lebanon,LBN,Nabatieh Governorate,33.2,35.3,censored by HDX,Health Care,Private Health Care,Air-Launched: Plane,Aerial Bomb,Foreign Forces: Military,Israeli Defence Forces,Health Infrastructure
2024-10-13,,Lebanon,LBN,Nabatieh Governorate,33.2,35.3,censored by HDX,"Health Care, Aid Operations",National Red Cross Society,Unspecified Launch Method,Unspecified Explosive,Foreign Forces: Military,Israeli Defence Forces,Health Infrastructure
2024-10-13,,Lebanon,LBN,Baalbek-Hermel Governorate,34.1,35.9,censored by HDX,Health Care,Private Health Care,Air-Launched: Plane,Aerial Bomb,Foreign Forces: Military,Israeli Defence Forces,Health Infrastructure
2024-10-13,,Lebanon,LBN,Beqaa Governorate,33.6,35.5,censored by HDX,"Health Care, Aid Operations",INGO,Air-Launched: Plane,Aerial Bomb,Foreign Forces: Military,Israeli Defence Forces,Health Infrastructure
2024-10-13,,Lebanon,LBN,Beqaa Governorate,33.6,35.5,censored by HDX,Health Care,Other,Unspecified Launch Method,Unspecified Explosive,Foreign Forces: Military,Israeli Defence Forces,Health Infrastructure
2024-10-13,,Sudan,SDN,North Darfur State,13.6,25.3,"(3) District, Communicipality or Commune ","Health Care, Aid Operations",INGO,Ground-Launched,Shelling,Vigilante,Rapid Support Forces,Health Infrastructure
2024-10-13,,Lebanon,LBN,Mount Lebanon Governorate,33.8,35.3,censored by HDX,"Health Care, Aid Operations",INGO,Air-Launched: Plane,Aerial Bomb,Foreign Forces: Military,Israeli Defence Forces,Health Infrastructure
2024-10-13,,Lebanon,LBN,Nabatieh Governorate,33.2,35.3,censored by HDX,Health Care,Other,Unspecified Launch Method,Unspecified Explosive,Foreign Forces: Military,Israeli Defence Forces,Health Worker
2024-10-13,,Sudan,SDN,North Darfur State,13.6,25.3,(2) 25 km Precision ,Protection,IDP/Refugee Service,Ground-Launched,Shelling,Vigilante,Rapid Support Forces,Protection Infrastructure
2024-10-13,,Lebanon,LBN,South Governorate,33.3,35,censored by HDX,Health Care,Other,Unspecified Launch Method,Unspecified Explosive,Foreign Forces: Military,Israeli Defence Forces,Multiple
2024-10-13,,Lebanon,LBN,Nabatieh Governorate,33.2,35.3,censored by HDX,Health Care,Other,Unspecified Launch Method,Unspecified Explosive,Foreign Forces: Military,Israeli Defence Forces,Multiple
2024-10-13,,Lebanon,LBN,South Governorate,33.3,35,censored by HDX,Health Care,Local Health Care Provider,Air-Launched: Plane,Aerial Bomb,Foreign Forces: Military,Israeli Defence Forces,Health Infrastructure
2024-10-13,,Sudan,SDN,Al Khartum,15.4,32.4,(2) 25 km Precision ,Health Care,Local Health Care Provider,Ground-Launched,Shelling,Vigilante,Rapid Support Forces,Health Infrastructure
2024-10-13,,Lebanon,LBN,South Governorate,33.3,35,censored by HDX,Health Care,Private Health Care,Air-Launched: Plane,Aerial Bomb,Foreign Forces: Military,Israeli Defence Forces,Health Infrastructure
2024-10-13,,Lebanon,LBN,Nabatieh Governorate,33.2,35.3,censored by HDX,"Health Care, Aid Operations",National Red Cross Society,Air-Launched: Plane,Aerial Bomb,Foreign Forces: Military,Israeli Defence Forces,Health Infrastructure
2024-10-12,,Lebanon,LBN,Beqaa Governorate,33.6,35.5,censored by HDX,Health Care,Local Health Care Provider,Air-Launched: Plane,Aerial Bomb,Foreign Forces: Military,Israeli Defence Forces,Health Infrastructure
2024-10-12,,Lebanon,LBN,Baalbek-Hermel Governorate,34.1,35.9,censored by HDX,Health Care,Local Health Care Provider,Air-Launched: Plane,Aerial Bomb,Foreign Forces: Military,Israeli Defence Forces,Health Infrastructure
2024-10-12,,Lebanon,LBN,South Governorate,33.3,35,censored by HDX,Health Care,Private Health Care,Air-Launched: Plane,Aerial Bomb,Foreign Forces: Military,Israeli Defence Forces,Health Infrastructure
2024-10-12,,Ethiopia,ETH,"Southern Nations, Nationalities, and Peoples",6.9,37.9,"(3) District, Communicipality or Commune ",Education,Local Education Provider,Air-Launched: Plane,Aerial Bomb,Other,Ethiopian National Defense Forces,Education Infrastructure
2024-10-12,,Lebanon,LBN,Beqaa Governorate,33.6,35.5,censored by HDX,Health Care,Local Health Care Provider,Air-Launched: Plane,Aerial Bomb,Foreign Forces: Military,Israeli Defence Forces,Health Infrastructure
2024-10-12,,Lebanon,LBN,Keserwan-Jbeil Governorate,34,35.6,censored by HDX,Education,Local Education Provider,Air-Launched: Plane,Aerial Bomb,Foreign Forces: Military,Israeli Defence Forces,Teacher/Student
2024-10-12,,Lebanon,LBN,Beqaa Governorate,33.6,35.5,censored by HDX,Health Care,Private Health Care,Air-Launched: Plane,Aerial Bomb,Foreign Forces: Military,Israeli Defence Forces,Health Infrastructure
2024-10-12,,Lebanon,LBN,Nabatieh Governorate,33.2,35.3,censored by HDX,"Health Care, Aid Operations",National Red Cross Society,Air-Launched: Plane,Aerial Bomb,Foreign Forces: Military,Israeli Defence Forces,Health Worker
2024-10-11,,Lebanon,LBN,South Governorate,33.3,35,censored by HDX,Health Care,Private Health Care,Air-Launched: Plane,Aerial Bomb,Foreign Forces: Military,Israeli Defence Forces,Health Infrastructure
2024-10-11,,Lebanon,LBN,Nabatieh Governorate,33.2,35.3,censored by HDX,Health Care,Local Health Care Provider,Air-Launched: Plane,Aerial Bomb,Foreign Forces: Military,Israeli Defence Forces,Health Infrastructure
2024-10-11,,Lebanon,LBN,South Governorate,33.3,35,censored by HDX,"Health Care, Aid Operations",NGO,Air-Launched: Plane,Aerial Bomb,Foreign Forces: Military,Israeli Defence Forces,Health Infrastructure
2024-10-11,,Lebanon,LBN,Baalbek-Hermel Governorate,34.1,35.9,censored by HDX,Health Care,Local Health Care Provider,Air-Launched: Plane,Aerial Bomb,Foreign Forces: Military,Israeli Defence Forces,Health Infrastructure
2024-10-11,,Myanmar,MMR,Mandalay,22.2,96.1,(2) 25 km Precision ,Protection,IDP/Refugee Service,Air-Launched: Plane,Aerial Bomb,Other,Myanmar Armed Forces,Protection Infrastructure
2024-10-11,,Lebanon,LBN,Nabatieh Governorate,33.2,35.3,censored by HDX,Health Care,Private Health Care,Air-Launched: Plane,Aerial Bomb,Foreign Forces: Military,Israeli Defence Forces,Health Infrastructure
2024-10-11,,Lebanon,LBN,Baalbek-Hermel Governorate,34.1,35.9,censored by HDX,Health Care,Local Health Care Provider,Air-Launched: Plane,Aerial Bomb,Foreign Forces: Military,Israeli Defence Forces,Health Infrastructure
2024-10-11,,Ethiopia,ETH,Amhara Region,10.8,38.3,(2) 25 km Precision ,Health Care,Local Health Care Provider,Air-Launched: Drone,Aerial Bomb,Other,Ethiopian National Defense Forces,Health Infrastructure
2024-10-11,,Ukraine,UKR,Kherson Oblast,46.6,32.6,(2) 25 km Precision ,Health Care,Local Health Care Provider,Air-Launched: Drone,Aerial Bomb,Foreign Forces: Military,Armed Forces of the Russian Federation,Multiple
2024-10-11,,Ukraine,UKR,Donetsk Oblast,48.5,37.7,(2) 25 km Precision ,Health Care,Local Health Care Provider,Air-Launched: Plane,Aerial Bomb,Foreign Forces: Military,Armed Forces of the Russian Federation,Health Infrastructure
2024-10-11,,Lebanon,LBN,Nabatieh Governorate,33.2,35.3,censored by HDX,Health Care,Other,Unspecified Launch Method,Unspecified Explosive,Foreign Forces: Military,Israeli Defence Forces,Multiple
2024-10-10,,Lebanon,LBN,Mount Lebanon Governorate,33.8,35.3,censored by HDX,"Health Care, Aid Operations",INGO,Air-Launched: Plane,Aerial Bomb,Foreign Forces: Military,Israeli Defence Forces,Other
2024-10-10,,Lebanon,LBN,South Governorate,33.3,35,censored by HDX,Health Care,Private Health Care,Unspecified Launch Method,Unspecified Explosive,Foreign Forces: Military,Israeli Defence Forces,Health Infrastructure
2024-10-10,,Lebanon,LBN,South Governorate,33.3,35,censored by HDX,"Health Care, Aid Operations",INGO,Air-Launched: Plane,Aerial Bomb,Foreign Forces: Military,Israeli Defence Forces,Other
2024-10-10,,Ukraine,UKR,Kherson Oblast,46.6,32.6,(2) 25 km Precision ,Health Care,Local Health Care Provider,Air-Launched: Drone,Aerial Bomb,Foreign Forces: Military,Armed Forces of the Russian Federation,Health Infrastructure
2024-10-10,,Ukraine,UKR,Donetsk Oblast,48.6,37.5,(2) 25 km Precision ,Health Care,Local Health Care Provider,Ground-Launched,Missile,Foreign Forces: Military,Armed Forces of the Russian Federation,Health Infrastructure
2024-10-10,,Ukraine,UKR,Kherson Oblast,46.6,32.5,(2) 25 km Precision ,Health Care,Local Health Care Provider,Ground-Launched,Artillery,Foreign Forces: Military,Armed Forces of the Russian Federation,Health Infrastructure
2024-10-10,,Lebanon,LBN,Baalbek-Hermel Governorate,34.1,35.9,censored by HDX,"Health Care, Aid Operations",INGO,Air-Launched: Plane,Aerial Bomb,Foreign Forces: Military,Israeli Defence Forces,Other
2024-10-10,,Myanmar,MMR,Rakhine,20.8,92.9,(2) 25 km Precision ,Education,Local Education Provider,Air-Launched: Plane,Aerial Bomb,Other,Myanmar Armed Forces,Education Infrastructure
2024-10-09,,Lebanon,LBN,Nabatieh Governorate,33.2,35.3,censored by HDX,Health Care,Private Health Care,Unspecified Launch Method,Unspecified Explosive,Foreign Forces: Military,Israeli Defence Forces,Private/Voluntary Aid
2024-10-09,,Ukraine,UKR,Kherson Raion,46.6,32.6,(2) 25 km Precision ,Health Care,Local Health Care Provider,Ground-Launched,Rocket,Foreign Forces: Military,Armed Forces of the Russian Federation,Health Infrastructure
2024-10-09,,Ukraine,UKR,Odesa Oblast,46.3,30.6,(2) 25 km Precision ,Health Care,Local Health Care Provider,"Air-Launched: Drone, Unspecified Launch Method","Aerial Bomb, Unspecified Explosive",Multiple,"Armed Forces of the Russian Federation, Armed Forces of Ukraine",Health Infrastructure
2024-10-09,,Lebanon,LBN,South Governorate,33.3,35,censored by HDX,"Health Care, Aid Operations","Government Aid Agency, Other",Air-Launched: Plane,Aerial Bomb,Foreign Forces: Military,Israeli Defence Forces,Health Infrastructure
2024-10-09,,Ukraine,UKR,Kharkiv Oblast,49.6,37.6,(2) 25 km Precision ,Health Care,Local Health Care Provider,Air-Launched: Plane,Aerial Bomb,Foreign Forces: Military,Armed Forces of the Russian Federation,Health Infrastructure
2024-10-09,,Ukraine,UKR,Kherson Oblast,46.6,32.5,(2) 25 km Precision ,Health Care,Local Health Care Provider,Ground-Launched,Shelling,Foreign Forces: Military,Armed Forces of the Russian Federation,Health Infrastructure
2024-10-09,,Lebanon,LBN,Nabatieh Governorate,33.2,35.3,censored by HDX,"Education, Aid Operations",LNGO,Air-Launched: No Information on Platform Type,Aerial Bomb,Foreign Forces: Military,Israeli Defence Forces,Education Infrastructure
2024-10-09,,Lebanon,LBN,South Governorate,33.3,35,censored by HDX,Health Care,Private Health Care,Air-Launched: Plane,Aerial Bomb,Foreign Forces: Military,Israeli Defence Forces,Health Infrastructure
2024-10-09,,Lebanon,LBN,Nabatieh Governorate,33.2,35.3,censored by HDX,Health Care,Local Health Care Provider,Air-Launched: No Information on Platform Type,Aerial Bomb,Foreign Forces: Military,Israeli Defence Forces,Health Infrastructure
2024-10-08,,Myanmar,MMR,Sagaing Region,23.1,95.3,(2) 25 km Precision ,Health Care,Local Health Care Provider,Air-Launched: Drone,Aerial Bomb,Other,Myanmar Armed Forces,Health Infrastructure
2024-10-08,,Ukraine,UKR,Donetsk Oblast,48.5,37.6,(2) 25 km Precision ,Education,Local Education Provider,Air-Launched: Plane,Aerial Bomb,Foreign Forces: Military,Armed Forces of the Russian Federation,Education Infrastructure
2024-10-08,,Lebanon,LBN,Nabatieh Governorate,33.2,35.3,censored by HDX,Health Care,Other,Unspecified Launch Method,Unspecified Explosive,Foreign Forces: Military,Israeli Defence Forces,Multiple
2024-10-08,,Lebanon,LBN,South Governorate,33.3,35,censored by HDX,Health Care,Private Health Care,Unspecified Launch Method,Unspecified Explosive,Foreign Forces: Military,Israeli Defence Forces,Private/Voluntary Aid
2024-10-08,,Ukraine,UKR,Donetsk Oblast,48.5,37.6,(2) 25 km Precision ,Education,Local Education Provider,Air-Launched: Plane,Aerial Bomb,Foreign Forces: Military,Armed Forces of the Russian Federation,Education Infrastructure
2024-10-08,,Ukraine,UKR,Donetsk Oblast,48.5,37.6,(2) 25 km Precision ,Education,Local Education Provider,Air-Launched: Plane,Aerial Bomb,Foreign Forces: Military,Armed Forces of the Russian Federation,Education Infrastructure
2024-10-08,,Myanmar,MMR,Sagaing Region,23.1,95.3,(2) 25 km Precision ,Education,Local Education Provider,Air-Launched: Drone,Aerial Bomb,Other,Myanmar Armed Forces,Education Infrastructure
2024-10-08,,Myanmar,MMR,Rakhine,20.4,92.9,(2) 25 km Precision ,"Education, Health Care","Local Education Provider, Local Health Care Provider",Air-Launched: Plane,Aerial Bomb,Other,Myanmar Armed Forces,Multiple
2024-10-08,,Lebanon,LBN,Nabatieh Governorate,33.2,35.3,censored by HDX,Health Care,Local Health Care Provider,Air-Launched: Plane,Aerial Bomb,Foreign Forces: Military,Israeli Defence Forces,Health Infrastructure
2024-10-08,,Lebanon,LBN,South Governorate,33.3,35,censored by HDX,Health Care,Local Health Care Provider,Air-Launched: Plane,Aerial Bomb,Foreign Forces: Military,Israeli Defence Forces,Health Infrastructure
2024-10-08,,Ethiopia,ETH,Amhara Region,11.4,37.1,(2) 25 km Precision ,Education,Local Education Provider,Air-Launched: Plane,Aerial Bomb,Other,Ethiopian National Defense Forces,Education Infrastructure
2024-10-08,,Côte d'Ivoire,CIV,Abidjan,5.3,-4.0,"(3) District, Communicipality or Commune ",Education,Local Education Provider,Directly-Emplaced,Hand Grenade,Civilian,Students,Education Infrastructure
2024-10-08,,Lebanon,LBN,South Governorate,33.3,35,censored by HDX,"Health Care, Aid Operations",NGO,Air-Launched: Plane,Aerial Bomb,Foreign Forces: Military,Israeli Defence Forces,Health Infrastructure
2024-10-07,,Ethiopia,ETH,Amhara Region,11.2,37.0,(2) 25 km Precision ,Health Care,Local Health Care Provider,Air-Launched: Drone,Aerial Bomb,Other,Ethiopian National Defense Forces,Health Infrastructure
2024-10-07,,Lebanon,LBN,Nabatieh Governorate,33.2,35.3,censored by HDX,Health Care,Local Health Care Provider,Air-Launched: Plane,Aerial Bomb,Foreign Forces: Military,Israeli Defence Forces,Health Infrastructure
2024-10-07,,Ukraine,UKR,Kharkiv Oblast,49.7,37.6,(2) 25 km Precision ,Education,Local Education Provider,Air-Launched: Plane,Aerial Bomb,Foreign Forces: Military,Armed Forces of the Russian Federation,Education Infrastructure
2024-10-07,,Lebanon,LBN,Mount Lebanon Governorate,33.8,35.3,censored by HDX,"Health Care, Aid Operations",NGO,Air-Launched: Plane,Aerial Bomb,Foreign Forces: Military,Israeli Defence Forces,Health Infrastructure
2024-10-07,,Ukraine,UKR,Kherson Raion,46.6,32.6,"(3) District, Communicipality or Commune ",Education,Local Education Provider,Unspecified Launch Method,Unspecified Explosive,Foreign Forces: Military,Armed Forces of the Russian Federation,Education Infrastructure
2024-10-07,,Ukraine,UKR,Kherson Raion,46.6,32.6,"(3) District, Communicipality or Commune ",Education,Local Education Provider,Unspecified Launch Method,Unspecified Explosive,Foreign Forces: Military,Armed Forces of the Russian Federation,Education Infrastructure
2024-10-07,,Sudan,SDN,North Darfur State,13.6,25.3,(2) 25 km Precision ,"Protection, Food Security",IDP/Refugee Service,Ground-Launched,Artillery,Vigilante,Rapid Support Forces,Protection Infrastructure
2024-10-07,,Lebanon,LBN,Nabatieh Governorate,33.2,35.3,censored by HDX,Health Care,Local Health Care Provider,Air-Launched: Plane,Aerial Bomb,Foreign Forces: Military,Israeli Defence Forces,Multiple
2024-10-07,,Lebanon,LBN,South Governorate,33.3,35,censored by HDX,Health Care,Other,Unspecified Launch Method,Unspecified Explosive,Foreign Forces: Military,Israeli Defence Forces,Health Infrastructure
2024-10-06,,Lebanon,LBN,Mount Lebanon Governorate,33.8,35.3,censored by HDX,"Health Care, Aid Operations",UN Agency,Air-Launched: Plane,Aerial Bomb,Foreign Forces: Military,Israeli Defence Forces,Health Infrastructure
2024-10-06,,Ukraine,UKR,Sumy Oblast,51.1,34.6,(2) 25 km Precision ,Education,Local Education Provider,Air-Launched: Plane,Aerial Bomb,Foreign Forces: Military,Armed Forces of the Russian Federation,Education Infrastructure
2024-10-06,,Sudan,SDN,North Darfur State,13.6,25.3,(2) 25 km Precision ,Protection,IDP/Refugee Service,Ground-Launched,Shelling,Vigilante,Rapid Support Forces,Protection Infrastructure
2024-10-06,,Myanmar,MMR,Sagaing Region,22.7,95.6,(2) 25 km Precision ,Health Care,Local Health Care Provider,Air-Launched: Drone,Aerial Bomb,Other,Local Defense Forces,Health Infrastructure
2024-10-06,,Lebanon,LBN,Nabatieh Governorate,33.2,35.3,censored by HDX,Health Care,Other,Unspecified Launch Method,Unspecified Explosive,Foreign Forces: Military,Israeli Defence Forces,Multiple
2024-10-06,,Syria,SYR,Homs Governorate,34.4,38.1,(2) 25 km Precision ,Aid Operations,NGO,Air-Launched: Drone,Aerial Bomb,Foreign Forces: Military,Israeli Defence Forces,Aid Infrastructure
2024-10-06,,Ukraine,UKR,Donetsk Oblast,48.5,37.6,(2) 25 km Precision ,Health Care,Local Health Care Provider,Air-Launched: Plane,Aerial Bomb,Foreign Forces: Military,Armed Forces of the Russian Federation,Health Infrastructure
2024-10-06,,Lebanon,LBN,Mount Lebanon Governorate,33.8,35.3,censored by HDX,Health Care,Private Health Care,Air-Launched: Plane,Aerial Bomb,Foreign Forces: Military,Israeli Defence Forces,Health Infrastructure
2024-10-06,,Lebanon,LBN,Nabatieh Governorate,33.2,35.3,censored by HDX,"Health Care, Aid Operations",NGO,Air-Launched: Plane,Aerial Bomb,Foreign Forces: Military,Israeli Defence Forces,Health Infrastructure
2024-10-05,,Lebanon,LBN,Mount Lebanon Governorate,33.8,35.3,censored by HDX,Health Care,Private Health Care,Air-Launched: Plane,Aerial Bomb,Foreign Forces: Military,Israeli Defence Forces,Health Infrastructure
2024-10-05,,Lebanon,LBN,Nabatieh Governorate,33.2,35.3,censored by HDX,Health Care,Local Health Care Provider,Ground-Launched,Shelling,Foreign Forces: Military,Israeli Defence Forces,Health Infrastructure
2024-10-05,,Lebanon,LBN,Nabatieh Governorate,33.2,35.3,censored by HDX,Health Care,Local Health Care Provider,Air-Launched: Plane,Aerial Bomb,Foreign Forces: Military,Israeli Defence Forces,Health Infrastructure
2024-10-05,,Lebanon,LBN,North Governorate,34.3,35.6,censored by HDX,Protection,IDP/Refugee Service,Air-Launched: Plane,Aerial Bomb,Foreign Forces: Military,Israeli Defence Forces,Protection Infrastructure
2024-10-05,,Lebanon,LBN,Mount Lebanon Governorate,33.8,35.3,censored by HDX,Protection,IDP/Refugee Service,Air-Launched: Plane,Aerial Bomb,Foreign Forces: Military,Israeli Defence Forces,Protection Infrastructure
2024-10-05,,Ukraine,UKR,Kherson Oblast,46.5,32.3,(2) 25 km Precision ,Health Care,Local Health Care Provider,Air-Launched: Drone,Aerial Bomb,Foreign Forces: Military,Armed Forces of the Russian Federation,Health Worker
2024-10-05,,Ukraine,UKR,Kherson Oblast,46.5,32.3,(2) 25 km Precision ,Health Care,Local Health Care Provider,Air-Launched: Drone,Aerial Bomb,Foreign Forces: Military,Armed Forces of the Russian Federation,Health Infrastructure
2024-10-05,,Lebanon,LBN,South Governorate,33.3,35,censored by HDX,Health Care,Private Health Care,Unspecified Launch Method,Unspecified Explosive,Foreign Forces: Military,Israeli Defence Forces,Health Infrastructure
2024-10-05,,Myanmar,MMR,Special Region 1,22.6,97.4,(2) 25 km Precision ,Education,Local Education Provider,Air-Launched: Plane,Aerial Bomb,Other,Myanmar Armed Forces,Education Infrastructure
2024-10-05,,Lebanon,LBN,Baalbek-Hermel Governorate,34.1,35.9,censored by HDX,"Health Care, Aid Operations",National Red Cross Society,Unspecified Launch Method,Unspecified Explosive,Foreign Forces: Military,Israeli Defence Forces,Health Worker
2024-10-05,,Lebanon,LBN,Mount Lebanon Governorate,33.8,35.3,censored by HDX,Aid Operations,UN Agency,Air-Launched: Plane,Aerial Bomb,Foreign Forces: Military,Israeli Defence Forces,Other
2024-10-05,,Lebanon,LBN,Nabatieh Governorate,33.2,35.3,censored by HDX,Health Care,Local Health Care Provider,Air-Launched: Plane,Aerial Bomb,Foreign Forces: Military,Israeli Defence Forces,Health Infrastructure
2024-10-05,,Lebanon,LBN,Mount Lebanon Governorate,33.8,35.3,censored by HDX,Health Care,Local Health Care Provider,Air-Launched: Plane,Aerial Bomb,Foreign Forces: Military,Israeli Defence Forces,Health Infrastructure
2024-10-05,,Lebanon,LBN,Mount Lebanon Governorate,33.8,35.3,censored by HDX,Health Care,Local Health Care Provider,Air-Launched: Plane,Aerial Bomb,Foreign Forces: Military,Israeli Defence Forces,Health Infrastructure
2024-10-05,,Lebanon,LBN,Mount Lebanon Governorate,33.8,35.3,censored by HDX,Health Care,Local Health Care Provider,Air-Launched: Plane,Aerial Bomb,Foreign Forces: Military,Israeli Defence Forces,Health Infrastructure
2024-10-05,,Ukraine,UKR,No Information,49.4,31.2,(6) Country,Health Care,Local Health Care Provider,Air-Launched: Plane,Aerial Bomb,Foreign Forces: Military,Armed Forces of the Russian Federation,Health Worker
2024-10-04,,Lebanon,LBN,South Governorate,33.3,35,censored by HDX,Health Care,Private Health Care,Air-Launched: Plane,Aerial Bomb,Foreign Forces: Military,Israeli Defence Forces,Health Infrastructure
2024-10-04,,Lebanon,LBN,Nabatieh Governorate,33.2,35.3,censored by HDX,Health Care,"Local Health Care Provider, Private Health Care",Air-Launched: Plane,Aerial Bomb,Foreign Forces: Military,Israeli Defence Forces,Health Infrastructure
2024-10-04,,Lebanon,LBN,Nabatieh Governorate,33.2,35.3,censored by HDX,Health Care,Local Health Care Provider,Air-Launched: Plane,Aerial Bomb,Foreign Forces: Military,Israeli Defence Forces,Health Infrastructure
2024-10-04,,Sudan,SDN,No Information,14.5,29.4,(6) Country,Health Care,Local Health Care Provider,Air-Launched: Plane,Aerial Bomb,Other,Sudanese Armed Forces,Health Infrastructure
2024-10-04,,Lebanon,LBN,Nabatieh Governorate,33.2,35.3,censored by HDX,Health Care,Local Health Care Provider,Air-Launched: Plane,Aerial Bomb,Foreign Forces: Military,Israeli Defence Forces,Health Infrastructure
2024-10-04,,Ukraine,UKR,Donetsk Oblast,47.9,37.2,(2) 25 km Precision ,Health Care,Local Health Care Provider,Ground-Launched,Artillery,Foreign Forces: Military,Armed Forces of the Russian Federation,Health Infrastructure
2024-10-04,,Sudan,SDN,Khartoum State,15.6,32.4,(2) 25 km Precision ,Aid Operations,NGO,Ground-Launched,Shelling,Vigilante,Rapid Support Forces,Aid Infrastructure
2024-10-04,,Lebanon,LBN,Nabatieh Governorate,33.2,35.3,censored by HDX,Health Care,Private Health Care,Air-Launched: Plane,Aerial Bomb,Foreign Forces: Military,Israeli Defence Forces,Health Infrastructure
2024-10-04,,Lebanon,LBN,Mount Lebanon Governorate,33.8,35.3,censored by HDX,Health Care,Private Health Care,Air-Launched: Plane,Aerial Bomb,Foreign Forces: Military,Israeli Defence Forces,Health Infrastructure
2024-10-04,,Lebanon,LBN,Nabatieh Governorate,33.2,35.3,censored by HDX,Health Care,Local Health Care Provider,Ground-Launched,Shelling,Foreign Forces: Military,Israeli Defence Forces,Health Infrastructure
2024-10-04,,Lebanon,LBN,Mount Lebanon Governorate,33.8,35.3,censored by HDX,Health Care,Private Health Care,Air-Launched: Drone,Aerial Bomb,Foreign Forces: Military,Israeli Defence Forces,Private/Voluntary Aid
2024-10-04,,Lebanon,LBN,Mount Lebanon Governorate,33.8,35.3,censored by HDX,Health Care,Private Health Care,Air-Launched: Drone,Aerial Bomb,Foreign Forces: Military,Israeli Defence Forces,Private/Voluntary Aid
2024-10-04,,Ukraine,UKR,Dnipropetrovsk Oblast,47.5,34.3,(2) 25 km Precision ,Health Care,Local Health Care Provider,Air-Launched: Drone,Aerial Bomb,Foreign Forces: Military,Armed Forces of the Russian Federation,Health Infrastructure
2024-10-04,,Lebanon,LBN,Nabatieh Governorate,33.2,35.3,censored by HDX,Health Care,Local Health Care Provider,Air-Launched: Plane,Aerial Bomb,Foreign Forces: Military,Israeli Defence Forces,Health Infrastructure
2024-10-04,,Lebanon,LBN,South Governorate,33.3,35,censored by HDX,Health Care,Private Health Care,Air-Launched: Plane,Aerial Bomb,Foreign Forces: Military,Israeli Defence Forces,Health Infrastructure
2024-10-04,,Syria,SYR,Rif Dimashq Governorate,33.6,35.9,(2) 25 km Precision ,Aid Operations,INGO,Air-Launched: Plane,Aerial Bomb,Foreign Forces: Military,Israeli Defence Forces,Other
2024-10-04,,Lebanon,LBN,Nabatieh Governorate,33.2,35.3,censored by HDX,Health Care,Local Health Care Provider,Air-Launched: Plane,Aerial Bomb,Foreign Forces: Military,Israeli Defence Forces,Health Infrastructure
2024-10-03,,Lebanon,LBN,Nabatieh Governorate,33.2,35.3,censored by HDX,"Health Care, Aid Operations",National Red Cross Society,Air-Launched: Drone,Aerial Bomb,Foreign Forces: Military,Israeli Defence Forces,Health Worker
2024-10-03,,Lebanon,LBN,Nabatieh Governorate,33.2,35.3,censored by HDX,Health Care,Private Health Care,Ground-Launched,Shelling,Foreign Forces: Military,Israeli Defence Forces,Health Infrastructure
2024-10-03,,Lebanon,LBN,Akkar Governorate,34.5,35.5,censored by HDX,Protection,IDP/Refugee Service,Air-Launched: Plane,Aerial Bomb,Foreign Forces: Military,Israeli Defence Forces,Protection Infrastructure
2024-10-03,,Lebanon,LBN,Nabatieh Governorate,33.2,35.3,censored by HDX,Health Care,Private Health Care,Unspecified Launch Method,Unspecified Explosive,Foreign Forces: Military,Israeli Defence Forces,Health Infrastructure
2024-10-03,,Lebanon,LBN,Mount Lebanon Governorate,33.8,35.3,censored by HDX,Health Care,Local Health Care Provider,Air-Launched: Plane,Aerial Bomb,Foreign Forces: Military,Israeli Defence Forces,Health Infrastructure
2024-10-03,,Lebanon,LBN,Baalbek-Hermel Governorate,34.1,35.9,censored by HDX,Health Care,Local Health Care Provider,Air-Launched: Plane,Aerial Bomb,Foreign Forces: Military,Israeli Defence Forces,Health Infrastructure
2024-10-03,,Lebanon,LBN,Nabatieh Governorate,33.2,35.3,censored by HDX,"Health Care, Aid Operations",National Red Cross Society,Unspecified Launch Method,Unspecified Explosive,Foreign Forces: Military,Israeli Defence Forces,Health Infrastructure
2024-10-03,,Lebanon,LBN,Nabatieh Governorate,33.2,35.3,censored by HDX,"Health Care, Aid Operations",National Red Cross Society,Ground-Launched,Artillery,Foreign Forces: Military,Israeli Defence Forces,Aid Infrastructure
2024-10-03,,Myanmar,MMR,Sagaing Region,21.9,95.5,(2) 25 km Precision ,Education,Local Education Provider,Directly-Emplaced,Hand Grenade,Other,People's Defence Force (Myanmar),Education Infrastructure
2024-10-03,,Myanmar,MMR,Mandalay,21.4,95.6,"(3) District, Communicipality or Commune ",Education,Local Education Provider,Air-Launched: Drone,Aerial Bomb,NSA,Unidentified Armed Actor,Education Infrastructure
2024-10-03,,Myanmar,MMR,Mandalay,22.8,96.3,(2) 25 km Precision ,Health Care,Local Health Care Provider,Air-Launched: Plane,Aerial Bomb,Other,Myanmar Armed Forces,Health Infrastructure
2024-10-03,,Ukraine,UKR,Poltava Oblast,49.0,33.4,(2) 25 km Precision ,Education,Local Education Provider,Air-Launched: Drone,Aerial Bomb,Foreign Forces: Military,Armed Forces of the Russian Federation,Education Infrastructure
2024-10-02,,Myanmar,MMR,Sagaing Region,22.4,95.0,(2) 25 km Precision ,Health Care,Local Health Care Provider,Air-Launched: Plane,Aerial Bomb,Other,Myanmar Armed Forces,Health Infrastructure
2024-10-02,,Lebanon,LBN,Nabatieh Governorate,33.2,35.3,censored by HDX,Health Care,Private Health Care,Unspecified Launch Method,Unspecified Explosive,Foreign Forces: Military,Israeli Defence Forces,Private/Voluntary Aid
2024-10-02,,Lebanon,LBN,Nabatieh Governorate,33.2,35.3,censored by HDX,Health Care,Other,Unspecified Launch Method,Unspecified Explosive,Foreign Forces: Military,Israeli Defence Forces,Multiple
2024-10-02,,Lebanon,LBN,Nabatieh Governorate,33.2,35.3,censored by HDX,Health Care,Other,Unspecified Launch Method,Unspecified Explosive,Foreign Forces: Military,Israeli Defence Forces,Health Infrastructure
2024-10-02,,Myanmar,MMR,Sagaing Region,22.4,95.0,(2) 25 km Precision ,Education,Local Education Provider,Air-Launched: Plane,Aerial Bomb,Other,Myanmar Armed Forces,Education Infrastructure
2024-10-02,,Lebanon,LBN,Beirut Governorate,33.8,35.4,censored by HDX,Health Care,Private Health Care,Air-Launched: Plane,Aerial Bomb,Foreign Forces: Military,Israeli Defence Forces,Health Infrastructure
2024-10-02,,Lebanon,LBN,Nabatieh Governorate,33.2,35.3,censored by HDX,Health Care,Local Health Care Provider,Air-Launched: Drone,Aerial Bomb,Foreign Forces: Military,Israeli Defence Forces,Health Worker
2024-10-02,,Lebanon,LBN,Nabatieh Governorate,33.2,35.3,censored by HDX,Health Care,Local Health Care Provider,Air-Launched: Drone,Aerial Bomb,Foreign Forces: Military,Israeli Defence Forces,Health Worker
2024-10-02,,Lebanon,LBN,Nabatieh Governorate,33.2,35.3,censored by HDX,Health Care,Private Health Care,Air-Launched: Plane,Aerial Bomb,Foreign Forces: Military,Israeli Defence Forces,Health Infrastructure
2024-10-02,,Lebanon,LBN,Nabatieh Governorate,33.2,35.3,censored by HDX,Health Care,Other,Air-Launched: Plane,Aerial Bomb,Foreign Forces: Military,Israeli Defence Forces,Health Worker
2024-10-02,,Lebanon,LBN,Nabatieh Governorate,33.2,35.3,censored by HDX,Health Care,Private Health Care,Air-Launched: Drone,Aerial Bomb,Foreign Forces: Military,Israeli Defence Forces,Health Infrastructure
2024-10-02,,Lebanon,LBN,South Governorate,33.3,35,censored by HDX,Health Care,Local Health Care Provider,Air-Launched: Plane,Aerial Bomb,Foreign Forces: Military,Israeli Defence Forces,Health Infrastructure
2024-10-02,,Lebanon,LBN,Nabatieh Governorate,33.2,35.3,censored by HDX,"Health Care, Aid Operations",Government Aid Agency,Air-Launched: Drone,Aerial Bomb,Foreign Forces: Military,Israeli Defence Forces,Health Worker
2024-10-02,,Lebanon,LBN,Nabatieh Governorate,33.2,35.3,censored by HDX,Health Care,Private Health Care,Air-Launched: Drone,Aerial Bomb,Foreign Forces: Military,Israeli Defence Forces,Private/Voluntary Aid
2024-10-02,,Lebanon,LBN,Nabatieh Governorate,33.2,35.3,censored by HDX,Health Care,Private Health Care,Air-Launched: Plane,Aerial Bomb,Foreign Forces: Military,Israeli Defence Forces,Private/Voluntary Aid
2024-10-02,,Ukraine,UKR,Kharkiv Oblast,50.0,,(2) 25 km Precision ,Health Care,Local Health Care Provider,Air-Launched: Plane,Aerial Bomb,Foreign Forces: Military,Armed Forces of the Russian Federation,Health Infrastructure
2024-10-02,,Lebanon,LBN,Nabatieh Governorate,33.2,35.3,censored by HDX,Health Care,Private Health Care,Unspecified Launch Method,Unspecified Explosive,Foreign Forces: Military,Israeli Defence Forces,Private/Voluntary Aid
2024-10-01,,Lebanon,LBN,Baalbek-Hermel Governorate,34.1,35.9,censored by HDX,"Health Care, Aid Operations",National Red Cross Society,Air-Launched: Plane,Aerial Bomb,Foreign Forces: Military,Israeli Defence Forces,Health Infrastructure
2024-10-01,,Lebanon,LBN,South Governorate,33.3,35,censored by HDX,"Protection, Aid Operations","IDP/Refugee Service, UN Agency",Air-Launched: Plane,Aerial Bomb,Foreign Forces: Military,Israeli Defence Forces,Aid Infrastructure
2024-10-01,,Myanmar,MMR,Kayin State,16.5,,(2) 25 km Precision ,Health Care,Local Health Care Provider,Ground-Launched,Artillery,Other,Myanmar Armed Forces,Health Infrastructure
2024-10-01,,Myanmar,MMR,Kayin State,16.5,,(2) 25 km Precision ,Education,Local Education Provider,Ground-Launched,Artillery,Other,Myanmar Armed Forces,Education Infrastructure
2024-10-01,,Lebanon,LBN,Nabatieh Governorate,33.2,35.3,censored by HDX,Health Care,Private Health Care,Air-Launched: Plane,Aerial Bomb,Foreign Forces: Military,Israeli Defence Forces,Health Infrastructure
2024-10-01,,Lebanon,LBN,Mount Lebanon Governorate,33.8,35.3,censored by HDX,Health Care,Other,Air-Launched: Plane,Aerial Bomb,Foreign Forces: Military,Israeli Defence Forces,Health Worker
2024-10-01,,Lebanon,LBN,Nabatieh Governorate,33.2,35.3,censored by HDX,Health Care,Local Health Care Provider,Air-Launched: Plane,Aerial Bomb,Foreign Forces: Military,Israeli Defence Forces,Health Infrastructure
2024-10-01,,Lebanon,LBN,Nabatieh Governorate,33.2,35.3,censored by HDX,Health Care,"Local Health Care Provider, Private Health Care",Unspecified Launch Method,Unspecified Explosive,Foreign Forces: Military,Israeli Defence Forces,Health Infrastructure
2024-10-01,,Lebanon,LBN,Nabatieh Governorate,33.2,35.3,censored by HDX,Health Care,Private Health Care,Unspecified Launch Method,Unspecified Explosive,Foreign Forces: Military,Israeli Defence Forces,Health Infrastructure
2024-10-01,,Lebanon,LBN,Nabatieh Governorate,33.2,35.3,censored by HDX,Health Care,Private Health Care,Air-Launched: Plane,Aerial Bomb,Foreign Forces: Military,Israeli Defence Forces,Private/Voluntary Aid
2024-10-01,,Lebanon,LBN,Mount Lebanon Governorate,33.8,35.3,censored by HDX,Health Care,Local Health Care Provider,Air-Launched: Plane,Aerial Bomb,Foreign Forces: Military,Israeli Defence Forces,Health Infrastructure
2024-10-01,,Lebanon,LBN,Mount Lebanon Governorate,33.8,35.3,censored by HDX,Health Care,Local Health Care Provider,Air-Launched: Plane,Aerial Bomb,Foreign Forces: Military,Israeli Defence Forces,Health Infrastructure
2024-10-01,,Lebanon,LBN,Nabatieh Governorate,33.2,35.3,censored by HDX,Health Care,Other,Unspecified Launch Method,Unspecified Explosive,Foreign Forces: Military,Israeli Defence Forces,Multiple
2024-10-01,,Lebanon,LBN,Nabatieh Governorate,33.2,35.3,censored by HDX,Health Care,Local Health Care Provider,Air-Launched: Plane,Aerial Bomb,Foreign Forces: Military,Israeli Defence Forces,Health Infrastructure
2024-10-01,,Ukraine,UKR,Kherson Raion,46.6,,(2) 25 km Precision ,Health Care,Local Health Care Provider,Ground-Launched,Artillery,Foreign Forces: Military,Armed Forces of the Russian Federation,Health Infrastructure
2024-10-01,,Ukraine,UKR,Kharkiv Oblast,49.7,,(2) 25 km Precision ,Health Care,Local Health Care Provider,Ground-Launched,RPG,Foreign Forces: Military,Armed Forces of the Russian Federation,Multiple
2024-10-01,,Lebanon,LBN,South Governorate,33.3,35,censored by HDX,Health Care,Other,Unspecified Launch Method,Unspecified Explosive,Foreign Forces: Military,Israeli Defence Forces,Health Infrastructure
2024-10-01,,Lebanon,LBN,Nabatieh Governorate,33.2,35.3,censored by HDX,Health Care,Local Health Care Provider,Unspecified Launch Method,Unspecified Explosive,Foreign Forces: Military,Israeli Defence Forces,Health Infrastructure
2024-10-01,,Lebanon,LBN,Nabatieh Governorate,33.2,35.3,censored by HDX,Health Care,Other,Unspecified Launch Method,Unspecified Explosive,Foreign Forces: Military,Israeli Defence Forces,Multiple
2024-09-30,,Lebanon,LBN,Nabatieh Governorate,33.2,35.3,censored by HDX,Health Care,Other,Unspecified Launch Method,Unspecified Explosive,Foreign Forces: Military,Israeli Defence Forces,Multiple
2024-09-30,,Lebanon,LBN,South Governorate,33.3,35,censored by HDX,"Protection, Aid Operations","IDP/Refugee Service, UN Agency",Air-Launched: No Information on Platform Type,Aerial Bomb,Foreign Forces: Military,Israeli Defence Forces,Aid Infrastructure
2024-09-30,,Lebanon,LBN,South Governorate,33.3,35,censored by HDX,Health Care,Local Health Care Provider,Air-Launched: Plane,Aerial Bomb,Foreign Forces: Military,Israeli Defence Forces,Health Infrastructure
2024-09-30,,Lebanon,LBN,Nabatieh Governorate,33.2,35.3,censored by HDX,Health Care,Other,Air-Launched: Plane,Aerial Bomb,Foreign Forces: Military,Israeli Defence Forces,Health Infrastructure
2024-09-30,,Ukraine,UKR,Donetsk Oblast,48.4,,(2) 25 km Precision ,Health Care,Local Health Care Provider,Air-Launched: Plane,Aerial Bomb,Foreign Forces: Military,Armed Forces of the Russian Federation,Health Infrastructure
2024-09-30,,Lebanon,LBN,South Governorate,33.3,35,censored by HDX,Health Care,Other,Air-Launched: Plane,Aerial Bomb,Foreign Forces: Military,Israeli Defence Forces,Health Worker
2024-09-30,,Lebanon,LBN,Beqaa Governorate,33.6,35.5,censored by HDX,Health Care,Private Health Care,Air-Launched: Plane,Aerial Bomb,Foreign Forces: Military,Israeli Defence Forces,Health Infrastructure
2024-09-30,,Lebanon,LBN,Nabatieh Governorate,33.2,35.3,censored by HDX,Health Care,Other,Air-Launched: Plane,Aerial Bomb,Foreign Forces: Military,Israeli Defence Forces,Health Worker
2024-09-30,,Lebanon,LBN,Nabatieh Governorate,33.2,35.3,censored by HDX,Health Care,Local Health Care Provider,Unspecified Launch Method,Unspecified Explosive,Foreign Forces: Military,Israeli Defence Forces,Health Infrastructure
2024-09-30,,Ukraine,UKR,Sumy Oblast,51.6,,(2) 25 km Precision ,Health Care,Local Health Care Provider,Air-Launched: Drone,Aerial Bomb,Foreign Forces: Military,Armed Forces of the Russian Federation,Health Infrastructure
2024-09-30,,Lebanon,LBN,Nabatieh Governorate,33.2,35.3,censored by HDX,Health Care,Private Health Care,Unspecified Launch Method,Unspecified Explosive,Foreign Forces: Military,Israeli Defence Forces,Health Infrastructure
2024-09-30,,Lebanon,LBN,Nabatieh Governorate,33.2,35.3,censored by HDX,Health Care,Other,Unspecified Launch Method,Unspecified Explosive,Foreign Forces: Military,Israeli Defence Forces,Health Worker
2024-09-30,,Lebanon,LBN,Nabatieh Governorate,33.2,35.3,censored by HDX,Health Care,Other,Unspecified Launch Method,Unspecified Explosive,Foreign Forces: Military,Israeli Defence Forces,Multiple
2024-09-30,,Yemen,YEM,Lahij Governorate,13.4,,(2) 25 km Precision ,Aid Operations,NGO,Ground-Launched,Artillery,NSA,Shia al-Houthi rebels,Aid Infrastructure
2024-09-29,,Lebanon,LBN,South Governorate,33.3,35,censored by HDX,Health Care,Other,Unspecified Launch Method,Unspecified Explosive,Foreign Forces: Military,Israeli Defence Forces,Multiple
2024-09-29,,Lebanon,LBN,Baalbek-Hermel Governorate,34.1,35.9,censored by HDX,Health Care,Local Health Care Provider,Air-Launched: Plane,Aerial Bomb,Foreign Forces: Military,Israeli Defence Forces,Health Infrastructure
2024-09-29,,Lebanon,LBN,South Governorate,33.3,35,censored by HDX,Health Care,Local Health Care Provider,Air-Launched: Plane,Aerial Bomb,Foreign Forces: Military,Israeli Defence Forces,Health Infrastructure
2024-09-29,,Lebanon,LBN,Nabatieh Governorate,33.2,35.3,censored by HDX,Health Care,Local Health Care Provider,Air-Launched: Plane,Aerial Bomb,Foreign Forces: Military,Israeli Defence Forces,Health Infrastructure
2024-09-29,,Lebanon,LBN,South Governorate,33.3,35,censored by HDX,Health Care,Local Health Care Provider,Air-Launched: Drone,Aerial Bomb,Foreign Forces: Military,Israeli Defence Forces,Health Infrastructure
2024-09-29,,Lebanon,LBN,South Governorate,33.3,35,censored by HDX,Health Care,Private Health Care,Unspecified Launch Method,Unspecified Explosive,Foreign Forces: Military,Israeli Defence Forces,Health Infrastructure
2024-09-29,,Lebanon,LBN,Nabatieh Governorate,33.2,35.3,censored by HDX,Health Care,Private Health Care,Unspecified Launch Method,Unspecified Explosive,Foreign Forces: Military,Israeli Defence Forces,Health Infrastructure
2024-09-29,,Lebanon,LBN,Nabatieh Governorate,33.2,35.3,censored by HDX,Health Care,Other,Unspecified Launch Method,Unspecified Explosive,Foreign Forces: Military,Israeli Defence Forces,Health Worker
2024-09-29,,Lebanon,LBN,South Governorate,33.3,35,censored by HDX,Health Care,Other,Unspecified Launch Method,Unspecified Explosive,Foreign Forces: Military,Israeli Defence Forces,Health Worker
2024-09-29,,Myanmar,MMR,Shan State,22.6,,(2) 25 km Precision ,Health Care,Local Health Care Provider,Air-Launched: Plane,Aerial Bomb,Other,Myanmar Armed Forces,Health Infrastructure
2024-09-29,,Lebanon,LBN,Nabatieh Governorate,33.2,35.3,censored by HDX,Health Care,Private Health Care,Unspecified Launch Method,Unspecified Explosive,Foreign Forces: Military,Israeli Defence Forces,Health Infrastructure
2024-09-29,,Lebanon,LBN,Nabatieh Governorate,33.2,35.3,censored by HDX,Health Care,Private Health Care,Air-Launched: Plane,Aerial Bomb,Foreign Forces: Military,Israeli Defence Forces,Health Infrastructure
2024-09-29,,Lebanon,LBN,South Governorate,33.3,35,censored by HDX,Health Care,Other,Air-Launched: Plane,Aerial Bomb,Foreign Forces: Military,Israeli Defence Forces,Health Worker
2024-09-29,,Lebanon,LBN,Nabatieh Governorate,33.2,35.3,censored by HDX,Health Care,Other,Air-Launched: Plane,Aerial Bomb,Foreign Forces: Military,Israeli Defence Forces,Health Worker
2024-09-29,,Lebanon,LBN,South Governorate,33.3,35,censored by HDX,Health Care,Private Health Care,Unspecified Launch Method,Unspecified Explosive,Foreign Forces: Military,Israeli Defence Forces,Health Infrastructure
2024-09-29,,Lebanon,LBN,Nabatieh Governorate,33.2,35.3,censored by HDX,Health Care,Other,Unspecified Launch Method,Unspecified Explosive,Foreign Forces: Military,Israeli Defence Forces,Multiple
2024-09-29,,Ukraine,UKR,Donetsk Oblast,48.5,,(2) 25 km Precision ,Health Care,Local Health Care Provider,Ground-Launched,Artillery,Foreign Forces: Military,Armed Forces of the Russian Federation,Health Infrastructure
2024-09-29,,Lebanon,LBN,South Governorate,33.3,35,censored by HDX,Health Care,Private Health Care,Unspecified Launch Method,Unspecified Explosive,Foreign Forces: Military,Israeli Defence Forces,Private/Voluntary Aid
2024-09-29,,Ukraine,UKR,Zaporizhia Oblast,47.8,,(2) 25 km Precision ,Health Care,Local Health Care Provider,Air-Launched: Plane,Aerial Bomb,Foreign Forces: Military,Armed Forces of the Russian Federation,Health Infrastructure
2024-09-29,,Ukraine,UKR,Kharkiv Oblast,50.3,,(2) 25 km Precision ,Health Care,Local Health Care Provider,Air-Launched: Plane,Aerial Bomb,Foreign Forces: Military,Armed Forces of the Russian Federation,Health Infrastructure
2024-09-29,,Lebanon,LBN,Nabatieh Governorate,33.2,35.3,censored by HDX,Health Care,Private Health Care,Air-Launched: Plane,Aerial Bomb,Foreign Forces: Military,Israeli Defence Forces,Private/Voluntary Aid
2024-09-28,,Lebanon,LBN,Nabatieh Governorate,33.2,35.3,censored by HDX,Health Care,Local Health Care Provider,Air-Launched: Plane,Aerial Bomb,Foreign Forces: Military,Israeli Defence Forces,Health Infrastructure
2024-09-28,,Lebanon,LBN,South Governorate,33.3,35,censored by HDX,Health Care,Private Health Care,Unspecified Launch Method,Unspecified Explosive,Foreign Forces: Military,Israeli Defence Forces,Health Infrastructure
2024-09-28,,Ukraine,UKR,Sumy Oblast,50.8,,(2) 25 km Precision ,Health Care,Local Health Care Provider,Air-Launched: Drone,Aerial Bomb,Foreign Forces: Military,Armed Forces of the Russian Federation,Health Infrastructure
2024-09-28,,Lebanon,LBN,Mount Lebanon Governorate,33.8,35.3,censored by HDX,Health Care,Local Health Care Provider,Air-Launched: Plane,Aerial Bomb,Foreign Forces: Military,Israeli Defence Forces,Health Infrastructure
2024-09-28,,Lebanon,LBN,Mount Lebanon Governorate,33.8,35.3,censored by HDX,Health Care,Local Health Care Provider,Air-Launched: Plane,Aerial Bomb,Foreign Forces: Military,Israeli Defence Forces,Health Infrastructure
2024-09-28,,Lebanon,LBN,South Governorate,33.3,35,censored by HDX,Health Care,Local Health Care Provider,Air-Launched: Plane,Aerial Bomb,Foreign Forces: Military,Israeli Defence Forces,Health Infrastructure
2024-09-28,,Ukraine,UKR,Sumy Oblast,50.8,,(2) 25 km Precision ,Health Care,Local Health Care Provider,Air-Launched: Drone,Aerial Bomb,Foreign Forces: Military,Armed Forces of the Russian Federation,Health Infrastructure
2024-09-28,,Lebanon,LBN,Mount Lebanon Governorate,33.8,35.3,censored by HDX,Health Care,Local Health Care Provider,Air-Launched: Plane,Aerial Bomb,Foreign Forces: Military,Israeli Defence Forces,Health Infrastructure
2024-09-28,,Lebanon,LBN,South Governorate,33.3,35,censored by HDX,Health Care,Private Health Care,Unspecified Launch Method,Unspecified Explosive,Foreign Forces: Military,Israeli Defence Forces,Multiple
2024-09-28,,Lebanon,LBN,Nabatieh Governorate,33.2,35.3,censored by HDX,Health Care,Private Health Care,Unspecified Launch Method,Unspecified Explosive,Foreign Forces: Military,Israeli Defence Forces,Private/Voluntary Aid
2024-09-28,,Lebanon,LBN,Nabatieh Governorate,33.2,35.3,censored by HDX,Health Care,Private Health Care,Unspecified Launch Method,Unspecified Explosive,Foreign Forces: Military,Israeli Defence Forces,Health Infrastructure
2024-09-28,,Lebanon,LBN,South Governorate,33.3,35,censored by HDX,Health Care,Private Health Care,Unspecified Launch Method,Unspecified Explosive,Foreign Forces: Military,Israeli Defence Forces,Health Infrastructure
2024-09-28,,Lebanon,LBN,Baalbek-Hermel Governorate,34.1,35.9,censored by HDX,Health Care,Local Health Care Provider,Air-Launched: Plane,Aerial Bomb,Foreign Forces: Military,Israeli Defence Forces,Health Infrastructure
2024-09-27,,Lebanon,LBN,Nabatieh Governorate,33.2,35.3,censored by HDX,Health Care,Local Health Care Provider,Air-Launched: Plane,Aerial Bomb,Foreign Forces: Military,Israeli Defence Forces,Health Infrastructure
2024-09-27,,Colombia,COL,RAP Pacífico,3.0,,(2) 25 km Precision ,Education,Local Education Provider,Unspecified Launch Method,Unspecified Explosive,NSA,Ejército de Liberación Nacional (Colombia),Education Infrastructure
2024-09-27,,Lebanon,LBN,Mount Lebanon Governorate,33.8,35.3,censored by HDX,Health Care,Local Health Care Provider,Air-Launched: Plane,Aerial Bomb,Foreign Forces: Military,Israeli Defence Forces,Health Infrastructure
2024-09-27,,Lebanon,LBN,Mount Lebanon Governorate,33.8,35.3,censored by HDX,Health Care,Local Health Care Provider,Air-Launched: Plane,Aerial Bomb,Foreign Forces: Military,Israeli Defence Forces,Health Infrastructure
2024-09-27,,Lebanon,LBN,Mount Lebanon Governorate,33.8,35.3,censored by HDX,Health Care,Local Health Care Provider,Air-Launched: Plane,Aerial Bomb,Foreign Forces: Military,Israeli Defence Forces,Health Infrastructure
2024-09-27,,Lebanon,LBN,South Governorate,33.3,35,censored by HDX,Health Care,Local Health Care Provider,Air-Launched: Plane,Aerial Bomb,Foreign Forces: Military,Israeli Defence Forces,Health Infrastructure
2024-09-27,,Lebanon,LBN,South Governorate,33.3,35,censored by HDX,Health Care,Private Health Care,Unspecified Launch Method,Unspecified Explosive,Foreign Forces: Military,Israeli Defence Forces,Health Infrastructure
2024-09-27,,Lebanon,LBN,South Governorate,33.3,35,censored by HDX,Health Care,Private Health Care,Unspecified Launch Method,Unspecified Explosive,Foreign Forces: Military,Israeli Defence Forces,Health Infrastructure
2024-09-27,,Lebanon,LBN,Nabatieh Governorate,33.2,35.3,censored by HDX,Health Care,Private Health Care,Unspecified Launch Method,Unspecified Explosive,Foreign Forces: Military,Israeli Defence Forces,Private/Voluntary Aid
2024-09-27,,Lebanon,LBN,South Governorate,33.3,35,censored by HDX,Health Care,Private Health Care,Unspecified Launch Method,Unspecified Explosive,Foreign Forces: Military,Israeli Defence Forces,Multiple
2024-09-27,,Lebanon,LBN,South Governorate,33.3,35,censored by HDX,Health Care,Private Health Care,Unspecified Launch Method,Unspecified Explosive,Foreign Forces: Military,Israeli Defence Forces,Health Infrastructure
2024-09-27,,Lebanon,LBN,Mount Lebanon Governorate,33.8,35.3,censored by HDX,Health Care,Local Health Care Provider,Air-Launched: Plane,Aerial Bomb,Foreign Forces: Military,Israeli Defence Forces,Health Infrastructure
2024-09-26,,Sudan,SDN,North Darfur State,13.6,,(2) 25 km Precision ,"Education, Protection","IDP/Refugee Service, Local Education Provider",Ground-Launched,Artillery,Vigilante,Rapid Support Forces,Education Infrastructure
2024-09-26,,Lebanon,LBN,Nabatieh Governorate,33.2,35.3,censored by HDX,Health Care,Other,Unspecified Launch Method,Unspecified Explosive,Foreign Forces: Military,Israeli Defence Forces,Health Worker
2024-09-26,,Lebanon,LBN,South Governorate,33.3,35,censored by HDX,Health Care,Private Health Care,Unspecified Launch Method,Unspecified Explosive,Foreign Forces: Military,Israeli Defence Forces,Multiple
2024-09-26,,Lebanon,LBN,South Governorate,33.3,35,censored by HDX,Health Care,Other,Unspecified Launch Method,Unspecified Explosive,Foreign Forces: Military,Israeli Defence Forces,Health Infrastructure
2024-09-26,,Lebanon,LBN,South Governorate,33.3,35,censored by HDX,"Education, Protection, Aid Operations","Local Education Provider, UN Agency",Air-Launched: Plane,Aerial Bomb,Foreign Forces: Military,Israeli Defence Forces,Other
2024-09-26,,Lebanon,LBN,South Governorate,33.3,35,censored by HDX,"Education, Protection, Aid Operations","Local Education Provider, UN Agency",Air-Launched: Plane,Aerial Bomb,Foreign Forces: Military,Israeli Defence Forces,Other
2024-09-26,,Lebanon,LBN,Nabatieh Governorate,33.2,35.3,censored by HDX,Health Care,Private Health Care,Unspecified Launch Method,Unspecified Explosive,Foreign Forces: Military,Israeli Defence Forces,Health Infrastructure
2024-09-26,,Ukraine,UKR,Donetsk Oblast,48.3,,(2) 25 km Precision ,Health Care,Local Health Care Provider,Air-Launched: Plane,Aerial Bomb,Foreign Forces: Military,Armed Forces of the Russian Federation,Health Infrastructure
2024-09-26,,Lebanon,LBN,Nabatieh Governorate,33.2,35.3,censored by HDX,Health Care,Local Health Care Provider,Air-Launched: Plane,Aerial Bomb,Foreign Forces: Military,Israeli Defence Forces,Health Infrastructure
2024-09-26,,Lebanon,LBN,Beqaa Governorate,33.6,35.5,censored by HDX,Health Care,Local Health Care Provider,Air-Launched: Plane,Aerial Bomb,Foreign Forces: Military,Israeli Defence Forces,Health Infrastructure
2024-09-26,,Lebanon,LBN,South Governorate,33.3,35,censored by HDX,Health Care,Local Health Care Provider,Air-Launched: Plane,Aerial Bomb,Foreign Forces: Military,Israeli Defence Forces,Health Infrastructure
2024-09-26,,Lebanon,LBN,Nabatieh Governorate,33.2,35.3,censored by HDX,Health Care,Local Health Care Provider,Air-Launched: Plane,Aerial Bomb,Foreign Forces: Military,Israeli Defence Forces,Multiple
2024-09-26,,Ethiopia,ETH,Amhara Region,12.3,,(2) 25 km Precision ,Education,Local Education Provider,Air-Launched: Drone,Aerial Bomb,Other,Ethiopian National Defense Forces,Education Infrastructure
2024-09-25,,Lebanon,LBN,South Governorate,33.3,35,censored by HDX,Health Care,Private Health Care,Unspecified Launch Method,Unspecified Explosive,Foreign Forces: Military,Israeli Defence Forces,Health Infrastructure
2024-09-25,,Lebanon,LBN,South Governorate,33.3,35,censored by HDX,Health Care,Private Health Care,Unspecified Launch Method,Unspecified Explosive,Foreign Forces: Military,Israeli Defence Forces,Health Infrastructure
2024-09-25,,Lebanon,LBN,South Governorate,33.3,35,censored by HDX,Health Care,Private Health Care,Unspecified Launch Method,Unspecified Explosive,Foreign Forces: Military,Israeli Defence Forces,Health Infrastructure
2024-09-25,,Lebanon,LBN,South Governorate,33.3,35,censored by HDX,Health Care,Private Health Care,Unspecified Launch Method,Unspecified Explosive,Foreign Forces: Military,Israeli Defence Forces,Health Infrastructure
2024-09-25,,Lebanon,LBN,South Governorate,33.3,35,censored by HDX,Health Care,Private Health Care,Unspecified Launch Method,Unspecified Explosive,Foreign Forces: Military,Israeli Defence Forces,Private/Voluntary Aid
2024-09-25,,Lebanon,LBN,Beqaa Governorate,33.6,35.5,censored by HDX,Health Care,Private Health Care,Unspecified Launch Method,Unspecified Explosive,Foreign Forces: Military,Israeli Defence Forces,Multiple
2024-09-25,,Lebanon,LBN,Nabatieh Governorate,33.2,35.3,censored by HDX,Health Care,Private Health Care,Unspecified Launch Method,Unspecified Explosive,Foreign Forces: Military,Israeli Defence Forces,Multiple
2024-09-25,,Lebanon,LBN,Beirut Governorate,33.8,35.4,censored by HDX,Health Care,Private Health Care,Unspecified Launch Method,Unspecified Explosive,Foreign Forces: Military,Israeli Defence Forces,Multiple
2024-09-25,,Lebanon,LBN,Nabatieh Governorate,33.2,35.3,censored by HDX,Health Care,Private Health Care,Unspecified Launch Method,Unspecified Explosive,Foreign Forces: Military,Israeli Defence Forces,Multiple
2024-09-25,,Lebanon,LBN,Nabatieh Governorate,33.2,35.3,censored by HDX,Health Care,Private Health Care,Unspecified Launch Method,Unspecified Explosive,Foreign Forces: Military,Israeli Defence Forces,Multiple
2024-09-25,,Lebanon,LBN,Nabatieh Governorate,33.2,35.3,censored by HDX,Health Care,Private Health Care,Unspecified Launch Method,Unspecified Explosive,Foreign Forces: Military,Israeli Defence Forces,Multiple
2024-09-25,,Lebanon,LBN,Nabatieh Governorate,33.2,35.3,censored by HDX,Health Care,Private Health Care,Unspecified Launch Method,Unspecified Explosive,Foreign Forces: Military,Israeli Defence Forces,Multiple
2024-09-25,,Lebanon,LBN,South Governorate,33.3,35.3,censored by HDX,Health Care,Private Health Care,Unspecified Launch Method,Unspecified Explosive,Foreign Forces: Military,Israeli Defence Forces,Multiple
2024-09-25,,Lebanon,LBN,South Governorate,33.3,35,censored by HDX,Health Care,Private Health Care,Unspecified Launch Method,Unspecified Explosive,Foreign Forces: Military,Israeli Defence Forces,Multiple
2024-09-25,,Lebanon,LBN,Nabatieh Governorate,33.2,35.3,censored by HDX,Health Care,Private Health Care,Unspecified Launch Method,Unspecified Explosive,Foreign Forces: Military,Israeli Defence Forces,Multiple
2024-09-25,,Lebanon,LBN,Nabatieh Governorate,33.2,35.3,censored by HDX,Health Care,Private Health Care,Unspecified Launch Method,Unspecified Explosive,Foreign Forces: Military,Israeli Defence Forces,Multiple
2024-09-25,,Lebanon,LBN,Nabatieh Governorate,33.2,35.3,censored by HDX,Health Care,Private Health Care,Unspecified Launch Method,Unspecified Explosive,Foreign Forces: Military,Israeli Defence Forces,Health Infrastructure
2024-09-25,,Ukraine,UKR,Kherson Raion,46.6,36.3,(2) 25 km Precision ,Health Care,Local Health Care Provider,Air-Launched: Drone,Aerial Bomb,Foreign Forces: Military,Armed Forces of the Russian Federation,Health Infrastructure
2024-09-25,,Lebanon,LBN,South Governorate,33.3,35.3,censored by HDX,"Education, Aid Operations","Local Education Provider, UN Agency",Air-Launched: Plane,Aerial Bomb,Foreign Forces: Military,Israeli Defence Forces,Education Infrastructure
2024-09-25,,Lebanon,LBN,Baalbek-Hermel Governorate,34.1,35.9,censored by HDX,"Education, Aid Operations","Local Education Provider, UN Agency",Air-Launched: Plane,Aerial Bomb,Foreign Forces: Military,Israeli Defence Forces,Education Infrastructure
2024-09-25,,Myanmar,MMR,Special Region 1,22.9,35,"(3) District, Communicipality or Commune ",Education,Local Education Provider,Unspecified Launch Method,Unspecified Explosive,Other,Myanmar Armed Forces,Education Infrastructure
2024-09-25,,Ethiopia,ETH,Amhara Region,11.3,98.5,(2) 25 km Precision ,Education,Local Education Provider,Air-Launched: Plane,Aerial Bomb,Other,Ethiopian National Defense Forces,Education Infrastructure
2024-09-25,,Lebanon,LBN,South Governorate,33.3,98.5,censored by HDX,Health Care,Local Health Care Provider,Air-Launched: Plane,Aerial Bomb,Foreign Forces: Military,Israeli Defence Forces,Health Infrastructure
2024-09-25,,Lebanon,LBN,Nabatieh Governorate,33.2,35.3,censored by HDX,Health Care,Local Health Care Provider,Air-Launched: Plane,Aerial Bomb,Foreign Forces: Military,Israeli Defence Forces,Health Infrastructure
2024-09-25,,Sudan,SDN,Al Khartum,15.5,,"(3) District, Communicipality or Commune ","Aid Operations, Food Security",NGO,Ground-Launched,Shelling,No Information,Unidentified Armed Actor,Other
2024-09-25,,Ukraine,UKR,Donetsk Oblast,48.7,35.3,(2) 25 km Precision ,Aid Operations,National Red Cross Society,Ground-Launched,Shelling,Foreign Forces: Military,Armed Forces of the Russian Federation,Aid Infrastructure
2024-09-25,,Lebanon,LBN,South Governorate,33.3,35.3,censored by HDX,Health Care,Local Health Care Provider,Air-Launched: Plane,Aerial Bomb,Foreign Forces: Military,Israeli Defence Forces,Health Infrastructure
2024-09-25,,Lebanon,LBN,Nabatieh Governorate,33.2,35.3,censored by HDX,Health Care,Local Health Care Provider,Air-Launched: Plane,Aerial Bomb,Foreign Forces: Military,Israeli Defence Forces,Health Infrastructure
2024-09-25,,Lebanon,LBN,Nabatieh Governorate,33.2,35.3,censored by HDX,Health Care,Local Health Care Provider,Air-Launched: Plane,Aerial Bomb,Foreign Forces: Military,Israeli Defence Forces,Health Infrastructure
2024-09-25,,Lebanon,LBN,Nabatieh Governorate,33.2,35.3,censored by HDX,Health Care,Local Health Care Provider,Air-Launched: Plane,Aerial Bomb,Foreign Forces: Military,Israeli Defence Forces,Health Infrastructure
2024-09-24,,Lebanon,LBN,South Governorate,33.3,35,censored by HDX,Health Care,Other,Unspecified Launch Method,Unspecified Explosive,Foreign Forces: Military,Israeli Defence Forces,Health Worker
2024-09-24,,Israel,ISR,North District,32.6,35.3,(2) 25 km Precision ,Education,Local Education Provider,Ground-Launched,Rocket,NSA,Hezbollah,Education Infrastructure
2024-09-24,,Lebanon,LBN,South Governorate,33.3,35.3,censored by HDX,Health Care,Other,Unspecified Launch Method,Unspecified Explosive,Foreign Forces: Military,Israeli Defence Forces,Health Infrastructure
2024-09-24,,Lebanon,LBN,South Governorate,33.3,32.6,censored by HDX,Health Care,Other,Unspecified Launch Method,Unspecified Explosive,Foreign Forces: Military,Israeli Defence Forces,Health Worker
2024-09-24,,Lebanon,LBN,Nabatieh Governorate,33.2,37.6,censored by HDX,Health Care,Private Health Care,Unspecified Launch Method,Unspecified Explosive,Foreign Forces: Military,Israeli Defence Forces,Health Infrastructure
2024-09-24,,Lebanon,LBN,Nabatieh Governorate,33.2,35,censored by HDX,Health Care,Local Health Care Provider,Air-Launched: Plane,Aerial Bomb,Foreign Forces: Military,Israeli Defence Forces,Health Infrastructure
2024-09-24,,Lebanon,LBN,South Governorate,33.3,35.3,censored by HDX,Health Care,Private Health Care,Unspecified Launch Method,Unspecified Explosive,Foreign Forces: Military,Israeli Defence Forces,Health Infrastructure
2024-09-24,,Lebanon,LBN,Nabatieh Governorate,33.2,35.3,censored by HDX,"Health Care, Aid Operations",National Red Cross Society,Air-Launched: Plane,Aerial Bomb,Foreign Forces: Military,Israeli Defence Forces,Health Infrastructure
2024-09-24,,Pakistan,PAK,Khyber Pakhtunkhwa,31.9,35.3,"(3) District, Communicipality or Commune ",Health Care,Local Health Care Provider,Directly-Emplaced,Unspecified IED,No Information,Unidentified Armed Actor,Health Worker
2024-09-24,,Lebanon,LBN,Beqaa Governorate,33.6,35,censored by HDX,Health Care,Local Health Care Provider,Air-Launched: Plane,Aerial Bomb,Foreign Forces: Military,Israeli Defence Forces,Multiple
2024-09-24,,Lebanon,LBN,Nabatieh Governorate,33.2,35,censored by HDX,Health Care,Local Health Care Provider,Air-Launched: Plane,Aerial Bomb,Foreign Forces: Military,Israeli Defence Forces,Health Infrastructure
2024-09-24,,Lebanon,LBN,South Governorate,33.3,35.3,censored by HDX,Health Care,Other,Air-Launched: Plane,Aerial Bomb,Foreign Forces: Military,Israeli Defence Forces,Health Worker
2024-09-24,,Lebanon,LBN,Nabatieh Governorate,33.2,37.6,censored by HDX,"Health Care, Aid Operations",Government Aid Agency,Unspecified Launch Method,Unspecified Explosive,Foreign Forces: Military,Israeli Defence Forces,Health Infrastructure
2024-09-24,,Lebanon,LBN,Nabatieh Governorate,33.2,35,censored by HDX,"Health Care, Aid Operations",Government Aid Agency,Unspecified Launch Method,Unspecified Explosive,Foreign Forces: Military,Israeli Defence Forces,Health Infrastructure
2024-09-24,,Lebanon,LBN,Nabatieh Governorate,33.2,35.3,censored by HDX,"Health Care, Aid Operations",Government Aid Agency,Unspecified Launch Method,Unspecified Explosive,Foreign Forces: Military,Israeli Defence Forces,Health Infrastructure
2024-09-24,,Lebanon,LBN,Nabatieh Governorate,33.2,35.3,censored by HDX,"Health Care, Aid Operations",Government Aid Agency,Unspecified Launch Method,Unspecified Explosive,Foreign Forces: Military,Israeli Defence Forces,Health Infrastructure
2024-09-24,,Lebanon,LBN,Nabatieh Governorate,33.2,35.3,censored by HDX,"Health Care, Aid Operations",Government Aid Agency,Unspecified Launch Method,Unspecified Explosive,Foreign Forces: Military,Israeli Defence Forces,Multiple
2024-09-24,,Lebanon,LBN,Nabatieh Governorate,33.2,33.9,censored by HDX,"Health Care, Aid Operations",Government Aid Agency,Unspecified Launch Method,Unspecified Explosive,Foreign Forces: Military,Israeli Defence Forces,Multiple
2024-09-24,,Lebanon,LBN,Nabatieh Governorate,33.2,35.3,censored by HDX,"Health Care, Aid Operations",Government Aid Agency,Unspecified Launch Method,Unspecified Explosive,Foreign Forces: Military,Israeli Defence Forces,Multiple
2024-09-24,,Lebanon,LBN,Nabatieh Governorate,33.2,35.3,censored by HDX,"Health Care, Aid Operations",Government Aid Agency,Unspecified Launch Method,Unspecified Explosive,Foreign Forces: Military,Israeli Defence Forces,Health Infrastructure
2024-09-24,,Lebanon,LBN,Nabatieh Governorate,33.2,35.3,censored by HDX,Health Care,Private Health Care,Unspecified Launch Method,Unspecified Explosive,Foreign Forces: Military,Israeli Defence Forces,Private/Voluntary Aid
2024-09-24,,Lebanon,LBN,Nabatieh Governorate,33.2,44.6,censored by HDX,"Health Care, Aid Operations",Government Aid Agency,Unspecified Launch Method,Unspecified Explosive,Foreign Forces: Military,Israeli Defence Forces,Multiple
2024-09-24,,Lebanon,LBN,Nabatieh Governorate,33.2,35,censored by HDX,"Health Care, Aid Operations",Government Aid Agency,Unspecified Launch Method,Unspecified Explosive,Foreign Forces: Military,Israeli Defence Forces,Multiple
2024-09-24,,Lebanon,LBN,South Governorate,33.3,35,censored by HDX,"Health Care, Aid Operations",Government Aid Agency,Unspecified Launch Method,Unspecified Explosive,Foreign Forces: Military,Israeli Defence Forces,Multiple
2024-09-24,,Ukraine,UKR,Kherson Oblast,46.6,35,(2) 25 km Precision ,Education,Local Education Provider,Air-Launched: Drone,Aerial Bomb,Foreign Forces: Military,Armed Forces of the Russian Federation,Education Infrastructure
2024-09-24,,Lebanon,LBN,Beqaa Governorate,33.6,35.3,censored by HDX,Health Care,Other,Unspecified Launch Method,Unspecified Explosive,Foreign Forces: Military,Israeli Defence Forces,Health Worker
2024-09-24,,Ukraine,UKR,Kherson Oblast,46.6,35,(2) 25 km Precision ,Health Care,Local Health Care Provider,Air-Launched: Drone,Aerial Bomb,Foreign Forces: Military,Armed Forces of the Russian Federation,Health Infrastructure
2024-09-24,,Lebanon,LBN,Nabatieh Governorate,33.2,35,censored by HDX,Health Care,Other,Unspecified Launch Method,Unspecified Explosive,Foreign Forces: Military,Israeli Defence Forces,Health Infrastructure
2024-09-24,,Lebanon,LBN,South Governorate,33.3,35.3,censored by HDX,Health Care,Other,Unspecified Launch Method,Unspecified Explosive,Foreign Forces: Military,Israeli Defence Forces,Health Infrastructure
2024-09-24,,Lebanon,LBN,South Governorate,33.3,35.3,censored by HDX,Health Care,Private Health Care,Unspecified Launch Method,Unspecified Explosive,Foreign Forces: Military,Israeli Defence Forces,Health Infrastructure
2024-09-24,,Lebanon,LBN,South Governorate,33.3,35,censored by HDX,Health Care,Local Health Care Provider,Air-Launched: Plane,Aerial Bomb,Foreign Forces: Military,Israeli Defence Forces,Health Infrastructure
2024-09-24,,Lebanon,LBN,Nabatieh Governorate,33.2,97.2,censored by HDX,Health Care,Local Health Care Provider,Air-Launched: Plane,Aerial Bomb,Foreign Forces: Military,Israeli Defence Forces,Health Infrastructure
2024-09-24,,Lebanon,LBN,Nabatieh Governorate,33.2,35.3,censored by HDX,Health Care,Private Health Care,Air-Launched: Plane,Aerial Bomb,Foreign Forces: Military,Israeli Defence Forces,Health Infrastructure
2024-09-24,,Lebanon,LBN,Nabatieh Governorate,33.2,35.3,censored by HDX,Health Care,Private Health Care,Unspecified Launch Method,Unspecified Explosive,Foreign Forces: Military,Israeli Defence Forces,Health Infrastructure
2024-09-23,,Lebanon,LBN,South Governorate,33.3,35,censored by HDX,Aid Operations,United Nations,Air-Launched: No Information on Platform Type,Aerial Bomb,Foreign Forces: Military,Israeli Defence Forces,Other
2024-09-23,,Lebanon,LBN,Beqaa Governorate,33.6,35.3,censored by HDX,Health Care,Other,Unspecified Launch Method,Unspecified Explosive,Foreign Forces: Military,Israeli Defence Forces,Health Infrastructure
2024-09-23,,Lebanon,LBN,Nabatieh Governorate,33.2,35,censored by HDX,Health Care,Local Health Care Provider,Air-Launched: Plane,Aerial Bomb,Foreign Forces: Military,Israeli Defence Forces,Health Infrastructure
2024-09-23,,Lebanon,LBN,Nabatieh Governorate,33.2,35.3,censored by HDX,,Other,Air-Launched: Plane,Aerial Bomb,Foreign Forces: Military,Israeli Defence Forces,Other
2024-09-23,,Lebanon,LBN,Baalbek-Hermel Governorate,34.1,37.7,censored by HDX,Health Care,Other,Unspecified Launch Method,Unspecified Explosive,Foreign Forces: Military,Israeli Defence Forces,Health Worker
2024-09-23,,Lebanon,LBN,Beqaa Governorate,33.6,35,censored by HDX,"Protection, Aid Operations",UN Agency,Air-Launched: Plane,Aerial Bomb,Foreign Forces: Military,Israeli Defence Forces,Aid Infrastructure
2024-09-23,,Lebanon,LBN,South Governorate,33.3,35.1,censored by HDX,Health Care,Local Health Care Provider,Air-Launched: Plane,Aerial Bomb,Foreign Forces: Military,Israeli Defence Forces,Health Infrastructure
2024-09-23,,Lebanon,LBN,Baalbek-Hermel Governorate,34.1,35.9,censored by HDX,Health Care,Local Health Care Provider,Air-Launched: Plane,Aerial Bomb,Foreign Forces: Military,Israeli Defence Forces,Health Infrastructure
2024-09-23,,Lebanon,LBN,Baalbek-Hermel Governorate,34.1,35.3,censored by HDX,Health Care,Local Health Care Provider,Air-Launched: Plane,Aerial Bomb,Foreign Forces: Military,Israeli Defence Forces,Health Infrastructure
2024-09-23,,Lebanon,LBN,Nabatieh Governorate,33.2,35.3,censored by HDX,Health Care,Local Health Care Provider,Air-Launched: Plane,Aerial Bomb,Foreign Forces: Military,Israeli Defence Forces,Health Infrastructure
2024-09-23,,Lebanon,LBN,South Governorate,33.3,35,censored by HDX,Health Care,Local Health Care Provider,Air-Launched: Plane,Aerial Bomb,Foreign Forces: Military,Israeli Defence Forces,Health Infrastructure
2024-09-23,,Lebanon,LBN,South Governorate,33.3,34.8,censored by HDX,Health Care,Local Health Care Provider,Air-Launched: Plane,Aerial Bomb,Foreign Forces: Military,Israeli Defence Forces,Health Infrastructure
2024-09-23,,Lebanon,LBN,Baalbek-Hermel Governorate,34.1,35.9,censored by HDX,Health Care,Local Health Care Provider,Air-Launched: Plane,Aerial Bomb,Foreign Forces: Military,Israeli Defence Forces,Health Infrastructure
2024-09-23,,Lebanon,LBN,South Governorate,33.3,35,censored by HDX,Health Care,Private Health Care,Unspecified Launch Method,Unspecified Explosive,Foreign Forces: Military,Israeli Defence Forces,Health Infrastructure
2024-09-23,,Lebanon,LBN,Beqaa Governorate,33.6,35,censored by HDX,Health Care,Other,Air-Launched: Drone,Aerial Bomb,Foreign Forces: Military,Israeli Defence Forces,Health Infrastructure
2024-09-23,,Lebanon,LBN,Nabatieh Governorate,33.2,34.8,censored by HDX,Health Care,Private Health Care,Unspecified Launch Method,Unspecified Explosive,Foreign Forces: Military,Israeli Defence Forces,Private/Voluntary Aid
2024-09-23,,Ukraine,UKR,Donetsk Oblast,48.8,,(2) 25 km Precision ,Health Care,Local Health Care Provider,Air-Launched: Plane,Aerial Bomb,Foreign Forces: Military,Armed Forces of the Russian Federation,Health Infrastructure
2024-09-23,,Lebanon,LBN,South Governorate,33.3,35,censored by HDX,Health Care,Private Health Care,Unspecified Launch Method,Unspecified Explosive,Foreign Forces: Military,Israeli Defence Forces,Health Infrastructure
2024-09-23,,Lebanon,LBN,Beqaa Governorate,33.6,35.3,censored by HDX,"Protection, Aid Operations",UN Agency,Air-Launched: No Information on Platform Type,Aerial Bomb,Foreign Forces: Military,Israeli Defence Forces,Other
2024-09-23,,Lebanon,LBN,Nabatieh Governorate,33.2,35.3,censored by HDX,Health Care,Other,Air-Launched: Plane,Aerial Bomb,Foreign Forces: Military,Israeli Defence Forces,Health Infrastructure
2024-09-23,,Lebanon,LBN,Nabatieh Governorate,33.2,35,censored by HDX,Health Care,Private Health Care,Unspecified Launch Method,Unspecified Explosive,Foreign Forces: Military,Israeli Defence Forces,Health Infrastructure
2024-09-23,,Lebanon,LBN,South Governorate,33.3,35,censored by HDX,Health Care,Private Health Care,Unspecified Launch Method,Unspecified Explosive,Foreign Forces: Military,Israeli Defence Forces,Health Infrastructure
2024-09-23,,Lebanon,LBN,Nabatieh Governorate,33.2,35.3,censored by HDX,Health Care,Private Health Care,Unspecified Launch Method,Unspecified Explosive,Foreign Forces: Military,Israeli Defence Forces,Health Infrastructure
2024-09-23,,Lebanon,LBN,South Governorate,33.3,-76.4,censored by HDX,Health Care,Private Health Care,Unspecified Launch Method,Unspecified Explosive,Foreign Forces: Military,Israeli Defence Forces,Health Infrastructure
2024-09-23,,Lebanon,LBN,South Governorate,33.3,35,censored by HDX,Health Care,Private Health Care,Unspecified Launch Method,Unspecified Explosive,Foreign Forces: Military,Israeli Defence Forces,Health Infrastructure
2024-09-23,,Lebanon,LBN,Nabatieh Governorate,33.2,35.3,censored by HDX,Health Care,Other,Unspecified Launch Method,Unspecified Explosive,Foreign Forces: Military,Israeli Defence Forces,Health Worker
2024-09-23,,Lebanon,LBN,Beqaa Governorate,33.6,35.5,censored by HDX,"Health Care, Aid Operations",NGO,Air-Launched: Plane,Aerial Bomb,Foreign Forces: Military,Israeli Defence Forces,Health Infrastructure
2024-09-23,,Lebanon,LBN,Beqaa Governorate,33.6,35,censored by HDX,Health Care,Local Health Care Provider,Air-Launched: Plane,Aerial Bomb,Foreign Forces: Military,Israeli Defence Forces,Health Infrastructure
2024-09-23,,Lebanon,LBN,Baalbek-Hermel Governorate,34.1,35,censored by HDX,Health Care,Private Health Care,Air-Launched: Plane,Aerial Bomb,Foreign Forces: Military,Israeli Defence Forces,Health Infrastructure
2024-09-23,,Lebanon,LBN,Nabatieh Governorate,33.2,35,censored by HDX,Health Care,Other,Air-Launched: Plane,Aerial Bomb,Foreign Forces: Military,Israeli Defence Forces,Health Infrastructure
2024-09-23,,Ukraine,UKR,Kherson Oblast,46.6,35.3,(2) 25 km Precision ,Health Care,Local Health Care Provider,Air-Launched: Drone,Aerial Bomb,Foreign Forces: Military,Armed Forces of the Russian Federation,Health Infrastructure
2024-09-23,,Lebanon,LBN,Nabatieh Governorate,33.2,35,censored by HDX,"Health Care, Aid Operations",Government Aid Agency,Air-Launched: Plane,Aerial Bomb,Foreign Forces: Military,Israeli Defence Forces,Health Infrastructure
2024-09-23,,Lebanon,LBN,South Governorate,33.3,35,censored by HDX,Health Care,Other,Air-Launched: Plane,Aerial Bomb,Foreign Forces: Military,Israeli Defence Forces,Health Worker
2024-09-23,,Lebanon,LBN,Nabatieh Governorate,33.2,35.3,censored by HDX,Health Care,Other,Unspecified Launch Method,Unspecified Explosive,Foreign Forces: Military,Israeli Defence Forces,Health Worker
2024-09-23,,Lebanon,LBN,South Governorate,33.3,25.3,censored by HDX,Health Care,Other,Unspecified Launch Method,Unspecified Explosive,Foreign Forces: Military,Israeli Defence Forces,Health Infrastructure
2024-09-23,,Lebanon,LBN,South Governorate,33.3,35.3,censored by HDX,Health Care,Other,Unspecified Launch Method,Unspecified Explosive,Foreign Forces: Military,Israeli Defence Forces,Health Worker
2024-09-23,,Lebanon,LBN,South Governorate,33.3,35,censored by HDX,Health Care,Other,Unspecified Launch Method,Unspecified Explosive,Foreign Forces: Military,Israeli Defence Forces,Health Infrastructure
2024-09-22,,Myanmar,MMR,Magway,20.8,35,(2) 25 km Precision ,Health Care,Local Health Care Provider,Air-Launched: Plane,Aerial Bomb,Other,Myanmar Armed Forces,Health Infrastructure
2024-09-22,,Israel,ISR,North District,32.6,35,(2) 25 km Precision ,Health Care,Local Health Care Provider,Ground-Launched,Rocket,NSA,Hezbollah,Other
2024-09-22,,Israel,ISR,North District,32.7,35,(2) 25 km Precision ,Health Care,Local Health Care Provider,Ground-Launched,Rocket,NSA,Hezbollah,Other
2024-09-22,,Israel,ISR,North District,32.7,35.3,(2) 25 km Precision ,Health Care,Local Health Care Provider,Ground-Launched,Rocket,NSA,Hezbollah,Other
2024-09-22,,Israel,ISR,North District,32.7,37.1,(2) 25 km Precision ,Health Care,Local Health Care Provider,Ground-Launched,Rocket,NSA,Hezbollah,Other
2024-09-22,,Israel,ISR,North District,33.0,35.3,(2) 25 km Precision ,Health Care,Local Health Care Provider,Ground-Launched,Rocket,NSA,Hezbollah,Other
2024-09-22,,Israel,ISR,North District,32.9,,(2) 25 km Precision ,Health Care,Local Health Care Provider,Ground-Launched,Rocket,NSA,Hezbollah,Other
2024-09-22,,Israel,ISR,Haifa District,32.7,35,(2) 25 km Precision ,Health Care,Local Health Care Provider,Ground-Launched,Rocket,NSA,Hezbollah,Other
2024-09-22,,Lebanon,LBN,Nabatieh Governorate,33.2,35.3,censored by HDX,Health Care,Other,Unspecified Launch Method,Unspecified Explosive,Foreign Forces: Military,Israeli Defence Forces,Health Infrastructure
2024-09-22,,Lebanon,LBN,Nabatieh Governorate,33.2,37.6,censored by HDX,Health Care,Other,Unspecified Launch Method,Unspecified Explosive,Foreign Forces: Military,Israeli Defence Forces,Health Infrastructure
2024-09-22,,Israel,ISR,Haifa District,32.8,35,(2) 25 km Precision ,Health Care,Local Health Care Provider,Ground-Launched,Rocket,NSA,Hezbollah,Other
2024-09-22,,Syria,SYR,Dar'a Governorate,32.8,35,"(4) Province, State, Governorate ",Education,Local Education Provider,"Air-Launched: Drone, Unspecified Launch Method","Aerial Bomb, Unspecified Explosive",Multiple,"Islamic Resistance in Iraq, Israeli Defence Forces",Education Infrastructure
2024-09-22,,Israel,ISR,North District,32.5,35,(2) 25 km Precision ,Education,Local Education Provider,Ground-Launched,Rocket,NSA,Hezbollah,Education Infrastructure
2024-09-21,,Ukraine,UKR,Sumy Oblast,50.7,35,(2) 25 km Precision ,Health Care,Local Health Care Provider,Air-Launched: Drone,Aerial Bomb,Foreign Forces: Military,Armed Forces of the Russian Federation,Health Infrastructure
2024-09-21,,Ukraine,UKR,Sumy Oblast,51.8,35,(2) 25 km Precision ,Health Care,Local Health Care Provider,Air-Launched: Drone,Aerial Bomb,Foreign Forces: Military,Armed Forces of the Russian Federation,Health Infrastructure
2024-09-21,,Sudan,SDN,Khartoum State,15.6,,(2) 25 km Precision ,"Education, Protection","IDP/Refugee Service, Local Education Provider",Ground-Launched,Artillery,Vigilante,Rapid Support Forces,Education Infrastructure
2024-09-20,,Ukraine,UKR,Donetsk Oblast,48.7,35.3,(2) 25 km Precision ,Health Care,Local Health Care Provider,Ground-Launched,Missile,Foreign Forces: Military,Armed Forces of the Russian Federation,Health Infrastructure
2024-09-20,,Ukraine,UKR,Kharkiv Oblast,50.0,36.2,(2) 25 km Precision ,Health Care,Local Health Care Provider,Air-Launched: Plane,Aerial Bomb,Foreign Forces: Military,Armed Forces of the Russian Federation,Health Infrastructure
2024-09-20,,Ukraine,UKR,Kharkiv Oblast,50.0,36.2,(2) 25 km Precision ,Education,Local Education Provider,Air-Launched: Plane,Aerial Bomb,Foreign Forces: Military,Armed Forces of the Russian Federation,Education Infrastructure
2024-09-20,,Ukraine,UKR,Donetsk Oblast,48.7,37.5,(2) 25 km Precision ,Education,Local Education Provider,Ground-Launched,Missile,Foreign Forces: Military,Armed Forces of the Russian Federation,Education Infrastructure
2024-09-20,,Syria,SYR,Idleb Governorate,35.9,36.7,(2) 25 km Precision ,Health Care,Local Health Care Provider,Ground-Launched,Artillery,No Information,Unidentified Armed Actor,Health Worker
2024-09-19,,Ukraine,UKR,Sumy Oblast,50.9,34.7,(2) 25 km Precision ,Health Care,Local Health Care Provider,Unspecified Launch Method,Unspecified Explosive,Foreign Forces: Military,Armed Forces of the Russian Federation,Health Infrastructure
2024-09-19,,Ukraine,UKR,Sumy Oblast,50.9,34.7,(2) 25 km Precision ,Health Care,Local Health Care Provider,Unspecified Launch Method,Unspecified Explosive,Foreign Forces: Military,Armed Forces of the Russian Federation,Health Infrastructure
2024-09-19,,Ukraine,UKR,Sumy Oblast,50.9,34.7,(2) 25 km Precision ,Health Care,Local Health Care Provider,Unspecified Launch Method,Unspecified Explosive,Foreign Forces: Military,Armed Forces of the Russian Federation,Health Infrastructure
2024-09-19,,Ukraine,UKR,Kherson Oblast,46.6,32.6,(2) 25 km Precision ,Health Care,Local Health Care Provider,Air-Launched: Drone,Aerial Bomb,Foreign Forces: Military,Armed Forces of the Russian Federation,Health Worker
2024-09-19,,Ukraine,UKR,Donetsk Oblast,48.8,38.1,(2) 25 km Precision ,Education,Local Education Provider,Air-Launched: Plane,Aerial Bomb,Foreign Forces: Military,Armed Forces of the Russian Federation,Education Infrastructure
2024-09-19,,Ukraine,UKR,Donetsk Oblast,48.8,38.1,(2) 25 km Precision ,Health Care,Local Health Care Provider,Air-Launched: Plane,Aerial Bomb,Foreign Forces: Military,Armed Forces of the Russian Federation,Health Infrastructure
2024-09-18,,Ukraine,UKR,Donetsk Oblast,48.3,37.2,(2) 25 km Precision ,Health Care,Local Health Care Provider,Ground-Launched,Artillery,Foreign Forces: Military,Armed Forces of the Russian Federation,Health Infrastructure
2024-09-18,,Ukraine,UKR,Mykolaiv Oblast,46.6,31.8,(2) 25 km Precision ,Health Care,Local Health Care Provider,Air-Launched: Drone,Aerial Bomb,Foreign Forces: Military,Armed Forces of the Russian Federation,Health Infrastructure
2024-09-18,,Ukraine,UKR,Sumy Oblast,50.4,35.4,(2) 25 km Precision ,Health Care,Local Health Care Provider,Air-Launched: Drone,Aerial Bomb,Foreign Forces: Military,Armed Forces of the Russian Federation,Health Infrastructure
2024-09-18,,Ukraine,UKR,No Information,49.4,31.2,(6) Country,Health Care,Local Health Care Provider,Unspecified Launch Method,Unspecified Explosive,Foreign Forces: Military,Armed Forces of the Russian Federation,Health Infrastructure
2024-09-18,,Lebanon,LBN,South Governorate,33.3,35,censored by HDX,,Other,Directly-Emplaced,Remote-Controlled IED,Foreign Forces: Military,Israeli Defence Forces,Other
2024-09-18,,Myanmar,MMR,Mon State,16.9,97.3,(2) 25 km Precision ,Health Care,Private Health Care,Directly-Emplaced,Unspecified IED,No Information,Unidentified Armed Actor,Health Infrastructure
2024-09-18,,Ukraine,UKR,Kharkiv Oblast,49.9,36.2,"(3) District, Communicipality or Commune ",Aid Operations,LNGO,Ground-Launched,Shelling,Foreign Forces: Military,Armed Forces of the Russian Federation,Other
2024-09-17,,Ukraine,UKR,Kherson Oblast,46.6,32.5,(2) 25 km Precision ,Health Care,Local Health Care Provider,Ground-Launched,Artillery,Foreign Forces: Military,Armed Forces of the Russian Federation,Health Infrastructure
2024-09-17,,Lebanon,LBN,Mount Lebanon Governorate,33.8,35.3,censored by HDX,Health Care,Local Health Care Provider,Directly-Emplaced,Remote-Controlled IED,Foreign Forces: Military,Israeli Defence Forces,Health Infrastructure
2024-09-17,,Lebanon,LBN,Nabatieh Governorate,33.2,35.3,censored by HDX,Health Care,Local Health Care Provider,Directly-Emplaced,Remote-Controlled IED,Foreign Forces: Military,Israeli Defence Forces,Health Infrastructure
2024-09-17,,Lebanon,LBN,Mount Lebanon Governorate,33.8,35.3,censored by HDX,Health Care,Local Health Care Provider,Directly-Emplaced,Remote-Controlled IED,Foreign Forces: Military,Israeli Defence Forces,Health Infrastructure
2024-09-17,,Lebanon,LBN,Baalbek-Hermel Governorate,34.1,35.9,censored by HDX,Health Care,Local Health Care Provider,Directly-Emplaced,Remote-Controlled IED,Foreign Forces: Military,Israeli Defence Forces,Health Worker
2024-09-16,,Lebanon,LBN,South Governorate,33.3,35,censored by HDX,Health Care,Other,Air-Launched: Plane,Aerial Bomb,Foreign Forces: Military,Israeli Defence Forces,Health Worker
2024-09-16,,Lebanon,LBN,Nabatieh Governorate,33.2,35.3,censored by HDX,Health Care,Other,Unspecified Launch Method,Unspecified Explosive,Foreign Forces: Military,Israeli Defence Forces,Health Infrastructure
2024-09-15,,Syria,SYR,Idleb Governorate,35.9,36.7,(2) 25 km Precision ,Education,Local Education Provider,Ground-Launched,Shelling,Other,Syrian Armed Forces,Education Infrastructure
2024-09-15,,Ukraine,UKR,Kharkiv Oblast,50.0,36.2,(2) 25 km Precision ,Health Care,Local Health Care Provider,Air-Launched: Plane,Aerial Bomb,Foreign Forces: Military,Armed Forces of the Russian Federation,Health Infrastructure
2024-09-14,,Ukraine,UKR,Sumy Oblast,51.3,34.2,(2) 25 km Precision ,Education,Local Education Provider,Air-Launched: Drone,Aerial Bomb,Foreign Forces: Military,Armed Forces of the Russian Federation,Education Infrastructure
2024-09-14,,Ukraine,UKR,Kharkiv Oblast,49.6,37.6,(2) 25 km Precision ,Health Care,Local Health Care Provider,Air-Launched: Plane,Aerial Bomb,Foreign Forces: Military,Armed Forces of the Russian Federation,Health Infrastructure
2024-09-14,,Ukraine,UKR,Beryslav Raion,47.0,33.4,(2) 25 km Precision ,Health Care,Local Health Care Provider,Air-Launched: Plane,Aerial Bomb,Foreign Forces: Military,Armed Forces of the Russian Federation,Health Infrastructure
2024-09-14,,Ukraine,UKR,Kharkiv Oblast,49.9,36.1,(2) 25 km Precision ,Health Care,Local Health Care Provider,Air-Launched: Plane,Aerial Bomb,Foreign Forces: Military,Armed Forces of the Russian Federation,Health Infrastructure
2024-09-14,,Ukraine,UKR,Sumy Oblast,51.3,34.2,(2) 25 km Precision ,Health Care,Local Health Care Provider,Air-Launched: Drone,Aerial Bomb,Foreign Forces: Military,Armed Forces of the Russian Federation,Health Infrastructure
2024-09-13,,Ukraine,UKR,Kherson Oblast,46.6,32.7,(2) 25 km Precision ,Health Care,Local Health Care Provider,Air-Launched: Drone,Aerial Bomb,Foreign Forces: Military,Armed Forces of the Russian Federation,Health Infrastructure
2024-09-13,,Ukraine,UKR,Dnipropetrovsk Oblast,47.5,34.3,(2) 25 km Precision ,Health Care,Local Health Care Provider,Ground-Launched,Artillery,Foreign Forces: Military,Armed Forces of the Russian Federation,Health Infrastructure
2024-09-13,,Ukraine,UKR,Zaporizhia Oblast,47.5,35.3,(2) 25 km Precision ,Education,Local Education Provider,Ground-Launched,Artillery,Foreign Forces: Military,Armed Forces of the Russian Federation,Education Infrastructure
2024-09-13,,Ukraine,UKR,Kherson Oblast,46.6,32.4,(2) 25 km Precision ,"Health Care, Food Security",Local Health Care Provider,Air-Launched: Drone,Aerial Bomb,Foreign Forces: Military,Armed Forces of the Russian Federation,Health Infrastructure
2024-09-13,,Ukraine,UKR,Zaporizhia Oblast,47.5,35.3,(2) 25 km Precision ,Health Care,Local Health Care Provider,Ground-Launched,Artillery,Foreign Forces: Military,Armed Forces of the Russian Federation,Health Infrastructure
2024-09-12,,Ukraine,UKR,Donetsk Oblast,48.6,37.7,(2) 25 km Precision ,Aid Operations,Red Cross (ICRC or IFRC),Ground-Launched,Shelling,Foreign Forces: Military,Armed Forces of the Russian Federation,Aid Infrastructure
2024-09-11,,Sudan,SDN,North Darfur State,13.6,25.3,"(3) District, Communicipality or Commune ",Education,Local Education Provider,Ground-Launched,Artillery,Vigilante,Rapid Support Forces,Education Infrastructure
2024-09-11,,Ukraine,UKR,Donetsk Oblast,48.3,37.2,(2) 25 km Precision ,Health Care,Local Health Care Provider,Ground-Launched,Missile,Foreign Forces: Military,Armed Forces of the Russian Federation,Health Infrastructure
2024-09-11,,Ukraine,UKR,Sumy Oblast,51.2,33.2,(2) 25 km Precision ,Health Care,Local Health Care Provider,Air-Launched: Drone,Aerial Bomb,Foreign Forces: Military,Armed Forces of the Russian Federation,Health Infrastructure
2024-09-11,,Ukraine,UKR,Sumy Oblast,51.2,33.2,(2) 25 km Precision ,Education,Local Education Provider,Air-Launched: Drone,Aerial Bomb,Foreign Forces: Military,Armed Forces of the Russian Federation,Education Infrastructure
2024-09-10,,Ukraine,UKR,Chernihiv Oblast,52.1,32.5,(2) 25 km Precision ,Health Care,Local Health Care Provider,Air-Launched: Plane,Aerial Bomb,Foreign Forces: Military,Armed Forces of the Russian Federation,Health Infrastructure
2024-09-10,,Lebanon,LBN,Nabatieh Governorate,33.2,35.3,censored by HDX,Health Care,Other,Unspecified Launch Method,Unspecified Explosive,Foreign Forces: Military,Israeli Defence Forces,Health Worker
2024-09-10,,Lebanon,LBN,South Governorate,33.3,35,censored by HDX,Health Care,Private Health Care,Unspecified Launch Method,Unspecified Explosive,Foreign Forces: Military,Israeli Defence Forces,Health Infrastructure
2024-09-10,,Lebanon,LBN,Nabatieh Governorate,33.2,35.3,censored by HDX,Health Care,Local Health Care Provider,Unspecified Launch Method,Unspecified Explosive,Foreign Forces: Military,Israeli Defence Forces,Health Infrastructure
2024-09-10,,Chechnya,RUS,Central Federal District,54.8,38.1,(2) 25 km Precision ,Education,Local Education Provider,Air-Launched: Drone,Aerial Bomb,Foreign Forces: Military,Armed Forces of Ukraine,Education Infrastructure
2024-09-10,,Lebanon,LBN,Nabatieh Governorate,33.2,35.3,censored by HDX,Health Care,Local Health Care Provider,Air-Launched: Plane,Aerial Bomb,Foreign Forces: Military,Israeli Defence Forces,Health Infrastructure
2024-09-09,,Ukraine,UKR,Kherson Oblast,46.6,32.6,(2) 25 km Precision ,Health Care,Local Health Care Provider,Air-Launched: Drone,Aerial Bomb,Foreign Forces: Military,Armed Forces of the Russian Federation,Health Infrastructure
2024-09-09,,Lebanon,LBN,Nabatieh Governorate,33.2,35.3,censored by HDX,Health Care,Private Health Care,Unspecified Launch Method,Unspecified Explosive,Foreign Forces: Military,Israeli Defence Forces,Health Infrastructure
2024-09-09,,Pakistan,PAK,Khyber Pakhtunkhwa,32.3,69.5,(2) 25 km Precision ,Health Care,Local Health Care Provider,Directly-Emplaced,RoadIED,No Information,Unidentified Armed Actor,Health Worker
2024-09-08,,Syria,SYR,Dar'a Governorate,32.9,36.0,(2) 25 km Precision ,Education,Local Education Provider,Directly-Emplaced,Hand Grenade,NSA,Unidentified Armed Actor,Education Infrastructure
2024-09-08,,Myanmar,MMR,Rakhine,20.0,93.0,(2) 25 km Precision ,Health Care,Local Health Care Provider,Air-Launched: Plane,Aerial Bomb,Other,Myanmar Armed Forces,Health Infrastructure
2024-09-08,,Ukraine,UKR,Kharkiv Oblast,49.6,37.4,(2) 25 km Precision ,Health Care,Local Health Care Provider,Ground-Launched,Rocket,Foreign Forces: Military,Armed Forces of the Russian Federation,Health Infrastructure
2024-09-07,,Lebanon,LBN,Nabatieh Governorate,33.2,35.3,censored by HDX,"Health Care, Aid Operations",Government Aid Agency,Air-Launched: Plane,Aerial Bomb,Foreign Forces: Military,Israeli Defence Forces,Health Worker
2024-09-07,,Ukraine,UKR,Poltava Oblast,49.6,34.5,(2) 25 km Precision ,Health Care,Local Health Care Provider,Ground-Launched,Missile,Foreign Forces: Military,Armed Forces of the Russian Federation,Health Infrastructure
2024-09-07,,Ukraine,UKR,Poltava Oblast,49.6,34.5,(2) 25 km Precision ,Health Care,Local Health Care Provider,Ground-Launched,Missile,Foreign Forces: Military,Armed Forces of the Russian Federation,Health Infrastructure
2024-09-07,,Ukraine,UKR,Donetsk Oblast,48.3,38.0,(2) 25 km Precision ,Health Care,Local Health Care Provider,Ground-Launched,Artillery,Other,Armed Forces of Ukraine,Health Infrastructure
2024-09-07,,Ukraine,UKR,Kharkiv Oblast,49.6,37.6,(2) 25 km Precision ,Health Care,Local Health Care Provider,Air-Launched: Plane,Aerial Bomb,Foreign Forces: Military,Armed Forces of the Russian Federation,Health Infrastructure
2024-09-07,,Ukraine,UKR,Donetsk Oblast,48.0,37.3,(2) 25 km Precision ,Health Care,Local Health Care Provider,Ground-Launched,Artillery,Foreign Forces: Military,Armed Forces of the Russian Federation,Health Infrastructure
2024-09-07,,Ukraine,UKR,Beryslav Raion,46.9,33.3,(2) 25 km Precision ,Health Care,Local Health Care Provider,Air-Launched: Plane,Aerial Bomb,Foreign Forces: Military,Armed Forces of the Russian Federation,Health Infrastructure
2024-09-07,,Ukraine,UKR,Donetsk Oblast,48.5,37.6,(2) 25 km Precision ,Health Care,Local Health Care Provider,Ground-Launched,Artillery,Foreign Forces: Military,Armed Forces of the Russian Federation,Health Infrastructure
2024-09-07,,Ukraine,UKR,Donetsk Oblast,48.5,37.6,(2) 25 km Precision ,Health Care,Local Health Care Provider,Ground-Launched,Artillery,Foreign Forces: Military,Armed Forces of the Russian Federation,Health Infrastructure
2024-09-07,,Ukraine,UKR,Kharkiv Oblast,49.6,37.6,(2) 25 km Precision ,Education,Local Education Provider,Air-Launched: Plane,Aerial Bomb,Foreign Forces: Military,Armed Forces of the Russian Federation,Education Infrastructure
2024-09-07,,Myanmar,MMR,Shan State,19.7,97.0,(2) 25 km Precision ,Protection,IDP/Refugee Service,Air-Launched: Plane,Aerial Bomb,Other,Myanmar Armed Forces,Protection Infrastructure
2024-09-07,,Lebanon,LBN,Nabatieh Governorate,33.2,35.3,censored by HDX,Health Care,Private Health Care,Unspecified Launch Method,Unspecified Explosive,Foreign Forces: Military,Israeli Defence Forces,Private/Voluntary Aid
2024-09-07,,Lebanon,LBN,Nabatieh Governorate,33.2,35.3,censored by HDX,Health Care,Private Health Care,Unspecified Launch Method,Unspecified Explosive,Foreign Forces: Military,Israeli Defence Forces,Health Infrastructure
2024-09-06,,Ukraine,UKR,Sumy Oblast,51.4,34.0,(2) 25 km Precision ,Health Care,Local Health Care Provider,Air-Launched: Drone,Aerial Bomb,Foreign Forces: Military,Armed Forces of the Russian Federation,Health Infrastructure
2024-09-06,,Myanmar,MMR,Magway,21.6,94.8,(2) 25 km Precision ,Education,Local Education Provider,Air-Launched: Plane,Aerial Bomb,Other,Myanmar Armed Forces,Education Infrastructure
2024-09-05,,Myanmar,MMR,Magway,21.7,94.6,(2) 25 km Precision ,Health Care,Local Health Care Provider,Air-Launched: Helicopter,Rocket,Other,Myanmar Armed Forces,Health Infrastructure
2024-09-04,,Ukraine,UKR,Lviv Oblast,49.8,24.0,(2) 25 km Precision ,Education,Local Education Provider,Air-Launched: Drone,Aerial Bomb,Foreign Forces: Military,Armed Forces of the Russian Federation,Education Infrastructure
2024-09-04,,Ukraine,UKR,Lviv Oblast,49.8,24.0,"(3) District, Communicipality or Commune ",Aid Operations,"NGO, UN Agency",Ground-Launched,Missile,Foreign Forces: Military,Armed Forces of the Russian Federation,Other
2024-09-04,,Ukraine,UKR,Lviv Oblast,49.8,24.0,(2) 25 km Precision ,Education,Local Education Provider,Air-Launched: Drone,Aerial Bomb,Foreign Forces: Military,Armed Forces of the Russian Federation,Education Infrastructure
2024-09-04,,Ukraine,UKR,Lviv Oblast,49.8,24.0,(2) 25 km Precision ,Health Care,Local Health Care Provider,Air-Launched: Drone,Aerial Bomb,Foreign Forces: Military,Armed Forces of the Russian Federation,Health Infrastructure
2024-09-04,,Ukraine,UKR,Lviv Oblast,49.8,24.0,(2) 25 km Precision ,Health Care,Local Health Care Provider,Air-Launched: Drone,Aerial Bomb,Foreign Forces: Military,Armed Forces of the Russian Federation,Health Infrastructure
2024-09-04,,Ukraine,UKR,Lviv Oblast,49.8,24.0,(2) 25 km Precision ,Education,Local Education Provider,Air-Launched: Drone,Aerial Bomb,Foreign Forces: Military,Armed Forces of the Russian Federation,Education Infrastructure
2024-09-04,,Ukraine,UKR,Lviv Oblast,49.8,24.0,(2) 25 km Precision ,Education,Local Education Provider,Air-Launched: Drone,Aerial Bomb,Foreign Forces: Military,Armed Forces of the Russian Federation,Education Infrastructure
2024-09-04,,Ukraine,UKR,Lviv Oblast,49.8,24.0,(2) 25 km Precision ,Health Care,Local Health Care Provider,Air-Launched: Drone,Aerial Bomb,Foreign Forces: Military,Armed Forces of the Russian Federation,Health Worker
2024-09-04,,Ukraine,UKR,Lviv Oblast,49.8,24.0,(2) 25 km Precision ,Education,Local Education Provider,Air-Launched: Drone,Aerial Bomb,Foreign Forces: Military,Armed Forces of the Russian Federation,Education Infrastructure
2024-09-03,,Ukraine,UKR,Poltava Oblast,49.5,34.5,(2) 25 km Precision ,Health Care,Local Health Care Provider,Unspecified Launch Method,Missile,Foreign Forces: Military,Armed Forces of the Russian Federation,Health Infrastructure
2024-09-03,,Sudan,SDN,North Darfur State,13.6,25.3,"(3) District, Communicipality or Commune ",Education,Local Education Provider,Ground-Launched,Unspecified Explosive,Vigilante,Rapid Support Forces,Education Infrastructure
2024-09-03,,Myanmar,MMR,Mandalay,21.9,96.0,(2) 25 km Precision ,Health Care,Local Health Care Provider,Ground-Launched,Rocket,Other,Local Defense Forces,Health Infrastructure
2024-09-02,,Chechnya,RUS,Central Federal District,50.5,36.5,"(3) District, Communicipality or Commune ",Education,Local Education Provider,"Ground-Launched, Unspecified Launch Method","Missile, Unspecified Explosive",Foreign Forces: Military,"Armed Forces of the Russian Federation, Armed Forces of Ukraine",Education Infrastructure
2024-09-02,,Afghanistan,AFG,Kabul Province,34.4,69.1,(2) 25 km Precision ,Education,Local Education Provider,Directly-Emplaced,SVIED,NSA,Islamic State,Teacher/Student
2024-09-02,,Ukraine,UKR,Kherson Raion,46.6,32.6,(2) 25 km Precision ,Health Care,Local Health Care Provider,Air-Launched: Drone,Aerial Bomb,Foreign Forces: Military,Armed Forces of the Russian Federation,Health Worker
2024-09-02,,Ukraine,UKR,Sumy Oblast,50.9,34.7,(2) 25 km Precision ,Health Care,Local Health Care Provider,Air-Launched: Plane,Aerial Bomb,Foreign Forces: Military,Armed Forces of the Russian Federation,Health Infrastructure
2024-09-01,,Lebanon,LBN,Mount Lebanon Governorate,33.8,35.3,censored by HDX,Health Care,Local Health Care Provider,Air-Launched: Plane,Aerial Bomb,Foreign Forces: Military,Israeli Defence Forces,Health Infrastructure
2024-09-01,,Ukraine,UKR,Kharkiv Oblast,49.9,36.2,(2) 25 km Precision ,Health Care,Local Health Care Provider,Unspecified Launch Method,Missile,Foreign Forces: Military,Armed Forces of the Russian Federation,Health Infrastructure
2024-09-01,,Sudan,SDN,North Darfur State,13.6,25.3,(2) 25 km Precision ,Protection,IDP/Refugee Service,Air-Launched: Plane,Aerial Bomb,Vigilante,Rapid Support Forces,Protection Infrastructure
2024-09-01,,Ukraine,UKR,Sumy Oblast,50.9,34.7,(2) 25 km Precision ,Health Care,Local Health Care Provider,Ground-Launched,Missile,Foreign Forces: Military,Armed Forces of the Russian Federation,Health Infrastructure
2024-08-31,,Ukraine,UKR,Donetsk Oblast,48.4,37.0,(2) 25 km Precision ,Education,Local Education Provider,Ground-Launched,Missile,Foreign Forces: Military,Armed Forces of the Russian Federation,Education Infrastructure
2024-08-31,,Sudan,SDN,Central Darfur State,12.8,23.5,(2) 25 km Precision ,Protection,IDP/Refugee Service,Air-Launched: Plane,Aerial Bomb,Other,Sudanese Armed Forces,Protection Infrastructure
2024-08-31,,Ukraine,UKR,Donetsk Oblast,48.4,37.0,(2) 25 km Precision ,Health Care,Local Health Care Provider,Ground-Launched,Missile,Foreign Forces: Military,Armed Forces of the Russian Federation,Health Infrastructure
2024-08-30,,Ukraine,UKR,Kherson Raion,46.6,32.6,(2) 25 km Precision ,"Health Care, Aid Operations",LNGO,Air-Launched: Drone,Aerial Bomb,Foreign Forces: Military,Armed Forces of the Russian Federation,Health Infrastructure
2024-08-30,,Sudan,SDN,Al Khartum,15.6,32.4,(2) 25 km Precision ,Health Care,Local Health Care Provider,Unspecified Launch Method,Unspecified Explosive,Vigilante,Rapid Support Forces,Health Infrastructure
2024-08-30,,Ukraine,UKR,Dnipropetrovsk Oblast,47.5,34.3,(2) 25 km Precision ,Education,Local Education Provider,Ground-Launched,Artillery,Foreign Forces: Military,Armed Forces of the Russian Federation,Education Infrastructure
2024-08-30,,Lebanon,LBN,Mount Lebanon Governorate,33.8,35.3,censored by HDX,Health Care,Local Health Care Provider,Air-Launched: Plane,Aerial Bomb,Foreign Forces: Military,Israeli Defence Forces,Health Infrastructure
2024-08-30,,Ukraine,UKR,Dnipropetrovsk Oblast,47.5,34.3,(2) 25 km Precision ,Health Care,Local Health Care Provider,Ground-Launched,Artillery,Foreign Forces: Military,Armed Forces of the Russian Federation,Health Infrastructure
2024-08-30,,Ukraine,UKR,Donetsk Oblast,47.9,37.2,(2) 25 km Precision ,Health Care,Local Health Care Provider,Ground-Launched,Rocket,Foreign Forces: Military,Armed Forces of the Russian Federation,Health Infrastructure
2024-08-29,,Ukraine,UKR,Kharkiv Oblast,50.4,35.8,(2) 25 km Precision ,Health Care,Local Health Care Provider,Ground-Launched,Rocket,Foreign Forces: Military,Armed Forces of the Russian Federation,Health Infrastructure
2024-08-29,,Sudan,SDN,Al Khartum,15.6,32.4,(2) 25 km Precision ,Health Care,Local Health Care Provider,Unspecified Launch Method,Unspecified Explosive,Vigilante,Rapid Support Forces,Multiple
2024-08-28,,OPT,PSE,West Bank,,,censored,Protection,IDP/Refugee Service,"Air-Launched: Plane, NotAnswered","Aerial Bomb, NotAnswered",Multiple,Unidentified Armed Actor,Protection Infrastructure
2024-08-28,,OPT,PSE,West Bank,,,censored,Protection,IDP/Refugee Service,"NotAnswered, Unspecified Launch Method","NotAnswered, Unspecified Explosive",Multiple,Unidentified Armed Actor,Protection Infrastructure
2024-08-28,,Ukraine,UKR,Dnipropetrovsk Oblast,47.5,34.3,(2) 25 km Precision ,Health Care,Local Health Care Provider,Ground-Launched,Artillery,Foreign Forces: Military,Armed Forces of the Russian Federation,Health Infrastructure
2024-08-28,,Ukraine,UKR,Kherson Raion,46.6,32.6,(2) 25 km Precision ,Health Care,Private Health Care,Air-Launched: Drone,Aerial Bomb,Foreign Forces: Military,Armed Forces of the Russian Federation,Other
2024-08-27,,Myanmar,MMR,Mandalay,21.8,95.6,(2) 25 km Precision ,Education,Local Education Provider,Air-Launched: Plane,Aerial Bomb,Other,Myanmar Armed Forces,Education Infrastructure
2024-08-27,,Ukraine,UKR,Kherson Oblast,46.6,32.6,(2) 25 km Precision ,Health Care,Local Health Care Provider,Air-Launched: Drone,Aerial Bomb,Foreign Forces: Military,Armed Forces of the Russian Federation,Health Infrastructure
2024-08-27,,Myanmar,MMR,Shan State,22.5,97.0,"(3) District, Communicipality or Commune ",Education,Local Education Provider,Air-Launched: Plane,Aerial Bomb,Other,Myanmar Armed Forces,Education Infrastructure
2024-08-27,,Myanmar,MMR,Sagaing Region,22.9,94.4,(2) 25 km Precision ,"Education, Health Care","Local Education Provider, Local Health Care Provider",Air-Launched: Plane,Aerial Bomb,Other,Myanmar Armed Forces,Multiple
2024-08-27,,Sudan,SDN,Al Khartum,15.6,32.4,(2) 25 km Precision ,Health Care,Local Health Care Provider,Ground-Launched,Artillery,Vigilante,Rapid Support Forces,Health Infrastructure
2024-08-26,,Myanmar,MMR,Mandalay,21.2,95.4,(2) 25 km Precision ,Education,Local Education Provider,Air-Launched: Plane,Aerial Bomb,Other,Myanmar Armed Forces,Education Infrastructure
2024-08-26,,Pakistan,PAK,Balochistan,26.2,66.3,(2) 25 km Precision ,Education,Local Education Provider,Ground-Launched,Unspecified Explosive,NSA,Balochistan Liberation United Front,Education Infrastructure
2024-08-26,,Ukraine,UKR,Kherson Raion,46.6,32.6,(2) 25 km Precision ,Health Care,Local Health Care Provider,Air-Launched: Drone,Aerial Bomb,Foreign Forces: Military,Armed Forces of the Russian Federation,Health Infrastructure
2024-08-26,,Sudan,SDN,North Darfur State,13.6,25.3,"(3) District, Communicipality or Commune ",Education,Local Education Provider,Ground-Launched,Artillery,Vigilante,Rapid Support Forces,Education Infrastructure
2024-08-26,,Sudan,SDN,Khartoum State,15.6,32.4,(2) 25 km Precision ,Protection,IDP/Refugee Service,Air-Launched: Plane,Aerial Bomb,Vigilante,Rapid Support Forces,Protection Infrastructure
2024-08-26,,Ukraine,UKR,Kherson Oblast,46.6,32.5,(2) 25 km Precision ,Health Care,Local Health Care Provider,Ground-Launched,Artillery,Foreign Forces: Military,Armed Forces of the Russian Federation,Health Infrastructure
2024-08-26,,Sudan,SDN,North Darfur State,13.6,25.3,(2) 25 km Precision ,Health Care,Local Health Care Provider,Unspecified Launch Method,Unspecified Explosive,Vigilante,Rapid Support Forces,Health Infrastructure
2024-08-26,,Sudan,SDN,North Darfur State,13.6,25.3,(2) 25 km Precision ,Protection,IDP/Refugee Service,Air-Launched: Plane,Aerial Bomb,Vigilante,Rapid Support Forces,Protection Infrastructure
2024-08-25,,Sudan,SDN,North Darfur State,13.6,25.3,"(3) District, Communicipality or Commune ",Education,Local Education Provider,Ground-Launched,Artillery,Vigilante,Rapid Support Forces,Education Infrastructure
2024-08-25,,Sudan,SDN,North Darfur State,13.6,25.3,(2) 25 km Precision ,Health Care,Local Health Care Provider,Ground-Launched,Artillery,Vigilante,Rapid Support Forces,Health Infrastructure
2024-08-25,,Mali,MLI,Kidal,19.8,2.3,(2) 25 km Precision ,Protection,IDP/Refugee Service,Air-Launched: Drone,Aerial Bomb,Other,Mali Armed Forces,Protection Infrastructure
2024-08-25,,Ukraine,UKR,Sumy Oblast,51.8,34.1,(2) 25 km Precision ,Health Care,Local Health Care Provider,Air-Launched: Plane,Aerial Bomb,Foreign Forces: Military,Armed Forces of the Russian Federation,Health Infrastructure
2024-08-25,,Yemen,YEM,Sana'a Governorate,15.2,43.9,(2) 25 km Precision ,Education,Local Education Provider,Directly-Emplaced,Unspecified IED,No Information,Unidentified Armed Actor,Education Infrastructure
2024-08-25,,Ukraine,UKR,Sumy Oblast,51.8,34.1,(2) 25 km Precision ,Education,Local Education Provider,Air-Launched: Plane,Aerial Bomb,Foreign Forces: Military,Armed Forces of the Russian Federation,Education Infrastructure
2024-08-25,,Lebanon,LBN,South Governorate,33.3,35,censored by HDX,"Health Care, Aid Operations",Government Aid Agency,Unspecified Launch Method,Unspecified Explosive,Foreign Forces: Military,Israeli Defence Forces,Health Worker
2024-08-23,,Sudan,SDN,East Darfur State,11.4,26.1,(2) 25 km Precision ,Health Care,Local Health Care Provider,Air-Launched: Plane,Aerial Bomb,Other,Sudanese Armed Forces,Health Infrastructure
2024-08-23,,Sudan,SDN,East Darfur State,11.4,26.1,(2) 25 km Precision ,Health Care,Local Health Care Provider,Air-Launched: Plane,Aerial Bomb,Other,Sudanese Armed Forces,Health Infrastructure
2024-08-23,,Ukraine,UKR,Kharkiv Oblast,49.6,37.6,(2) 25 km Precision ,Health Care,Local Health Care Provider,Ground-Launched,Rocket,Foreign Forces: Military,Armed Forces of the Russian Federation,Health Infrastructure
2024-08-22,,Lebanon,LBN,South Governorate,33.3,35,censored by HDX,Health Care,Other,Ground-Launched,Artillery,Foreign Forces: Military,Israeli Defence Forces,Health Infrastructure
2024-08-22,,Sudan,SDN,North Darfur State,13.4,25.3,(2) 25 km Precision ,"Health Care, Protection, Aid Operations","IDP/Refugee Service, INGO",Unspecified Launch Method,Unspecified Explosive,NSA,Unidentified Armed Actor,Aid Infrastructure
2024-08-22,,Myanmar,MMR,Sagaing Region,22.7,95.2,(2) 25 km Precision ,Education,Local Education Provider,Air-Launched: Plane,Aerial Bomb,Other,Myanmar Armed Forces,Education Infrastructure
2024-08-22,,Israel,ISR,North District,33.2,35.5,(2) 25 km Precision ,Education,Local Education Provider,Ground-Launched,Missile,NSA,Hezbollah,Education Infrastructure
2024-08-22,,Myanmar,MMR,Sagaing Region,22.7,95.2,(2) 25 km Precision ,Health Care,Local Health Care Provider,Air-Launched: Plane,Aerial Bomb,Other,Myanmar Armed Forces,Health Infrastructure
2024-08-22,,Myanmar,MMR,Bago Region,17.9,96.7,(2) 25 km Precision ,Education,Local Education Provider,Ground-Launched,Artillery,Other,Myanmar Armed Forces,Education Infrastructure
2024-08-22,,Sudan,SDN,North Darfur State,13.6,25.3,"(3) District, Communicipality or Commune ",Education,Local Education Provider,Ground-Launched,Shelling,Vigilante,Rapid Support Forces,Education Infrastructure
2024-08-22,,Sudan,SDN,North Darfur State,13.4,25.3,(2) 25 km Precision ,"Protection, Aid Operations","IDP/Refugee Service, INGO",Unspecified Launch Method,Unspecified Explosive,No Information,Unidentified Armed Actor,Multiple
2024-08-21,,Sudan,SDN,Al Khartum,15.6,32.4,(2) 25 km Precision ,Health Care,Local Health Care Provider,Ground-Launched,Shelling,Vigilante,Rapid Support Forces,Health Infrastructure
2024-08-21,,Ukraine,UKR,Kherson Raion,46.6,32.6,(2) 25 km Precision ,Health Care,Local Health Care Provider,Ground-Launched,Rocket,Foreign Forces: Military,Armed Forces of the Russian Federation,Health Infrastructure
2024-08-21,,Sudan,SDN,East Darfur State,11.4,26.1,"(3) District, Communicipality or Commune ","Education, Health Care","Local Education Provider, Local Health Care Provider",Air-Launched: Plane,Aerial Bomb,Other,Sudanese Armed Forces,Health Infrastructure
2024-08-21,,Syria,SYR,Idleb Governorate,35.9,36.7,(2) 25 km Precision ,Education,Local Education Provider,Ground-Launched,Shelling,Other,Syrian Armed Forces,Education Infrastructure
2024-08-20,,Ukraine,UKR,Donetsk Oblast,48.4,37.1,(2) 25 km Precision ,Health Care,Local Health Care Provider,Ground-Launched,Missile,Foreign Forces: Military,Armed Forces of the Russian Federation,Health Infrastructure
2024-08-20,,Myanmar,MMR,Sagaing Region,23.1,94.0,"(3) District, Communicipality or Commune ",Education,Local Education Provider,Air-Launched: Plane,Aerial Bomb,Other,Myanmar Armed Forces,Education Infrastructure
2024-08-20,,Lebanon,LBN,South Governorate,33.3,35,censored by HDX,Health Care,Private Health Care,Air-Launched: Plane,Aerial Bomb,Foreign Forces: Military,Israeli Defence Forces,Health Infrastructure
2024-08-20,,Sudan,SDN,North Darfur State,13.6,25.3,(2) 25 km Precision ,Aid Operations,INGO,Ground-Launched,Shelling,Vigilante,Rapid Support Forces,Aid Infrastructure
2024-08-20,,Sudan,SDN,East Darfur State,11.4,26.1,(2) 25 km Precision ,Health Care,Local Health Care Provider,Air-Launched: Plane,Aerial Bomb,Other,Sudanese Armed Forces,Health Infrastructure
2024-08-19,,Syria,SYR,Al-Hasaka Governorate,37.0,41.2,(2) 25 km Precision ,Health Care,Local Health Care Provider,Air-Launched: Drone,Aerial Bomb,Foreign Forces: Military,Armed Forces of Turkey,Health Infrastructure
2024-08-19,,Lebanon,LBN,Nabatieh Governorate,33.2,35.3,censored by HDX,Health Care,Other,Unspecified Launch Method,Unspecified Explosive,Foreign Forces: Military,Israeli Defence Forces,Health Infrastructure
2024-08-19,,Myanmar,MMR,Chin,22.0,93.5,"(4) Province, State, Governorate ",Education,Local Education Provider,Air-Launched: Plane,Aerial Bomb,Other,Myanmar Armed Forces,Education Infrastructure
2024-08-18,,Syria,SYR,Idleb Governorate,35.9,36.6,(2) 25 km Precision ,Aid Operations,LNGO,Ground-Launched,Artillery,Other,Syrian Armed Forces,Other
2024-08-17,,Ukraine,UKR,Donetsk Oblast,48.2,37.2,(2) 25 km Precision ,Health Care,Local Health Care Provider,Air-Launched: Plane,Aerial Bomb,Foreign Forces: Military,Armed Forces of the Russian Federation,Health Infrastructure
2024-08-17,,Lebanon,LBN,South Governorate,33.3,35,censored by HDX,Health Care,Other,Unspecified Launch Method,Unspecified Explosive,Foreign Forces: Military,Israeli Defence Forces,Health Worker
2024-08-16,,Ukraine,UKR,Donetsk Oblast,47.9,37.6,"(3) District, Communicipality or Commune ",Health Care,Local Health Care Provider,Ground-Launched,Artillery,Other,Armed Forces of Ukraine,Health Infrastructure
2024-08-16,,Niger,NER,Diffa Region,13.2,12.0,(2) 25 km Precision ,Aid Operations,National Red Cross Society,Directly-Emplaced,Unspecified IED,NSA,Islamic State West Africa Province,Aid Infrastructure
2024-08-16,,Myanmar,MMR,Rakhine,18.0,94.4,(2) 25 km Precision ,Health Care,Local Health Care Provider,Air-Launched: Plane,Aerial Bomb,Other,Myanmar Armed Forces,Health Infrastructure
2024-08-16,,Myanmar,MMR,Rakhine,18.0,94.4,(2) 25 km Precision ,Protection,IDP/Refugee Service,Air-Launched: Plane,Aerial Bomb,Other,Myanmar Armed Forces,Education Infrastructure
2024-08-16,,Ukraine,UKR,Kherson Oblast,46.5,32.1,(2) 25 km Precision ,Health Care,Local Health Care Provider,Air-Launched: Drone,Aerial Bomb,Foreign Forces: Military,Armed Forces of the Russian Federation,Health Infrastructure
2024-08-16,,Myanmar,MMR,Rakhine,18.0,94.4,(2) 25 km Precision ,"Education, Protection","IDP/Refugee Service, Local Education Provider",Air-Launched: Plane,Aerial Bomb,Other,Myanmar Armed Forces,Education Infrastructure
2024-08-16,,Syria,SYR,Idleb Governorate,35.9,36.7,(2) 25 km Precision ,"Health Care, Aid Operations",LNGO,Ground-Launched,Artillery,Police,Syrian Democratic Forces,Health Worker
2024-08-15,,Chechnya,RUS,Central Federal District,50.4,36.8,(2) 25 km Precision ,Health Care,Local Health Care Provider,Air-Launched: Drone,Aerial Bomb,Foreign Forces: Military,Armed Forces of Ukraine,Health Worker
2024-08-15,,Lebanon,LBN,Nabatieh Governorate,33.2,35.3,censored by HDX,Health Care,Other,Unspecified Launch Method,Unspecified Explosive,Foreign Forces: Military,Israeli Defence Forces,Health Infrastructure
2024-08-15,,Lebanon,LBN,Nabatieh Governorate,33.2,35.3,censored by HDX,Health Care,Other,Unspecified Launch Method,Unspecified Explosive,Foreign Forces: Military,Israeli Defence Forces,Health Infrastructure
2024-08-14,,Pakistan,PAK,Balochistan,25.2,63.4,(2) 25 km Precision ,Education,Local Education Provider,Directly-Emplaced,Hand Grenade,No Information,Unidentified Armed Actor,Education Infrastructure
2024-08-14,,Sudan,SDN,North Kordofan State,13.1,30.2,(2) 25 km Precision ,Education,Local Education Provider,Ground-Launched,Shelling,Vigilante,Rapid Support Forces,Education Infrastructure
2024-08-14,,Ukraine,UKR,Kharkiv Oblast,50.2,37.1,(2) 25 km Precision ,"Health Care, Aid Operations",INGO,Air-Launched: Drone,Aerial Bomb,Foreign Forces: Military,Armed Forces of the Russian Federation,Aid Infrastructure
2024-08-14,,Ukraine,UKR,Kharkiv Oblast,49.7,37.6,(2) 25 km Precision ,"Aid Operations, Food Security",UN Agency,Air-Launched: Drone,Aerial Bomb,Foreign Forces: Military,Armed Forces of the Russian Federation,Food Infrastructure
2024-08-14,,Ukraine,UKR,Kherson Oblast,46.6,32.6,(2) 25 km Precision ,Aid Operations,INGO,Air-Launched: Drone,Aerial Bomb,Foreign Forces: Military,Armed Forces of the Russian Federation,Aid Infrastructure
2024-08-14,,Pakistan,PAK,Balochistan,25.3,63.3,"(3) District, Communicipality or Commune ",Education,Local Education Provider,Directly-Emplaced,Hand Grenade,No Information,Unidentified Armed Actor,Education Infrastructure
2024-08-13,,Ukraine,UKR,Sumy Oblast,50.9,34.7,(2) 25 km Precision ,Health Care,Local Health Care Provider,Unspecified Launch Method,Missile,Foreign Forces: Military,Armed Forces of the Russian Federation,Health Infrastructure
2024-08-13,,Ukraine,UKR,Sumy Oblast,50.9,34.7,(2) 25 km Precision ,Health Care,Local Health Care Provider,Unspecified Launch Method,Missile,Foreign Forces: Military,Armed Forces of the Russian Federation,Health Infrastructure
2024-08-13,,Lebanon,LBN,Nabatieh Governorate,33.2,35.3,censored by HDX,Health Care,Local Health Care Provider,Air-Launched: Plane,Aerial Bomb,Foreign Forces: Military,Israeli Defence Forces,Health Infrastructure
2024-08-13,,Ukraine,UKR,Sumy Oblast,50.9,34.8,(2) 25 km Precision ,Health Care,Local Health Care Provider,Air-Launched: Plane,Aerial Bomb,Foreign Forces: Military,Armed Forces of the Russian Federation,Health Infrastructure
2024-08-13,,Sudan,SDN,Al Khartum,15.6,32.4,(2) 25 km Precision ,"Health Care, Aid Operations",INGO,Ground-Launched,Shelling,Vigilante,Rapid Support Forces,Health Infrastructure
2024-08-13,,Ukraine,UKR,Kherson Oblast,46.6,32.5,(2) 25 km Precision ,Health Care,Local Health Care Provider,Ground-Launched,Mortar,Foreign Forces: Military,Armed Forces of the Russian Federation,Health Infrastructure
2024-08-13,,Ukraine,UKR,Kharkiv Oblast,50.3,36.1,(2) 25 km Precision ,Health Care,Local Health Care Provider,Ground-Launched,Artillery,Foreign Forces: Military,Armed Forces of the Russian Federation,Health Infrastructure
2024-08-13,,Myanmar,MMR,Bago Region,18.0,96.7,(2) 25 km Precision ,Education,Local Education Provider,Air-Launched: Drone,Aerial Bomb,Other,Myanmar Armed Forces,Education Infrastructure
2024-08-13,,Myanmar,MMR,Bago Region,18.0,96.7,(2) 25 km Precision ,Health Care,Local Health Care Provider,Air-Launched: Drone,Aerial Bomb,Other,Myanmar Armed Forces,Health Infrastructure
2024-08-13,,Ukraine,UKR,Sumy Oblast,50.9,34.7,(2) 25 km Precision ,Health Care,Local Health Care Provider,Unspecified Launch Method,Missile,Foreign Forces: Military,Armed Forces of the Russian Federation,Health Infrastructure
2024-08-12,,Syria,SYR,Deir ez-Zor Governorate,35.2,40.2,"(3) District, Communicipality or Commune ",Health Care,Local Health Care Provider,Directly-Emplaced,Hand Grenade,NSA,Islamic State,Health Worker
2024-08-12,,Sudan,SDN,North Darfur State,13.6,25.3,(2) 25 km Precision ,Protection,IDP/Refugee Service,Air-Launched: Plane,Aerial Bomb,Vigilante,Rapid Support Forces,Protection Infrastructure
2024-08-12,,Lebanon,LBN,Nabatieh Governorate,33.2,35.3,censored by HDX,Health Care,Other,Unspecified Launch Method,Unspecified Explosive,Foreign Forces: Military,Israeli Defence Forces,Health Worker
2024-08-12,,Ukraine,UKR,Kherson Raion,46.6,32.6,(2) 25 km Precision ,Health Care,Local Health Care Provider,Air-Launched: Drone,Aerial Bomb,Foreign Forces: Military,Armed Forces of the Russian Federation,Health Infrastructure
2024-08-11,,Sudan,SDN,North Darfur State,13.6,25.3,(2) 25 km Precision ,"Health Care, Aid Operations",INGO,Ground-Launched,Shelling,Vigilante,Rapid Support Forces,Health Infrastructure
2024-08-10,,Ukraine,UKR,Kharkiv Oblast,50.2,35.9,(2) 25 km Precision ,Health Care,Local Health Care Provider,Ground-Launched,Rocket,Foreign Forces: Military,Armed Forces of the Russian Federation,Health Infrastructure
2024-08-10,,Sudan,SDN,Khartoum State,15.6,32.4,"(3) District, Communicipality or Commune ","Education, Protection","IDP/Refugee Service, Local Education Provider",Air-Launched: Drone,Aerial Bomb,Vigilante,Rapid Support Forces,Education Infrastructure
2024-08-10,,Lebanon,LBN,Nabatieh Governorate,33.2,35.3,censored by HDX,Health Care,Other,Unspecified Launch Method,Unspecified Explosive,Foreign Forces: Military,Israeli Defence Forces,Health Infrastructure
2024-08-10,,Lebanon,LBN,South Governorate,33.3,35,censored by HDX,Health Care,Other,Unspecified Launch Method,Unspecified Explosive,Foreign Forces: Military,Israeli Defence Forces,Health Worker
2024-08-09,,Lebanon,LBN,Nabatieh Governorate,33.2,35.3,censored by HDX,Health Care,Other,Ground-Launched,Artillery,Foreign Forces: Military,Israeli Defence Forces,Health Worker
2024-08-09,,Sudan,SDN,Al Khartum,15.6,32.4,(2) 25 km Precision ,Health Care,Local Health Care Provider,Ground-Launched,Shelling,Vigilante,Rapid Support Forces,Health Infrastructure
2024-08-09,,Lebanon,LBN,South Governorate,33.3,35,censored by HDX,Health Care,Other,Unspecified Launch Method,Unspecified Explosive,Foreign Forces: Military,Israeli Defence Forces,Health Infrastructure
2024-08-09,,Ukraine,UKR,Kharkiv Oblast,49.9,36.2,"(3) District, Communicipality or Commune ",Education,Local Education Provider,Air-Launched: Plane,Aerial Bomb,Foreign Forces: Military,Armed Forces of the Russian Federation,Education Infrastructure
2024-08-09,,Ukraine,UKR,Dnipropetrovsk Oblast,47.6,34.2,"(3) District, Communicipality or Commune ",Health Care,Local Health Care Provider,Air-Launched: Drone,Aerial Bomb,Foreign Forces: Military,Armed Forces of the Russian Federation,Health Infrastructure
2024-08-09,,Ukraine,UKR,Dnipropetrovsk Oblast,47.7,34.2,"(3) District, Communicipality or Commune ",Education,Local Education Provider,Air-Launched: Drone,Aerial Bomb,Foreign Forces: Military,Armed Forces of the Russian Federation,Education Infrastructure
2024-08-09,,Ukraine,UKR,Kharkiv Oblast,49.3,37.6,(2) 25 km Precision ,"Health Care, Aid Operations","INGO, Local Health Care Provider",Ground-Launched,Rocket,Foreign Forces: Military,Armed Forces of the Russian Federation,Multiple
2024-08-08,,Ukraine,UKR,Dnipropetrovsk Oblast,47.5,34.3,(2) 25 km Precision ,Health Care,Local Health Care Provider,Ground-Launched,Artillery,Foreign Forces: Military,Armed Forces of the Russian Federation,Health Infrastructure
2024-08-08,,Ukraine,UKR,Kharkiv Oblast,49.8,36.3,"(4) Province, State, Governorate ",Health Care,Local Health Care Provider,Ground-Launched,Shelling,Foreign Forces: Military,Armed Forces of the Russian Federation,Health Infrastructure
2024-08-08,,Ukraine,UKR,Kharkiv Oblast,49.2,37.5,(2) 25 km Precision ,Health Care,Local Health Care Provider,Ground-Launched,Rocket,Foreign Forces: Military,Armed Forces of the Russian Federation,Health Infrastructure
2024-08-08,,Ukraine,UKR,Kharkiv Oblast,49.7,37.6,(2) 25 km Precision ,Health Care,Local Health Care Provider,Ground-Launched,Rocket,Foreign Forces: Military,Armed Forces of the Russian Federation,Multiple
2024-08-08,,Ukraine,UKR,Kherson Oblast,46.6,32.7,(2) 25 km Precision ,"Health Care, Aid Operations",INGO,Air-Launched: Drone,Aerial Bomb,Foreign Forces: Military,Armed Forces of the Russian Federation,Health Infrastructure
2024-08-07,,Russia,RUS,Central Federal District,51.1,35.2,(2) 25 km Precision ,Health Care,Local Health Care Provider,Air-Launched: Drone,Aerial Bomb,Foreign Forces: Military,Armed Forces of Ukraine,Health Infrastructure
2024-08-07,,Pakistan,PAK,Khyber Pakhtunkhwa,34.0,71.5,(2) 25 km Precision ,Health Care,Local Health Care Provider,Directly-Emplaced,Unspecified IED,NSA,TTP Tehrik-i-Taliban Pakistan,Health Infrastructure
2024-08-07,,OPT,PSE,West Bank,,,censored,Protection,IDP/Refugee Service,Directly-emplaced,Unspecified Explosive,NSA,Militia,Protection Infrastructure
2024-08-06,,Ukraine,UKR,Kherson Oblast,46.6,32.4,(2) 25 km Precision ,"Health Care, Aid Operations","LNGO, Multiple Agencies",Air-Launched: Drone,Aerial Bomb,Foreign Forces: Military,Armed Forces of the Russian Federation,Health Infrastructure
2024-08-06,,Ukraine,UKR,Kharkiv Oblast,50.0,36.2,(2) 25 km Precision ,Health Care,Local Health Care Provider,Ground-Launched,Missile,Foreign Forces: Military,Armed Forces of the Russian Federation,Health Infrastructure
2024-08-06,,Ukraine,UKR,Kharkiv Oblast,50.0,36.2,(2) 25 km Precision ,Education,Local Education Provider,Ground-Launched,Missile,Foreign Forces: Military,Armed Forces of the Russian Federation,Education Infrastructure
2024-08-05,,Myanmar,MMR,Mandalay,22.5,96.0,(2) 25 km Precision ,Education,Local Education Provider,Air-Launched: Plane,Aerial Bomb,Other,Myanmar Armed Forces,Education Infrastructure
2024-08-05,,Myanmar,MMR,Mandalay,22.5,96.0,(2) 25 km Precision ,Health Care,Private Health Care,Air-Launched: Plane,Aerial Bomb,Other,Myanmar Armed Forces,Health Infrastructure
2024-08-05,,Ukraine,UKR,Donetsk Oblast,48.9,37.8,(2) 25 km Precision ,Health Care,Local Health Care Provider,Air-Launched: Plane,Aerial Bomb,Foreign Forces: Military,Armed Forces of the Russian Federation,Health Infrastructure
2024-08-05,,Ukraine,UKR,Mykolaiv Oblast,47.1,31.5,(2) 25 km Precision ,Health Care,Local Health Care Provider,Ground-Launched,Missile,Foreign Forces: Military,Armed Forces of the Russian Federation,Health Infrastructure
2024-08-05,,Lebanon,LBN,Nabatieh Governorate,33.2,35.3,censored by HDX,Health Care,Local Health Care Provider,Air-Launched: Drone,Missile,Foreign Forces: Military,Israeli Defence Forces,Health Worker
2024-08-04,,Sudan,SDN,North Darfur State,13.4,25.3,(2) 25 km Precision ,Protection,IDP/Refugee Service,Air-Launched: Plane,Aerial Bomb,Other,Sudanese Armed Forces,Protection Infrastructure
2024-08-04,,Lebanon,LBN,Nabatieh Governorate,33.2,35.3,censored by HDX,Health Care,Other,Air-Launched: Drone,Aerial Bomb,Foreign Forces: Military,Israeli Defence Forces,Health Worker
2024-08-04,,Ukraine,UKR,Donetsk Oblast,48.0,37.3,(2) 25 km Precision ,Health Care,Local Health Care Provider,Ground-Launched,Artillery,Foreign Forces: Military,Armed Forces of the Russian Federation,Health Infrastructure
2024-08-03,,Ukraine,UKR,Donetsk Oblast,48.3,37.2,(2) 25 km Precision ,Education,Local Education Provider,Ground-Launched,Missile,Foreign Forces: Military,Armed Forces of the Russian Federation,Education Infrastructure
2024-08-03,,Israel,ISR,North District,32.9,35.5,"(3) District, Communicipality or Commune ",Education,Local Education Provider,Ground-Launched,Missile,NSA,Hezbollah,Education Infrastructure
2024-08-03,,Syria,SYR,Lattakia Governorate,35.5,35.9,"(4) Province, State, Governorate ",Education,Local Education Provider,Ground-Launched,Shelling,Other,Syrian Armed Forces,Education Infrastructure
2024-08-03,,Lebanon,LBN,Nabatieh Governorate,33.2,35.3,censored by HDX,Health Care,Local Health Care Provider,Air-Launched: Plane,Aerial Bomb,Foreign Forces: Military,Israeli Defence Forces,Health Infrastructure
2024-08-03,,Ukraine,UKR,Kherson Raion,46.6,32.7,(2) 25 km Precision ,Health Care,Local Health Care Provider,Air-Launched: Drone,Aerial Bomb,Foreign Forces: Military,Armed Forces of the Russian Federation,Health Infrastructure
2024-08-03,,Ukraine,UKR,Donetsk Oblast,48.3,37.2,(2) 25 km Precision ,Health Care,Local Health Care Provider,Ground-Launched,Missile,Foreign Forces: Military,Armed Forces of the Russian Federation,Health Infrastructure
2024-08-03,,Ukraine,UKR,Donetsk Oblast,48.3,37.2,(2) 25 km Precision ,Health Care,Local Health Care Provider,Ground-Launched,Missile,Foreign Forces: Military,Armed Forces of the Russian Federation,Health Infrastructure
2024-08-03,,Sudan,SDN,North Darfur State,14.2,24.6,(2) 25 km Precision ,Health Care,Local Health Care Provider,Air-Launched: Plane,Missile,Other,Sudanese Armed Forces,Health Infrastructure
2024-08-03,,Myanmar,MMR,Special Region 1,22.9,97.7,(2) 25 km Precision ,Health Care,Local Health Care Provider,Air-Launched: Plane,Aerial Bomb,Other,Myanmar Armed Forces,Health Infrastructure
2024-08-02,,Sudan,SDN,North Darfur State,14.1,25.9,(2) 25 km Precision ,Protection,IDP/Refugee Service,Air-Launched: Plane,Aerial Bomb,Other,Sudanese Armed Forces,Protection Infrastructure
2024-08-02,,Myanmar,MMR,Special Region 1,23.6,98.7,(2) 25 km Precision ,Health Care,Local Health Care Provider,Air-Launched: Plane,Aerial Bomb,Other,Myanmar Armed Forces,Health Infrastructure
2024-08-01,,Sudan,SDN,North Darfur State,14.1,25.9,(2) 25 km Precision ,Protection,IDP/Refugee Service,Air-Launched: Plane,Aerial Bomb,Vigilante,Rapid Support Forces,Protection Infrastructure
2024-08-01,,Ukraine,UKR,Dnipropetrovsk Oblast,47.5,34.3,"(3) District, Communicipality or Commune ",Education,Local Education Provider,Ground-Launched,Artillery,Foreign Forces: Military,Armed Forces of the Russian Federation,Education Infrastructure
2024-08-01,,Ukraine,UKR,Dnipropetrovsk Oblast,47.5,34.3,"(3) District, Communicipality or Commune ",Education,Local Education Provider,Ground-Launched,Artillery,Foreign Forces: Military,Armed Forces of the Russian Federation,Education Infrastructure
2024-08-01,,Sudan,SDN,North Darfur State,13.6,25.3,(2) 25 km Precision ,Health Care,Local Health Care Provider,Ground-Launched,Shelling,Vigilante,Rapid Support Forces,Health Infrastructure
2024-08-01,,Ukraine,UKR,Donetsk Oblast,47.8,37.2,(2) 25 km Precision ,Health Care,Local Health Care Provider,Air-Launched: Plane,Aerial Bomb,Foreign Forces: Military,Armed Forces of the Russian Federation,Health Infrastructure
2024-08-01,,Sudan,SDN,North Darfur State,13.5,25.3,(2) 25 km Precision ,"Health Care, Aid Operations",INGO,Ground-Launched,Shelling,Vigilante,Rapid Support Forces,Health Infrastructure
2024-08-01,,Ukraine,UKR,Kherson Raion,46.6,32.1,(2) 25 km Precision ,Health Care,Local Health Care Provider,Ground-Launched,Artillery,Foreign Forces: Military,Armed Forces of the Russian Federation,Health Infrastructure
2024-08-01,,Sudan,SDN,North Darfur State,13.6,25.3,(2) 25 km Precision ,"Health Care, Protection, Aid Operations","IDP/Refugee Service, INGO, Local Health Care Provider",Ground-Launched,Shelling,Vigilante,Rapid Support Forces,Health Infrastructure
2024-07-31,,Ukraine,UKR,Donetsk Oblast,47.8,37.2,(2) 25 km Precision ,Health Care,Local Health Care Provider,Air-Launched: Plane,Aerial Bomb,Foreign Forces: Military,Armed Forces of the Russian Federation,Health Infrastructure
2024-07-31,,Ukraine,UKR,Donetsk Oblast,47.9,37.7,"(4) Province, State, Governorate ",Health Care,Local Health Care Provider,Unspecified Launch Method,Unspecified Explosive,Foreign Forces: Military,Armed Forces of the Russian Federation,Health Worker
2024-07-30,,Sudan,SDN,North Darfur State,13.6,25.3,(2) 25 km Precision ,Protection,IDP/Refugee Service,Ground-Launched,Artillery,Other,Sudanese Armed Forces,Protection Infrastructure
2024-07-30,,Mali,MLI,Kidal,19.8,2.3,(2) 25 km Precision ,Protection,IDP/Refugee Service,Air-Launched: Drone,Aerial Bomb,Multiple,"Burkina Faso Armed Forces, Mali Armed Forces",Protection Infrastructure
2024-07-30,,Myanmar,MMR,Special Region 1,22.9,97.7,(2) 25 km Precision ,Education,Local Education Provider,Ground-Launched,Artillery,Multiple,"Myanmar National Democratic Alliance Army, People's Defence Force (Myanmar)",Education Infrastructure
2024-07-30,,Nigeria,NGA,Borno State,12.1,13.3,"(4) Province, State, Governorate ",Education,Local Education Provider,Directly-Emplaced,Unspecified IED,No Information,Unidentified Armed Actor,Teacher/Student
2024-07-30,,Myanmar,MMR,Special Region 1,22.9,97.7,(2) 25 km Precision ,Health Care,Local Health Care Provider,Ground-Launched,Artillery,Multiple,"Myanmar National Democratic Alliance Army, People's Defence Force (Myanmar)",Health Infrastructure
2024-07-29,,Sudan,SDN,North Darfur State,13.6,25.3,(2) 25 km Precision ,"Health Care, Aid Operations",INGO,Ground-Launched,Shelling,Vigilante,Rapid Support Forces,Multiple
2024-07-29,,Ukraine,UKR,Sumy Oblast,51.2,34.5,(2) 25 km Precision ,Health Care,Local Health Care Provider,Air-Launched: Drone,Aerial Bomb,Foreign Forces: Military,Armed Forces of the Russian Federation,Health Infrastructure
2024-07-28,,Sudan,SDN,North Darfur State,13.6,25.3,(2) 25 km Precision ,Health Care,Private Health Care,Air-Launched: Drone,Shelling,Vigilante,Rapid Support Forces,Health Infrastructure
2024-07-27,,Myanmar,MMR,Mandalay,22.9,96.5,(2) 25 km Precision ,Health Care,Local Health Care Provider,Ground-Launched,Artillery,Multiple,"Myanmar Armed Forces, People's Defence Force (Myanmar), Ta'ang National Liberation Army",Health Worker
2024-07-27,,Ukraine,UKR,Donetsk Oblast,48.3,37.2,(2) 25 km Precision ,Education,Local Education Provider,Air-Launched: Plane,Aerial Bomb,Foreign Forces: Military,Armed Forces of the Russian Federation,Education Infrastructure
2024-07-27,,Sudan,SDN,North Darfur State,13.6,25.3,(2) 25 km Precision ,Health Care,Private Health Care,Ground-Launched,Artillery,Vigilante,Rapid Support Forces,Health Infrastructure
2024-07-27,,Ukraine,UKR,Kherson Oblast,46.8,33.4,(2) 25 km Precision ,Health Care,Local Health Care Provider,Air-Launched: Drone,Aerial Bomb,Foreign Forces: Military,Armed Forces of the Russian Federation,Health Infrastructure
2024-07-27,,Ukraine,UKR,Donetsk Oblast,48.2,37.2,(2) 25 km Precision ,Health Care,Local Health Care Provider,Air-Launched: Plane,Aerial Bomb,Foreign Forces: Military,Armed Forces of the Russian Federation,Health Infrastructure
2024-07-26,,Ukraine,UKR,No Information,49.4,31.2,(6) Country,Health Care,Local Health Care Provider,Ground-Launched,Artillery,Foreign Forces: Military,Armed Forces of the Russian Federation,Health Infrastructure
2024-07-25,,Sudan,SDN,North Darfur State,13.6,25.3,(2) 25 km Precision ,Protection,IDP/Refugee Service,Ground-Launched,Artillery,Vigilante,Rapid Support Forces,Protection Infrastructure
2024-07-25,,Ukraine,UKR,Kherson Oblast,46.6,32.6,(2) 25 km Precision ,Aid Operations,NGO,Air-Launched: Drone,Aerial Bomb,Foreign Forces: Military,Armed Forces of the Russian Federation,Aid Infrastructure
2024-07-25,,Ukraine,UKR,Kherson Raion,46.6,32.6,(2) 25 km Precision ,Health Care,Local Health Care Provider,Ground-Launched,Rocket,Foreign Forces: Military,Armed Forces of the Russian Federation,Health Infrastructure
2024-07-24,,Ukraine,UKR,Donetsk Oblast,48.6,37.8,(2) 25 km Precision ,Health Care,Local Health Care Provider,Unspecified Launch Method,Unspecified Explosive,Foreign Forces: Military,Armed Forces of the Russian Federation,Health Worker
2024-07-24,,Ukraine,UKR,Kharkiv Oblast,49.9,36.2,"(3) District, Communicipality or Commune ",Aid Operations,NGO,Air-Launched: Plane,Aerial Bomb,Foreign Forces: Military,Armed Forces of the Russian Federation,Multiple
2024-07-24,,Sudan,SDN,North Darfur State,13.6,25.3,(2) 25 km Precision ,Health Care,Private Health Care,Ground-Launched,Artillery,Vigilante,Rapid Support Forces,Health Infrastructure
2024-07-24,,Ukraine,UKR,Donetsk Oblast,47.9,37.6,(2) 25 km Precision ,Health Care,Local Health Care Provider,Ground-Launched,Artillery,Other,Armed Forces of Ukraine,Health Infrastructure
2024-07-24,,OPT,PSE,Gaza Strip,,,censored,Aid Operations,UN Agency,Unspecified Launch Method,Missile,NSA,Hamas,Education Infrastructure
2024-07-24,,Ukraine,UKR,Donetsk Oblast,47.9,37.7,"(4) Province, State, Governorate ",Health Care,Local Health Care Provider,Unspecified Launch Method,Unspecified Explosive,Foreign Forces: Military,Armed Forces of the Russian Federation,Health Worker
2024-07-22,,Pakistan,PAK,Khyber Pakhtunkhwa,32.9,70.2,"(3) District, Communicipality or Commune ",Education,Local Education Provider,Unspecified Launch Method,Unspecified Explosive,NSA,TTP Tehrik-i-Taliban Pakistan,Education Infrastructure
2024-07-22,,Ukraine,UKR,Kharkiv Oblast,50.1,36.1,(2) 25 km Precision ,Education,Local Education Provider,Ground-Launched,Missile,Foreign Forces: Military,Armed Forces of the Russian Federation,Education Infrastructure
2024-07-21,,Ukraine,UKR,Sumy Oblast,51.8,33.4,(2) 25 km Precision ,Health Care,Local Health Care Provider,Air-Launched: Drone,Aerial Bomb,Foreign Forces: Military,Armed Forces of the Russian Federation,Health Infrastructure
2024-07-21,,Israel,ISR,North District,33.2,35.6,(2) 25 km Precision ,Education,Local Education Provider,Ground-Launched,Rocket,NSA,Hezbollah,Education Infrastructure
2024-07-21,,Israel,ISR,North District,33.2,35.6,(2) 25 km Precision ,Education,Local Education Provider,Air-Launched: Drone,Aerial Bomb,NSA,Hezbollah,Education Infrastructure
2024-07-20,,Ukraine,UKR,Sumy Oblast,50.7,34.3,"(4) Province, State, Governorate ",Education,Local Education Provider,Ground-Launched,Shelling,Foreign Forces: Military,Armed Forces of the Russian Federation,Education Infrastructure
2024-07-20,,Ukraine,UKR,Sumy Oblast,50.7,34.3,"(4) Province, State, Governorate ",Health Care,Local Health Care Provider,Ground-Launched,Shelling,Foreign Forces: Military,Armed Forces of the Russian Federation,Health Infrastructure
2024-07-20,,Ukraine,UKR,Kherson Oblast,46.6,32.6,(2) 25 km Precision ,Health Care,Local Health Care Provider,Air-Launched: Drone,Aerial Bomb,Foreign Forces: Military,Armed Forces of the Russian Federation,Multiple
2024-07-20,,Ukraine,UKR,Kharkiv Oblast,49.7,37.6,(2) 25 km Precision ,Health Care,Local Health Care Provider,Directly-Emplaced,Mine,No Information,Unidentified Armed Actor,Health Worker
2024-07-20,,Lebanon,LBN,South Governorate,33.3,35,censored by HDX,Health Care,Local Health Care Provider,Air-Launched: Plane,Aerial Bomb,Foreign Forces: Military,Israeli Defence Forces,Health Worker
2024-07-20,,Ukraine,UKR,Kherson Oblast,46.6,32.4,(2) 25 km Precision ,Health Care,Local Health Care Provider,Air-Launched: Drone,Aerial Bomb,Foreign Forces: Military,Armed Forces of the Russian Federation,Health Worker
2024-07-20,,Ukraine,UKR,Dnipropetrovsk Oblast,47.6,34.6,(2) 25 km Precision ,Education,Local Education Provider,Ground-Launched,Shelling,Foreign Forces: Military,Armed Forces of the Russian Federation,Education Infrastructure
2024-07-20,,Ukraine,UKR,Donetsk Oblast,48.9,37.8,(2) 25 km Precision ,Health Care,Local Health Care Provider,Air-Launched: Plane,Aerial Bomb,Foreign Forces: Military,Armed Forces of the Russian Federation,Health Infrastructure
2024-07-20,,Ukraine,UKR,Donetsk Oblast,48.9,37.8,(2) 25 km Precision ,Education,Local Education Provider,Air-Launched: Plane,Aerial Bomb,Foreign Forces: Military,Armed Forces of the Russian Federation,Education Infrastructure
2024-07-19,,Ukraine,UKR,Mykolaiv Oblast,46.9,32.0,(2) 25 km Precision ,Health Care,Local Health Care Provider,Air-Launched: Plane,Aerial Bomb,Foreign Forces: Military,Armed Forces of the Russian Federation,Health Infrastructure
2024-07-19,,Myanmar,MMR,Sagaing Region,22.7,95.4,(2) 25 km Precision ,Health Care,Local Health Care Provider,Ground-Launched,Rocket,Multiple,Unidentified Armed Actor,Health Infrastructure
2024-07-19,,Myanmar,MMR,Sagaing Region,21.9,95.0,(2) 25 km Precision ,Health Care,Local Health Care Provider,Air-Launched: Drone,Aerial Bomb,Multiple,Unidentified Armed Actor,Health Infrastructure
2024-07-19,,Ukraine,UKR,Mykolaiv Oblast,46.9,32.0,(2) 25 km Precision ,Education,Local Education Provider,Air-Launched: Plane,Aerial Bomb,Foreign Forces: Military,Armed Forces of the Russian Federation,Education Infrastructure
2024-07-19,,Ukraine,UKR,Kherson Oblast,46.6,32.7,(2) 25 km Precision ,Health Care,Local Health Care Provider,Air-Launched: Drone,Aerial Bomb,Foreign Forces: Military,Armed Forces of the Russian Federation,Health Infrastructure
2024-07-19,,Ukraine,UKR,Kherson Raion,46.6,32.1,(2) 25 km Precision ,Health Care,Local Health Care Provider,Ground-Launched,Rocket,Foreign Forces: Military,Armed Forces of the Russian Federation,Other
2024-07-19,,Lebanon,LBN,Nabatieh Governorate,33.2,35.3,censored by HDX,Health Care,Private Health Care,Air-Launched: Plane,Aerial Bomb,Foreign Forces: Military,Israeli Defence Forces,Health Infrastructure
2024-07-17,,Myanmar,MMR,Mandalay,22.5,95.9,(2) 25 km Precision ,Health Care,Private Health Care,Air-Launched: Plane,Aerial Bomb,Other,Myanmar Armed Forces,Health Infrastructure
2024-07-16,,Ukraine,UKR,Donetsk Oblast,48.6,37.8,(2) 25 km Precision ,Health Care,Local Health Care Provider,Air-Launched: Drone,Aerial Bomb,Foreign Forces: Military,Armed Forces of the Russian Federation,Health Worker
2024-07-16,,Ukraine,UKR,Donetsk Oblast,48.5,37.8,(2) 25 km Precision ,Health Care,Local Health Care Provider,Air-Launched: Drone,Aerial Bomb,Foreign Forces: Military,Armed Forces of the Russian Federation,Health Worker
2024-07-16,,Ukraine,UKR,Kherson Oblast,46.6,32.6,"(3) District, Communicipality or Commune ",Aid Operations,NGO,Air-Launched: Drone,Missile,Foreign Forces: Military,Armed Forces of the Russian Federation,Other
2024-07-15,,Ukraine,UKR,Kyiv Oblast,50.4,30.3,(2) 25 km Precision ,Health Care,Local Health Care Provider,Directly-Emplaced,Unspecified IED,No Information,Unidentified Armed Actor,Health Infrastructure
2024-07-15,,Myanmar,MMR,Rakhine,18.4,94.3,(2) 25 km Precision ,Health Care,Local Health Care Provider,Air-Launched: Plane,Aerial Bomb,Other,Myanmar Armed Forces,Health Infrastructure
2024-07-14,,Myanmar,MMR,Special Region 1,23.0,97.7,(2) 25 km Precision ,Health Care,Local Health Care Provider,Air-Launched: Plane,Missile,Other,Myanmar Armed Forces,Health Infrastructure
2024-07-14,,Ukraine,UKR,Kherson Oblast,46.6,32.6,(2) 25 km Precision ,Education,Local Education Provider,Ground-Launched,Shelling,Foreign Forces: Military,Armed Forces of the Russian Federation,Education Infrastructure
2024-07-14,,Sudan,SDN,South Darfur State,12.0,24.8,(2) 25 km Precision ,Health Care,Local Health Care Provider,Air-Launched: Plane,Aerial Bomb,Other,Sudanese Armed Forces,Health Infrastructure
2024-07-14,,Sudan,SDN,West Darfur,13.4,22.4,(2) 25 km Precision ,Health Care,Local Health Care Provider,Air-Launched: Plane,Aerial Bomb,Other,Sudanese Armed Forces,Health Infrastructure
2024-07-14,,Ukraine,UKR,Sumy Oblast,51.1,34.3,(2) 25 km Precision ,Education,Local Education Provider,Ground-Launched,Shelling,Foreign Forces: Military,Armed Forces of the Russian Federation,Education Infrastructure
2024-07-14,,Ukraine,UKR,Kherson Oblast,46.6,32.6,(2) 25 km Precision ,Health Care,Local Health Care Provider,Ground-Launched,Shelling,Foreign Forces: Military,Armed Forces of the Russian Federation,Health Infrastructure
2024-07-13,,Ukraine,UKR,Beryslav Raion,47.2,33.8,(2) 25 km Precision ,Health Care,Local Health Care Provider,Air-Launched: Drone,Aerial Bomb,Foreign Forces: Military,Armed Forces of the Russian Federation,Health Infrastructure
2024-07-13,,Ukraine,UKR,Beryslav Raion,47.2,33.8,(2) 25 km Precision ,Education,Local Education Provider,Air-Launched: Drone,Aerial Bomb,Foreign Forces: Military,Armed Forces of the Russian Federation,Education Infrastructure
2024-07-13,,Ukraine,UKR,Kharkiv Oblast,49.8,36.0,(2) 25 km Precision ,Health Care,Local Health Care Provider,Ground-Launched,Missile,Foreign Forces: Military,Armed Forces of the Russian Federation,Health Infrastructure
2024-07-12,,Ukraine,UKR,No Information,49.4,31.2,(6) Country,Health Care,Local Health Care Provider,Unspecified Launch Method,Unspecified Explosive,Foreign Forces: Military,Armed Forces of the Russian Federation,Health Worker
2024-07-11,,Lebanon,LBN,Nabatieh Governorate,33.2,35.3,censored by HDX,Health Care,Other,Unspecified Launch Method,Unspecified Explosive,Foreign Forces: Military,Israeli Defence Forces,Health Worker
2024-07-11,,Syria,SYR,Al-Hasaka Governorate,36.4,40.7,(2) 25 km Precision ,Health Care,Local Health Care Provider,Directly-Emplaced,Unspecified IED,No Information,Unidentified Armed Actor,Multiple
2024-07-10,,Myanmar,MMR,Sagaing Region,22.2,95.1,(2) 25 km Precision ,Health Care,Local Health Care Provider,Air-Launched: Drone,Aerial Bomb,Other,Myanmar Armed Forces,Health Infrastructure
2024-07-10,,Myanmar,MMR,Rakhine,18.4,94.3,(2) 25 km Precision ,Health Care,Local Health Care Provider,"Air-Launched: Plane, Unspecified Launch Method","Aerial Bomb, Unspecified Explosive",Multiple,"Arakan Army, Myanmar Armed Forces",Other
2024-07-10,,Myanmar,MMR,Chin,21.3,93.9,(2) 25 km Precision ,Education,Local Education Provider,Air-Launched: Plane,Aerial Bomb,Other,Myanmar Armed Forces,Education Infrastructure
2024-07-10,,Myanmar,MMR,Sagaing Region,22.1,95.1,"(3) District, Communicipality or Commune ",Education,Local Education Provider,Directly-Emplaced,Hand Grenade,Other,People's Defence Force (Myanmar),Education Infrastructure
2024-07-09,,Myanmar,MMR,Magway,21.6,94.0,(2) 25 km Precision ,Education,Local Education Provider,Air-Launched: Drone,Aerial Bomb,NSA,Unidentified Armed Actor,Education Infrastructure
2024-07-09,,Myanmar,MMR,Sagaing Region,23.1,94.0,"(3) District, Communicipality or Commune ",Education,Local Education Provider,Ground-Launched,Artillery,Other,Myanmar Armed Forces,Education Infrastructure
2024-07-09,,Sudan,SDN,Sennar State,13.0,33.5,(2) 25 km Precision ,Education,Local Education Provider,Unspecified Launch Method,Unspecified Explosive,Vigilante,Rapid Support Forces,Education Infrastructure
2024-07-09,,Myanmar,MMR,Mandalay,22.5,95.9,(2) 25 km Precision ,Health Care,Local Health Care Provider,Air-Launched: Drone,Aerial Bomb,Other,Myanmar Armed Forces,Health Infrastructure
2024-07-09,,Myanmar,MMR,Mandalay,22.2,96.1,(2) 25 km Precision ,Education,Local Education Provider,Air-Launched: Plane,Aerial Bomb,Other,Myanmar Armed Forces,Education Infrastructure
2024-07-08,,Ukraine,UKR,Kyiv Oblast,50.4,30.4,(2) 25 km Precision ,Health Care,Local Health Care Provider,Air-Launched: Plane,Aerial Bomb,Foreign Forces: Military,Armed Forces of the Russian Federation,Health Infrastructure
2024-07-08,,Ukraine,UKR,Dniprovskyi district,50.4,30.5,(2) 25 km Precision ,Health Care,Local Health Care Provider,Unspecified Launch Method,Missile,Foreign Forces: Military,Armed Forces of the Russian Federation,Health Infrastructure
2024-07-08,,Ukraine,UKR,Dniprovskyi district,50.4,30.5,(2) 25 km Precision ,Health Care,Private Health Care,Unspecified Launch Method,Missile,Foreign Forces: Military,Armed Forces of the Russian Federation,Health Infrastructure
2024-07-08,,Chad,TCD,Sila,12.2,21.4,(2) 25 km Precision ,Protection,IDP/Refugee Service,Unspecified Launch Method,Unspecified Explosive,No Information,Unidentified Armed Actor,Protection Infrastructure
2024-07-08,,Ukraine,UKR,Kherson Oblast,47.4,33.6,(2) 25 km Precision ,Education,Local Education Provider,Unspecified Launch Method,Unspecified Explosive,Foreign Forces: Military,Armed Forces of the Russian Federation,Education Infrastructure
2024-07-08,,Ukraine,UKR,Kyiv Oblast,50.4,30.4,(2) 25 km Precision ,Education,Local Education Provider,Ground-Launched,Missile,Foreign Forces: Military,Armed Forces of the Russian Federation,Education Infrastructure
2024-07-08,,Ukraine,UKR,Kyiv Oblast,50.4,30.5,"(3) District, Communicipality or Commune ",Education,Local Education Provider,Ground-Launched,Missile,Foreign Forces: Military,Armed Forces of the Russian Federation,Education Infrastructure
2024-07-08,,OPT,PSE,Gaza Strip,,,censored,Health Care,Local Health Care Provider,Ground-Launched,Mortar,No Information,Unidentified Armed Actor,Health Worker
2024-07-07,,Sudan,SDN,North Darfur State,13.6,25.3,(2) 25 km Precision ,"Health Care, Aid Operations",INGO,Ground-Launched,Artillery,Vigilante,Rapid Support Forces,Health Infrastructure
2024-07-07,,Ukraine,UKR,Dnipropetrovsk Oblast,47.5,34.3,"(3) District, Communicipality or Commune ",Education,Local Education Provider,Air-Launched: Drone,Aerial Bomb,Foreign Forces: Military,Armed Forces of the Russian Federation,Education Infrastructure
2024-07-07,,Ukraine,UKR,Dnipropetrovsk Oblast,47.5,34.3,"(3) District, Communicipality or Commune ",Education,Local Education Provider,Air-Launched: Drone,Aerial Bomb,Foreign Forces: Military,Armed Forces of the Russian Federation,Education Infrastructure
2024-07-06,,Ukraine,UKR,No Information,49.4,31.2,(6) Country,Health Care,Local Health Care Provider,Unspecified Launch Method,Unspecified Explosive,Foreign Forces: Military,Armed Forces of the Russian Federation,Health Worker
2024-07-05,,Ukraine,UKR,Kherson Oblast,46.5,32.1,(2) 25 km Precision ,Health Care,Local Health Care Provider,Air-Launched: Drone,Aerial Bomb,Foreign Forces: Military,Armed Forces of the Russian Federation,Health Infrastructure
2024-07-05,,Ukraine,UKR,Donetsk Oblast,47.9,36.7,(2) 25 km Precision ,Health Care,Local Health Care Provider,Air-Launched: Plane,Aerial Bomb,Foreign Forces: Military,Armed Forces of the Russian Federation,Health Infrastructure
2024-07-05,,Sudan,SDN,North Darfur State,13.6,25.3,(2) 25 km Precision ,Protection,IDP/Refugee Service,Ground-Launched,Artillery,NSA,Unidentified Armed Actor,Protection Infrastructure
2024-07-05,,Ukraine,UKR,Dnipropetrovsk Oblast,47.5,34.1,(2) 25 km Precision ,Health Care,Local Health Care Provider,Air-Launched: Drone,Aerial Bomb,Foreign Forces: Military,Armed Forces of the Russian Federation,Health Infrastructure
2024-07-04,,Sudan,SDN,Al Khartum,15.6,32.4,(2) 25 km Precision ,"Health Care, Aid Operations",INGO,Ground-Launched,Shelling,No Information,Unidentified Armed Actor,Health Infrastructure
2024-07-04,,Myanmar,MMR,Mandalay,22.2,96.1,(2) 25 km Precision ,Health Care,Private Health Care,Ground-Launched,Mortar,Other,Myanmar Armed Forces,Health Infrastructure
2024-07-04,,Myanmar,MMR,Mandalay,22.2,96.2,(2) 25 km Precision ,Health Care,Private Health Care,Ground-Launched,Mortar,Other,Myanmar Armed Forces,Health Infrastructure
2024-07-04,,Myanmar,MMR,Special Region 1,22.9,97.7,(2) 25 km Precision ,Education,Local Education Provider,Ground-Launched,Missile,Other,Myanmar Armed Forces,Education Infrastructure
2024-07-04,,Myanmar,MMR,Rakhine,18.8,94.2,(2) 25 km Precision ,Education,Local Education Provider,Air-Launched: Plane,Aerial Bomb,Other,Myanmar Armed Forces,Education Infrastructure
2024-07-04,,Ukraine,UKR,Kherson Oblast,46.6,32.6,(2) 25 km Precision ,Health Care,Local Health Care Provider,Ground-Launched,Artillery,Foreign Forces: Military,Armed Forces of the Russian Federation,Health Infrastructure
2024-07-04,,Ukraine,UKR,Donetsk Oblast,48.3,37.9,(2) 25 km Precision ,Education,Local Education Provider,Ground-Launched,Artillery,Foreign Forces: Military,Armed Forces of the Russian Federation,Education Infrastructure
2024-07-03,,Ukraine,UKR,Dnipropetrovsk Oblast,48.4,35.0,"(3) District, Communicipality or Commune ",Education,Local Education Provider,Air-Launched: Drone,Aerial Bomb,Foreign Forces: Military,Armed Forces of the Russian Federation,Education Infrastructure
2024-07-03,,Ukraine,UKR,Dnipropetrovsk Oblast,48.4,35.0,"(3) District, Communicipality or Commune ",Education,Local Education Provider,Air-Launched: Drone,Aerial Bomb,Foreign Forces: Military,Armed Forces of the Russian Federation,Education Infrastructure
2024-07-03,,Ukraine,UKR,Donetsk Oblast,48.6,37.5,(2) 25 km Precision ,Health Care,Local Health Care Provider,Air-Launched: Plane,Aerial Bomb,Foreign Forces: Military,Armed Forces of the Russian Federation,Health Infrastructure
2024-07-03,,Ukraine,UKR,Dnipropetrovsk Oblast,48.4,35.0,(2) 25 km Precision ,Health Care,Local Health Care Provider,Air-Launched: Drone,Aerial Bomb,Foreign Forces: Military,Armed Forces of the Russian Federation,Health Infrastructure
2024-07-03,,Ukraine,UKR,Dnipropetrovsk Oblast,48.4,35.0,(2) 25 km Precision ,Health Care,Local Health Care Provider,Air-Launched: Drone,Aerial Bomb,Foreign Forces: Military,Armed Forces of the Russian Federation,Health Infrastructure
2024-07-03,,Ukraine,UKR,Dnipropetrovsk Oblast,48.4,35.0,"(3) District, Communicipality or Commune ",Education,Local Education Provider,Air-Launched: Drone,Aerial Bomb,Foreign Forces: Military,Armed Forces of the Russian Federation,Education Infrastructure
2024-07-03,,Ukraine,UKR,Dnipropetrovsk Oblast,48.4,35.0,"(3) District, Communicipality or Commune ",Education,Local Education Provider,Air-Launched: Drone,Aerial Bomb,Foreign Forces: Military,Armed Forces of the Russian Federation,Education Infrastructure
2024-07-03,,Ukraine,UKR,Dnipropetrovsk Oblast,48.4,35.0,"(3) District, Communicipality or Commune ",Education,Local Education Provider,Air-Launched: Drone,Aerial Bomb,Foreign Forces: Military,Armed Forces of the Russian Federation,Education Infrastructure
2024-07-03,,Ukraine,UKR,Dnipropetrovsk Oblast,48.4,35.0,(2) 25 km Precision ,Health Care,Local Health Care Provider,Air-Launched: Drone,Aerial Bomb,Foreign Forces: Military,Armed Forces of the Russian Federation,Health Infrastructure
2024-07-03,,Ukraine,UKR,Dnipropetrovsk Oblast,48.4,35.0,"(3) District, Communicipality or Commune ",Education,Local Education Provider,Air-Launched: Drone,Aerial Bomb,Foreign Forces: Military,Armed Forces of the Russian Federation,Education Infrastructure
2024-07-02,,Ukraine,UKR,Dnipropetrovsk Oblast,47.5,34.3,(2) 25 km Precision ,Education,Local Education Provider,Ground-Launched,Artillery,Foreign Forces: Military,Armed Forces of the Russian Federation,Education Infrastructure
2024-07-02,,Ukraine,UKR,Dnipropetrovsk Oblast,47.5,34.3,(2) 25 km Precision ,Education,Local Education Provider,Ground-Launched,Artillery,Foreign Forces: Military,Armed Forces of the Russian Federation,Education Infrastructure
2024-07-02,,Ukraine,UKR,No Information,49.4,31.2,(6) Country,Health Care,Local Health Care Provider,Unspecified Launch Method,Unspecified Explosive,Foreign Forces: Military,Armed Forces of the Russian Federation,Health Worker
2024-07-02,,Ukraine,UKR,Kharkiv Oblast,49.8,36.3,"(4) Province, State, Governorate ",Health Care,Local Health Care Provider,Unspecified Launch Method,Unspecified Explosive,Foreign Forces: Military,Armed Forces of the Russian Federation,Health Worker
2024-07-02,,Sudan,SDN,North Darfur State,13.6,25.3,(2) 25 km Precision ,Health Care,Local Health Care Provider,Ground-Launched,Shelling,Vigilante,Rapid Support Forces,Health Infrastructure
2024-07-02,,Sudan,SDN,North Darfur State,13.6,25.3,(2) 25 km Precision ,Health Care,Local Health Care Provider,Ground-Launched,Shelling,Vigilante,Rapid Support Forces,Health Worker
2024-07-02,,Sudan,SDN,North Darfur State,13.6,25.3,(2) 25 km Precision ,Health Care,Local Health Care Provider,Ground-Launched,Shelling,Vigilante,Rapid Support Forces,Health Worker
2024-07-02,,Sudan,SDN,North Darfur State,13.6,25.3,(2) 25 km Precision ,Health Care,Local Health Care Provider,Ground-Launched,Shelling,Vigilante,Rapid Support Forces,Health Worker
2024-07-02,,Sudan,SDN,North Darfur State,13.6,25.3,(2) 25 km Precision ,Health Care,Local Health Care Provider,Ground-Launched,Shelling,Vigilante,Rapid Support Forces,Health Infrastructure
2024-07-02,,Ukraine,UKR,Kherson Oblast,46.6,32.6,(2) 25 km Precision ,Education,Local Education Provider,Ground-Launched,Shelling,Foreign Forces: Military,Armed Forces of the Russian Federation,Education Infrastructure
2024-07-02,,Ukraine,UKR,Kherson Oblast,46.6,32.6,(2) 25 km Precision ,Health Care,Local Health Care Provider,Ground-Launched,Shelling,Foreign Forces: Military,Armed Forces of the Russian Federation,Health Infrastructure
2024-07-02,,Iraq,IRQ,Iraqi Kurdistan Region,36.7,42.7,(2) 25 km Precision ,Protection,IDP/Refugee Service,Directly-Emplaced,Unspecified IED,No Information,Unidentified Armed Actor,Protection Infrastructure
2024-07-02,,Ukraine,UKR,Dnipropetrovsk Oblast,47.5,34.3,(2) 25 km Precision ,Health Care,Local Health Care Provider,Ground-Launched,Artillery,Foreign Forces: Military,Armed Forces of the Russian Federation,Health Infrastructure
2024-07-01,,Ukraine,UKR,Beryslav Raion,47.3,33.9,(2) 25 km Precision ,Health Care,Local Health Care Provider,Ground-Launched,Artillery,Foreign Forces: Military,Armed Forces of the Russian Federation,Health Infrastructure
2024-07-01,,Sudan,SDN,North Darfur State,13.6,25.3,"(3) District, Communicipality or Commune ",Education,Local Education Provider,Ground-Launched,Shelling,Vigilante,Rapid Support Forces,Education Infrastructure
2024-07-01,,Ukraine,UKR,Kherson Oblast,46.6,32.5,(2) 25 km Precision ,Health Care,Local Health Care Provider,Ground-Launched,Artillery,Foreign Forces: Military,Armed Forces of the Russian Federation,Health Infrastructure
2024-06-30,,Ukraine,UKR,Donetsk Oblast,48.7,37.9,(2) 25 km Precision ,Health Care,Local Health Care Provider,Ground-Launched,Mortar,Foreign Forces: Military,Armed Forces of the Russian Federation,Health Worker
2024-06-30,,Ukraine,UKR,Donetsk Oblast,48.1,37.5,(2) 25 km Precision ,Health Care,Local Health Care Provider,Unspecified Launch Method,Unspecified Explosive,Foreign Forces: Military,Armed Forces of the Russian Federation,Health Worker
2024-06-30,,Ukraine,UKR,Kharkiv Oblast,49.9,36.2,(2) 25 km Precision ,Health Care,Local Health Care Provider,Air-Launched: Plane,Aerial Bomb,Foreign Forces: Military,Armed Forces of the Russian Federation,Health Infrastructure
2024-06-30,,Russia,RUS,Central Federal District,51.6,36.9,(2) 25 km Precision ,Education,Local Education Provider,Air-Launched: Drone,Aerial Bomb,Foreign Forces: Military,Armed Forces of Ukraine,Education Infrastructure
2024-06-29,,Ukraine,UKR,Kharkiv Oblast,49.6,37.6,(2) 25 km Precision ,Education,Local Education Provider,Ground-Launched,Artillery,Foreign Forces: Military,Armed Forces of the Russian Federation,Education Infrastructure
2024-06-29,,Myanmar,MMR,Rakhine,20.2,92.8,(2) 25 km Precision ,Health Care,Local Health Care Provider,Air-Launched: Plane,Aerial Bomb,Other,Myanmar Armed Forces,Health Infrastructure
2024-06-29,,Myanmar,MMR,Rakhine,20.2,92.8,(2) 25 km Precision ,Education,Local Education Provider,Air-Launched: Plane,Aerial Bomb,Other,Myanmar Armed Forces,Education Infrastructure
2024-06-29,,Ukraine,UKR,Zaporizhia Oblast,47.9,35.4,(2) 25 km Precision ,Education,Local Education Provider,Unspecified Launch Method,Unspecified Explosive,Foreign Forces: Military,Armed Forces of the Russian Federation,Education Infrastructure
2024-06-29,,Sudan,SDN,Al Khartum,15.6,32.4,(2) 25 km Precision ,"Health Care, Aid Operations",INGO,Ground-Launched,Shelling,No Information,Unidentified Armed Actor,Aid Infrastructure
2024-06-29,,Myanmar,MMR,Shan State,22.3,96.7,(2) 25 km Precision ,Health Care,Private Health Care,Air-Launched: Plane,Aerial Bomb,Other,Myanmar Armed Forces,Health Infrastructure
2024-06-29,,Myanmar,MMR,Shan State,22.5,97.0,(2) 25 km Precision ,Health Care,Local Health Care Provider,Ground-Launched,Artillery,Multiple,"Myanmar Armed Forces, Ta'ang National Liberation Army",Health Worker
2024-06-29,,Ukraine,UKR,Zaporizhia Oblast,47.9,35.4,(2) 25 km Precision ,Education,Local Education Provider,Unspecified Launch Method,Unspecified Explosive,Foreign Forces: Military,Armed Forces of the Russian Federation,Education Infrastructure
2024-06-29,,Nigeria,NGA,Borno State,11.0,13.7,(2) 25 km Precision ,Health Care,Local Health Care Provider,Directly-emplaced,Unspecified Explosive,NSA,Boko Haram,Health Infrastructure
2024-06-29,,Ukraine,UKR,Kharkiv Oblast,49.6,37.6,(2) 25 km Precision ,Health Care,Local Health Care Provider,Ground-Launched,Artillery,Foreign Forces: Military,Armed Forces of the Russian Federation,Multiple
2024-06-29,,Sudan,SDN,North Darfur State,13.6,25.3,(2) 25 km Precision ,Protection,IDP/Refugee Service,Ground-Launched,Artillery,Vigilante,Rapid Support Forces,Protection Infrastructure
2024-06-29,,Ukraine,UKR,Zaporizhia Oblast,47.9,35.4,(2) 25 km Precision ,Education,Local Education Provider,Unspecified Launch Method,Unspecified Explosive,Foreign Forces: Military,Armed Forces of the Russian Federation,Education Infrastructure
2024-06-28,,Ukraine,UKR,Dnipropetrovsk Oblast,48.4,35.0,(2) 25 km Precision ,Education,Local Education Provider,Unspecified Launch Method,Unspecified Explosive,Foreign Forces: Military,Armed Forces of the Russian Federation,Education Infrastructure
2024-06-28,,Ukraine,UKR,Dnipropetrovsk Oblast,48.4,35.0,(2) 25 km Precision ,Protection,IDP/Refugee Service,Unspecified Launch Method,Unspecified Explosive,Foreign Forces: Military,Armed Forces of the Russian Federation,Protection Infrastructure
2024-06-28,,Sudan,SDN,North Darfur State,13.6,25.3,(2) 25 km Precision ,Protection,IDP/Refugee Service,Ground-Launched,Shelling,Vigilante,Rapid Support Forces,Protection Infrastructure
2024-06-28,,Ukraine,UKR,Dnipropetrovsk Oblast,48.4,35.0,(2) 25 km Precision ,Aid Operations,United Nations,Unspecified Launch Method,Unspecified Explosive,Foreign Forces: Military,Armed Forces of the Russian Federation,Other
2024-06-27,,Sudan,SDN,North Darfur State,13.6,25.3,"(3) District, Communicipality or Commune ",Education,Local Education Provider,Ground-Launched,Artillery,NSA,Unidentified Armed Actor,Education Infrastructure
2024-06-27,,Myanmar,MMR,Shan State,22.3,96.7,(2) 25 km Precision ,Health Care,Local Health Care Provider,Air-Launched: Plane,Aerial Bomb,Other,Myanmar Armed Forces,Health Infrastructure
2024-06-27,,Ukraine,UKR,Kherson Oblast,47.4,33.9,(2) 25 km Precision ,"Health Care, Aid Operations",INGO,Air-Launched: Drone,Aerial Bomb,Foreign Forces: Military,Armed Forces of the Russian Federation,Health Infrastructure
2024-06-27,,Ukraine,UKR,Shevchenkivskyi district,50.4,30.5,"(3) District, Communicipality or Commune ","Health Care, Aid Operations","Local Health Care Provider, NGO",Unspecified Launch Method,Unspecified Explosive,Foreign Forces: Military,Armed Forces of the Russian Federation,Health Worker
2024-06-27,,Sudan,SDN,North Darfur State,13.6,25.3,(2) 25 km Precision ,"Health Care, Food Security",Local Health Care Provider,Ground-Launched,Shelling,Vigilante,Rapid Support Forces,Health Infrastructure
2024-06-27,,Syria,SYR,Deir ez-Zor Governorate,35.2,40.2,"(3) District, Communicipality or Commune ",Health Care,Local Health Care Provider,Directly-Emplaced,Hand Grenade,NSA,Islamic State,Health Infrastructure
2024-06-27,,Myanmar,MMR,Sagaing Region,22.3,95.1,(2) 25 km Precision ,Education,Local Education Provider,Unspecified Launch Method,Unspecified Explosive,Other,People's Defence Force (Myanmar),Education Infrastructure
2024-06-27,,Myanmar,MMR,Sagaing Region,22.3,95.1,(2) 25 km Precision ,Education,Local Education Provider,Unspecified Launch Method,Unspecified Explosive,Other,People's Defence Force (Myanmar),Education Infrastructure
2024-06-27,,Ukraine,UKR,Kherson Oblast,46.6,33.8,(2) 25 km Precision ,Health Care,Local Health Care Provider,Air-Launched: Plane,Aerial Bomb,Foreign Forces: Military,Armed Forces of the Russian Federation,Health Worker
2024-06-27,,Sudan,SDN,North Darfur State,13.6,25.3,(2) 25 km Precision ,"Health Care, Protection, Aid Operations, Food Security","IDP/Refugee Service, Local Health Care Provider, UN Agency",Ground-Launched,Artillery,Vigilante,Rapid Support Forces,Multiple
2024-06-26,,OPT,PSE,West Bank,,,censored,Protection,IDP/Refugee Service,Unspecified Launch Method,Unspecified Explosive,Multiple,Unidentified Armed Actor,Protection Infrastructure
2024-06-26,,Russia,RUS,Central Federal District,51.6,34.7,(2) 25 km Precision ,Education,Local Education Provider,Air-Launched: Drone,Aerial Bomb,Foreign Forces: Military,Armed Forces of Ukraine,Education Infrastructure
2024-06-26,,Ukraine,UKR,Kharkiv Oblast,49.3,37.6,(2) 25 km Precision ,Health Care,Local Health Care Provider,Ground-Launched,Shelling,Foreign Forces: Military,Armed Forces of the Russian Federation,Health Infrastructure
2024-06-26,,Sudan,SDN,North Darfur State,13.6,25.3,"(3) District, Communicipality or Commune ",Education,Local Education Provider,Unspecified Launch Method,Unspecified Explosive,Vigilante,Rapid Support Forces,Education Infrastructure
2024-06-26,,OPT,PSE,West Bank,,,censored,Protection,IDP/Refugee Service,"NotAnswered, Unspecified Launch Method","NotAnswered, Unspecified Explosive",Multiple,Unidentified Armed Actor,Protection Infrastructure
2024-06-26,,OPT,PSE,West Bank,,,censored,Protection,IDP/Refugee Service,"NotAnswered, Unspecified Launch Method","NotAnswered, Unspecified Explosive",Multiple,Unidentified Armed Actor,Protection Infrastructure
2024-06-26,,Ukraine,UKR,Kherson Oblast,46.6,32.6,"(3) District, Communicipality or Commune ",Aid Operations,NGO,Unspecified Launch Method,Unspecified Explosive,Foreign Forces: Military,Armed Forces of the Russian Federation,Multiple
2024-06-26,,Ukraine,UKR,Kharkiv Oblast,49.3,37.6,(2) 25 km Precision ,Health Care,Local Health Care Provider,Ground-Launched,Shelling,Foreign Forces: Military,Armed Forces of the Russian Federation,Health Infrastructure
2024-06-26,,Ukraine,UKR,Dniprovskyi district,50.4,30.5,(2) 25 km Precision ,Aid Operations,Government Aid Agency,Ground-Launched,Shelling,Foreign Forces: Military,Armed Forces of the Russian Federation,Multiple
2024-06-25,,Myanmar,MMR,Sagaing Region,22.5,95.7,(2) 25 km Precision ,Education,Local Education Provider,Unspecified Launch Method,Unspecified Explosive,Other,People's Defence Force (Myanmar),Education Infrastructure
2024-06-25,,Sudan,SDN,North Darfur State,13.6,25.3,(2) 25 km Precision ,Health Care,Local Health Care Provider,Ground-Launched,Mortar,Vigilante,Rapid Support Forces,Health Infrastructure
2024-06-25,,Ukraine,UKR,Kyiv Oblast,50.3,30.9,(2) 25 km Precision ,Education,Local Education Provider,Ground-Launched,Shelling,Foreign Forces: Military,Armed Forces of the Russian Federation,Education Infrastructure
2024-06-25,,Ukraine,UKR,Kharkiv Oblast,49.9,36.2,"(3) District, Communicipality or Commune ",Education,Local Education Provider,Air-Launched: Plane,Missile,Foreign Forces: Military,Armed Forces of the Russian Federation,Education Infrastructure
2024-06-25,,Ukraine,UKR,Kharkiv Oblast,50.3,35.9,(2) 25 km Precision ,Education,Local Education Provider,Ground-Launched,Missile,Foreign Forces: Military,Armed Forces of the Russian Federation,Education Infrastructure
2024-06-24,,Ukraine,UKR,Kherson Oblast,46.6,32.5,(2) 25 km Precision ,Health Care,Local Health Care Provider,Ground-Launched,Rocket,Foreign Forces: Military,Armed Forces of the Russian Federation,Health Infrastructure
2024-06-24,,Chechnya,RUS,Central Federal District,50.5,35.5,(2) 25 km Precision ,Education,Local Education Provider,Ground-Launched,Missile,Foreign Forces: Military,Armed Forces of Ukraine,Education Infrastructure
2024-06-24,,Ukraine,UKR,Donetsk Oblast,48.2,37.1,(2) 25 km Precision ,Health Care,Local Health Care Provider,Unspecified Launch Method,Missile,Foreign Forces: Military,Armed Forces of the Russian Federation,Health Worker
2024-06-24,,Lebanon,LBN,Nabatieh Governorate,33.2,35.3,censored by HDX,Aid Operations,Government Aid Agency,Ground-Launched,Mortar,Foreign Forces: Military,Israeli Defence Forces,Other
2024-06-23,,Ukraine,UKR,Kharkiv Oblast,49.9,36.2,"(3) District, Communicipality or Commune ",Education,Local Education Provider,Air-Launched: Plane,Aerial Bomb,Foreign Forces: Military,Armed Forces of the Russian Federation,Education Infrastructure
2024-06-23,,Ukraine,UKR,Dnipropetrovsk Oblast,47.5,34.3,(2) 25 km Precision ,Health Care,Local Health Care Provider,Ground-Launched,Artillery,Foreign Forces: Military,Armed Forces of the Russian Federation,Health Infrastructure
2024-06-23,,Sudan,SDN,North Darfur State,13.6,25.3,(2) 25 km Precision ,Health Care,Local Health Care Provider,Ground-Launched,Artillery,Vigilante,Rapid Support Forces,Health Infrastructure
2024-06-23,,Ukraine,UKR,Dnipropetrovsk Oblast,47.5,34.3,(2) 25 km Precision ,Health Care,Local Health Care Provider,Ground-Launched,Artillery,Foreign Forces: Military,Armed Forces of the Russian Federation,Health Infrastructure
2024-06-23,,Ukraine,UKR,Kyiv Oblast,50.1,30.3,(2) 25 km Precision ,Health Care,Local Health Care Provider,Ground-Launched,Missile,Foreign Forces: Military,Armed Forces of the Russian Federation,Health Infrastructure
2024-06-23,,Ukraine,UKR,Kyiv Oblast,50.1,30.3,(2) 25 km Precision ,Health Care,Local Health Care Provider,Ground-Launched,Missile,Foreign Forces: Military,Armed Forces of the Russian Federation,Health Infrastructure
2024-06-23,,Ukraine,UKR,Kyiv Oblast,50.1,30.3,(2) 25 km Precision ,Health Care,Local Health Care Provider,Ground-Launched,Missile,Foreign Forces: Military,Armed Forces of the Russian Federation,Health Infrastructure
2024-06-23,,Ukraine,UKR,Kyiv Oblast,50.1,30.3,(2) 25 km Precision ,Health Care,Local Health Care Provider,Ground-Launched,Missile,Foreign Forces: Military,Armed Forces of the Russian Federation,Health Infrastructure
2024-06-22,,Ukraine,UKR,Kharkiv Oblast,49.9,36.2,(2) 25 km Precision ,Health Care,Local Health Care Provider,Air-Launched: Plane,Aerial Bomb,Foreign Forces: Military,Armed Forces of the Russian Federation,Health Infrastructure
2024-06-22,,Ukraine,UKR,Kharkiv Oblast,49.9,36.2,(2) 25 km Precision ,Health Care,Local Health Care Provider,Air-Launched: Plane,Aerial Bomb,Foreign Forces: Military,Armed Forces of the Russian Federation,Health Infrastructure
2024-06-22,,Ukraine,UKR,Kharkiv Oblast,49.9,36.2,"(3) District, Communicipality or Commune ",Education,Local Education Provider,Unspecified Launch Method,Unspecified Explosive,Foreign Forces: Military,Armed Forces of the Russian Federation,Education Infrastructure
2024-06-21,,Myanmar,MMR,Rakhine,18.6,94.3,(2) 25 km Precision ,Health Care,Local Health Care Provider,Air-Launched: Plane,Aerial Bomb,Other,Myanmar Armed Forces,Health Infrastructure
2024-06-21,,Myanmar,MMR,Rakhine,18.6,94.2,(2) 25 km Precision ,Education,Local Education Provider,Air-Launched: Plane,Aerial Bomb,Other,Myanmar Armed Forces,Education Infrastructure
2024-06-21,,Ukraine,UKR,Dnipropetrovsk Oblast,47.9,33.5,(2) 25 km Precision ,Education,Local Education Provider,Ground-Launched,Rocket,Foreign Forces: Military,Armed Forces of the Russian Federation,Education Infrastructure
2024-06-21,,Ukraine,UKR,Dnipropetrovsk Oblast,47.9,33.5,(2) 25 km Precision ,Education,Local Education Provider,Ground-Launched,Rocket,Foreign Forces: Military,Armed Forces of the Russian Federation,Education Infrastructure
2024-06-21,,Ukraine,UKR,Dnipropetrovsk Oblast,47.9,33.5,(2) 25 km Precision ,Education,Local Education Provider,Ground-Launched,Rocket,Foreign Forces: Military,Armed Forces of the Russian Federation,Education Infrastructure
2024-06-21,,Sudan,SDN,Al Khartum,15.6,32.4,(2) 25 km Precision ,"Health Care, Aid Operations",INGO,Ground-Launched,Shelling,Vigilante,Rapid Support Forces,Health Infrastructure
2024-06-20,,Ukraine,UKR,Kharkiv Oblast,50.2,36.4,(2) 25 km Precision ,Health Care,Local Health Care Provider,Air-Launched: Plane,Aerial Bomb,Foreign Forces: Military,Armed Forces of the Russian Federation,Health Infrastructure
2024-06-19,,DRC,COD,South Kivu,-3.2,27.8,(2) 25 km Precision ,Protection,IDP/Refugee Service,Directly-Emplaced,Hand Grenade,NSA,Unidentified Armed Actor,Other
2024-06-19,,Sudan,SDN,North Darfur State,13.6,25.3,(2) 25 km Precision ,Protection,IDP/Refugee Service,Unspecified Launch Method,Unspecified Explosive,Vigilante,Rapid Support Forces,Protection Infrastructure
2024-06-19,,Ukraine,UKR,Mykolaiv Oblast,46.6,31.8,(2) 25 km Precision ,Health Care,Local Health Care Provider,Ground-Launched,Artillery,Foreign Forces: Military,Armed Forces of the Russian Federation,Health Infrastructure
2024-06-19,,Sudan,SDN,Aj Jazira,14.5,32.9,(2) 25 km Precision ,Health Care,Local Health Care Provider,Ground-Launched,Shelling,Vigilante,Rapid Support Forces,Health Worker
2024-06-19,,Mali,MLI,Kidal,18.4,2.4,(2) 25 km Precision ,Education,Local Education Provider,Air-Launched: Plane,Aerial Bomb,Other,Mali Armed Forces,Education Infrastructure
2024-06-19,,Ukraine,UKR,No Information,49.4,31.2,(6) Country,Health Care,Local Health Care Provider,Ground-Launched,Shelling,Foreign Forces: Military,Armed Forces of the Russian Federation,Health Worker
2024-06-19,,Myanmar,MMR,Sagaing Region,21.8,95.9,"(3) District, Communicipality or Commune ",Education,Local Education Provider,Air-Launched: Drone,Aerial Bomb,Other,People's Defence Force (Myanmar),Education Infrastructure
2024-06-19,,Myanmar,MMR,Sagaing Region,22.1,95.1,"(3) District, Communicipality or Commune ",Education,Local Education Provider,Directly-Emplaced,Mine,No Information,Unidentified Armed Actor,Education Infrastructure
2024-06-19,,Myanmar,MMR,Sagaing Region,21.9,95.5,(2) 25 km Precision ,Education,Local Education Provider,Unspecified Launch Method,Unspecified Explosive,Other,People's Defence Force (Myanmar),Education Infrastructure
2024-06-19,,Sudan,SDN,Al Khartum,15.6,32.4,(2) 25 km Precision ,"Health Care, Aid Operations","INGO, Local Health Care Provider",Ground-Launched,Shelling,Vigilante,Rapid Support Forces,Health Infrastructure
2024-06-19,,Ukraine,UKR,Kherson Oblast,46.6,32.6,(2) 25 km Precision ,Health Care,Local Health Care Provider,Ground-Launched,Rocket,Foreign Forces: Military,Armed Forces of the Russian Federation,Multiple
2024-06-18,,Sudan,SDN,North Darfur State,13.6,25.3,(2) 25 km Precision ,"Protection, Aid Operations, Food Security","IDP/Refugee Service, NGO",Ground-Launched,Artillery,Vigilante,Rapid Support Forces,Food Infrastructure
2024-06-18,,Sudan,SDN,North Darfur State,13.6,25.3,"(3) District, Communicipality or Commune ",Education,Local Education Provider,"Ground-Launched, Unspecified Launch Method","Shelling, Unspecified Explosive",Multiple,"Rapid Support Forces, Sudanese Armed Forces",Education Infrastructure
2024-06-17,,Lebanon,LBN,Nabatieh Governorate,33.2,35.3,censored by HDX,"Health Care, Aid Operations",LNGO,Ground-Launched,Artillery,Foreign Forces: Military,Israeli Defence Forces,Health Infrastructure
2024-06-17,,Myanmar,MMR,Rakhine,18.8,94.2,"(3) District, Communicipality or Commune ",Education,Local Education Provider,Unspecified Launch Method,Unspecified Explosive,Other,Myanmar Armed Forces,Education Infrastructure
2024-06-17,,Myanmar,MMR,Sagaing Region,21.9,95.5,(2) 25 km Precision ,Education,Local Education Provider,Unspecified Launch Method,Unspecified Explosive,Other,People's Defence Force (Myanmar),Education Infrastructure
2024-06-16,,Ukraine,UKR,Kharkiv Oblast,49.2,37.6,(2) 25 km Precision ,Health Care,Local Health Care Provider,Ground-Launched,Shelling,Foreign Forces: Military,Armed Forces of the Russian Federation,Health Infrastructure
2024-06-15,,Ukraine,UKR,No Information,49.4,31.2,(6) Country,Health Care,Local Health Care Provider,Ground-Launched,Missile,Foreign Forces: Military,Armed Forces of the Russian Federation,Health Infrastructure
2024-06-15,,Myanmar,MMR,Sagaing Region,23.3,95.5,(2) 25 km Precision ,Education,Local Education Provider,Air-Launched: Plane,Aerial Bomb,Other,Myanmar Armed Forces,Education Infrastructure
2024-06-15,,Myanmar,MMR,Rakhine,20.1,93.0,(2) 25 km Precision ,Education,Local Education Provider,Air-Launched: Plane,Aerial Bomb,Other,Myanmar Armed Forces,Education Infrastructure
2024-06-14,,Ukraine,UKR,No Information,49.4,31.2,(6) Country,Health Care,Local Health Care Provider,Unspecified Launch Method,Unspecified Explosive,Foreign Forces: Military,Armed Forces of the Russian Federation,Health Worker
2024-06-14,,Myanmar,MMR,Tanintharyi Region,12.9,98.9,(2) 25 km Precision ,Health Care,Local Health Care Provider,Air-Launched: Plane,Aerial Bomb,Other,Myanmar Armed Forces,Health Infrastructure
2024-06-13,,Myanmar,MMR,Sagaing Region,22.6,95.3,(2) 25 km Precision ,Education,Local Education Provider,Air-Launched: Drone,Aerial Bomb,Other,Myanmar Armed Forces,Education Infrastructure
2024-06-13,,Lebanon,LBN,South Governorate,33.3,35,censored by HDX,Health Care,Other,Air-Launched: Plane,Aerial Bomb,Foreign Forces: Military,Israeli Defence Forces,Health Worker
2024-06-13,,Myanmar,MMR,Chin,21.6,93.4,(2) 25 km Precision ,Health Care,Local Health Care Provider,Air-Launched: Plane,Aerial Bomb,Other,Myanmar Armed Forces,Health Infrastructure
2024-06-13,,Myanmar,MMR,Sagaing Region,22.7,95.4,(2) 25 km Precision ,Health Care,Local Health Care Provider,Air-Launched: Drone,Aerial Bomb,Other,People's Defence Force (Myanmar),Health Infrastructure
2024-06-12,,Colombia,COL,RAP Pacífico,2.9,-76.6,(2) 25 km Precision ,Health Care,Local Health Care Provider,Air-Launched: Drone,Aerial Bomb,NSA,Fuerzas Armadas Revolucionarias de Colombia,Health Infrastructure
2024-06-12,,Ukraine,UKR,Dnipropetrovsk Oblast,47.9,33.5,(2) 25 km Precision ,Education,Local Education Provider,Unspecified Launch Method,Unspecified Explosive,Foreign Forces: Military,Armed Forces of the Russian Federation,Education Infrastructure
2024-06-12,,Lebanon,LBN,Nabatieh Governorate,33.2,35.3,censored by HDX,Health Care,Local Health Care Provider,Air-Launched: Drone,Aerial Bomb,Foreign Forces: Military,Israeli Defence Forces,Health Worker
2024-06-12,,Ukraine,UKR,Luhansk Oblast,48.9,38.2,(2) 25 km Precision ,Health Care,Local Health Care Provider,Unspecified Launch Method,Unspecified Explosive,Foreign Forces: Military,Armed Forces of the Russian Federation,Health Worker
2024-06-11,,Myanmar,MMR,Chin,21.1,94.0,(2) 25 km Precision ,Education,Local Education Provider,Air-Launched: Plane,Aerial Bomb,Other,Myanmar Armed Forces,Education Infrastructure
2024-06-11,,Ukraine,UKR,Dnipropetrovsk Oblast,47.5,34.3,(2) 25 km Precision ,Health Care,Local Health Care Provider,Air-Launched: Drone,Aerial Bomb,Foreign Forces: Military,Armed Forces of the Russian Federation,Health Infrastructure
2024-06-11,,Chechnya,RUS,Central Federal District,50.4,37.0,(2) 25 km Precision ,Education,Local Education Provider,Air-Launched: Drone,Aerial Bomb,Foreign Forces: Military,Armed Forces of Ukraine,Education Infrastructure
2024-06-11,,Sudan,SDN,North Darfur State,13.6,25.3,"(3) District, Communicipality or Commune ","Aid Operations, Food Security",NGO,Unspecified Launch Method,Unspecified Explosive,Vigilante,Rapid Support Forces,Food Infrastructure
2024-06-11,,Chechnya,RUS,Central Federal District,50.4,37.0,(2) 25 km Precision ,Education,Local Education Provider,Air-Launched: Drone,Aerial Bomb,Foreign Forces: Military,Armed Forces of Ukraine,Education Infrastructure
2024-06-11,,Sudan,SDN,North Darfur State,13.5,25.3,(2) 25 km Precision ,Health Care,Local Health Care Provider,Unspecified Launch Method,Unspecified Explosive,Vigilante,Rapid Support Forces,Health Infrastructure
2024-06-11,,Sudan,SDN,North Darfur State,13.5,25.3,(2) 25 km Precision ,Health Care,Local Health Care Provider,Unspecified Launch Method,Unspecified Explosive,Vigilante,Rapid Support Forces,Health Infrastructure
2024-06-10,,Lebanon,LBN,South Governorate,33.3,35,censored by HDX,Health Care,Private Health Care,Unspecified Launch Method,Unspecified Explosive,Foreign Forces: Military,Israeli Defence Forces,Health Infrastructure
2024-06-10,,Ukraine,UKR,Kherson Oblast,46.7,33.0,(2) 25 km Precision ,Health Care,Local Health Care Provider,Air-Launched: Plane,Aerial Bomb,Foreign Forces: Military,Armed Forces of the Russian Federation,Health Infrastructure
2024-06-10,,Lebanon,LBN,Nabatieh Governorate,33.2,35.3,censored by HDX,Health Care,Other,Unspecified Launch Method,Unspecified Explosive,Foreign Forces: Military,Israeli Defence Forces,Health Infrastructure
2024-06-10,,Lebanon,LBN,South Governorate,33.3,35,censored by HDX,Health Care,Other,Unspecified Launch Method,Unspecified Explosive,Foreign Forces: Military,Israeli Defence Forces,Health Infrastructure
2024-06-10,,Lebanon,LBN,Nabatieh Governorate,33.2,35.3,censored by HDX,Health Care,Other,Unspecified Launch Method,Unspecified Explosive,Foreign Forces: Military,Israeli Defence Forces,Health Worker
2024-06-10,,Lebanon,LBN,South Governorate,33.3,35,censored by HDX,Health Care,Other,Unspecified Launch Method,Unspecified Explosive,Foreign Forces: Military,Israeli Defence Forces,Health Infrastructure
2024-06-10,,Myanmar,MMR,Kachin State,25.3,97.5,(2) 25 km Precision ,Health Care,Local Health Care Provider,Air-Launched: Drone,Aerial Bomb,Other,Myanmar Armed Forces,Health Infrastructure
2024-06-09,,OPT,PSE,Gaza Strip,,,censored,"Health Care, Aid Operations",NGO,Ground-Launched,Mortar,NSA,Qassam Brigades,Health Infrastructure
2024-06-09,,Ukraine,UKR,Kharkiv Oblast,49.8,37.6,"(3) District, Communicipality or Commune ",Health Care,Local Health Care Provider,Unspecified Launch Method,Missile,Foreign Forces: Military,Armed Forces of the Russian Federation,Health Worker
2024-06-08,,Myanmar,MMR,Sagaing Region,22.1,95.1,"(3) District, Communicipality or Commune ",Education,Local Education Provider,Air-Launched: Plane,Aerial Bomb,Other,Myanmar Armed Forces,Education Infrastructure
2024-06-08,,Ukraine,UKR,Kherson Oblast,46.6,32.4,(2) 25 km Precision ,Health Care,Local Health Care Provider,Air-Launched: Drone,Aerial Bomb,Foreign Forces: Military,Armed Forces of the Russian Federation,Health Infrastructure
2024-06-08,,Ukraine,UKR,Kharkiv Oblast,50.1,36.3,(2) 25 km Precision ,Health Care,Local Health Care Provider,Ground-Launched,Artillery,Foreign Forces: Military,Armed Forces of the Russian Federation,Health Infrastructure
2024-06-08,,Sudan,SDN,North Darfur State,13.6,25.3,(2) 25 km Precision ,"Health Care, Protection, Aid Operations","IDP/Refugee Service, INGO",Ground-Launched,Shelling,No Information,Unidentified Armed Actor,Health Infrastructure
2024-06-08,,Ukraine,UKR,Kherson Oblast,46.5,32.3,(2) 25 km Precision ,Health Care,Local Health Care Provider,Air-Launched: Drone,Aerial Bomb,Foreign Forces: Military,Armed Forces of the Russian Federation,Health Infrastructure
2024-06-08,,Lebanon,LBN,Nabatieh Governorate,33.2,35.3,censored by HDX,Health Care,Other,Unspecified Launch Method,Unspecified Explosive,Foreign Forces: Military,Israeli Defence Forces,Health Infrastructure
2024-06-07,,Ukraine,UKR,Poltava Oblast,49.5,34.5,(2) 25 km Precision ,Health Care,Local Health Care Provider,Ground-Launched,Shelling,Foreign Forces: Military,Armed Forces of the Russian Federation,Health Worker
2024-06-07,,India,IND,Manipur,24.8,93.9,(2) 25 km Precision ,Health Care,Local Health Care Provider,Directly-Emplaced,Hand Grenade,NSA,Unidentified Armed Actor,Health Infrastructure
2024-06-07,,Ukraine,UKR,Kharkiv Oblast,49.8,36.6,(2) 25 km Precision ,Health Care,Local Health Care Provider,Air-Launched: Drone,Aerial Bomb,Foreign Forces: Military,Armed Forces of the Russian Federation,Health Infrastructure
2024-06-06,,Myanmar,MMR,Sagaing Region,24.3,94.8,(2) 25 km Precision ,Health Care,Local Health Care Provider,Air-Launched: Plane,Aerial Bomb,Other,Myanmar Armed Forces,Health Infrastructure
2024-06-06,,Lebanon,LBN,South Governorate,33.3,35,censored by HDX,Health Care,Local Health Care Provider,Air-Launched: Plane,Aerial Bomb,Foreign Forces: Military,Israeli Defence Forces,Health Infrastructure
2024-06-05,,Burkina Faso,BFA,East,11.0,0.7,(2) 25 km Precision ,Health Care,Local Health Care Provider,Ground-Launched,Shelling,NSA,Jama'at Nasr al-Islam wal Muslimin,Health Infrastructure
2024-06-05,,Ukraine,UKR,Kherson Oblast,46.6,32.6,(2) 25 km Precision ,Health Care,Private Health Care,Ground-Launched,Artillery,Foreign Forces: Military,Armed Forces of the Russian Federation,Health Infrastructure
2024-06-05,,OPT,PSE,Gaza Strip,,,censored,Education,Local Education Provider,UXO,UXO,No Information,Unidentified Armed Actor,Education Infrastructure
2024-06-05,,Myanmar,MMR,Mandalay,23.2,95.9,(2) 25 km Precision ,Health Care,Local Health Care Provider,Unspecified Launch Method,Unspecified Explosive,Other,Local Defense Forces,Health Infrastructure
2024-06-04,,Ukraine,UKR,Dnipropetrovsk Oblast,48.4,35.0,(2) 25 km Precision ,Education,Local Education Provider,Ground-Launched,Missile,Foreign Forces: Military,Armed Forces of the Russian Federation,Education Infrastructure
2024-06-04,,Myanmar,MMR,Tanintharyi Region,14.0,98.1,"(3) District, Communicipality or Commune ",Education,Local Education Provider,Directly-Emplaced,Unspecified IED,No Information,Unidentified Armed Actor,Education Infrastructure
2024-06-04,,Myanmar,MMR,Rakhine,18.4,94.3,(2) 25 km Precision ,Education,Local Education Provider,Ground-Launched,Shelling,Other,Myanmar Armed Forces,Education Infrastructure
2024-06-04,,Ukraine,UKR,Dnipropetrovsk Oblast,48.4,35.0,(2) 25 km Precision ,Health Care,Local Health Care Provider,Ground-Launched,Missile,Foreign Forces: Military,Armed Forces of the Russian Federation,Health Infrastructure
2024-06-04,,Myanmar,MMR,Magway,21.4,94.5,(2) 25 km Precision ,Health Care,Local Health Care Provider,Air-Launched: Plane,Aerial Bomb,Other,Myanmar Armed Forces,Health Infrastructure
2024-06-04,,Yemen,YEM,Ta'izz Governorate,13.3,44.1,(2) 25 km Precision ,"Health Care, Food Security","Food Provider, Local Health Care Provider",None,Unspecified Explosive,Other,Yemen Armed Forces,Multiple
2024-06-04,,Ukraine,UKR,Dnipropetrovsk Oblast,48.4,35.0,(2) 25 km Precision ,Health Care,Local Health Care Provider,Ground-Launched,Missile,Foreign Forces: Military,Armed Forces of the Russian Federation,Health Infrastructure
2024-06-04,,Ukraine,UKR,Dnipropetrovsk Oblast,48.4,35.0,(2) 25 km Precision ,Aid Operations,NGO,Ground-Launched,Missile,Foreign Forces: Military,Armed Forces of the Russian Federation,Aid Infrastructure
2024-06-03,,India,IND,Manipur,24.7,93.9,"(3) District, Communicipality or Commune ",Education,Local Education Provider,Directly-Emplaced,Hand Grenade,No Information,Unidentified Armed Actor,Teacher/Student
2024-06-03,,Sudan,SDN,North Darfur State,13.6,25.3,(2) 25 km Precision ,"Health Care, Aid Operations",INGO,Ground-Launched,Shelling,Vigilante,Rapid Support Forces,Health Infrastructure
2024-06-03,,Myanmar,MMR,Sagaing Region,22.7,95.4,(2) 25 km Precision ,Health Care,Local Health Care Provider,Air-Launched: Drone,Aerial Bomb,Other,People's Defence Force (Myanmar),Health Infrastructure
2024-06-03,,Lebanon,LBN,South Governorate,33.3,35,censored by HDX,Health Care,Private Health Care,Air-Launched: No Information on Platform Type,Aerial Bomb,Foreign Forces: Military,Israeli Defence Forces,Private/Voluntary Aid
2024-06-03,,Lebanon,LBN,South Governorate,33.3,35,censored by HDX,Health Care,Other,Air-Launched: No Information on Platform Type,Aerial Bomb,Foreign Forces: Military,Israeli Defence Forces,Health Worker
2024-06-03,,Pakistan,PAK,Khyber Pakhtunkhwa,34.0,71.1,(2) 25 km Precision ,Education,Private Education,Directly-Emplaced,Unspecified IED,NSA,TTP Tehrik-i-Taliban Pakistan,Education Infrastructure
2024-06-02,,Ukraine,UKR,Kherson Oblast,46.6,32.6,(2) 25 km Precision ,Health Care,Local Health Care Provider,Ground-Launched,Artillery,Foreign Forces: Military,Armed Forces of the Russian Federation,Health Infrastructure
2024-06-02,,Myanmar,MMR,Kachin State,24.2,96.9,(2) 25 km Precision ,Health Care,Local Health Care Provider,Air-Launched: Plane,Aerial Bomb,Other,Myanmar Armed Forces,Health Infrastructure
2024-06-02,,Ukraine,UKR,Kharkiv Oblast,49.1,37.2,(2) 25 km Precision ,Health Care,Local Health Care Provider,Ground-Launched,Missile,Foreign Forces: Military,Armed Forces of the Russian Federation,Health Infrastructure
2024-06-02,,Myanmar,MMR,Mandalay,23.2,95.9,(2) 25 km Precision ,Health Care,Local Health Care Provider,Directly-Emplaced,Mine,Multiple,"Kachin Independence Army, People's Defence Force (Myanmar)",Health Infrastructure
2024-06-02,,Myanmar,MMR,Kachin State,25.3,97.2,(2) 25 km Precision ,Health Care,Local Health Care Provider,Ground-Launched,Shelling,NSA,Kachin Independence Army,Health Infrastructure
2024-06-02,,Lebanon,LBN,South Governorate,33.3,35,censored by HDX,Health Care,Local Health Care Provider,Air-Launched: Plane,Aerial Bomb,Foreign Forces: Military,Israeli Defence Forces,Health Infrastructure
2024-06-02,,Syria,SYR,Al-Hasaka Governorate,37.0,41.0,(2) 25 km Precision ,Health Care,Local Health Care Provider,Ground-Launched,Artillery,Foreign Forces: Military,Armed Forces of Turkey,Health Infrastructure
2024-06-02,,Syria,SYR,Al-Hasaka Governorate,37.0,41.2,(2) 25 km Precision ,Health Care,Local Health Care Provider,Ground-Launched,Artillery,Foreign Forces: Military,Armed Forces of Turkey,Health Infrastructure
2024-06-01,,Somalia,SOM,Bay,3.1,43.6,(2) 25 km Precision ,Aid Operations,LNGO,Directly-Emplaced,Unspecified IED,NSA,Al-Shabaab,Other
2024-06-01,,Ukraine,UKR,Kherson Oblast,46.6,32.5,(2) 25 km Precision ,Health Care,Local Health Care Provider,Ground-Launched,Artillery,Foreign Forces: Military,Armed Forces of the Russian Federation,Health Infrastructure
2024-06-01,,Sudan,SDN,North Darfur State,13.6,25.3,(2) 25 km Precision ,"Health Care, Aid Operations",INGO,Ground-Launched,Shelling,Vigilante,Rapid Support Forces,Health Infrastructure
2024-06-01,,Lebanon,LBN,Nabatieh Governorate,33.2,35.3,censored by HDX,Health Care,Local Health Care Provider,Ground-Launched,Shelling,Foreign Forces: Military,Israeli Defence Forces,Health Infrastructure
2024-06-01,,Lebanon,LBN,Nabatieh Governorate,33.2,35.3,censored by HDX,Health Care,Other,Unspecified Launch Method,Unspecified Explosive,Foreign Forces: Military,Israeli Defence Forces,Health Infrastructure
2024-06-01,,Ukraine,UKR,Vinnytsia Oblast,48.4,27.7,(2) 25 km Precision ,Health Care,Local Health Care Provider,"Air-Launched: Drone, Unspecified Launch Method","Aerial Bomb, Unspecified Explosive",Foreign Forces: Military,"Armed Forces of the Russian Federation, Armed Forces of Ukraine",Health Infrastructure
2024-06-01,,Ukraine,UKR,Kherson Oblast,46.7,32.9,(2) 25 km Precision ,Health Care,Local Health Care Provider,Ground-Launched,Artillery,Foreign Forces: Military,Armed Forces of the Russian Federation,Health Infrastructure
2024-05-31,,OPT,PSE,Gaza Strip,,,censored,"Education, Protection","IDP/Refugee Service, Local Education Provider",UXO,UXO,No Information,Unidentified Armed Actor,Education Infrastructure
2024-05-31,,Somalia,SOM,Bay,3.1,43.6,(2) 25 km Precision ,Aid Operations,United Nations,Directly-Emplaced,Unspecified IED,No Information,Unidentified Armed Actor,Other
2024-05-31,,Lebanon,LBN,Nabatieh Governorate,33.2,35.3,censored by HDX,Health Care,Private Health Care,Unspecified Launch Method,Unspecified Explosive,Foreign Forces: Military,Israeli Defence Forces,Health Infrastructure
2024-05-31,,Ukraine,UKR,Kherson Oblast,46.6,32.5,(2) 25 km Precision ,Health Care,Local Health Care Provider,Ground-Launched,Shelling,Foreign Forces: Military,Armed Forces of the Russian Federation,Health Infrastructure
2024-05-31,,Lebanon,LBN,South Governorate,33.3,35,censored by HDX,Health Care,Private Health Care,Air-Launched: Drone,Aerial Bomb,Foreign Forces: Military,Israeli Defence Forces,Health Infrastructure
2024-05-31,,Ukraine,UKR,Kharkiv Oblast,49.9,36.2,(2) 25 km Precision ,Health Care,Local Health Care Provider,Ground-Launched,Missile,Foreign Forces: Military,Armed Forces of the Russian Federation,Health Infrastructure
2024-05-31,,Sudan,SDN,North Darfur State,13.6,25.3,(2) 25 km Precision ,"Health Care, Aid Operations",INGO,Ground-Launched,Shelling,Vigilante,Rapid Support Forces,Health Infrastructure
2024-05-30,,Ukraine,UKR,Khmelnytskyi Oblast,49.7,27.1,(2) 25 km Precision ,Health Care,Local Health Care Provider,Air-Launched: Drone,Aerial Bomb,Foreign Forces: Military,Armed Forces of the Russian Federation,Health Infrastructure
2024-05-29,,Ukraine,UKR,Dnipropetrovsk Oblast,47.5,34.3,(2) 25 km Precision ,Health Care,Local Health Care Provider,Air-Launched: Drone,Aerial Bomb,Foreign Forces: Military,Armed Forces of the Russian Federation,Health Infrastructure
2024-05-28,,Sudan,SDN,North Darfur State,13.9,23.7,"(3) District, Communicipality or Commune ",Health Care,Local Health Care Provider,Air-Launched: Plane,Aerial Bomb,Other,Sudanese Armed Forces,Health Infrastructure
2024-05-28,,Sudan,SDN,North Darfur State,14.2,24.6,(2) 25 km Precision ,Health Care,Local Health Care Provider,Ground-Launched,Artillery,Vigilante,Rapid Support Forces,Health Infrastructure
2024-05-27,,Lebanon,LBN,Nabatieh Governorate,33.2,35.3,censored by HDX,Health Care,Private Health Care,Air-Launched: Drone,Aerial Bomb,Foreign Forces: Military,Israeli Defence Forces,Health Infrastructure
2024-05-27,,Lebanon,LBN,Nabatieh Governorate,33.2,35.3,censored by HDX,Health Care,Local Health Care Provider,Air-Launched: Plane,Aerial Bomb,Foreign Forces: Military,Israeli Defence Forces,Health Worker
2024-05-27,,Myanmar,MMR,Bago Region,18.9,96.4,"(3) District, Communicipality or Commune ",Education,Local Education Provider,Directly-Emplaced,Unspecified IED,Other,People's Defence Force (Myanmar),Education Infrastructure
2024-05-26,,Myanmar,MMR,Magway,21.1,94.1,(2) 25 km Precision ,Education,Local Education Provider,Ground-Launched,Shelling,Other,Myanmar Armed Forces,Education Infrastructure
2024-05-26,,Sudan,SDN,North Darfur State,13.6,25.3,(2) 25 km Precision ,"Health Care, Aid Operations",INGO,Ground-Launched,Shelling,No Information,Unidentified Armed Actor,Multiple
2024-05-26,,Myanmar,MMR,Chin,23.6,93.6,(2) 25 km Precision ,Education,Local Education Provider,Air-Launched: Plane,Aerial Bomb,Other,Myanmar Armed Forces,Education Infrastructure
2024-05-26,,Myanmar,MMR,Chin,23.3,93.6,(2) 25 km Precision ,Education,Local Education Provider,Air-Launched: Plane,Aerial Bomb,Other,Myanmar Armed Forces,Education Infrastructure
2024-05-26,,Ukraine,UKR,Dnipropetrovsk Oblast,47.5,34.3,(2) 25 km Precision ,Health Care,Local Health Care Provider,Air-Launched: Drone,Aerial Bomb,Foreign Forces: Military,Armed Forces of the Russian Federation,Health Infrastructure
2024-05-26,,Ukraine,UKR,Dnipropetrovsk Oblast,47.5,34.3,(2) 25 km Precision ,Education,Local Education Provider,Air-Launched: Drone,Aerial Bomb,Foreign Forces: Military,Armed Forces of the Russian Federation,Education Infrastructure
2024-05-25,,Ukraine,UKR,Kharkiv Oblast,50.0,36.2,(2) 25 km Precision ,Aid Operations,INGO,Ground-Launched,Missile,Foreign Forces: Military,Armed Forces of the Russian Federation,Other
2024-05-25,,Cameroon,CMR,Northwest,5.9,10.1,(2) 25 km Precision ,Health Care,Local Health Care Provider,Directly-Emplaced,Hand Grenade,NSA,Ambazonian Separatists,Health Infrastructure
2024-05-25,,Sudan,SDN,North Darfur State,13.6,25.3,(2) 25 km Precision ,"Health Care, Aid Operations",INGO,Ground-Launched,Mortar,No Information,Unidentified Armed Actor,Health Infrastructure
2024-05-25,,Sudan,SDN,North Darfur State,13.6,25.3,(2) 25 km Precision ,"Health Care, Aid Operations",INGO,Ground-Launched,Shelling,No Information,Unidentified Armed Actor,Aid Infrastructure
2024-05-25,,Ukraine,UKR,Kharkiv Oblast,49.7,37.6,(2) 25 km Precision ,Health Care,Local Health Care Provider,Ground-Launched,Artillery,Foreign Forces: Military,Armed Forces of the Russian Federation,Health Infrastructure
2024-05-25,,Ukraine,UKR,Kharkiv Oblast,49.7,37.6,(2) 25 km Precision ,Education,Local Education Provider,Ground-Launched,Artillery,Foreign Forces: Military,Armed Forces of the Russian Federation,Education Infrastructure
2024-05-25,,Ukraine,UKR,Kharkiv Oblast,49.6,37.6,(2) 25 km Precision ,Health Care,Local Health Care Provider,Air-Launched: Plane,Aerial Bomb,Foreign Forces: Military,Armed Forces of the Russian Federation,Health Infrastructure
2024-05-25,,Ukraine,UKR,Dnipropetrovsk Oblast,47.5,34.3,(2) 25 km Precision ,Education,Local Education Provider,Air-Launched: Drone,Aerial Bomb,Foreign Forces: Military,Armed Forces of the Russian Federation,Education Infrastructure
2024-05-25,,Ukraine,UKR,Dnipropetrovsk Oblast,47.5,34.3,(2) 25 km Precision ,Health Care,Local Health Care Provider,Air-Launched: Drone,Aerial Bomb,Foreign Forces: Military,Armed Forces of the Russian Federation,Health Infrastructure
2024-05-25,,Ukraine,UKR,Kharkiv Oblast,50.0,36.2,(2) 25 km Precision ,Aid Operations,INGO,Ground-Launched,Missile,Foreign Forces: Military,Armed Forces of the Russian Federation,Other
2024-05-25,,Ukraine,UKR,Kharkiv Oblast,50.0,36.2,(2) 25 km Precision ,Health Care,Local Health Care Provider,Ground-Launched,Missile,Foreign Forces: Military,Armed Forces of the Russian Federation,Health Infrastructure
2024-05-25,,Ukraine,UKR,Kharkiv Oblast,50.0,36.2,(2) 25 km Precision ,Education,Local Education Provider,Ground-Launched,Missile,Foreign Forces: Military,Armed Forces of the Russian Federation,Education Infrastructure
2024-05-24,,Sudan,SDN,North Darfur State,13.6,25.3,(2) 25 km Precision ,"Health Care, Aid Operations",INGO,Unspecified Launch Method,Unspecified Explosive,Vigilante,Rapid Support Forces,Health Infrastructure
2024-05-22,,Burkina Faso,BFA,Boucle du Mouhoun,12.6,-3.7,(2) 25 km Precision ,Education,Local Education Provider,Directly-Emplaced,Unspecified IED,No Information,Unidentified Armed Actor,Teacher/Student
2024-05-22,,Ukraine,UKR,Kharkiv Oblast,49.9,36.2,(2) 25 km Precision ,Education,Local Education Provider,Unspecified Launch Method,Unspecified Explosive,Foreign Forces: Military,Armed Forces of the Russian Federation,Education Infrastructure
2024-05-21,,Ukraine,UKR,Kharkiv Oblast,50.2,35.9,(2) 25 km Precision ,Education,Local Education Provider,Ground-Launched,Shelling,Foreign Forces: Military,Armed Forces of the Russian Federation,Education Infrastructure
2024-05-20,,Ukraine,UKR,Donetsk Oblast,47.9,37.7,"(4) Province, State, Governorate ",Health Care,Local Health Care Provider,Unspecified Launch Method,Unspecified Explosive,Foreign Forces: Military,Armed Forces of the Russian Federation,Health Worker
2024-05-20,,Ukraine,UKR,Dnipropetrovsk Oblast,47.5,34.3,(2) 25 km Precision ,Health Care,Local Health Care Provider,Ground-Launched,Artillery,Foreign Forces: Military,Armed Forces of the Russian Federation,Health Infrastructure
2024-05-20,,Myanmar,MMR,Kachin State,24.2,97.3,(2) 25 km Precision ,Education,Local Education Provider,Air-Launched: Plane,Aerial Bomb,Other,Myanmar Armed Forces,Education Infrastructure
2024-05-20,,Sudan,SDN,North Darfur State,13.6,25.3,(2) 25 km Precision ,Protection,IDP/Refugee Service,Unspecified Launch Method,Unspecified Explosive,Vigilante,Rapid Support Forces,Protection Infrastructure
2024-05-19,,Myanmar,MMR,Bago Region,18.9,96.4,"(3) District, Communicipality or Commune ",Education,Local Education Provider,Air-Launched: Drone,Aerial Bomb,Other,Myanmar Armed Forces,Education Infrastructure
2024-05-19,,Ukraine,UKR,Kharkiv Oblast,50.0,36.2,(2) 25 km Precision ,Health Care,Local Health Care Provider,Ground-Launched,Missile,Foreign Forces: Military,Armed Forces of the Russian Federation,Health Infrastructure
2024-05-19,,Ukraine,UKR,Kharkiv Oblast,49.8,36.3,"(4) Province, State, Governorate ",Education,Local Education Provider,Unspecified Launch Method,Unspecified Explosive,Foreign Forces: Military,Armed Forces of the Russian Federation,Education Infrastructure
2024-05-19,,Sudan,SDN,North Darfur State,13.6,25.3,(2) 25 km Precision ,Health Care,Local Health Care Provider,Ground-Launched,Artillery,Vigilante,Rapid Support Forces,Health Infrastructure
2024-05-19,,Myanmar,MMR,Rakhine,20.8,92.3,"(3) District, Communicipality or Commune ",Health Care,Local Health Care Provider,Air-Launched: Plane,Aerial Bomb,Other,Myanmar Armed Forces,Health Infrastructure
2024-05-19,,Lebanon,LBN,Nabatieh Governorate,33.2,35.3,censored by HDX,Health Care,Local Health Care Provider,Ground-Launched,Shelling,Foreign Forces: Military,Israeli Defence Forces,Health Infrastructure
2024-05-18,,Ukraine,UKR,Dnipropetrovsk Oblast,47.5,34.3,(2) 25 km Precision ,Health Care,Local Health Care Provider,Ground-Launched,Artillery,Foreign Forces: Military,Armed Forces of the Russian Federation,Health Infrastructure
2024-05-18,,Ukraine,UKR,Kharkiv Oblast,50.2,36.9,(2) 25 km Precision ,Health Care,Local Health Care Provider,Air-Launched: Plane,Aerial Bomb,Other,Armed Forces of Ukraine,Health Infrastructure
2024-05-18,,Ukraine,UKR,Kharkiv Oblast,50.2,36.9,(2) 25 km Precision ,Health Care,Local Health Care Provider,Ground-Launched,Artillery,Foreign Forces: Military,Armed Forces of the Russian Federation,Health Infrastructure
2024-05-17,,Ukraine,UKR,Donetsk Oblast,48.0,37.3,(2) 25 km Precision ,Health Care,Local Health Care Provider,Ground-Launched,Artillery,Foreign Forces: Military,Armed Forces of the Russian Federation,Health Infrastructure
2024-05-17,,Myanmar,MMR,Rakhine,20.8,92.5,(2) 25 km Precision ,Education,Local Education Provider,Air-Launched: Drone,Aerial Bomb,NSA,Arakan Army,Education Infrastructure
2024-05-17,,Ukraine,UKR,Kharkiv Oblast,49.6,37.6,(2) 25 km Precision ,Health Care,Local Health Care Provider,Air-Launched: Plane,Aerial Bomb,Foreign Forces: Military,Armed Forces of the Russian Federation,Health Infrastructure
2024-05-17,,Ukraine,UKR,Kharkiv Oblast,49.6,37.6,(2) 25 km Precision ,Education,Local Education Provider,Air-Launched: Plane,Aerial Bomb,Foreign Forces: Military,Armed Forces of the Russian Federation,Education Infrastructure
2024-05-17,,Lebanon,LBN,Nabatieh Governorate,33.2,35.3,censored by HDX,Health Care,Other,Unspecified Launch Method,Unspecified Explosive,Foreign Forces: Military,Israeli Defence Forces,Health Infrastructure
2024-05-16,,Ukraine,UKR,Kharkiv Oblast,50.1,36.8,(2) 25 km Precision ,Health Care,Local Health Care Provider,Ground-Launched,Shelling,Foreign Forces: Military,Armed Forces of the Russian Federation,Health Worker
2024-05-16,,Ukraine,UKR,Kherson Oblast,47.3,33.9,(2) 25 km Precision ,Health Care,Local Health Care Provider,Ground-Launched,Artillery,Foreign Forces: Military,Armed Forces of the Russian Federation,Health Infrastructure
2024-05-16,,Colombia,COL,RAP Pacífico,5.6,-76.6,"(3) District, Communicipality or Commune ",Health Care,Local Health Care Provider,Directly-emplaced,Unspecified Explosive,No Information,Unidentified Armed Actor,Health Infrastructure
2024-05-16,,Ukraine,UKR,Kherson Oblast,46.6,32.6,"(3) District, Communicipality or Commune ",Education,Local Education Provider,Air-Launched: Plane,Aerial Bomb,Foreign Forces: Military,Armed Forces of the Russian Federation,Education Infrastructure
2024-05-16,,Myanmar,MMR,Tanintharyi Region,13.6,98.3,(2) 25 km Precision ,Health Care,Local Health Care Provider,Air-Launched: Plane,Aerial Bomb,Other,Myanmar Armed Forces,Health Infrastructure
2024-05-15,,Myanmar,MMR,Rakhine,20.8,92.9,(2) 25 km Precision ,Health Care,Local Health Care Provider,Air-Launched: Plane,Aerial Bomb,Other,Myanmar Armed Forces,Health Infrastructure
2024-05-15,,Myanmar,MMR,Kachin State,24.1,97.2,(2) 25 km Precision ,Education,Local Education Provider,Air-Launched: Plane,Aerial Bomb,Other,Myanmar Armed Forces,Education Infrastructure
2024-05-15,,Myanmar,MMR,Rakhine,20.8,92.9,(2) 25 km Precision ,Education,Local Education Provider,Unspecified Launch Method,Unspecified Explosive,Other,Myanmar Armed Forces,Education Infrastructure
2024-05-15,,Sudan,SDN,North Darfur State,13.6,25.3,"(3) District, Communicipality or Commune ",Education,Local Education Provider,Ground-Launched,Shelling,Vigilante,Rapid Support Forces,Education Infrastructure
2024-05-15,,Ukraine,UKR,Kharkiv Oblast,50.0,36.1,(2) 25 km Precision ,Health Care,Local Health Care Provider,Air-Launched: Plane,Aerial Bomb,Foreign Forces: Military,Armed Forces of the Russian Federation,Multiple
2024-05-15,,Myanmar,MMR,Rakhine,20.9,92.9,(2) 25 km Precision ,Health Care,Local Health Care Provider,Air-Launched: Plane,Aerial Bomb,Other,Myanmar Armed Forces,Health Infrastructure
2024-05-15,,Myanmar,MMR,Rakhine,20.8,92.9,(2) 25 km Precision ,Education,Local Education Provider,Air-Launched: Plane,Aerial Bomb,Other,Myanmar Armed Forces,Education Infrastructure
2024-05-15,,Ukraine,UKR,Donetsk Oblast,47.9,37.8,(2) 25 km Precision ,Health Care,Local Health Care Provider,Ground-Launched,Rocket,No Information,Unidentified Armed Actor,Health Infrastructure
2024-05-14,,Ukraine,UKR,Kharkiv Oblast,49.9,36.2,"(3) District, Communicipality or Commune ",Education,Local Education Provider,Air-Launched: Plane,Aerial Bomb,Foreign Forces: Military,Armed Forces of the Russian Federation,Education Infrastructure
2024-05-13,,Ukraine,UKR,Kherson Oblast,46.6,32.6,"(3) District, Communicipality or Commune ",Education,Local Education Provider,Ground-Launched,Shelling,Foreign Forces: Military,Armed Forces of the Russian Federation,Education Infrastructure
2024-05-13,,Lebanon,LBN,Nabatieh Governorate,33.2,35.3,censored by HDX,Health Care,Other,Unspecified Launch Method,Unspecified Explosive,Foreign Forces: Military,Israeli Defence Forces,Health Infrastructure
2024-05-12,,Ethiopia,ETH,Amhara Region,9.7,39.5,(2) 25 km Precision ,Education,Local Education Provider,Air-Launched: Drone,Aerial Bomb,Other,Ethiopian National Defense Forces,Education Infrastructure
2024-05-12,,Ethiopia,ETH,Amhara Region,9.8,39.7,(2) 25 km Precision ,Education,Local Education Provider,Air-Launched: Drone,Aerial Bomb,Other,Ethiopian National Defense Forces,Education Infrastructure
2024-05-12,,Sudan,SDN,North Darfur State,13.6,25.3,(2) 25 km Precision ,Protection,IDP/Refugee Service,Unspecified Launch Method,Unspecified Explosive,No Information,Unidentified Armed Actor,Protection Infrastructure
2024-05-11,,Myanmar,MMR,Sagaing Region,22.6,95.3,(2) 25 km Precision ,Education,Local Education Provider,Air-Launched: Plane,Aerial Bomb,Other,Myanmar Armed Forces,Education Infrastructure
2024-05-11,,Myanmar,MMR,Rakhine,20.8,92.5,(2) 25 km Precision ,"Health Care, Protection","IDP/Refugee Service, Local Health Care Provider",Ground-Launched,Shelling,NSA,Arakan Army,Health Infrastructure
2024-05-11,,Sudan,SDN,North Darfur State,13.6,25.3,(2) 25 km Precision ,"Health Care, Aid Operations",INGO,Air-Launched: Plane,Aerial Bomb,Other,Sudanese Armed Forces,Health Infrastructure
2024-05-10,,Ukraine,UKR,Dnipropetrovsk Oblast,47.5,34.3,(2) 25 km Precision ,Health Care,Local Health Care Provider,Air-Launched: Drone,Aerial Bomb,Foreign Forces: Military,Armed Forces of the Russian Federation,Health Infrastructure
2024-05-10,,Lebanon,LBN,Nabatieh Governorate,33.2,35.3,censored by HDX,Health Care,Other,Unspecified Launch Method,Unspecified Explosive,Foreign Forces: Military,Israeli Defence Forces,Health Infrastructure
2024-05-10,,Lebanon,LBN,South Governorate,33.3,35,censored by HDX,Health Care,Other,Air-Launched: Plane,Aerial Bomb,Foreign Forces: Military,Israeli Defence Forces,Health Worker
2024-05-10,,Sudan,SDN,North Darfur State,13.6,25.3,(2) 25 km Precision ,Protection,IDP/Refugee Service,Ground-Launched,Shelling,Multiple,"Rapid Support Forces, Sudanese Armed Forces",Protection Infrastructure
2024-05-09,,Ukraine,UKR,Dnipropetrovsk Oblast,47.5,34.3,(2) 25 km Precision ,Education,Local Education Provider,Ground-Launched,Artillery,Foreign Forces: Military,Armed Forces of the Russian Federation,Education Infrastructure
2024-05-09,,Ukraine,UKR,Kherson Oblast,46.8,33.4,(2) 25 km Precision ,Education,Local Education Provider,Air-Launched: Plane,Aerial Bomb,Foreign Forces: Military,Armed Forces of the Russian Federation,Education Infrastructure
2024-05-09,,Ukraine,UKR,Dnipropetrovsk Oblast,47.5,34.3,(2) 25 km Precision ,Aid Operations,LNGO,Ground-Launched,Artillery,Foreign Forces: Military,Armed Forces of the Russian Federation,Other
2024-05-09,,Ukraine,UKR,Dnipropetrovsk Oblast,47.5,34.3,(2) 25 km Precision ,Health Care,Local Health Care Provider,Ground-Launched,Artillery,Foreign Forces: Military,Armed Forces of the Russian Federation,Health Infrastructure
2024-05-09,,Pakistan,PAK,Khyber Pakhtunkhwa,33.0,70.5,(2) 25 km Precision ,Health Care,Local Health Care Provider,Directly-emplaced,Unspecified Explosive,NSA,TTP Tehrik-i-Taliban Pakistan,Health Infrastructure
2024-05-08,,Ukraine,UKR,Kharkiv Oblast,49.9,36.2,"(3) District, Communicipality or Commune ",Education,Local Education Provider,Air-Launched: Plane,Aerial Bomb,Foreign Forces: Military,Armed Forces of the Russian Federation,Education Infrastructure
2024-05-08,,Syria,SYR,Aleppo Governorate,36.5,36.8,"(3) District, Communicipality or Commune ",Protection,IDP/Refugee Service,Ground-Launched,Mortar,NSA,Kurdistan Workers' Party,Protection Infrastructure
2024-05-08,,Ukraine,UKR,Zaporizhia Oblast,47.8,35.1,(2) 25 km Precision ,Education,Local Education Provider,Unspecified Launch Method,Unspecified Explosive,Foreign Forces: Military,Armed Forces of the Russian Federation,Education Infrastructure
2024-05-08,,Myanmar,MMR,Tanintharyi Region,13.8,98.2,(2) 25 km Precision ,Health Care,Local Health Care Provider,Air-Launched: Plane,Aerial Bomb,Other,Myanmar Armed Forces,Health Infrastructure
2024-05-08,,Ukraine,UKR,Zaporizhia Oblast,47.8,35.1,(2) 25 km Precision ,Health Care,Local Health Care Provider,Unspecified Launch Method,Unspecified Explosive,Foreign Forces: Military,Armed Forces of the Russian Federation,Health Infrastructure
2024-05-08,,Ukraine,UKR,Kharkiv Oblast,50.2,37.1,(2) 25 km Precision ,Health Care,Local Health Care Provider,Air-Launched: Plane,Aerial Bomb,Foreign Forces: Military,Armed Forces of the Russian Federation,Health Infrastructure
2024-05-07,,Yemen,YEM,Marib Governorate,15.4,45.3,"(3) District, Communicipality or Commune ",Protection,IDP/Refugee Service,Unspecified Launch Method,Unspecified Explosive,No Information,Unidentified Armed Actor,Protection Infrastructure
2024-05-07,,Myanmar,MMR,Kachin State,24.4,97.4,(2) 25 km Precision ,Health Care,Local Health Care Provider,Air-Launched: Plane,Aerial Bomb,Other,Myanmar Armed Forces,Health Infrastructure
2024-05-06,,Ukraine,UKR,Kharkiv Oblast,50.2,35.9,(2) 25 km Precision ,"Health Care, Aid Operations",NGO,Air-Launched: Plane,Aerial Bomb,Foreign Forces: Military,Armed Forces of the Russian Federation,Health Infrastructure
2024-05-06,,Yemen,YEM,Al Bayda' Governorate,14.4,44.8,(2) 25 km Precision ,Health Care,Local Health Care Provider,Directly-Emplaced,Hand Grenade,No Information,Unidentified Armed Actor,Health Infrastructure
2024-05-06,,Lebanon,LBN,Nabatieh Governorate,33.2,35.3,censored by HDX,Health Care,Other,Unspecified Launch Method,Unspecified Explosive,Foreign Forces: Military,Israeli Defence Forces,Health Infrastructure
2024-05-05,,Ukraine,UKR,Luhansk Oblast,49.0,38.1,(2) 25 km Precision ,Health Care,Local Health Care Provider,Air-Launched: Drone,Aerial Bomb,Foreign Forces: Military,Armed Forces of the Russian Federation,Health Worker
2024-05-05,,Ukraine,UKR,Kharkiv Oblast,49.9,36.2,(2) 25 km Precision ,Health Care,Local Health Care Provider,Air-Launched: Plane,Aerial Bomb,Foreign Forces: Military,Armed Forces of the Russian Federation,Health Infrastructure
2024-05-05,,Myanmar,MMR,Rakhine,20.8,92.5,(2) 25 km Precision ,Education,Local Education Provider,Ground-Launched,Unspecified Explosive,No Information,Unidentified Armed Actor,Education Infrastructure
2024-05-05,,Israel,ISR,North District,33.2,35.5,(2) 25 km Precision ,"Health Care, Aid Operations",National Red Cross Society,Ground-Launched,Rocket,NSA,Hezbollah,Health Infrastructure
2024-05-05,,Myanmar,MMR,Bago Region,18.3,96.7,(2) 25 km Precision ,Education,Local Education Provider,Ground-Launched,Shelling,Other,Myanmar Armed Forces,Education Infrastructure
2024-05-05,,Lebanon,LBN,Nabatieh Governorate,33.2,35.3,censored by HDX,Health Care,Local Health Care Provider,Air-Launched: Plane,Aerial Bomb,Foreign Forces: Military,Israeli Defence Forces,Health Worker
2024-05-04,,Sudan,SDN,South Darfur State,12.2,24.7,(2) 25 km Precision ,Protection,IDP/Refugee Service,UXO,UXO,No Information,Unidentified Armed Actor,Protection Infrastructure
2024-05-04,,Myanmar,MMR,Magway,21.4,94.4,(2) 25 km Precision ,Education,Local Education Provider,Air-Launched: Plane,Aerial Bomb,Other,Myanmar Armed Forces,Education Infrastructure
2024-05-03,,Ukraine,UKR,Dnipropetrovsk Oblast,47.5,34.3,(2) 25 km Precision ,Health Care,Local Health Care Provider,Air-Launched: Drone,Aerial Bomb,Foreign Forces: Military,Armed Forces of the Russian Federation,Health Infrastructure
2024-05-03,,DRC,COD,North Kivu,-0.5,28.7,(2) 25 km Precision ,Protection,IDP/Refugee Service,Unspecified Launch Method,Unspecified Explosive,NSA,March 23 Movement,Protection Infrastructure
2024-05-03,,DRC,COD,North Kivu,-1.6,29.2,"(3) District, Communicipality or Commune ",Protection,IDP/Refugee Service,Unspecified Launch Method,Rocket,NSA,March 23 Movement,Protection Infrastructure
2024-05-02,,Ukraine,UKR,Sumy Oblast,52.1,34.0,(2) 25 km Precision ,Health Care,Local Health Care Provider,Air-Launched: Plane,Aerial Bomb,Foreign Forces: Military,Armed Forces of the Russian Federation,Health Infrastructure
2024-05-02,,Ukraine,UKR,Kharkiv Oblast,49.8,36.3,(2) 25 km Precision ,Education,Local Education Provider,Air-Launched: Plane,Aerial Bomb,No Information,Unidentified Armed Actor,Education Infrastructure
2024-05-01,,Ukraine,UKR,Dnipropetrovsk Oblast,47.5,34.3,(2) 25 km Precision ,Education,Local Education Provider,Air-Launched: Drone,Aerial Bomb,Foreign Forces: Military,Armed Forces of the Russian Federation,Education Infrastructure
2024-05-01,,Ukraine,UKR,Dnipropetrovsk Oblast,47.5,34.3,(2) 25 km Precision ,Health Care,Local Health Care Provider,Air-Launched: Drone,Aerial Bomb,Foreign Forces: Military,Armed Forces of the Russian Federation,Health Infrastructure
2024-05-01,,Ukraine,UKR,Dnipropetrovsk Oblast,47.5,34.3,(2) 25 km Precision ,Health Care,Local Health Care Provider,Air-Launched: Drone,Aerial Bomb,Foreign Forces: Military,Armed Forces of the Russian Federation,Health Infrastructure
2024-04-30,,Iraq,IRQ,Nineveh Governorate,36.4,43.1,(2) 25 km Precision ,Aid Operations,UN Agency,Directly-Emplaced,Mine,No Information,Unidentified Armed Actor,Other
2024-04-30,,Ukraine,UKR,Odesa Oblast,46.4,30.7,(2) 25 km Precision ,Education,Local Education Provider,Ground-Launched,Missile,Foreign Forces: Military,Armed Forces of the Russian Federation,Education Infrastructure
2024-04-30,,Ukraine,UKR,Odesa Oblast,46.4,30.7,(2) 25 km Precision ,Health Care,Local Health Care Provider,Ground-Launched,Missile,Foreign Forces: Military,Armed Forces of the Russian Federation,Health Infrastructure
2024-04-28,,Lebanon,LBN,South Governorate,33.3,35,censored by HDX,Health Care,Local Health Care Provider,Air-Launched: Plane,Aerial Bomb,Foreign Forces: Military,Israeli Defence Forces,Health Worker
2024-04-28,,Ukraine,UKR,Donetsk Oblast,47.9,37.5,(2) 25 km Precision ,Health Care,Local Health Care Provider,Air-Launched: Drone,Aerial Bomb,Other,Armed Forces of Ukraine,Health Infrastructure
2024-04-28,,Myanmar,MMR,Chin,21.3,93.9,(2) 25 km Precision ,Health Care,Local Health Care Provider,Air-Launched: Plane,Aerial Bomb,Other,Myanmar Armed Forces,Health Infrastructure
2024-04-28,,Myanmar,MMR,Mon State,17.2,97.2,(2) 25 km Precision ,Education,Local Education Provider,Air-Launched: Plane,Aerial Bomb,Other,Myanmar Armed Forces,Education Infrastructure
2024-04-28,,Myanmar,MMR,Chin,21.1,94.0,(2) 25 km Precision ,Health Care,Local Health Care Provider,Air-Launched: Plane,Aerial Bomb,Other,Myanmar Armed Forces,Health Infrastructure
2024-04-27,,Ukraine,UKR,Kharkiv Oblast,49.9,36.2,(2) 25 km Precision ,Health Care,Local Health Care Provider,Ground-Launched,Missile,Foreign Forces: Military,Armed Forces of the Russian Federation,Health Infrastructure
2024-04-27,,Lebanon,LBN,Nabatieh Governorate,33.2,35.3,censored by HDX,Health Care,Local Health Care Provider,Ground-Launched,Artillery,Foreign Forces: Military,Israeli Defence Forces,Health Infrastructure
2024-04-26,,Ukraine,UKR,Donetsk Oblast,47.9,37.6,(2) 25 km Precision ,Health Care,Local Health Care Provider,Ground-Launched,Artillery,No Information,Unidentified Armed Actor,Health Infrastructure
2024-04-26,,Myanmar,MMR,Sagaing Region,24.1,96.3,(2) 25 km Precision ,Education,Local Education Provider,Air-Launched: Plane,Aerial Bomb,Other,Myanmar Armed Forces,Education Infrastructure
2024-04-26,,Ukraine,UKR,Kharkiv Oblast,50.4,35.9,(2) 25 km Precision ,Aid Operations,NGO,Air-Launched: Drone,Aerial Bomb,Foreign Forces: Military,Armed Forces of the Russian Federation,Other
2024-04-26,,Ukraine,UKR,Kherson Oblast,47.3,33.9,(2) 25 km Precision ,Aid Operations,NGO,Air-Launched: Drone,Unspecified Explosive,Foreign Forces: Military,Armed Forces of the Russian Federation,Aid Infrastructure
2024-04-26,,Ukraine,UKR,Sumy Oblast,51.1,34.3,(2) 25 km Precision ,Health Care,Local Health Care Provider,Ground-Launched,Artillery,Foreign Forces: Military,Armed Forces of the Russian Federation,Health Infrastructure
2024-04-25,,Myanmar,MMR,Chin,21.3,93.9,(2) 25 km Precision ,Health Care,Local Health Care Provider,Air-Launched: Plane,Aerial Bomb,Other,Myanmar Armed Forces,Multiple
2024-04-24,,Myanmar,MMR,Sagaing Region,23.7,96.1,"(3) District, Communicipality or Commune ",Health Care,Local Health Care Provider,Air-Launched: Plane,Aerial Bomb,Other,Myanmar Armed Forces,Health Infrastructure
2024-04-24,,Myanmar,MMR,Kachin State,24.2,97.3,(2) 25 km Precision ,Education,Local Education Provider,Unspecified Launch Method,Unspecified Explosive,Other,Myanmar Armed Forces,Education Infrastructure
2024-04-24,,Ukraine,UKR,Kharkiv Oblast,50.2,36.9,(2) 25 km Precision ,Health Care,Local Health Care Provider,Ground-Launched,Shelling,Foreign Forces: Military,Armed Forces of the Russian Federation,Health Infrastructure
2024-04-24,,Ukraine,UKR,Zaporizhia Oblast,47.6,35.0,(2) 25 km Precision ,Health Care,Local Health Care Provider,Air-Launched: Drone,Aerial Bomb,Foreign Forces: Military,Armed Forces of the Russian Federation,Health Infrastructure
2024-04-23,,Myanmar,MMR,Mandalay,21.3,95.8,(2) 25 km Precision ,Education,Local Education Provider,Air-Launched: Drone,Aerial Bomb,No Information,Unidentified Armed Actor,Education Infrastructure
2024-04-23,,Myanmar,MMR,Magway,21.4,94.4,(2) 25 km Precision ,Education,Local Education Provider,Air-Launched: Plane,Aerial Bomb,Other,Myanmar Armed Forces,Education Infrastructure
2024-04-23,,Myanmar,MMR,Kayin State,16.0,98.1,(2) 25 km Precision ,Education,Local Education Provider,Air-Launched: Plane,Aerial Bomb,Other,Myanmar Armed Forces,Education Infrastructure
2024-04-22,,Myanmar,MMR,Bago Region,18.3,96.7,(2) 25 km Precision ,Education,Local Education Provider,Air-Launched: Plane,Aerial Bomb,Other,Myanmar Armed Forces,Education Infrastructure
2024-04-22,,Myanmar,MMR,Sagaing Region,23.1,94.0,"(3) District, Communicipality or Commune ",Education,Local Education Provider,Air-Launched: Drone,Aerial Bomb,No Information,Unidentified Armed Actor,Education Infrastructure
2024-04-19,,Ukraine,UKR,Kharkiv Oblast,49.5,37.6,(2) 25 km Precision ,Health Care,Local Health Care Provider,Air-Launched: Plane,Aerial Bomb,Foreign Forces: Military,Armed Forces of the Russian Federation,Health Infrastructure
2024-04-18,,Ukraine,UKR,Donetsk Oblast,48.3,38.0,(2) 25 km Precision ,Health Care,Local Health Care Provider,Ground-Launched,Artillery,Other,Armed Forces of Ukraine,Health Infrastructure
2024-04-18,,OPT,PSE,West Bank,,,censored,Protection,IDP/Refugee Service,Unspecified Launch Method,Unspecified Explosive,Multiple,Unidentified Armed Actor,Protection Infrastructure
2024-04-18,,Syria,SYR,Aleppo Governorate,36.6,37.7,(2) 25 km Precision ,Protection,IDP/Refugee Service,Directly-Emplaced,Hand Grenade,Other,Tribesmen,Protection Infrastructure
2024-04-18,,Ukraine,UKR,Donetsk Oblast,48.0,37.7,(2) 25 km Precision ,Health Care,Local Health Care Provider,Unspecified Launch Method,Unspecified Explosive,Foreign Forces: Military,Armed Forces of the Russian Federation,Health Worker
2024-04-17,,Ukraine,UKR,Dnipropetrovsk Oblast,47.5,34.3,(2) 25 km Precision ,Health Care,Local Health Care Provider,Air-Launched: Drone,Aerial Bomb,Foreign Forces: Military,Armed Forces of the Russian Federation,Health Infrastructure
2024-04-17,,Ukraine,UKR,Chernihiv Oblast,51.5,31.3,(2) 25 km Precision ,Aid Operations,INGO,Ground-Launched,Missile,Foreign Forces: Military,Armed Forces of the Russian Federation,Aid Infrastructure
2024-04-17,,Myanmar,MMR,Chin,21.1,94.0,(2) 25 km Precision ,Education,Local Education Provider,Air-Launched: Plane,Aerial Bomb,Other,Myanmar Armed Forces,Education Infrastructure
2024-04-17,,Ukraine,UKR,Chernihiv Oblast,51.5,31.3,(2) 25 km Precision ,Education,Local Education Provider,Ground-Launched,Missile,Foreign Forces: Military,Armed Forces of the Russian Federation,Education Infrastructure
2024-04-17,,Ukraine,UKR,Chernihiv Oblast,51.5,31.3,(2) 25 km Precision ,Health Care,Local Health Care Provider,Ground-Launched,Missile,Foreign Forces: Military,Armed Forces of the Russian Federation,Health Infrastructure
2024-04-17,,Ukraine,UKR,Chernihiv Oblast,51.5,31.3,(2) 25 km Precision ,Health Care,Local Health Care Provider,Ground-Launched,Missile,Foreign Forces: Military,Armed Forces of the Russian Federation,Health Infrastructure
2024-04-17,,Ukraine,UKR,Chernihiv Oblast,51.5,31.3,(2) 25 km Precision ,Education,Local Education Provider,Ground-Launched,Missile,Foreign Forces: Military,Armed Forces of the Russian Federation,Education Infrastructure
2024-04-16,,Ukraine,UKR,Kherson Oblast,46.8,33.4,(2) 25 km Precision ,Health Care,Local Health Care Provider,Air-Launched: Plane,Aerial Bomb,Foreign Forces: Military,Armed Forces of the Russian Federation,Health Infrastructure
2024-04-16,,Myanmar,MMR,Tanintharyi Region,13.2,98.6,(2) 25 km Precision ,Health Care,Local Health Care Provider,Air-Launched: Drone,Aerial Bomb,Other,Local Defense Forces,Health Infrastructure
2024-04-16,,Ukraine,UKR,Donetsk Oblast,48.9,37.8,(2) 25 km Precision ,Health Care,Local Health Care Provider,Air-Launched: Plane,Aerial Bomb,Foreign Forces: Military,Armed Forces of the Russian Federation,Health Infrastructure
2024-04-16,,Ukraine,UKR,Donetsk Oblast,48.9,37.8,(2) 25 km Precision ,Education,Local Education Provider,Air-Launched: Plane,Aerial Bomb,Foreign Forces: Military,Armed Forces of the Russian Federation,Education Infrastructure
2024-04-16,,Myanmar,MMR,Chin,21.1,94.0,(2) 25 km Precision ,Education,Local Education Provider,Unspecified Launch Method,Unspecified Explosive,Other,Myanmar Armed Forces,Education Infrastructure
2024-04-16,,Myanmar,MMR,Sagaing Region,22.5,95.6,"(3) District, Communicipality or Commune ",Education,Local Education Provider,Air-Launched: Drone,Aerial Bomb,Other,Myanmar Armed Forces,Education Infrastructure
2024-04-14,,Myanmar,MMR,Magway,21.2,94.3,(2) 25 km Precision ,Health Care,Local Health Care Provider,Air-Launched: Plane,Aerial Bomb,Other,Myanmar Armed Forces,Health Infrastructure
2024-04-14,,Myanmar,MMR,Magway,21.2,94.3,(2) 25 km Precision ,Education,Local Education Provider,Air-Launched: Plane,Aerial Bomb,Other,Myanmar Armed Forces,Education Infrastructure
2024-04-14,,Myanmar,MMR,Mandalay,22.0,96.4,(2) 25 km Precision ,Health Care,Local Health Care Provider,Ground-Launched,Missile,Other,Local Defense Forces,Health Infrastructure
2024-04-14,,Sudan,SDN,North Darfur State,13.6,25.3,(2) 25 km Precision ,Protection,IDP/Refugee Service,Directly-Emplaced,Hand Grenade,No Information,Unidentified Armed Actor,Protection Infrastructure
2024-04-14,,Sudan,SDN,North Darfur State,13.6,25.3,(2) 25 km Precision ,Protection,IDP/Refugee Service,Ground-Launched,Artillery,NSA,Unidentified Armed Actor,Protection Infrastructure
2024-04-14,,Yemen,YEM,Aden Governorate,12.8,45.0,(2) 25 km Precision ,Education,Local Education Provider,Directly-Emplaced,Hand Grenade,No Information,Unidentified Armed Actor,Education Infrastructure
2024-04-13,,Myanmar,MMR,Sagaing Region,22.1,95.4,(2) 25 km Precision ,Health Care,Local Health Care Provider,Air-Launched: Plane,Aerial Bomb,Other,Myanmar Armed Forces,Health Infrastructure
2024-04-13,,Ukraine,UKR,Kharkiv Oblast,49.7,37.7,(2) 25 km Precision ,Health Care,Local Health Care Provider,Air-Launched: Drone,Aerial Bomb,Foreign Forces: Military,Armed Forces of the Russian Federation,Health Infrastructure
2024-04-13,,Ukraine,UKR,Dnipropetrovsk Oblast,47.5,34.3,(2) 25 km Precision ,Health Care,Local Health Care Provider,Air-Launched: Drone,Aerial Bomb,Foreign Forces: Military,Armed Forces of the Russian Federation,Health Infrastructure
2024-04-13,,Myanmar,MMR,Sagaing Region,22.1,95.4,(2) 25 km Precision ,Education,Local Education Provider,Air-Launched: Plane,Aerial Bomb,Other,Myanmar Armed Forces,Education Infrastructure
2024-04-12,,Ukraine,UKR,Kharkiv Oblast,49.6,36.9,(2) 25 km Precision ,Health Care,Local Health Care Provider,Unspecified Launch Method,Unspecified Explosive,Foreign Forces: Military,Armed Forces of the Russian Federation,Health Worker
2024-04-10,,Ukraine,UKR,Odesa Oblast,46.4,30.7,(2) 25 km Precision ,Health Care,Local Health Care Provider,Ground-Launched,Missile,Foreign Forces: Military,Armed Forces of the Russian Federation,Health Worker
2024-04-10,,Lebanon,LBN,Nabatieh Governorate,33.2,35.3,censored by HDX,Health Care,Other,Unspecified Launch Method,Unspecified Explosive,Foreign Forces: Military,Israeli Defence Forces,Health Worker
2024-04-10,,Lebanon,LBN,South Governorate,33.3,35,censored by HDX,Health Care,Other,Unspecified Launch Method,Unspecified Explosive,Foreign Forces: Military,Israeli Defence Forces,Health Infrastructure
2024-04-10,,Lebanon,LBN,Nabatieh Governorate,33.2,35.3,censored by HDX,Health Care,Private Health Care,Unspecified Launch Method,Unspecified Explosive,Foreign Forces: Military,Israeli Defence Forces,Health Infrastructure
2024-04-10,,Lebanon,LBN,South Governorate,33.3,35,censored by HDX,Health Care,Private Health Care,Unspecified Launch Method,Unspecified Explosive,Foreign Forces: Military,Israeli Defence Forces,Health Infrastructure
2024-04-10,,Lebanon,LBN,South Governorate,33.3,35,censored by HDX,Health Care,Private Health Care,Unspecified Launch Method,Unspecified Explosive,Foreign Forces: Military,Israeli Defence Forces,Private/Voluntary Aid
2024-04-10,,Lebanon,LBN,South Governorate,33.3,35,censored by HDX,Health Care,Private Health Care,Unspecified Launch Method,Unspecified Explosive,Foreign Forces: Military,Israeli Defence Forces,Health Infrastructure
2024-04-10,,Lebanon,LBN,South Governorate,33.3,35,censored by HDX,Health Care,Private Health Care,Unspecified Launch Method,Unspecified Explosive,Foreign Forces: Military,Israeli Defence Forces,Health Infrastructure
2024-04-10,,Lebanon,LBN,South Governorate,33.3,35,censored by HDX,Health Care,Private Health Care,Unspecified Launch Method,Unspecified Explosive,Foreign Forces: Military,Israeli Defence Forces,Health Infrastructure
2024-04-10,,Ukraine,UKR,Kharkiv Oblast,50.2,36.9,(2) 25 km Precision ,Health Care,Local Health Care Provider,Air-Launched: Plane,Aerial Bomb,Foreign Forces: Military,Armed Forces of the Russian Federation,Health Infrastructure
2024-04-10,,Ukraine,UKR,Kharkiv Oblast,50.2,36.4,(2) 25 km Precision ,Health Care,Local Health Care Provider,Ground-Launched,Shelling,Foreign Forces: Military,Armed Forces of the Russian Federation,Health Infrastructure
2024-04-10,,Lebanon,LBN,South Governorate,33.3,35,censored by HDX,Health Care,Private Health Care,Unspecified Launch Method,Unspecified Explosive,Foreign Forces: Military,Israeli Defence Forces,Private/Voluntary Aid
2024-04-09,,Sudan,SDN,South Darfur State,12.0,24.8,(2) 25 km Precision ,Health Care,Local Health Care Provider,Air-Launched: Plane,Aerial Bomb,Other,Sudanese Armed Forces,Health Infrastructure
2024-04-09,,Lebanon,LBN,Nabatieh Governorate,33.2,35.3,censored by HDX,Health Care,Other,Unspecified Launch Method,Unspecified Explosive,Foreign Forces: Military,Israeli Defence Forces,Health Infrastructure
2024-04-09,,Ukraine,UKR,Dnipropetrovsk Oblast,47.5,34.3,(2) 25 km Precision ,Health Care,Local Health Care Provider,Air-Launched: Drone,Aerial Bomb,Foreign Forces: Military,Armed Forces of the Russian Federation,Health Infrastructure
2024-04-09,,Ukraine,UKR,Kharkiv Oblast,49.3,37.6,(2) 25 km Precision ,Health Care,Local Health Care Provider,Air-Launched: Plane,Aerial Bomb,Foreign Forces: Military,Armed Forces of the Russian Federation,Health Infrastructure
2024-04-08,,Ukraine,UKR,Zaporizhia Oblast,47.8,35.1,(2) 25 km Precision ,Health Care,Local Health Care Provider,Ground-Launched,Missile,Foreign Forces: Military,Armed Forces of the Russian Federation,Health Infrastructure
2024-04-08,,Myanmar,MMR,Sagaing Region,23.1,94.0,(2) 25 km Precision ,Health Care,Local Health Care Provider,Ground-Launched,Shelling,Other,Myanmar Armed Forces,Health Worker
2024-04-07,,Lebanon,LBN,Mount Lebanon Governorate,33.8,35.3,censored by HDX,"Health Care, Aid Operations",Government Aid Agency,Unspecified Launch Method,Unspecified Explosive,Foreign Forces: Military,Israeli Defence Forces,Health Worker
2024-04-06,,Ukraine,UKR,Kharkiv Oblast,49.9,36.2,"(3) District, Communicipality or Commune ",Education,Local Education Provider,Ground-Launched,Missile,Foreign Forces: Military,Armed Forces of the Russian Federation,Education Infrastructure
2024-04-06,,Ukraine,UKR,Kharkiv Oblast,49.9,36.2,"(3) District, Communicipality or Commune ",Education,Local Education Provider,Ground-Launched,Missile,Foreign Forces: Military,Armed Forces of the Russian Federation,Education Infrastructure
2024-04-06,,Lebanon,LBN,Nabatieh Governorate,33.2,35.3,censored by HDX,Health Care,Other,Air-Launched: Plane,Aerial Bomb,Foreign Forces: Military,Israeli Defence Forces,Health Worker
2024-04-06,,Ukraine,UKR,Kharkiv Oblast,49.9,36.2,"(3) District, Communicipality or Commune ",Education,Local Education Provider,Ground-Launched,Missile,Foreign Forces: Military,Armed Forces of the Russian Federation,Education Infrastructure
2024-04-06,,Somalia,SOM,Middle Shebelle,2.3,45.3,(2) 25 km Precision ,"Health Care, Aid Operations",NGO,Directly-Emplaced,"Unspecified IED, VBIED",Multiple,"Al-Shabaab, Somali Armed Forces",Health Infrastructure
2024-04-06,,Ukraine,UKR,Kharkiv Oblast,49.9,36.2,"(3) District, Communicipality or Commune ",Education,Local Education Provider,Ground-Launched,Missile,Foreign Forces: Military,Armed Forces of the Russian Federation,Education Infrastructure
2024-04-06,,Lebanon,LBN,Nabatieh Governorate,33.2,35.3,censored by HDX,"Health Care, Aid Operations",Government Aid Agency,Air-Launched: Plane,Aerial Bomb,Foreign Forces: Military,Israeli Defence Forces,Health Worker
2024-04-05,,Ukraine,UKR,Donetsk Oblast,48.2,37.1,"(3) District, Communicipality or Commune ","Health Care, Aid Operations",INGO,Unspecified Launch Method,Unspecified Explosive,Foreign Forces: Military,Armed Forces of the Russian Federation,Aid Infrastructure
2024-04-05,,Ukraine,UKR,Donetsk Oblast,48.1,37.6,(2) 25 km Precision ,Health Care,Local Health Care Provider,Ground-Launched,Unspecified Explosive,Foreign Forces: Military,Armed Forces of the Russian Federation,Health Worker
2024-04-05,,DRC,COD,North Kivu,-1.6,29.1,(2) 25 km Precision ,"Health Care, Protection, Aid Operations","IDP/Refugee Service, INGO",Directly-Emplaced,Hand Grenade,No Information,Unidentified Armed Actor,Multiple
2024-04-04,,Somalia,SOM,Banaadir,2.0,45.3,"(3) District, Communicipality or Commune ",Aid Operations,INGO,Directly-Emplaced,Unspecified IED,NSA,Al-Shabaab,Aid Infrastructure
2024-04-04,,Ukraine,UKR,Kharkiv Oblast,49.9,36.1,(2) 25 km Precision ,Health Care,Local Health Care Provider,Air-Launched: Drone,Aerial Bomb,Foreign Forces: Military,Armed Forces of the Russian Federation,Multiple
2024-04-04,,Ukraine,UKR,Kharkiv Oblast,49.9,36.1,(2) 25 km Precision ,Health Care,Local Health Care Provider,Air-Launched: Drone,Aerial Bomb,Foreign Forces: Military,Armed Forces of the Russian Federation,Health Worker
2024-04-04,,Ethiopia,ETH,Amhara Region,10.6,37.2,(2) 25 km Precision ,Education,Local Education Provider,Unspecified Launch Method,Unspecified Explosive,NSA,Unidentified Armed Actor,Education Infrastructure
2024-04-03,,Lebanon,LBN,Nabatieh Governorate,33.2,35.3,censored by HDX,Health Care,Other,Unspecified Launch Method,Unspecified Explosive,Foreign Forces: Military,Israeli Defence Forces,Health Worker
2024-04-03,,Ukraine,UKR,Zaporizhia Oblast,47.5,35.7,(2) 25 km Precision ,Health Care,Local Health Care Provider,Air-Launched: Plane,Aerial Bomb,Foreign Forces: Military,Armed Forces of the Russian Federation,Health Infrastructure
2024-04-02,,Ukraine,UKR,Dnipropetrovsk Oblast,48.4,35.0,"(3) District, Communicipality or Commune ",Education,Local Education Provider,Ground-Launched,Missile,Foreign Forces: Military,Armed Forces of the Russian Federation,Education Infrastructure
2024-04-02,,Ukraine,UKR,Kherson Oblast,46.5,33.2,(2) 25 km Precision ,Health Care,Local Health Care Provider,Ground-Launched,Missile,Other,Armed Forces of Ukraine,Health Infrastructure
2024-04-01,,Sudan,SDN,North Darfur State,13.9,23.7,(2) 25 km Precision ,Health Care,Local Health Care Provider,Air-Launched: Plane,Aerial Bomb,Other,Sudanese Armed Forces,Health Infrastructure
2024-04-01,,Ukraine,UKR,Kharkiv Oblast,50.3,37.0,(2) 25 km Precision ,Health Care,Local Health Care Provider,Ground-Launched,Artillery,Foreign Forces: Military,Armed Forces of the Russian Federation,Health Infrastructure
2024-04-01,,Ukraine,UKR,Kharkiv Oblast,49.8,36.6,(2) 25 km Precision ,Health Care,Local Health Care Provider,Air-Launched: Drone,Aerial Bomb,Foreign Forces: Military,Armed Forces of the Russian Federation,Health Infrastructure
2024-03-31,,Ukraine,UKR,Rivne Oblast,50.9,26.9,"(3) District, Communicipality or Commune ",Health Care,Local Health Care Provider,Unspecified Launch Method,Missile,Foreign Forces: Military,Armed Forces of the Russian Federation,Health Infrastructure
2024-03-31,,Ukraine,UKR,Kharkiv Oblast,49.3,37.6,(2) 25 km Precision ,Health Care,Local Health Care Provider,Air-Launched: Plane,Aerial Bomb,Foreign Forces: Military,Armed Forces of the Russian Federation,Multiple
2024-03-28,,Lebanon,LBN,Nabatieh Governorate,33.2,35.3,censored by HDX,Health Care,Local Health Care Provider,Unspecified Launch Method,Unspecified Explosive,Foreign Forces: Military,Israeli Defence Forces,Health Infrastructure
2024-03-28,,Ukraine,UKR,Kharkiv Oblast,50.2,36.9,(2) 25 km Precision ,Health Care,Local Health Care Provider,Air-Launched: Drone,Aerial Bomb,Foreign Forces: Military,Armed Forces of the Russian Federation,Health Infrastructure
2024-03-27,,Lebanon,LBN,Nabatieh Governorate,33.2,35.3,censored by HDX,Health Care,Other,Unspecified Launch Method,Unspecified Explosive,Foreign Forces: Military,Israeli Defence Forces,Health Infrastructure
2024-03-27,,Lebanon,LBN,South Governorate,33.3,35,censored by HDX,Health Care,Private Health Care,Unspecified Launch Method,Unspecified Explosive,Foreign Forces: Military,Israeli Defence Forces,Private/Voluntary Aid
2024-03-27,,Lebanon,LBN,Nabatieh Governorate,33.2,35.3,censored by HDX,Health Care,Private Health Care,Unspecified Launch Method,Unspecified Explosive,Foreign Forces: Military,Israeli Defence Forces,Health Infrastructure
2024-03-27,,Myanmar,MMR,Mon State,17.1,97.2,(2) 25 km Precision ,"Health Care, Aid Operations",LNGO,Directly-Emplaced,Mine,No Information,Unidentified Armed Actor,Health Infrastructure
2024-03-27,,Lebanon,LBN,South Governorate,33.3,35,censored by HDX,Health Care,Other,Air-Launched: Plane,Aerial Bomb,Foreign Forces: Military,Israeli Defence Forces,Health Worker
2024-03-27,,Russia,RUS,Central Federal District,50.5,36.5,(2) 25 km Precision ,Education,Local Education Provider,Air-Launched: Drone,Aerial Bomb,No Information,Unidentified Armed Actor,Education Infrastructure
2024-03-27,,Russia,RUS,Central Federal District,50.5,36.5,(2) 25 km Precision ,Education,Local Education Provider,Air-Launched: Drone,Aerial Bomb,No Information,Unidentified Armed Actor,Education Infrastructure
2024-03-27,,Russia,RUS,Central Federal District,50.5,36.5,(2) 25 km Precision ,Education,Local Education Provider,Air-Launched: Drone,Aerial Bomb,No Information,Unidentified Armed Actor,Education Infrastructure
2024-03-27,,Russia,RUS,Central Federal District,50.5,36.5,(2) 25 km Precision ,Education,Local Education Provider,Air-Launched: Drone,Aerial Bomb,No Information,Unidentified Armed Actor,Education Infrastructure
2024-03-27,,Russia,RUS,Central Federal District,50.5,36.5,(2) 25 km Precision ,Health Care,Local Health Care Provider,Air-Launched: Drone,Aerial Bomb,No Information,Unidentified Armed Actor,Health Infrastructure
2024-03-27,,Russia,RUS,Central Federal District,50.5,36.5,(2) 25 km Precision ,Health Care,Local Health Care Provider,Air-Launched: Drone,Aerial Bomb,No Information,Unidentified Armed Actor,Health Infrastructure
2024-03-27,,Russia,RUS,Central Federal District,50.5,36.5,(2) 25 km Precision ,Health Care,Local Health Care Provider,Air-Launched: Drone,Aerial Bomb,No Information,Unidentified Armed Actor,Health Infrastructure
2024-03-27,,Ukraine,UKR,Kharkiv Oblast,50.0,36.2,(2) 25 km Precision ,Health Care,Local Health Care Provider,Air-Launched: Plane,Aerial Bomb,Foreign Forces: Military,Armed Forces of the Russian Federation,Health Infrastructure
2024-03-27,,Ukraine,UKR,Kharkiv Oblast,50.0,36.2,(2) 25 km Precision ,Education,Local Education Provider,Air-Launched: Plane,Aerial Bomb,Foreign Forces: Military,Armed Forces of the Russian Federation,Education Infrastructure
2024-03-27,,Lebanon,LBN,Nabatieh Governorate,33.2,35.3,censored by HDX,Health Care,Local Health Care Provider,Air-Launched: Plane,Aerial Bomb,Foreign Forces: Military,Israeli Defence Forces,Health Infrastructure
2024-03-26,,Ukraine,UKR,Kharkiv Oblast,50.3,35.8,(2) 25 km Precision ,Health Care,Local Health Care Provider,Ground-Launched,Rocket,Foreign Forces: Military,Armed Forces of the Russian Federation,Health Infrastructure
2024-03-26,,Ukraine,UKR,Kharkiv Oblast,50.3,35.8,(2) 25 km Precision ,Education,Local Education Provider,Ground-Launched,Rocket,Foreign Forces: Military,Armed Forces of the Russian Federation,Education Infrastructure
2024-03-26,,Lebanon,LBN,South Governorate,33.3,35,censored by HDX,Health Care,Local Health Care Provider,Air-Launched: Plane,Aerial Bomb,Foreign Forces: Military,Israeli Defence Forces,Health Worker
2024-03-26,,Ukraine,UKR,Dnipropetrovsk Oblast,47.5,34.3,(2) 25 km Precision ,Health Care,Local Health Care Provider,Air-Launched: Drone,Aerial Bomb,Foreign Forces: Military,Armed Forces of the Russian Federation,Health Infrastructure
2024-03-26,,Lebanon,LBN,South Governorate,33.3,35,censored by HDX,Health Care,Local Health Care Provider,Air-Launched: Plane,Aerial Bomb,Foreign Forces: Military,Israeli Defence Forces,Multiple
2024-03-26,,Ukraine,UKR,Kherson Oblast,46.7,33.3,(2) 25 km Precision ,Aid Operations,NGO,Air-Launched: Drone,Aerial Bomb,Foreign Forces: Military,Armed Forces of the Russian Federation,Aid Infrastructure
2024-03-26,,Syria,SYR,Deir ez-Zor Governorate,35.3,40.1,(2) 25 km Precision ,Aid Operations,UN Agency,Air-Launched: Plane,Aerial Bomb,Foreign Forces: Military,Israeli Defence Forces,Aid Infrastructure
2024-03-25,,Ukraine,UKR,Pecherskyi district,50.4,30.5,"(3) District, Communicipality or Commune ",Education,Local Education Provider,Ground-Launched,"Missile, Unspecified Explosive",Foreign Forces: Military,"Armed Forces of the Russian Federation, Armed Forces of Ukraine",Education Infrastructure
2024-03-24,,Myanmar,MMR,Rakhine,19.8,93.7,(2) 25 km Precision ,Health Care,Local Health Care Provider,Air-Launched: Plane,Aerial Bomb,Other,Myanmar Armed Forces,Health Infrastructure
2024-03-24,,Ukraine,UKR,Dnipropetrovsk Oblast,47.9,33.3,(2) 25 km Precision ,Health Care,Local Health Care Provider,Air-Launched: Drone,Aerial Bomb,Foreign Forces: Military,Armed Forces of the Russian Federation,Other
2024-03-24,,Sudan,SDN,Al Khartum,15.6,32.4,(2) 25 km Precision ,Health Care,Local Health Care Provider,Ground-Launched,Artillery,Vigilante,Rapid Support Forces,Health Worker
2024-03-24,,Ukraine,UKR,Dnipropetrovsk Oblast,47.9,33.3,(2) 25 km Precision ,Health Care,Local Health Care Provider,Air-Launched: Drone,Aerial Bomb,Foreign Forces: Military,Armed Forces of the Russian Federation,Other
2024-03-24,,Ukraine,UKR,Dnipropetrovsk Oblast,47.9,33.3,(2) 25 km Precision ,Health Care,Local Health Care Provider,Air-Launched: Drone,Aerial Bomb,Foreign Forces: Military,Armed Forces of the Russian Federation,Other
2024-03-24,,Ukraine,UKR,Dnipropetrovsk Oblast,47.9,33.3,(2) 25 km Precision ,Health Care,Local Health Care Provider,Air-Launched: Drone,Aerial Bomb,Foreign Forces: Military,Armed Forces of the Russian Federation,Other
2024-03-24,,Ukraine,UKR,Dnipropetrovsk Oblast,47.9,33.3,(2) 25 km Precision ,Health Care,Local Health Care Provider,Air-Launched: Drone,Aerial Bomb,Foreign Forces: Military,Armed Forces of the Russian Federation,Other
2024-03-24,,Ukraine,UKR,Dnipropetrovsk Oblast,47.9,33.3,(2) 25 km Precision ,Health Care,Local Health Care Provider,Air-Launched: Drone,Aerial Bomb,Foreign Forces: Military,Armed Forces of the Russian Federation,Other
2024-03-23,,Lebanon,LBN,Nabatieh Governorate,33.2,35.3,censored by HDX,Health Care,Local Health Care Provider,Air-Launched: Plane,Aerial Bomb,Foreign Forces: Military,Israeli Defence Forces,Other
2024-03-23,,Myanmar,MMR,Magway,21.6,95.2,(2) 25 km Precision ,Health Care,Local Health Care Provider,"Air-Launched: Drone, Ground-Launched","Aerial Bomb, Artillery",Multiple,Unidentified Armed Actor,Health Infrastructure
2024-03-23,,Ukraine,UKR,Dnipropetrovsk Oblast,47.7,34.4,"(3) District, Communicipality or Commune ",Health Care,Local Health Care Provider,Air-Launched: Drone,Aerial Bomb,Foreign Forces: Military,Armed Forces of the Russian Federation,Health Infrastructure
2024-03-23,,Ukraine,UKR,Dnipropetrovsk Oblast,47.7,34.4,"(3) District, Communicipality or Commune ",Health Care,Local Health Care Provider,Air-Launched: Drone,Aerial Bomb,Foreign Forces: Military,Armed Forces of the Russian Federation,Health Infrastructure
2024-03-22,,Ukraine,UKR,Dnipropetrovsk Oblast,48.4,35.0,(2) 25 km Precision ,Education,Local Education Provider,Unspecified Launch Method,Missile,Foreign Forces: Military,Armed Forces of the Russian Federation,Education Infrastructure
2024-03-22,,Ukraine,UKR,Dnipropetrovsk Oblast,48.4,35.0,(2) 25 km Precision ,Health Care,Local Health Care Provider,Unspecified Launch Method,Missile,Foreign Forces: Military,Armed Forces of the Russian Federation,Health Infrastructure
2024-03-22,,Myanmar,MMR,Shan State,19.7,96.8,(2) 25 km Precision ,Health Care,Local Health Care Provider,Air-Launched: Plane,Aerial Bomb,Other,Myanmar Armed Forces,Multiple
2024-03-22,,Ukraine,UKR,Ivano-Frankivsk Oblast,48.7,24.5,"(4) Province, State, Governorate ",Health Care,Local Health Care Provider,Unspecified Launch Method,Rocket,Foreign Forces: Military,Armed Forces of the Russian Federation,Other
2024-03-22,,Ukraine,UKR,Ivano-Frankivsk Oblast,48.7,24.5,"(4) Province, State, Governorate ",Education,Local Education Provider,Unspecified Launch Method,Rocket,Foreign Forces: Military,Armed Forces of the Russian Federation,Other
2024-03-22,,Ukraine,UKR,Dnipropetrovsk Oblast,48.4,35.0,(2) 25 km Precision ,Education,Local Education Provider,Unspecified Launch Method,Missile,Foreign Forces: Military,Armed Forces of the Russian Federation,Education Infrastructure
2024-03-22,,Ukraine,UKR,Dnipropetrovsk Oblast,48.4,35.0,(2) 25 km Precision ,Education,Local Education Provider,Unspecified Launch Method,Missile,Foreign Forces: Military,Armed Forces of the Russian Federation,Education Infrastructure
2024-03-22,,Myanmar,MMR,Shan State,19.9,96.9,(2) 25 km Precision ,Health Care,Local Health Care Provider,Air-Launched: Plane,Aerial Bomb,Other,Myanmar Armed Forces,Health Infrastructure
2024-03-21,,Ukraine,UKR,Sviatoshynskyi district,50.4,30.4,(2) 25 km Precision ,Education,Local Education Provider,Unspecified Launch Method,Rocket,Foreign Forces: Military,Armed Forces of the Russian Federation,Education Infrastructure
2024-03-21,,Ukraine,UKR,Sviatoshynskyi district,50.4,30.4,(2) 25 km Precision ,Education,Local Education Provider,Unspecified Launch Method,Rocket,Foreign Forces: Military,Armed Forces of the Russian Federation,Education Infrastructure
2024-03-21,,Ukraine,UKR,Shevchenkivskyi district,50.4,30.5,"(3) District, Communicipality or Commune ",Health Care,Local Health Care Provider,Unspecified Launch Method,Rocket,Foreign Forces: Military,Armed Forces of the Russian Federation,Health Infrastructure
2024-03-21,,Ukraine,UKR,Shevchenkivskyi district,50.4,30.5,"(3) District, Communicipality or Commune ",Health Care,Local Health Care Provider,Unspecified Launch Method,Rocket,Foreign Forces: Military,Armed Forces of the Russian Federation,Health Infrastructure
2024-03-21,,Sudan,SDN,Al Khartum,15.6,32.4,(2) 25 km Precision ,Health Care,Local Health Care Provider,Ground-Launched,Artillery,Vigilante,Rapid Support Forces,Health Worker
2024-03-21,,Ukraine,UKR,Shevchenkivskyi district,50.4,30.5,(2) 25 km Precision ,Education,Local Education Provider,Unspecified Launch Method,Rocket,Foreign Forces: Military,Armed Forces of the Russian Federation,Education Infrastructure
2024-03-21,,Ukraine,UKR,Shevchenkivskyi district,50.4,30.5,(2) 25 km Precision ,Education,Local Education Provider,Unspecified Launch Method,Rocket,Foreign Forces: Military,Armed Forces of the Russian Federation,Education Infrastructure
2024-03-21,,Ukraine,UKR,Shevchenkivskyi district,50.4,30.5,(2) 25 km Precision ,Education,Local Education Provider,Unspecified Launch Method,Rocket,Foreign Forces: Military,Armed Forces of the Russian Federation,Education Infrastructure
2024-03-21,,Ukraine,UKR,Shevchenkivskyi district,50.4,30.5,(2) 25 km Precision ,Education,Local Education Provider,Unspecified Launch Method,Rocket,Foreign Forces: Military,Armed Forces of the Russian Federation,Education Infrastructure
2024-03-19,,Syria,SYR,Idlib Governorate,36.0,36.8,(2) 25 km Precision ,Education,Local Education Provider,Ground-Launched,Rocket,Other,Syrian Armed Forces,Education Infrastructure
2024-03-19,,Ukraine,UKR,Sumy Oblast,50.4,35.4,(2) 25 km Precision ,Education,Local Education Provider,Air-Launched: Plane,Aerial Bomb,Foreign Forces: Military,Armed Forces of the Russian Federation,Education Infrastructure
2024-03-19,,Ukraine,UKR,Sumy Oblast,50.4,35.3,(2) 25 km Precision ,Health Care,Local Health Care Provider,Air-Launched: Plane,Aerial Bomb,Foreign Forces: Military,Armed Forces of the Russian Federation,Health Infrastructure
2024-03-19,,Ukraine,UKR,Sumy Oblast,50.4,35.4,(2) 25 km Precision ,Education,Local Education Provider,Air-Launched: Plane,Aerial Bomb,Foreign Forces: Military,Armed Forces of the Russian Federation,Education Infrastructure
2024-03-19,,Ukraine,UKR,Sumy Oblast,50.4,35.4,(2) 25 km Precision ,Education,Local Education Provider,Air-Launched: Plane,Aerial Bomb,Foreign Forces: Military,Armed Forces of the Russian Federation,Education Infrastructure
2024-03-19,,Ukraine,UKR,Sumy Oblast,50.4,35.4,(2) 25 km Precision ,Education,Local Education Provider,Air-Launched: Plane,Aerial Bomb,Foreign Forces: Military,Armed Forces of the Russian Federation,Education Infrastructure
2024-03-19,,Syria,SYR,Idlib Governorate,35.9,36.7,(2) 25 km Precision ,Education,Local Education Provider,Ground-Launched,Rocket,Other,Syrian Armed Forces,Education Infrastructure
2024-03-19,,Ukraine,UKR,Sumy Oblast,50.4,35.3,(2) 25 km Precision ,Education,Local Education Provider,Air-Launched: Plane,Aerial Bomb,Foreign Forces: Military,Armed Forces of the Russian Federation,Education Infrastructure
2024-03-19,,Ukraine,UKR,Sumy Oblast,50.4,35.3,(2) 25 km Precision ,Education,Local Education Provider,Air-Launched: Plane,Aerial Bomb,Foreign Forces: Military,Armed Forces of the Russian Federation,Education Infrastructure
2024-03-18,,Sudan,SDN,North Darfur State,13.6,25.3,(2) 25 km Precision ,Protection,IDP/Refugee Service,Ground-Launched,Shelling,Multiple,"Rapid Support Forces, Sudanese Armed Forces",Protection Infrastructure
2024-03-17,,Ukraine,UKR,Sumy Oblast,50.4,35.4,(2) 25 km Precision ,Health Care,Local Health Care Provider,Air-Launched: Plane,Aerial Bomb,Foreign Forces: Military,Armed Forces of the Russian Federation,Health Infrastructure
2024-03-17,,Ukraine,UKR,Sumy Oblast,50.4,35.4,(2) 25 km Precision ,Education,Local Education Provider,Air-Launched: Plane,Aerial Bomb,Foreign Forces: Military,Armed Forces of the Russian Federation,Education Infrastructure
2024-03-17,,Ukraine,UKR,Kharkiv Oblast,49.4,37.3,(2) 25 km Precision ,Health Care,Local Health Care Provider,Ground-Launched,Shelling,Foreign Forces: Military,Armed Forces of the Russian Federation,Multiple
2024-03-16,,Ukraine,UKR,Donetsk Oblast,48.5,37.8,(2) 25 km Precision ,Health Care,Local Health Care Provider,Unspecified Launch Method,Unspecified Explosive,Foreign Forces: Military,Armed Forces of the Russian Federation,Health Worker
2024-03-16,,Ukraine,UKR,Kherson Oblast,46.8,33.4,(2) 25 km Precision ,Health Care,Local Health Care Provider,Air-Launched: Drone,Aerial Bomb,Foreign Forces: Military,Armed Forces of the Russian Federation,Health Worker
2024-03-16,,Mali,MLI,Gao,17.0,0.7,(2) 25 km Precision ,Health Care,Local Health Care Provider,Air-Launched: Drone,Aerial Bomb,Other,Mali Armed Forces,Health Infrastructure
2024-03-16,,Ukraine,UKR,Sumy Oblast,50.4,35.4,(2) 25 km Precision ,Health Care,Local Health Care Provider,Ground-Launched,Shelling,Foreign Forces: Military,Armed Forces of the Russian Federation,Health Infrastructure
2024-03-16,,Ukraine,UKR,Sumy Oblast,50.4,35.4,(2) 25 km Precision ,Education,Local Education Provider,Ground-Launched,Shelling,Foreign Forces: Military,Armed Forces of the Russian Federation,Education Infrastructure
2024-03-16,,DRC,COD,North Kivu,-1.5,29.0,(2) 25 km Precision ,Aid Operations,United Nations,"Ground-Launched, Unspecified Launch Method","Shelling, Unspecified Explosive",Multiple,"Forces armées de la République démocratique du Congo, March 23 Movement",Other
2024-03-15,,Myanmar,MMR,Sagaing Region,22.7,95.4,(2) 25 km Precision ,Health Care,Local Health Care Provider,Air-Launched: Drone,Aerial Bomb,Other,Local Defense Forces,Health Infrastructure
2024-03-15,,Myanmar,MMR,Sagaing Region,22.7,95.4,(2) 25 km Precision ,Education,Local Education Provider,Air-Launched: Drone,Aerial Bomb,NSA,Unidentified Armed Actor,Other
2024-03-15,,Ukraine,UKR,Sumy Oblast,50.4,35.4,(2) 25 km Precision ,Education,Local Education Provider,Air-Launched: Plane,Aerial Bomb,Foreign Forces: Military,Armed Forces of the Russian Federation,Education Infrastructure
2024-03-15,,Ukraine,UKR,Kharkiv Oblast,50.2,35.9,(2) 25 km Precision ,Health Care,Local Health Care Provider,Ground-Launched,Missile,Foreign Forces: Military,Armed Forces of the Russian Federation,Multiple
2024-03-15,,Ukraine,UKR,Odesa Oblast,46.3,30.7,(2) 25 km Precision ,Health Care,Local Health Care Provider,Ground-Launched,Missile,Foreign Forces: Military,Armed Forces of the Russian Federation,Health Infrastructure
2024-03-14,,Ukraine,UKR,Dnipropetrovsk Oblast,47.5,34.3,(2) 25 km Precision ,Education,Local Education Provider,Air-Launched: Drone,Aerial Bomb,Foreign Forces: Military,Armed Forces of the Russian Federation,Education Infrastructure
2024-03-14,,Ukraine,UKR,Sumy Oblast,50.4,34.9,(2) 25 km Precision ,Health Care,Local Health Care Provider,Air-Launched: Drone,Aerial Bomb,Foreign Forces: Military,Armed Forces of the Russian Federation,Multiple
2024-03-14,,Ukraine,UKR,Kharkiv Oblast,50.0,37.3,(2) 25 km Precision ,Health Care,Local Health Care Provider,Air-Launched: Drone,Aerial Bomb,Foreign Forces: Military,Armed Forces of the Russian Federation,Health Infrastructure
2024-03-14,,Ukraine,UKR,Dnipropetrovsk Oblast,47.5,34.3,(2) 25 km Precision ,Health Care,Local Health Care Provider,Air-Launched: Drone,Aerial Bomb,Foreign Forces: Military,Armed Forces of the Russian Federation,Health Infrastructure
2024-03-14,,Ukraine,UKR,Kherson Oblast,46.8,33.4,(2) 25 km Precision ,Health Care,Local Health Care Provider,Air-Launched: Drone,Aerial Bomb,Other,Armed Forces of Ukraine,Health Infrastructure
2024-03-14,,Sudan,SDN,South Kordofan,11.4,30.1,(2) 25 km Precision ,Education,Local Education Provider,Unspecified Launch Method,Unspecified Explosive,Other,Sudanese Armed Forces,Education Infrastructure
2024-03-13,,Myanmar,MMR,Rakhine,20.1,93.0,(2) 25 km Precision ,Education,Local Education Provider,Air-Launched: Plane,Aerial Bomb,Other,Myanmar Armed Forces,Education Infrastructure
2024-03-13,,DRC,COD,South Kivu,-1.8,29.0,"(3) District, Communicipality or Commune ",Health Care,Local Health Care Provider,Ground-Launched,Shelling,NSA,March 23 Movement,Other
2024-03-13,,Ukraine,UKR,Kharkiv Oblast,50.0,37.3,(2) 25 km Precision ,Health Care,Local Health Care Provider,Air-Launched: Plane,Aerial Bomb,Foreign Forces: Military,Armed Forces of the Russian Federation,Health Infrastructure
2024-03-13,,Myanmar,MMR,Rakhine,20.1,93.0,(2) 25 km Precision ,Health Care,Local Health Care Provider,Air-Launched: Plane,Aerial Bomb,Other,Myanmar Armed Forces,Health Infrastructure
2024-03-12,,Ukraine,UKR,Dnipropetrovsk Oblast,47.9,33.3,"(3) District, Communicipality or Commune ",Education,Local Education Provider,Ground-Launched,Missile,Foreign Forces: Military,Armed Forces of the Russian Federation,Education Infrastructure
2024-03-12,,Ukraine,UKR,Kherson Oblast,46.7,33.3,(2) 25 km Precision ,Health Care,Local Health Care Provider,Air-Launched: Drone,Aerial Bomb,Other,Armed Forces of Ukraine,Health Infrastructure
2024-03-12,,Ukraine,UKR,Dnipropetrovsk Oblast,47.9,33.3,"(3) District, Communicipality or Commune ",Education,Local Education Provider,Ground-Launched,Missile,Foreign Forces: Military,Armed Forces of the Russian Federation,Education Infrastructure
2024-03-12,,Ukraine,UKR,Dnipropetrovsk Oblast,47.9,33.3,"(3) District, Communicipality or Commune ",Education,Local Education Provider,Ground-Launched,Missile,Foreign Forces: Military,Armed Forces of the Russian Federation,Education Infrastructure
2024-03-12,,Ukraine,UKR,Dnipropetrovsk Oblast,47.9,33.3,"(3) District, Communicipality or Commune ",Education,Local Education Provider,Ground-Launched,Missile,Foreign Forces: Military,Armed Forces of the Russian Federation,Education Infrastructure
2024-03-12,,Ukraine,UKR,Dnipropetrovsk Oblast,47.9,33.3,"(3) District, Communicipality or Commune ",Education,Local Education Provider,Ground-Launched,Missile,Foreign Forces: Military,Armed Forces of the Russian Federation,Education Infrastructure
2024-03-12,,Ukraine,UKR,Dnipropetrovsk Oblast,47.9,33.3,"(3) District, Communicipality or Commune ",Education,Local Education Provider,Ground-Launched,Missile,Foreign Forces: Military,Armed Forces of the Russian Federation,Education Infrastructure
2024-03-12,,Ukraine,UKR,Dnipropetrovsk Oblast,47.9,33.3,"(3) District, Communicipality or Commune ",Education,Local Education Provider,Ground-Launched,Missile,Foreign Forces: Military,Armed Forces of the Russian Federation,Education Infrastructure
2024-03-12,,Ukraine,UKR,Dnipropetrovsk Oblast,47.9,33.3,"(3) District, Communicipality or Commune ",Education,Local Education Provider,Ground-Launched,Missile,Foreign Forces: Military,Armed Forces of the Russian Federation,Education Infrastructure
2024-03-12,,Ukraine,UKR,Dnipropetrovsk Oblast,47.9,33.3,"(3) District, Communicipality or Commune ",Education,Local Education Provider,Ground-Launched,Missile,Foreign Forces: Military,Armed Forces of the Russian Federation,Education Infrastructure
2024-03-12,,Myanmar,MMR,Magway,19.9,95.0,"(3) District, Communicipality or Commune ",Education,Local Education Provider,Air-Launched: Drone,Aerial Bomb,Other,Myanmar Armed Forces,Education Infrastructure
2024-03-12,,Myanmar,MMR,Magway,19.9,95.0,"(3) District, Communicipality or Commune ",Health Care,Local Health Care Provider,Air-Launched: Drone,Aerial Bomb,Other,Myanmar Armed Forces,Health Infrastructure
2024-03-12,,Ukraine,UKR,Sumy Oblast,50.7,35.2,(2) 25 km Precision ,Education,Local Education Provider,Ground-Launched,Artillery,Foreign Forces: Military,Armed Forces of the Russian Federation,Other
2024-03-12,,Ukraine,UKR,Sumy Oblast,50.7,35.2,(2) 25 km Precision ,Health Care,Local Health Care Provider,Ground-Launched,Artillery,Foreign Forces: Military,Armed Forces of the Russian Federation,Health Infrastructure
2024-03-12,,Ukraine,UKR,Sumy Oblast,50.7,35.2,(2) 25 km Precision ,Health Care,Local Health Care Provider,Ground-Launched,Artillery,Foreign Forces: Military,Armed Forces of the Russian Federation,Health Infrastructure
2024-03-11,,Lebanon,LBN,Baalbek-Hermel Governorate,34.1,35.9,censored by HDX,Health Care,Local Health Care Provider,Air-Launched: Plane,Aerial Bomb,Foreign Forces: Military,Israeli Defence Forces,Health Infrastructure
2024-03-11,,Ukraine,UKR,Sumy Oblast,50.5,34.7,(2) 25 km Precision ,Education,Local Education Provider,Ground-Launched,Missile,Foreign Forces: Military,Armed Forces of the Russian Federation,Education Infrastructure
2024-03-11,,Ukraine,UKR,Sumy Oblast,50.5,34.7,(2) 25 km Precision ,Health Care,Local Health Care Provider,Ground-Launched,Missile,Foreign Forces: Military,Armed Forces of the Russian Federation,Health Infrastructure
2024-03-11,,Myanmar,MMR,Sagaing Region,22.4,94.8,(2) 25 km Precision ,Health Care,Local Health Care Provider,Air-Launched: Plane,Aerial Bomb,Other,Myanmar Armed Forces,Health Infrastructure
2024-03-11,,Ukraine,UKR,No Information,49.4,31.2,(6) Country,Health Care,Local Health Care Provider,Ground-Launched,Unspecified Explosive,Foreign Forces: Military,Armed Forces of the Russian Federation,Health Worker
2024-03-10,,Lebanon,LBN,Nabatieh Governorate,33.2,35.3,censored by HDX,Health Care,Private Health Care,Unspecified Launch Method,Unspecified Explosive,Foreign Forces: Military,Israeli Defence Forces,Health Infrastructure
2024-03-10,,Sudan,SDN,North Darfur State,13.6,25.3,(2) 25 km Precision ,Protection,IDP/Refugee Service,Unspecified Launch Method,Missile,Multiple,"Rapid Support Forces, Sudanese Armed Forces",Protection Infrastructure
2024-03-10,,Myanmar,MMR,Sagaing Region,23.1,94.0,"(3) District, Communicipality or Commune ",Education,Local Education Provider,Air-Launched: Drone,Aerial Bomb,Other,Myanmar Armed Forces,Education Infrastructure
2024-03-10,,Lebanon,LBN,South Governorate,33.3,35,censored by HDX,Health Care,Private Health Care,Unspecified Launch Method,Unspecified Explosive,Foreign Forces: Military,Israeli Defence Forces,Health Infrastructure
2024-03-09,,Myanmar,MMR,Mandalay,22.8,95.9,"(3) District, Communicipality or Commune ",Health Care,Local Health Care Provider,Directly-Emplaced,Mine,Other,Local Defense Forces,Health Infrastructure
2024-03-09,,Ukraine,UKR,Kherson Oblast,46.6,32.6,(2) 25 km Precision ,Education,Local Education Provider,Ground-Launched,Rocket,Foreign Forces: Military,Armed Forces of the Russian Federation,Education Infrastructure
2024-03-09,,Ukraine,UKR,Kherson Oblast,46.6,32.6,(2) 25 km Precision ,Health Care,Local Health Care Provider,Ground-Launched,Rocket,Foreign Forces: Military,Armed Forces of the Russian Federation,Health Infrastructure
2024-03-08,,Ukraine,UKR,Donetsk Oblast,48.3,37.2,(2) 25 km Precision ,Health Care,Local Health Care Provider,Ground-Launched,Missile,Foreign Forces: Military,Armed Forces of the Russian Federation,Health Infrastructure
2024-03-08,,Myanmar,MMR,Kayin State,16.6,98.3,(2) 25 km Precision ,Health Care,Local Health Care Provider,"Air-Launched: Plane, Ground-Launched","Aerial Bomb, Shelling",Multiple,"KNU Karen National Union (Myanmar), Myanmar Armed Forces",Health Infrastructure
2024-03-08,,Ukraine,UKR,Kherson Oblast,46.6,32.6,(2) 25 km Precision ,Health Care,Local Health Care Provider,Ground-Launched,Artillery,Foreign Forces: Military,Armed Forces of the Russian Federation,Health Infrastructure
2024-03-07,,Ukraine,UKR,Sumy Oblast,50.8,34.7,(2) 25 km Precision ,Health Care,Local Health Care Provider,Unspecified Launch Method,Rocket,Foreign Forces: Military,Armed Forces of the Russian Federation,Health Infrastructure
2024-03-07,,Syria,SYR,Aleppo Governorate,36.5,37.0,(2) 25 km Precision ,Health Care,Local Health Care Provider,Ground-Launched,Rocket,NSA,Syrian National Army (SNA),Health Infrastructure
2024-03-07,,Ukraine,UKR,Sumy Oblast,50.9,34.8,"(3) District, Communicipality or Commune ",Health Care,Local Health Care Provider,Unspecified Launch Method,Rocket,Foreign Forces: Military,Armed Forces of the Russian Federation,Health Worker
2024-03-07,,Ukraine,UKR,Sumy Oblast,50.8,34.7,(2) 25 km Precision ,Health Care,Local Health Care Provider,Unspecified Launch Method,Rocket,Foreign Forces: Military,Armed Forces of the Russian Federation,Multiple
2024-03-07,,Myanmar,MMR,Yangon,16.7,96.1,(2) 25 km Precision ,Education,Local Education Provider,Air-Launched: Plane,Aerial Bomb,Other,Myanmar Armed Forces,Education Infrastructure
2024-03-07,,Ukraine,UKR,Sumy Oblast,50.9,34.8,(2) 25 km Precision ,Education,Local Education Provider,Unspecified Launch Method,Rocket,Foreign Forces: Military,Armed Forces of the Russian Federation,Education Infrastructure
2024-03-07,,Ukraine,UKR,Donetsk Oblast,48.5,37.7,(2) 25 km Precision ,Health Care,Local Health Care Provider,Air-Launched: Plane,Aerial Bomb,Foreign Forces: Military,Armed Forces of the Russian Federation,Health Infrastructure
2024-03-07,,Ukraine,UKR,Sumy Oblast,50.8,34.7,(2) 25 km Precision ,Health Care,Local Health Care Provider,Unspecified Launch Method,Rocket,Foreign Forces: Military,Armed Forces of the Russian Federation,Health Infrastructure
2024-03-06,,Ukraine,UKR,Sumy Oblast,50.9,34.8,(2) 25 km Precision ,Health Care,Local Health Care Provider,Unspecified Launch Method,Rocket,Foreign Forces: Military,Armed Forces of the Russian Federation,Health Infrastructure
2024-03-06,,Ukraine,UKR,Sumy Oblast,50.8,34.8,(2) 25 km Precision ,Health Care,Local Health Care Provider,Air-Launched: Drone,Aerial Bomb,Foreign Forces: Military,Armed Forces of the Russian Federation,Health Infrastructure
2024-03-06,,Ukraine,UKR,Kharkiv Oblast,49.9,36.9,(2) 25 km Precision ,Education,Local Education Provider,Air-Launched: Drone,Aerial Bomb,Foreign Forces: Military,Armed Forces of the Russian Federation,Education Infrastructure
2024-03-06,,Ukraine,UKR,Sumy Oblast,50.9,34.8,"(3) District, Communicipality or Commune ",Education,Local Education Provider,Air-Launched: Drone,Aerial Bomb,Foreign Forces: Military,Armed Forces of the Russian Federation,Education Infrastructure
2024-03-06,,Ukraine,UKR,Sumy Oblast,50.9,34.8,"(3) District, Communicipality or Commune ",Education,Local Education Provider,Air-Launched: Drone,Aerial Bomb,Foreign Forces: Military,Armed Forces of the Russian Federation,Education Infrastructure
2024-03-06,,Ukraine,UKR,Sumy Oblast,50.9,34.8,(2) 25 km Precision ,Health Care,Local Health Care Provider,Unspecified Launch Method,Rocket,Foreign Forces: Military,Armed Forces of the Russian Federation,Health Infrastructure
2024-03-06,,Ukraine,UKR,Sumy Oblast,50.9,34.8,(2) 25 km Precision ,"Education, Health Care","Local Education Provider, Local Health Care Provider",Unspecified Launch Method,Rocket,Foreign Forces: Military,Armed Forces of the Russian Federation,Education Infrastructure
2024-03-05,,Ukraine,UKR,Kharkiv Oblast,49.5,37.6,(2) 25 km Precision ,Health Care,Local Health Care Provider,Ground-Launched,Shelling,Foreign Forces: Military,Armed Forces of the Russian Federation,Health Worker
2024-03-05,,Myanmar,MMR,Shan State,20.1,97.2,(2) 25 km Precision ,Health Care,Local Health Care Provider,Air-Launched: Drone,Aerial Bomb,Other,Myanmar Armed Forces,Health Infrastructure
2024-03-04,,Ukraine,UKR,Kherson Oblast,46.6,32.6,"(3) District, Communicipality or Commune ",Education,Local Education Provider,Ground-Launched,Artillery,Foreign Forces: Military,Armed Forces of the Russian Federation,Education Infrastructure
2024-03-04,,Myanmar,MMR,Sagaing Region,21.9,95.5,"(3) District, Communicipality or Commune ",Health Care,Local Health Care Provider,Directly-Emplaced,Mine,Other,Local Defense Forces,Health Infrastructure
2024-03-04,,Lebanon,LBN,Nabatieh Governorate,33.2,35.3,censored by HDX,Health Care,Private Health Care,Unspecified Launch Method,Unspecified Explosive,Foreign Forces: Military,Israeli Defence Forces,Health Infrastructure
2024-03-04,,Lebanon,LBN,Nabatieh Governorate,33.2,35.3,censored by HDX,Health Care,Local Health Care Provider,Air-Launched: Plane,Aerial Bomb,Foreign Forces: Military,Israeli Defence Forces,Health Infrastructure
2024-03-04,,Myanmar,MMR,Tanintharyi Region,14.1,98.5,(2) 25 km Precision ,Health Care,Local Health Care Provider,Air-Launched: Plane,Aerial Bomb,Other,Myanmar Armed Forces,Health Infrastructure
2024-03-04,,Ukraine,UKR,Zaporizhia Oblast,47.5,35.8,(2) 25 km Precision ,Health Care,Local Health Care Provider,Air-Launched: Drone,Aerial Bomb,Foreign Forces: Military,Armed Forces of the Russian Federation,Health Worker
2024-03-03,,Ukraine,UKR,Sumy Oblast,52.0,33.9,(2) 25 km Precision ,Health Care,Local Health Care Provider,Ground-Launched,Shelling,Foreign Forces: Military,Armed Forces of the Russian Federation,Health Infrastructure
2024-03-03,,Myanmar,MMR,Kayah State,18.8,97.3,(2) 25 km Precision ,Health Care,Local Health Care Provider,Air-Launched: Plane,Aerial Bomb,Other,Myanmar Armed Forces,Health Infrastructure
2024-03-03,,Lebanon,LBN,Nabatieh Governorate,33.2,35.3,censored by HDX,Health Care,Local Health Care Provider,Air-Launched: Plane,Aerial Bomb,Foreign Forces: Military,Israeli Defence Forces,Health Infrastructure
2024-03-03,,Ukraine,UKR,Donetsk Oblast,48.3,37.2,(2) 25 km Precision ,Education,Local Education Provider,Air-Launched: Drone,Aerial Bomb,Foreign Forces: Military,Armed Forces of the Russian Federation,Education Infrastructure
2024-03-03,,Myanmar,MMR,Sagaing Region,23.7,95.6,(2) 25 km Precision ,Education,Local Education Provider,Air-Launched: Plane,Aerial Bomb,Other,Myanmar Armed Forces,Education Infrastructure
2024-03-03,,Ukraine,UKR,Kharkiv Oblast,50.2,36.9,(2) 25 km Precision ,Education,Local Education Provider,Air-Launched: Drone,Aerial Bomb,Foreign Forces: Military,Armed Forces of the Russian Federation,Education Infrastructure
2024-03-03,,Myanmar,MMR,Sagaing Region,23.7,95.6,(2) 25 km Precision ,Health Care,Local Health Care Provider,Air-Launched: Plane,Aerial Bomb,Other,Myanmar Armed Forces,Health Infrastructure
2024-03-03,,Ukraine,UKR,Donetsk Oblast,48.3,37.2,(2) 25 km Precision ,Education,Local Education Provider,Air-Launched: Drone,Aerial Bomb,Foreign Forces: Military,Armed Forces of the Russian Federation,Education Infrastructure
2024-03-02,,Myanmar,MMR,Sagaing Region,22.4,94.8,(2) 25 km Precision ,Health Care,Local Health Care Provider,Air-Launched: Drone,Artillery,NSA,"Arakan Army, Kachin Independence Army",Health Infrastructure
2024-03-02,,Myanmar,MMR,Sagaing Region,22.4,94.8,(2) 25 km Precision ,Health Care,Local Health Care Provider,Air-Launched: Drone,Artillery,NSA,"Arakan Army, Kachin Independence Army",Health Infrastructure
2024-03-02,,Myanmar,MMR,Sagaing Region,21.9,95.0,(2) 25 km Precision ,Health Care,Local Health Care Provider,Ground-Launched,Artillery,Other,Local Defense Forces,Health Infrastructure
2024-03-02,,Myanmar,MMR,Rakhine,19.5,93.9,(2) 25 km Precision ,Education,Local Education Provider,Air-Launched: Plane,Aerial Bomb,Other,Myanmar Armed Forces,Education Infrastructure
2024-03-02,,Myanmar,MMR,Rakhine,19.5,93.9,(2) 25 km Precision ,Health Care,Local Health Care Provider,Air-Launched: Plane,Aerial Bomb,Other,Myanmar Armed Forces,Health Infrastructure
2024-03-02,,Ukraine,UKR,Kharkiv Oblast,49.7,37.6,(2) 25 km Precision ,Aid Operations,NGO,Unspecified Launch Method,Unspecified Explosive,Foreign Forces: Military,Armed Forces of the Russian Federation,Other
2024-03-02,,Ukraine,UKR,Odesa Oblast,46.4,30.7,"(3) District, Communicipality or Commune ",Education,Local Education Provider,Air-Launched: Drone,Aerial Bomb,Foreign Forces: Military,Armed Forces of the Russian Federation,Education Infrastructure
2024-03-02,,Ukraine,UKR,Odesa Oblast,46.4,30.7,"(3) District, Communicipality or Commune ",Education,Local Education Provider,Air-Launched: Drone,Aerial Bomb,Foreign Forces: Military,Armed Forces of the Russian Federation,Education Infrastructure
2024-03-01,,Ukraine,UKR,Donetsk Oblast,48.5,37.6,(2) 25 km Precision ,Education,Local Education Provider,Ground-Launched,Missile,Foreign Forces: Military,Armed Forces of the Russian Federation,Education Infrastructure
2024-03-01,,Sudan,SDN,White Nile,14.5,32.2,(2) 25 km Precision ,Health Care,Local Health Care Provider,Air-Launched: Plane,Aerial Bomb,Other,Sudanese Armed Forces,Health Infrastructure
2024-03-01,,Ukraine,UKR,Donetsk Oblast,48.5,37.7,(2) 25 km Precision ,Health Care,Local Health Care Provider,Ground-Launched,Missile,Foreign Forces: Military,Armed Forces of the Russian Federation,Health Infrastructure
2024-03-01,,Sudan,SDN,White Nile State,14.5,32.2,(2) 25 km Precision ,Education,Local Education Provider,Air-Launched: Plane,Aerial Bomb,Other,Sudanese Armed Forces,Education Infrastructure
2024-03-01,,Ukraine,UKR,Sumy Oblast,50.4,35.4,(2) 25 km Precision ,Health Care,Local Health Care Provider,Ground-Launched,Rocket,Foreign Forces: Military,Armed Forces of the Russian Federation,Health Infrastructure
2024-03-01,,Ukraine,UKR,Donetsk Oblast,48.5,37.6,(2) 25 km Precision ,Education,Local Education Provider,Ground-Launched,Missile,Foreign Forces: Military,Armed Forces of the Russian Federation,Education Infrastructure
2024-02-29,,Ukraine,UKR,Donetsk Oblast,48.8,37.7,(2) 25 km Precision ,Health Care,Local Health Care Provider,Air-Launched: Plane,Aerial Bomb,Foreign Forces: Military,Armed Forces of the Russian Federation,Health Infrastructure
2024-02-29,,Sudan,SDN,Al Khartum,15.6,32.4,(2) 25 km Precision ,Health Care,Local Health Care Provider,Ground-Launched,Artillery,Vigilante,Rapid Support Forces,Health Infrastructure
2024-02-29,,Ukraine,UKR,Kharkiv Oblast,50.2,36.9,(2) 25 km Precision ,Health Care,Local Health Care Provider,Air-Launched: Plane,Aerial Bomb,Foreign Forces: Military,Armed Forces of the Russian Federation,Health Infrastructure
2024-02-28,,Lebanon,LBN,Nabatieh Governorate,33.2,35.3,censored by HDX,Health Care,Local Health Care Provider,Air-Launched: Drone,Missile,Foreign Forces: Military,Israeli Defence Forces,Health Infrastructure
2024-02-27,,Myanmar,MMR,Bago Region,18.1,96.6,(2) 25 km Precision ,Health Care,Local Health Care Provider,Air-Launched: Plane,Artillery,Other,Myanmar Armed Forces,Health Infrastructure
2024-02-27,,Myanmar,MMR,Rakhine,20.3,93.2,(2) 25 km Precision ,Health Care,Local Health Care Provider,Air-Launched: Plane,Aerial Bomb,Other,Myanmar Armed Forces,Health Infrastructure
2024-02-27,,Lebanon,LBN,South Governorate,33.3,35,censored by HDX,Health Care,Private Health Care,Unspecified Launch Method,Unspecified Explosive,Foreign Forces: Military,Israeli Defence Forces,Health Infrastructure
2024-02-26,,Myanmar,MMR,Sagaing Region,23.2,93.9,(2) 25 km Precision ,Education,Local Education Provider,Air-Launched: Plane,Aerial Bomb,Other,Myanmar Armed Forces,Education Infrastructure
2024-02-26,,Lebanon,LBN,Nabatieh Governorate,33.2,35.3,censored by HDX,Health Care,Local Health Care Provider,Air-Launched: Plane,Aerial Bomb,Foreign Forces: Military,Israeli Defence Forces,Health Infrastructure
2024-02-26,,DRC,COD,North Kivu,-1.1,29.4,"(3) District, Communicipality or Commune ","Health Care, Aid Operations",NGO,None,Unspecified Explosive,Other,Conflict Party unspecified (DRC),Other
2024-02-26,,Ukraine,UKR,Dnipropetrovsk Oblast,47.5,34.6,(2) 25 km Precision ,Health Care,Local Health Care Provider,Air-Launched: Drone,Aerial Bomb,Other,Armed Forces of Ukraine,Health Infrastructure
2024-02-25,,Ukraine,UKR,Donetsk Oblast,48.0,37.8,(2) 25 km Precision ,Health Care,Local Health Care Provider,Air-Launched: Drone,Aerial Bomb,No Information,Unidentified Armed Actor,Health Infrastructure
2024-02-25,,Ukraine,UKR,Donetsk Oblast,48.5,37.6,(2) 25 km Precision ,Education,Local Education Provider,Ground-Launched,Missile,Foreign Forces: Military,Armed Forces of the Russian Federation,Education Infrastructure
2024-02-25,,Ukraine,UKR,Donetsk Oblast,48.5,37.6,(2) 25 km Precision ,Education,Local Education Provider,Ground-Launched,Missile,Foreign Forces: Military,Armed Forces of the Russian Federation,Education Infrastructure
2024-02-25,,Ukraine,UKR,Donetsk Oblast,48.5,37.6,(2) 25 km Precision ,Education,Local Education Provider,Ground-Launched,Missile,Foreign Forces: Military,Armed Forces of the Russian Federation,Education Infrastructure
2024-02-25,,Ukraine,UKR,Donetsk Oblast,48.5,37.6,(2) 25 km Precision ,Health Care,Local Health Care Provider,Ground-Launched,Missile,Foreign Forces: Military,Armed Forces of the Russian Federation,Health Infrastructure
2024-02-25,,Ukraine,UKR,Donetsk Oblast,48.5,37.6,(2) 25 km Precision ,Health Care,Local Health Care Provider,Ground-Launched,Missile,Foreign Forces: Military,Armed Forces of the Russian Federation,Health Infrastructure
2024-02-25,,Myanmar,MMR,Bago Region,18.3,96.7,(2) 25 km Precision ,Health Care,Local Health Care Provider,Air-Launched: Drone,Aerial Bomb,Other,Myanmar Armed Forces,Health Infrastructure
2024-02-23,,Sudan,SDN,Al Khartum,15.5,32.5,"(3) District, Communicipality or Commune ",Health Care,Local Health Care Provider,Air-Launched: Plane,Aerial Bomb,Other,Sudanese Armed Forces,Health Worker
2024-02-23,,Lebanon,LBN,Nabatieh Governorate,33.2,35.3,censored by HDX,"Health Care, Aid Operations",Government Aid Agency,Air-Launched: Plane,Aerial Bomb,Foreign Forces: Military,Israeli Defence Forces,Multiple
2024-02-23,,Lebanon,LBN,South Governorate,33.3,35,censored by HDX,Health Care,Private Health Care,Unspecified Launch Method,Unspecified Explosive,Foreign Forces: Military,Israeli Defence Forces,Private/Voluntary Aid
2024-02-23,,Ukraine,UKR,Kherson Oblast,46.6,32.6,(2) 25 km Precision ,Health Care,Local Health Care Provider,Ground-Launched,Rocket,Foreign Forces: Military,Armed Forces of the Russian Federation,Health Infrastructure
2024-02-22,,Lebanon,LBN,Nabatieh Governorate,33.2,35.3,censored by HDX,Health Care,Local Health Care Provider,Air-Launched: Plane,Aerial Bomb,Foreign Forces: Military,Israeli Defence Forces,Health Worker
2024-02-21,,Myanmar,MMR,Tanintharyi Region,14.1,98.5,(2) 25 km Precision ,Health Care,Local Health Care Provider,"Air-Launched: Helicopter, Unspecified Launch Method","Rocket, Unspecified Explosive",Multiple,"Karen National Liberation Army, Myanmar Armed Forces, People's Defence Force (Myanmar)",Health Infrastructure
2024-02-21,,Syria,SYR,Idlib Governorate,35.6,36.5,(2) 25 km Precision ,Education,Local Education Provider,Ground-Launched,Shelling,Other,Syrian Armed Forces,Education Infrastructure
2024-02-21,,Myanmar,MMR,Sagaing Region,24.0,95.3,(2) 25 km Precision ,Education,Local Education Provider,Air-Launched: Plane,Aerial Bomb,Other,Myanmar Armed Forces,Education Infrastructure
2024-02-21,,Ukraine,UKR,Donetsk Oblast,48.0,37.8,(2) 25 km Precision ,Health Care,Local Health Care Provider,Ground-Launched,Artillery,Other,Armed Forces of Ukraine,Health Infrastructure
2024-02-20,,Sudan,SDN,East Darfur State,11.8,26.2,(2) 25 km Precision ,"Health Care, Protection","IDP/Refugee Service, Local Health Care Provider",Air-Launched: Plane,Aerial Bomb,Other,Sudanese Armed Forces,Multiple
2024-02-20,,Myanmar,MMR,Rakhine,19.0,93.8,(2) 25 km Precision ,Health Care,Local Health Care Provider,Air-Launched: Plane,Aerial Bomb,Other,Myanmar Armed Forces,Health Infrastructure
2024-02-20,,Ukraine,UKR,Kherson Oblast,46.5,32.1,(2) 25 km Precision ,Health Care,Local Health Care Provider,Air-Launched: Drone,Aerial Bomb,Foreign Forces: Military,Armed Forces of the Russian Federation,Other
2024-02-20,,Myanmar,MMR,Sagaing Region,22.7,95.4,(2) 25 km Precision ,Education,Local Education Provider,Air-Launched: Drone,Aerial Bomb,NSA,Unidentified Armed Actor,Education Infrastructure
2024-02-20,,Myanmar,MMR,Sagaing Region,22.7,95.4,(2) 25 km Precision ,Education,Local Education Provider,Air-Launched: Drone,Aerial Bomb,NSA,Unidentified Armed Actor,Education Infrastructure
2024-02-19,,Lebanon,LBN,South Governorate,33.3,35,censored by HDX,Protection,IDP/Refugee Service,Air-Launched: No Information on Platform Type,Aerial Bomb,Foreign Forces: Military,Israeli Defence Forces,Protection Infrastructure
2024-02-18,,Ukraine,UKR,Kharkiv Oblast,49.3,37.6,(2) 25 km Precision ,Health Care,Local Health Care Provider,Ground-Launched,Shelling,Foreign Forces: Military,Armed Forces of the Russian Federation,Health Infrastructure
2024-02-18,,Ukraine,UKR,Kharkiv Oblast,49.3,37.6,(2) 25 km Precision ,Education,Local Education Provider,Ground-Launched,Shelling,Foreign Forces: Military,Armed Forces of the Russian Federation,Education Infrastructure
2024-02-18,,Ukraine,UKR,Kharkiv Oblast,49.3,37.6,(2) 25 km Precision ,Education,Local Education Provider,Ground-Launched,Shelling,Foreign Forces: Military,Armed Forces of the Russian Federation,Education Infrastructure
2024-02-18,,Myanmar,MMR,Kachin State,24.1,97.2,(2) 25 km Precision ,Education,Local Education Provider,Air-Launched: Plane,Aerial Bomb,Other,Myanmar Armed Forces,Education Infrastructure
2024-02-17,,Ukraine,UKR,Kherson Oblast,46.6,32.4,(2) 25 km Precision ,Health Care,Local Health Care Provider,Ground-Launched,Rocket,Foreign Forces: Military,Armed Forces of the Russian Federation,Health Infrastructure
2024-02-17,,Ethiopia,ETH,Tigray,12.5,39.5,(2) 25 km Precision ,"Health Care, Aid Operations",National Red Cross Society,Directly-Emplaced,Hand Grenade,NSA,Unidentified Armed Actor,Aid Infrastructure
2024-02-16,,Ukraine,UKR,Kherson Oblast,46.6,32.6,(2) 25 km Precision ,Health Care,Local Health Care Provider,Ground-Launched,Shelling,Foreign Forces: Military,Armed Forces of the Russian Federation,Health Infrastructure
2024-02-16,,Sudan,SDN,North Darfur State,14.1,25.9,(2) 25 km Precision ,Protection,IDP/Refugee Service,Air-Launched: Plane,Aerial Bomb,Other,Sudanese Armed Forces,Protection Infrastructure
2024-02-16,,Sudan,SDN,North Darfur State,13.6,25.3,"(3) District, Communicipality or Commune ",Protection,IDP/Refugee Service,Air-Launched: Plane,Aerial Bomb,Other,Sudanese Armed Forces,Protection Infrastructure
2024-02-15,,Myanmar,MMR,Kachin State,24.1,97.2,"(3) District, Communicipality or Commune ",Health Care,Local Health Care Provider,Air-Launched: Plane,Aerial Bomb,Other,Myanmar Armed Forces,Health Infrastructure
2024-02-15,,Ukraine,UKR,Kharkiv Oblast,50.2,37.4,(2) 25 km Precision ,Education,Local Education Provider,Ground-Launched,Shelling,Foreign Forces: Military,Armed Forces of the Russian Federation,Teacher/Student
2024-02-15,,Cyprus,CYP,Cyprus,34.9,33.5,(2) 25 km Precision ,Health Care,Local Health Care Provider,Directly-Emplaced,Unspecified IED,No Information,Unidentified Armed Actor,Health Infrastructure
2024-02-14,,Ukraine,UKR,Donetsk Oblast,48.1,37.3,(2) 25 km Precision ,Health Care,Local Health Care Provider,Ground-Launched,Missile,Foreign Forces: Military,Armed Forces of the Russian Federation,Health Infrastructure
2024-02-14,,Ukraine,UKR,Donetsk Oblast,47.9,36.9,(2) 25 km Precision ,Health Care,Local Health Care Provider,Ground-Launched,Rocket,Foreign Forces: Military,Armed Forces of the Russian Federation,Health Infrastructure
2024-02-14,,Israel,ISR,North District,32.9,35.4,(2) 25 km Precision ,Health Care,Local Health Care Provider,Ground-Launched,Rocket,NSA,Hezbollah,Health Infrastructure
2024-02-14,,Lebanon,LBN,Nabatieh Governorate,33.2,35.3,censored by HDX,"Health Care, Aid Operations",National Red Cross Society,Unspecified Launch Method,Unspecified Explosive,Foreign Forces: Military,Israeli Defence Forces,Health Worker
2024-02-14,,Ukraine,UKR,Donetsk Oblast,48.1,37.3,(2) 25 km Precision ,Aid Operations,INGO,Ground-Launched,Missile,Foreign Forces: Military,Armed Forces of the Russian Federation,Aid Infrastructure
2024-02-14,,Ukraine,UKR,Sumy Oblast,52.0,33.9,(2) 25 km Precision ,Health Care,Local Health Care Provider,Ground-Launched,Rocket,Foreign Forces: Military,Armed Forces of the Russian Federation,Health Infrastructure
2024-02-14,,Ukraine,UKR,Kherson Oblast,46.6,32.6,(2) 25 km Precision ,Health Care,Local Health Care Provider,Ground-Launched,Shelling,Foreign Forces: Military,Armed Forces of the Russian Federation,Health Infrastructure
2024-02-13,,Ukraine,UKR,Dnipropetrovsk Oblast,48.4,35.0,(2) 25 km Precision ,Education,Local Education Provider,Air-Launched: Drone,Aerial Bomb,Foreign Forces: Military,Armed Forces of the Russian Federation,Other
2024-02-13,,Ukraine,UKR,Kherson Oblast,46.6,32.6,(2) 25 km Precision ,Health Care,Local Health Care Provider,Ground-Launched,Rocket,Foreign Forces: Military,Armed Forces of the Russian Federation,Health Infrastructure
2024-02-13,,Ukraine,UKR,Kherson Oblast,46.6,32.6,(2) 25 km Precision ,Health Care,Local Health Care Provider,Ground-Launched,Shelling,Foreign Forces: Military,Armed Forces of the Russian Federation,Health Infrastructure
2024-02-13,,Ukraine,UKR,Kherson Oblast,46.8,33.4,(2) 25 km Precision ,Health Care,Local Health Care Provider,Ground-Launched,Mortar,Foreign Forces: Military,Armed Forces of the Russian Federation,Health Infrastructure
2024-02-13,,Ukraine,UKR,Kherson Oblast,46.6,32.6,(2) 25 km Precision ,Health Care,Local Health Care Provider,Ground-Launched,Rocket,Foreign Forces: Military,Armed Forces of the Russian Federation,Health Infrastructure
2024-02-13,,Ukraine,UKR,Dnipropetrovsk Oblast,48.4,35.0,(2) 25 km Precision ,Health Care,Local Health Care Provider,Air-Launched: Drone,Aerial Bomb,Foreign Forces: Military,Armed Forces of the Russian Federation,Other
2024-02-13,,Ukraine,UKR,Dnipropetrovsk Oblast,48.4,35.0,(2) 25 km Precision ,Education,Local Education Provider,Air-Launched: Drone,Aerial Bomb,Foreign Forces: Military,Armed Forces of the Russian Federation,Other
2024-02-13,,Ukraine,UKR,Dnipropetrovsk Oblast,48.4,35.0,(2) 25 km Precision ,Health Care,Local Health Care Provider,Air-Launched: Drone,Aerial Bomb,Foreign Forces: Military,Armed Forces of the Russian Federation,Other
2024-02-13,,Ukraine,UKR,Dnipropetrovsk Oblast,48.4,35.0,(2) 25 km Precision ,Education,Local Education Provider,Air-Launched: Drone,Aerial Bomb,Foreign Forces: Military,Armed Forces of the Russian Federation,Other
2024-02-13,,Ukraine,UKR,Dnipropetrovsk Oblast,48.4,35.0,(2) 25 km Precision ,Education,Local Education Provider,Air-Launched: Drone,Aerial Bomb,Foreign Forces: Military,Armed Forces of the Russian Federation,Other
2024-02-13,,Ukraine,UKR,Dnipropetrovsk Oblast,48.4,35.0,(2) 25 km Precision ,Education,Local Education Provider,Air-Launched: Drone,Aerial Bomb,Foreign Forces: Military,Armed Forces of the Russian Federation,Other
2024-02-13,,Ukraine,UKR,Dnipropetrovsk Oblast,48.4,35.0,(2) 25 km Precision ,Education,Local Education Provider,Air-Launched: Drone,Aerial Bomb,Foreign Forces: Military,Armed Forces of the Russian Federation,Other
2024-02-13,,Ukraine,UKR,Dnipropetrovsk Oblast,48.4,35.0,(2) 25 km Precision ,Education,Local Education Provider,Air-Launched: Drone,Aerial Bomb,Foreign Forces: Military,Armed Forces of the Russian Federation,Other
2024-02-13,,Ukraine,UKR,Dnipropetrovsk Oblast,48.4,35.0,(2) 25 km Precision ,Education,Local Education Provider,Air-Launched: Drone,Aerial Bomb,Foreign Forces: Military,Armed Forces of the Russian Federation,Other
2024-02-13,,Ukraine,UKR,Dnipropetrovsk Oblast,48.4,35.0,(2) 25 km Precision ,Education,Local Education Provider,Air-Launched: Drone,Aerial Bomb,Foreign Forces: Military,Armed Forces of the Russian Federation,Other
2024-02-13,,Ukraine,UKR,Dnipropetrovsk Oblast,48.4,35.0,(2) 25 km Precision ,Education,Local Education Provider,Air-Launched: Drone,Aerial Bomb,Foreign Forces: Military,Armed Forces of the Russian Federation,Other
2024-02-13,,Ukraine,UKR,Dnipropetrovsk Oblast,48.4,35.0,(2) 25 km Precision ,Education,Local Education Provider,Air-Launched: Drone,Aerial Bomb,Foreign Forces: Military,Armed Forces of the Russian Federation,Other
2024-02-13,,Ukraine,UKR,Dnipropetrovsk Oblast,48.4,35.0,(2) 25 km Precision ,Education,Local Education Provider,Air-Launched: Drone,Aerial Bomb,Foreign Forces: Military,Armed Forces of the Russian Federation,Other
2024-02-13,,Ukraine,UKR,Dnipropetrovsk Oblast,48.4,35.0,(2) 25 km Precision ,Education,Local Education Provider,Air-Launched: Drone,Aerial Bomb,Foreign Forces: Military,Armed Forces of the Russian Federation,Other
2024-02-13,,Ukraine,UKR,Dnipropetrovsk Oblast,48.4,35.0,(2) 25 km Precision ,Education,Local Education Provider,Air-Launched: Drone,Aerial Bomb,Foreign Forces: Military,Armed Forces of the Russian Federation,Other
2024-02-13,,Ukraine,UKR,Dnipropetrovsk Oblast,48.4,35.0,(2) 25 km Precision ,Health Care,Local Health Care Provider,Air-Launched: Drone,Aerial Bomb,Foreign Forces: Military,Armed Forces of the Russian Federation,Other
2024-02-12,,Myanmar,MMR,Mon State,16.3,97.7,(2) 25 km Precision ,Education,Local Education Provider,Directly-Emplaced,Mine,No Information,Unidentified Armed Actor,Education Infrastructure
2024-02-12,,Ukraine,UKR,Donetsk Oblast,47.9,37.6,(2) 25 km Precision ,Health Care,Local Health Care Provider,Ground-Launched,Artillery,No Information,Unidentified Armed Actor,Health Infrastructure
2024-02-12,,DRC,COD,North Kivu,-0.5,28.7,"(4) Province, State, Governorate ",Protection,IDP/Refugee Service,Unspecified Launch Method,Unspecified Explosive,NSA,March 23 Movement,Protection Infrastructure
2024-02-11,,Ukraine,UKR,Odesa Oblast,46.3,32.3,(2) 25 km Precision ,Education,Local Education Provider,Ground-Launched,Artillery,Foreign Forces: Military,Armed Forces of the Russian Federation,Education Infrastructure
2024-02-11,,Syria,SYR,Al-Hasaka Governorate,37.0,41.2,(2) 25 km Precision ,Health Care,Local Health Care Provider,Air-Launched: Drone,Aerial Bomb,Foreign Forces: Military,Armed Forces of Turkey,Health Infrastructure
2024-02-11,,Ukraine,UKR,Kharkiv Oblast,49.9,35.9,(2) 25 km Precision ,Health Care,Local Health Care Provider,Ground-Launched,Missile,Foreign Forces: Military,Armed Forces of the Russian Federation,Health Infrastructure
2024-02-11,,Ukraine,UKR,Kherson Oblast,46.6,32.6,(2) 25 km Precision ,Health Care,Local Health Care Provider,Air-Launched: Drone,Aerial Bomb,Foreign Forces: Military,Armed Forces of the Russian Federation,Health Infrastructure
2024-02-11,,Myanmar,MMR,Sagaing Region,21.9,95.0,(2) 25 km Precision ,Health Care,Local Health Care Provider,Air-Launched: Drone,Aerial Bomb,Other,Local Defense Forces,Health Infrastructure
2024-02-10,,Lebanon,LBN,South Governorate,33.3,35,censored by HDX,Health Care,Private Health Care,Unspecified Launch Method,Unspecified Explosive,Foreign Forces: Military,Israeli Defence Forces,Health Infrastructure
2024-02-10,,Lebanon,LBN,South Governorate,33.3,35,censored by HDX,Health Care,Other,Unspecified Launch Method,Unspecified Explosive,Foreign Forces: Military,Israeli Defence Forces,Health Infrastructure
2024-02-10,,Ukraine,UKR,Sumy Oblast,52.0,33.9,(2) 25 km Precision ,Health Care,Local Health Care Provider,Air-Launched: Plane,Aerial Bomb,Foreign Forces: Military,Armed Forces of the Russian Federation,Health Infrastructure
2024-02-10,,Sudan,SDN,North Darfur State,14.1,25.9,(2) 25 km Precision ,Protection,IDP/Refugee Service,Unspecified Launch Method,Missile,Multiple,"Rapid Support Forces, Sudanese Armed Forces",Protection Infrastructure
2024-02-10,,Lebanon,LBN,Nabatieh Governorate,33.2,35.3,censored by HDX,Health Care,Other,Unspecified Launch Method,Unspecified Explosive,Foreign Forces: Military,Israeli Defence Forces,Health Infrastructure
2024-02-09,,Myanmar,MMR,Sagaing Region,23.7,95.6,(2) 25 km Precision ,Health Care,Local Health Care Provider,Air-Launched: Plane,Aerial Bomb,Other,Myanmar Armed Forces,Health Infrastructure
2024-02-09,,Ukraine,UKR,Kharkiv Oblast,50.0,37.3,(2) 25 km Precision ,Health Care,Local Health Care Provider,Air-Launched: Drone,Aerial Bomb,Foreign Forces: Military,Armed Forces of the Russian Federation,Health Infrastructure
2024-02-09,,Myanmar,MMR,Sagaing Region,23.6,95.8,(2) 25 km Precision ,Health Care,Local Health Care Provider,Air-Launched: Plane,Aerial Bomb,Other,Myanmar Armed Forces,Health Infrastructure
2024-02-08,,Ukraine,UKR,Kherson Oblast,46.5,32.1,(2) 25 km Precision ,Health Care,Local Health Care Provider,Air-Launched: Drone,Aerial Bomb,Foreign Forces: Military,Armed Forces of the Russian Federation,Health Infrastructure
2024-02-08,,Ukraine,UKR,Mykolaiv Oblast,46.6,31.7,(2) 25 km Precision ,Health Care,Local Health Care Provider,Air-Launched: Drone,Aerial Bomb,Foreign Forces: Military,Armed Forces of the Russian Federation,Health Infrastructure
2024-02-08,,Mali,MLI,Kidal,19.6,0.4,"(3) District, Communicipality or Commune ",Protection,IDP/Refugee Service,Air-Launched: Drone,Aerial Bomb,Other,Mali Armed Forces,Protection Infrastructure
2024-02-08,,Myanmar,MMR,Sagaing Region,22.5,95.7,(2) 25 km Precision ,Education,Local Education Provider,Air-Launched: Drone,Aerial Bomb,No Information,Unidentified Armed Actor,Education Infrastructure
2024-02-08,,Myanmar,MMR,Mandalay,22.2,96.1,(2) 25 km Precision ,Education,Local Education Provider,Air-Launched: Plane,Aerial Bomb,Other,Myanmar Armed Forces,Education Infrastructure
2024-02-08,,Ukraine,UKR,Odesa Oblast,46.4,30.7,"(4) Province, State, Governorate ",Education,Local Education Provider,Air-Launched: Drone,Aerial Bomb,Foreign Forces: Military,Armed Forces of the Russian Federation,Education Infrastructure
2024-02-08,,Ukraine,UKR,Kherson Oblast,46.5,32.1,(2) 25 km Precision ,Health Care,Local Health Care Provider,Air-Launched: Drone,Aerial Bomb,Foreign Forces: Military,Armed Forces of the Russian Federation,Health Infrastructure
2024-02-07,,Myanmar,MMR,Bago Region,18.8,96.4,(2) 25 km Precision ,Education,Local Education Provider,Air-Launched: Plane,Aerial Bomb,Other,Myanmar Armed Forces,Education Infrastructure
2024-02-07,,DRC,COD,North Kivu,-1.5,29.0,(2) 25 km Precision ,Aid Operations,NGO,Unspecified Launch Method,Unspecified Explosive,NSA,March 23 Movement,Other
2024-02-07,,Syria,SYR,Homs Governorate,34.7,36.7,"(3) District, Communicipality or Commune ",Health Care,Local Health Care Provider,Air-Launched: Plane,Aerial Bomb,Foreign Forces: Military,Israeli Defence Forces,Health Worker
2024-02-06,,Nigeria,NGA,Federal Capital Territory,8.9,7.3,(2) 25 km Precision ,Aid Operations,INGO,None,Aerial Bomb,NSA,Unidentified Armed Actor,Aid Infrastructure
2024-02-06,,Lebanon,LBN,Nabatieh Governorate,33.2,35.3,censored by HDX,Health Care,Other,Unspecified Launch Method,Unspecified Explosive,Foreign Forces: Military,Israeli Defence Forces,Health Infrastructure
2024-02-06,,Syria,SYR,Deir Ezzor Governorate,35.3,40.1,(2) 25 km Precision ,Education,Local Education Provider,Air-Launched: Plane,Aerial Bomb,Other,International Coalition Forces in Syria,Education Infrastructure
2024-02-05,,Myanmar,MMR,Kayah State,19.5,97.0,(2) 25 km Precision ,Education,Local Education Provider,Air-Launched: Plane,Aerial Bomb,Other,Myanmar Armed Forces,Education Infrastructure
2024-02-05,,Myanmar,MMR,Kayah State,19.5,97.0,(2) 25 km Precision ,Education,Local Education Provider,Air-Launched: Plane,Aerial Bomb,Other,Myanmar Armed Forces,Education Infrastructure
2024-02-05,,Lebanon,LBN,Nabatieh Governorate,33.2,35.3,censored by HDX,Health Care,Other,Unspecified Launch Method,Unspecified Explosive,Foreign Forces: Military,Israeli Defence Forces,Health Infrastructure
2024-02-05,,Lebanon,LBN,South Governorate,33.3,35,censored by HDX,Health Care,Local Health Care Provider,Air-Launched: Plane,Aerial Bomb,Foreign Forces: Military,Israeli Defence Forces,Health Infrastructure
2024-02-05,,Myanmar,MMR,Kayah State,19.5,97.0,(2) 25 km Precision ,Health Care,Local Health Care Provider,Air-Launched: Plane,Aerial Bomb,Other,Myanmar Armed Forces,Health Infrastructure
2024-02-05,,Ukraine,UKR,Odesa Oblast,46.5,30.6,(2) 25 km Precision ,Health Care,Local Health Care Provider,Air-Launched: Drone,Aerial Bomb,Foreign Forces: Military,Armed Forces of the Russian Federation,Health Infrastructure
2024-02-05,,Lebanon,LBN,South Governorate,33.3,35,censored by HDX,Health Care,Other,Unspecified Launch Method,Unspecified Explosive,Foreign Forces: Military,Israeli Defence Forces,Health Infrastructure
2024-02-05,,Lebanon,LBN,South Governorate,33.3,35,censored by HDX,Health Care,Other,Air-Launched: Plane,Aerial Bomb,Foreign Forces: Military,Israeli Defence Forces,Health Infrastructure
2024-02-05,,Ukraine,UKR,Kherson Oblast,46.8,33.4,(2) 25 km Precision ,Education,Local Education Provider,Air-Launched: Plane,Aerial Bomb,Foreign Forces: Military,Armed Forces of the Russian Federation,Education Infrastructure
2024-02-04,,Myanmar,MMR,Kayah State,19.5,97.0,(2) 25 km Precision ,Education,Local Education Provider,Air-Launched: Plane,Aerial Bomb,Other,Myanmar Armed Forces,Education Infrastructure
2024-02-02,,DRC,COD,North Kivu,-1.6,29.1,(2) 25 km Precision ,Education,Local Education Provider,Ground-Launched,Shelling,NSA,March 23 Movement,Education Infrastructure
2024-02-02,,Ukraine,UKR,Kherson Oblast,46.6,32.6,(2) 25 km Precision ,Health Care,Local Health Care Provider,Air-Launched: Plane,Aerial Bomb,Foreign Forces: Military,Armed Forces of the Russian Federation,Other
2024-02-02,,Myanmar,MMR,Mandalay,21.0,95.6,(2) 25 km Precision ,Education,Local Education Provider,Air-Launched: Drone,Aerial Bomb,Other,People's Defence Force (Myanmar),Education Infrastructure
2024-02-02,,DRC,COD,North Kivu,-1.1,29.0,(2) 25 km Precision ,"Health Care, Aid Operations",INGO,Unspecified Launch Method,Unspecified Explosive,No Information,Unidentified Armed Actor,Aid Infrastructure
2024-02-02,,Ukraine,UKR,Dnipropetrovsk Oblast,47.5,34.3,(2) 25 km Precision ,Health Care,Local Health Care Provider,Ground-Launched,Artillery,Foreign Forces: Military,Armed Forces of the Russian Federation,Health Infrastructure
2024-02-02,,DRC,COD,North Kivu,-1.1,29.0,(2) 25 km Precision ,"Health Care, Aid Operations",INGO,Unspecified Launch Method,Unspecified Explosive,No Information,Unidentified Armed Actor,Health Infrastructure
2024-02-01,,Myanmar,MMR,Kayin State,16.5,98.2,"(3) District, Communicipality or Commune ",Education,Local Education Provider,Air-Launched: Plane,Aerial Bomb,Other,Myanmar Armed Forces,Education Infrastructure
2024-02-01,,Myanmar,MMR,Sagaing Region,23.2,95.5,(2) 25 km Precision ,Education,Local Education Provider,Air-Launched: Plane,Aerial Bomb,Other,Myanmar Armed Forces,Education Infrastructure
2024-02-01,,Ukraine,UKR,Donetsk Oblast,49.0,37.9,(2) 25 km Precision ,Health Care,Local Health Care Provider,Ground-Launched,Artillery,Foreign Forces: Military,Armed Forces of the Russian Federation,Health Infrastructure
2024-02-01,,Ukraine,UKR,Kherson Oblast,46.8,33.4,(2) 25 km Precision ,Aid Operations,INGO,Air-Launched: Drone,Aerial Bomb,Foreign Forces: Military,Armed Forces of the Russian Federation,Other
2024-02-01,,Ukraine,UKR,Kherson Oblast,47.0,33.2,(2) 25 km Precision ,Health Care,Local Health Care Provider,Air-Launched: Drone,Aerial Bomb,Foreign Forces: Military,Armed Forces of the Russian Federation,Health Infrastructure
2024-02-01,,Lebanon,LBN,Nabatieh Governorate,33.2,35.3,censored by HDX,Health Care,Local Health Care Provider,Air-Launched: Plane,Aerial Bomb,Foreign Forces: Military,Israeli Defence Forces,Health Infrastructure
2024-01-31,,Ukraine,UKR,Sumy Oblast,52.1,34.0,(2) 25 km Precision ,Health Care,Local Health Care Provider,Air-Launched: Plane,Aerial Bomb,Foreign Forces: Military,Armed Forces of the Russian Federation,Health Infrastructure
2024-01-31,,Myanmar,MMR,Sagaing Region,21.9,94.8,(2) 25 km Precision ,Education,Local Education Provider,Air-Launched: Plane,Aerial Bomb,Other,Myanmar Armed Forces,Education Infrastructure
2024-01-31,,Ukraine,UKR,Kherson Oblast,46.8,33.4,(2) 25 km Precision ,Education,Local Education Provider,Ground-Launched,Shelling,Foreign Forces: Military,Armed Forces of the Russian Federation,Education Infrastructure
2024-01-31,,Ukraine,UKR,Kherson Oblast,46.8,33.4,(2) 25 km Precision ,Education,Local Education Provider,Ground-Launched,Shelling,Foreign Forces: Military,Armed Forces of the Russian Federation,Education Infrastructure
2024-01-31,,Lebanon,LBN,Nabatieh Governorate,33.2,35.3,censored by HDX,Health Care,Local Health Care Provider,Air-Launched: Drone,Aerial Bomb,Foreign Forces: Military,Israeli Defence Forces,Health Infrastructure
2024-01-31,,Ukraine,UKR,Donetsk Oblast,48.9,37.8,(2) 25 km Precision ,Health Care,Local Health Care Provider,Air-Launched: Plane,Aerial Bomb,Foreign Forces: Military,Armed Forces of the Russian Federation,Health Infrastructure
2024-01-31,,Ukraine,UKR,Donetsk Oblast,48.3,37.8,(2) 25 km Precision ,Health Care,Local Health Care Provider,Air-Launched: Plane,Aerial Bomb,Foreign Forces: Military,Armed Forces of the Russian Federation,Health Infrastructure
2024-01-31,,Ukraine,UKR,Kherson Oblast,46.8,33.4,(2) 25 km Precision ,Aid Operations,INGO,Air-Launched: Drone,Unspecified Explosive,Foreign Forces: Military,Armed Forces of the Russian Federation,Other
2024-01-31,,Ukraine,UKR,Sumy Oblast,52.1,34.0,(2) 25 km Precision ,Health Care,Local Health Care Provider,Air-Launched: Plane,Aerial Bomb,Foreign Forces: Military,Armed Forces of the Russian Federation,Health Infrastructure
2024-01-31,,Lebanon,LBN,South Governorate,33.3,35,censored by HDX,Health Care,Other,Unspecified Launch Method,Unspecified Explosive,Foreign Forces: Military,Israeli Defence Forces,Health Worker
2024-01-31,,Ukraine,UKR,Kharkiv Oblast,50.0,37.3,(2) 25 km Precision ,Health Care,Local Health Care Provider,Air-Launched: Drone,Aerial Bomb,Foreign Forces: Military,Armed Forces of the Russian Federation,Health Infrastructure
2024-01-30,,Myanmar,MMR,Shan State,20.1,97.2,(2) 25 km Precision ,Education,Local Education Provider,Ground-Launched,Shelling,Other,Myanmar Armed Forces,Education Infrastructure
2024-01-30,,Syria,SYR,Aleppo Governorate,36.5,37.0,(2) 25 km Precision ,Health Care,Local Health Care Provider,Ground-Launched,Rocket,NSA,Syrian Democratic Forces,Health Infrastructure
2024-01-30,,Ukraine,UKR,Kherson Oblast,46.8,33.4,(2) 25 km Precision ,Aid Operations,NGO,Air-Launched: Drone,Aerial Bomb,Foreign Forces: Military,Armed Forces of the Russian Federation,Aid Infrastructure
2024-01-29,,Myanmar,MMR,Shan State,23.1,96.6,(2) 25 km Precision ,Education,Local Education Provider,Air-Launched: Plane,Aerial Bomb,Other,Myanmar Armed Forces,Education Infrastructure
2024-01-29,,Ukraine,UKR,Donetsk Oblast,47.9,37.8,(2) 25 km Precision ,Education,Local Education Provider,Ground-Launched,Missile,Foreign Forces: Military,Armed Forces of the Russian Federation,Education Infrastructure
2024-01-29,,Ukraine,UKR,Donetsk Oblast,47.9,37.7,(2) 25 km Precision ,Education,Local Education Provider,Ground-Launched,Missile,Foreign Forces: Military,Armed Forces of the Russian Federation,Education Infrastructure
2024-01-29,,Myanmar,MMR,Mandalay,21.4,95.6,"(3) District, Communicipality or Commune ",Education,Local Education Provider,Air-Launched: Drone,Aerial Bomb,Other,People's Defence Force (Myanmar),Education Infrastructure
2024-01-28,,Ukraine,UKR,Kherson Oblast,47.3,33.5,(2) 25 km Precision ,Education,Local Education Provider,Ground-Launched,Shelling,Foreign Forces: Military,Armed Forces of the Russian Federation,Education Infrastructure
2024-01-27,,Myanmar,MMR,Shan State,23.6,97.8,(2) 25 km Precision ,Health Care,Local Health Care Provider,Air-Launched: Plane,Aerial Bomb,Other,Myanmar Armed Forces,Health Infrastructure
2024-01-27,,Myanmar,MMR,Bago Region,17.8,96.8,(2) 25 km Precision ,Health Care,Local Health Care Provider,Ground-Launched,Artillery,Other,Myanmar Armed Forces,Health Infrastructure
2024-01-27,,Sudan,SDN,Al Khartum,15.6,32.5,(2) 25 km Precision ,Health Care,Local Health Care Provider,Ground-Launched,Shelling,Other,Sudanese Armed Forces,Health Infrastructure
2024-01-27,,Myanmar,MMR,Shan State,23.6,97.8,(2) 25 km Precision ,Education,Local Education Provider,"Air-Launched: Plane, Ground-Launched","Aerial Bomb, Artillery",Multiple,"Kachin Independence Army, Myanmar Armed Forces, People's Defence Force (Myanmar)",Education Infrastructure
2024-01-27,,Myanmar,MMR,Shan State,23.6,97.8,(2) 25 km Precision ,Education,Local Education Provider,"Air-Launched: Plane, Ground-Launched","Aerial Bomb, Artillery",Multiple,"Kachin Independence Army, Myanmar Armed Forces, People's Defence Force (Myanmar)",Education Infrastructure
2024-01-27,,Myanmar,MMR,Shan State,23.6,97.8,(2) 25 km Precision ,Education,Local Education Provider,"Air-Launched: Plane, Ground-Launched","Aerial Bomb, Artillery",Multiple,"Kachin Independence Army, Myanmar Armed Forces, People's Defence Force (Myanmar)",Education Infrastructure
2024-01-26,,Myanmar,MMR,Magway,21.4,94.4,(2) 25 km Precision ,Education,Local Education Provider,Air-Launched: Drone,Aerial Bomb,Other,People's Defence Force (Myanmar),Education Infrastructure
2024-01-26,,Sudan,SDN,Al Khartum,15.5,32.5,(2) 25 km Precision ,Health Care,Local Health Care Provider,Ground-Launched,Shelling,No Information,Unidentified Armed Actor,Health Infrastructure
2024-01-26,,Ukraine,UKR,Donetsk Oblast,48.5,37.8,(2) 25 km Precision ,Aid Operations,LNGO,Unspecified Launch Method,Unspecified Explosive,Foreign Forces: Military,Armed Forces of the Russian Federation,Other
2024-01-26,,Myanmar,MMR,Shan State,20.1,97.2,(2) 25 km Precision ,Education,Local Education Provider,Air-Launched: Plane,Aerial Bomb,Other,Myanmar Armed Forces,Education Infrastructure
2024-01-26,,Ukraine,UKR,Donetsk Oblast,48.3,37.2,(2) 25 km Precision ,Education,Local Education Provider,Ground-Launched,Shelling,Foreign Forces: Military,Armed Forces of the Russian Federation,Education Infrastructure
2024-01-26,,Ukraine,UKR,Donetsk Oblast,48.3,37.2,(2) 25 km Precision ,Education,Local Education Provider,Ground-Launched,Shelling,Foreign Forces: Military,Armed Forces of the Russian Federation,Multiple
2024-01-26,,Myanmar,MMR,Rakhine,19.0,93.8,(2) 25 km Precision ,Education,Local Education Provider,Air-Launched: Plane,Aerial Bomb,Other,Myanmar Armed Forces,Education Infrastructure
2024-01-25,,Ukraine,UKR,Donetsk Oblast,48.1,37.3,(2) 25 km Precision ,Health Care,Local Health Care Provider,Ground-Launched,Missile,Foreign Forces: Military,Armed Forces of the Russian Federation,Health Infrastructure
2024-01-24,,Ukraine,UKR,Dnipropetrovsk Oblast,47.6,34.6,(2) 25 km Precision ,Health Care,Local Health Care Provider,Ground-Launched,Artillery,Foreign Forces: Military,Armed Forces of the Russian Federation,Health Infrastructure
2024-01-24,,Myanmar,MMR,Shan State,20.1,97.2,(2) 25 km Precision ,Health Care,Local Health Care Provider,Air-Launched: Plane,Aerial Bomb,Other,Myanmar Armed Forces,Health Infrastructure
2024-01-24,,Ukraine,UKR,Kherson Oblast,46.6,32.5,(2) 25 km Precision ,Education,Local Education Provider,Ground-Launched,Artillery,Foreign Forces: Military,Armed Forces of the Russian Federation,Education Infrastructure
2024-01-24,,Ukraine,UKR,Kherson Oblast,46.6,32.5,(2) 25 km Precision ,Education,Local Education Provider,Ground-Launched,Artillery,Foreign Forces: Military,Armed Forces of the Russian Federation,Education Infrastructure
2024-01-24,,Burkina Faso,BFA,Upper-Basins,11.8,-4.5,"(3) District, Communicipality or Commune ",Health Care,Local Health Care Provider,Directly-Emplaced,Unspecified IED,NSA,Unidentified Armed Actor,Health Infrastructure
2024-01-24,,Ukraine,UKR,Kherson Oblast,46.7,33.3,(2) 25 km Precision ,Health Care,Local Health Care Provider,Air-Launched: Drone,Aerial Bomb,Other,Armed Forces of Ukraine,Health Infrastructure
2024-01-24,,Myanmar,MMR,Rakhine,19.0,93.8,(2) 25 km Precision ,Education,Local Education Provider,Air-Launched: Plane,Aerial Bomb,Other,Myanmar Armed Forces,Education Infrastructure
2024-01-24,,Myanmar,MMR,Rakhine,19.0,93.8,(2) 25 km Precision ,Health Care,Local Health Care Provider,Air-Launched: Plane,Aerial Bomb,Other,Myanmar Armed Forces,Health Infrastructure
2024-01-24,,Ukraine,UKR,Kherson Oblast,46.6,32.6,(2) 25 km Precision ,Health Care,Local Health Care Provider,Ground-Launched,Shelling,Foreign Forces: Military,Armed Forces of the Russian Federation,Health Infrastructure
2024-01-24,,Ukraine,UKR,Dnipropetrovsk Oblast,47.6,34.6,(2) 25 km Precision ,Education,Local Education Provider,Ground-Launched,Artillery,Foreign Forces: Military,Armed Forces of the Russian Federation,Education Infrastructure
2024-01-23,,Ukraine,UKR,Darnytskyi district,50.3,30.6,(2) 25 km Precision ,Health Care,Private Health Care,Unspecified Launch Method,Rocket,Foreign Forces: Military,Armed Forces of the Russian Federation,Health Infrastructure
2024-01-23,,Ukraine,UKR,Kherson Oblast,46.6,32.6,(2) 25 km Precision ,Health Care,Local Health Care Provider,Ground-Launched,Rocket,Foreign Forces: Military,Armed Forces of the Russian Federation,Health Infrastructure
2024-01-23,,Ukraine,UKR,Dnipropetrovsk Oblast,48.5,35.8,(2) 25 km Precision ,Health Care,Local Health Care Provider,Unspecified Launch Method,Rocket,Foreign Forces: Military,Armed Forces of the Russian Federation,Health Infrastructure
2024-01-23,,Ukraine,UKR,Dnipropetrovsk Oblast,48.5,35.8,(2) 25 km Precision ,Education,Local Education Provider,Unspecified Launch Method,Rocket,Foreign Forces: Military,Armed Forces of the Russian Federation,Education Infrastructure
2024-01-23,,Ukraine,UKR,Kharkiv Oblast,50.0,36.2,(2) 25 km Precision ,"Education, Health Care","Local Education Provider, Local Health Care Provider",Ground-Launched,Missile,Foreign Forces: Military,Armed Forces of the Russian Federation,Education Infrastructure
2024-01-23,,Ukraine,UKR,Kharkiv Oblast,50.2,36.4,(2) 25 km Precision ,Health Care,Local Health Care Provider,Air-Launched: Plane,Aerial Bomb,Foreign Forces: Military,Armed Forces of the Russian Federation,Other
2024-01-23,,Ukraine,UKR,Donetsk Oblast,48.1,37.7,(2) 25 km Precision ,Aid Operations,NGO,Ground-Launched,Shelling,Foreign Forces: Military,Armed Forces of the Russian Federation,Other
2024-01-23,,Ukraine,UKR,Dnipropetrovsk Oblast,48.5,35.8,(2) 25 km Precision ,Education,Local Education Provider,Unspecified Launch Method,Rocket,Foreign Forces: Military,Armed Forces of the Russian Federation,Education Infrastructure
2024-01-23,,Ukraine,UKR,Dnipropetrovsk Oblast,48.5,35.8,(2) 25 km Precision ,Education,Local Education Provider,Unspecified Launch Method,Rocket,Foreign Forces: Military,Armed Forces of the Russian Federation,Education Infrastructure
2024-01-23,,Ukraine,UKR,Dnipropetrovsk Oblast,48.5,35.8,(2) 25 km Precision ,Education,Local Education Provider,Unspecified Launch Method,Rocket,Foreign Forces: Military,Armed Forces of the Russian Federation,Education Infrastructure
2024-01-23,,Ukraine,UKR,Dnipropetrovsk Oblast,47.5,34.3,(2) 25 km Precision ,Health Care,Local Health Care Provider,Air-Launched: Drone,Aerial Bomb,Foreign Forces: Military,Armed Forces of the Russian Federation,Health Infrastructure
2024-01-22,,Syria,SYR,Idlib Governorate,35.8,36.6,(2) 25 km Precision ,Education,Local Education Provider,Ground-Launched,Rocket,Other,Syrian Armed Forces,Education Infrastructure
2024-01-22,,Syria,SYR,Idlib Governorate,35.8,36.6,(2) 25 km Precision ,Education,Local Education Provider,Ground-Launched,Rocket,Other,Syrian Armed Forces,Education Infrastructure
2024-01-22,,Lebanon,LBN,Nabatieh Governorate,33.2,35.3,censored by HDX,Education,Local Education Provider,Air-Launched: Plane,Aerial Bomb,Foreign Forces: Military,Israeli Defence Forces,Education Infrastructure
2024-01-22,,Syria,SYR,Idleb Governorate,35.8,36.6,(2) 25 km Precision ,Health Care,Local Health Care Provider,Ground-Launched,Rocket,Other,Syrian Armed Forces,Health Infrastructure
2024-01-22,,Syria,SYR,Dar'a Governorate,33.0,36.0,(2) 25 km Precision ,Health Care,Local Health Care Provider,Directly-Emplaced,Hand Grenade,NSA,Unidentified Armed Actor,Health Infrastructure
2024-01-21,,Lebanon,LBN,Nabatieh Governorate,33.2,35.3,censored by HDX,Health Care,Private Health Care,Unspecified Launch Method,Unspecified Explosive,Foreign Forces: Military,Israeli Defence Forces,Health Infrastructure
2024-01-21,,Lebanon,LBN,Nabatieh Governorate,33.2,35.3,censored by HDX,"Health Care, Aid Operations","Government Aid Agency, Private Health Care",Air-Launched: Plane,Aerial Bomb,Foreign Forces: Military,Israeli Defence Forces,Multiple
2024-01-20,,Ukraine,UKR,Donetsk Oblast,48.3,38.0,(2) 25 km Precision ,Health Care,Local Health Care Provider,Ground-Launched,Artillery,Other,Armed Forces of Ukraine,Health Infrastructure
2024-01-19,,Ukraine,UKR,Volyn Oblast,50.7,25.3,"(3) District, Communicipality or Commune ",Education,Local Education Provider,Directly-Emplaced,Mine,Foreign Forces: Military,Armed Forces of the Russian Federation,Other
2024-01-19,,Myanmar,MMR,Sagaing Region,22.7,95.6,(2) 25 km Precision ,Health Care,Local Health Care Provider,Air-Launched: Drone,Aerial Bomb,Other,Local Defense Forces,Health Infrastructure
2024-01-19,,Myanmar,MMR,Mon State,16.9,97.3,"(3) District, Communicipality or Commune ",Education,Local Education Provider,Air-Launched: Plane,Aerial Bomb,Other,Myanmar Armed Forces,Education Infrastructure
2024-01-18,,Myanmar,MMR,Mandalay,22.9,96.5,(2) 25 km Precision ,Education,Local Education Provider,Ground-Launched,Unspecified Explosive,Other,Myanmar Armed Forces,Education Infrastructure
2024-01-18,,Ukraine,UKR,Kharkiv Oblast,49.3,37.6,(2) 25 km Precision ,Health Care,Local Health Care Provider,Ground-Launched,Rocket,Foreign Forces: Military,Armed Forces of the Russian Federation,Multiple
2024-01-18,,Syria,SYR,Idlib Governorate,35.7,36.5,(2) 25 km Precision ,Education,Local Education Provider,Ground-Launched,Rocket,Other,Syrian Armed Forces,Education Infrastructure
2024-01-18,,OPT,PSE,West Bank,,,censored,Protection,IDP/Refugee Service,"Air-Launched: Plane, Unspecified Launch Method","Aerial Bomb, Unspecified Explosive",Multiple,Unidentified Armed Actor,Protection Infrastructure
2024-01-18,,OPT,PSE,West Bank,,,censored,Protection,IDP/Refugee Service,"Air-Launched: Plane, Unspecified Launch Method","Aerial Bomb, Unspecified Explosive",Multiple,Unidentified Armed Actor,Protection Infrastructure
2024-01-17,,Yemen,YEM,Marib Governorate,14.9,45.3,"(3) District, Communicipality or Commune ",Education,Local Education Provider,Ground-Launched,Missile,NSA,Shia al-Houthi rebels,Education Infrastructure
2024-01-17,,Myanmar,MMR,Rakhine,20.8,92.9,(2) 25 km Precision ,Education,Local Education Provider,Ground-Launched,Artillery,Other,Myanmar Armed Forces,Education Infrastructure
2024-01-17,,Ukraine,UKR,Kharkiv Oblast,49.8,36.6,(2) 25 km Precision ,Education,Local Education Provider,Ground-Launched,Missile,Foreign Forces: Military,Armed Forces of the Russian Federation,Education Infrastructure
2024-01-17,,Yemen,YEM,Al Bayda' Governorate,14.0,45.8,(2) 25 km Precision ,Education,Local Education Provider,Air-Launched: Plane,Aerial Bomb,No Information,Unidentified Armed Actor,Education Infrastructure
2024-01-17,,Syria,SYR,Aleppo Governorate,36.5,37.0,(2) 25 km Precision ,Health Care,Local Health Care Provider,Ground-Launched,Shelling,Multiple,"Syrian Armed Forces, Syrian Democratic Forces",Health Infrastructure
2024-01-17,,Ukraine,UKR,Donetsk Oblast,48.1,37.7,(2) 25 km Precision ,Health Care,Local Health Care Provider,Air-Launched: Plane,Aerial Bomb,Foreign Forces: Military,Armed Forces of the Russian Federation,Health Infrastructure
2024-01-16,,Ukraine,UKR,Kharkiv Oblast,49.9,36.2,(2) 25 km Precision ,Health Care,Local Health Care Provider,Ground-Launched,Missile,Foreign Forces: Military,Armed Forces of the Russian Federation,Health Infrastructure
2024-01-16,,Myanmar,MMR,Sagaing Region,22.7,95.6,(2) 25 km Precision ,Health Care,Local Health Care Provider,Air-Launched: Drone,Aerial Bomb,Other,Local Defense Forces,Health Infrastructure
2024-01-16,,Ukraine,UKR,Donetsk Oblast,48.1,37.7,(2) 25 km Precision ,Health Care,Local Health Care Provider,Air-Launched: Plane,Aerial Bomb,Foreign Forces: Military,Armed Forces of the Russian Federation,Health Infrastructure
2024-01-16,,Ukraine,UKR,Donetsk Oblast,48.1,37.7,(2) 25 km Precision ,Education,Local Education Provider,Air-Launched: Plane,Aerial Bomb,Foreign Forces: Military,Armed Forces of the Russian Federation,Education Infrastructure
2024-01-15,,Syria,SYR,Idleb Governorate,36.1,36.5,(2) 25 km Precision ,Health Care,Local Health Care Provider,Unspecified Launch Method,Missile,Foreign Forces: Military,Islamic Revolutionary Guard Corps,Health Infrastructure
2024-01-15,,Ukraine,UKR,Dnipropetrovsk Oblast,47.6,34.6,(2) 25 km Precision ,Health Care,Local Health Care Provider,Ground-Launched,Artillery,Foreign Forces: Military,Armed Forces of the Russian Federation,Health Infrastructure
2024-01-15,,Ukraine,UKR,Kherson Oblast,46.5,32.1,(2) 25 km Precision ,Health Care,Local Health Care Provider,Ground-Launched,Artillery,Foreign Forces: Military,Armed Forces of the Russian Federation,Health Infrastructure
2024-01-15,,Syria,SYR,Al-Hasaka Governorate,37.0,41.2,(2) 25 km Precision ,Health Care,Local Health Care Provider,Air-Launched: Drone,Aerial Bomb,Foreign Forces: Military,Armed Forces of Turkey,Health Infrastructure
2024-01-15,,Ukraine,UKR,Kharkiv Oblast,50.1,36.5,(2) 25 km Precision ,Education,Local Education Provider,Air-Launched: Plane,Aerial Bomb,Foreign Forces: Military,Armed Forces of the Russian Federation,Education Infrastructure
2024-01-14,,Myanmar,MMR,Rakhine,20.5,93.1,(2) 25 km Precision ,Education,Local Education Provider,Ground-Launched,Shelling,Other,Myanmar Armed Forces,Education Infrastructure
2024-01-14,,Myanmar,MMR,Sagaing Region,22.7,95.6,(2) 25 km Precision ,Health Care,Local Health Care Provider,Air-Launched: Drone,Aerial Bomb,Other,Local Defense Forces,Health Infrastructure
2024-01-14,,Myanmar,MMR,Sagaing Region,22.7,95.4,(2) 25 km Precision ,Health Care,Local Health Care Provider,Unspecified Launch Method,Rocket,Other,Local Defense Forces,Health Infrastructure
2024-01-13,,Ukraine,UKR,Donetsk Oblast,47.9,37.6,(2) 25 km Precision ,Health Care,Local Health Care Provider,Air-Launched: Drone,Aerial Bomb,No Information,Unidentified Armed Actor,Health Infrastructure
2024-01-13,,Myanmar,MMR,Sagaing Region,22.0,94.8,(2) 25 km Precision ,Health Care,Local Health Care Provider,Ground-Launched,Artillery,Other,Local Defense Forces,Health Infrastructure
2024-01-13,,Myanmar,MMR,Sagaing Region,22.7,95.6,(2) 25 km Precision ,Health Care,Local Health Care Provider,Air-Launched: Drone,Aerial Bomb,Other,Local Defense Forces,Health Infrastructure
2024-01-13,,Sudan,SDN,Gezira State,14.3,33.5,"(3) District, Communicipality or Commune ",Education,Local Education Provider,Air-Launched: Plane,Aerial Bomb,Other,Sudanese Armed Forces,Education Infrastructure
2024-01-13,,Myanmar,MMR,Magway,21.6,94.8,(2) 25 km Precision ,Education,Local Education Provider,Ground-Launched,Artillery,Other,Myanmar Armed Forces,Education Infrastructure
2024-01-13,,Myanmar,MMR,Sagaing Region,21.9,96.0,"(3) District, Communicipality or Commune ",Education,Local Education Provider,Unspecified Launch Method,Unspecified Explosive,Other,Myanmar Armed Forces,Education Infrastructure
2024-01-13,,Myanmar,MMR,Rakhine,20.8,92.9,(2) 25 km Precision ,Education,Local Education Provider,Ground-Launched,Shelling,Other,Myanmar Armed Forces,Education Infrastructure
2024-01-12,,Lebanon,LBN,Nabatieh Governorate,33.2,35.3,censored by HDX,Health Care,Local Health Care Provider,Unspecified Launch Method,Unspecified Explosive,Foreign Forces: Military,Israeli Defence Forces,Health Worker
2024-01-12,,Myanmar,MMR,Shan State,23.1,96.6,(2) 25 km Precision ,Health Care,Local Health Care Provider,Unspecified Launch Method,Unspecified Explosive,Multiple,"Myanmar Armed Forces, Ta'ang National Liberation Army",Other
2024-01-12,,Ukraine,UKR,Donetsk Oblast,48.5,37.6,(2) 25 km Precision ,Health Care,Local Health Care Provider,Unspecified Launch Method,Missile,Foreign Forces: Military,Armed Forces of the Russian Federation,Health Infrastructure
2024-01-12,,Ukraine,UKR,Donetsk Oblast,48.3,38.0,(2) 25 km Precision ,Health Care,Local Health Care Provider,Air-Launched: Drone,Aerial Bomb,Other,Armed Forces of Ukraine,Health Infrastructure
2024-01-12,,Ethiopia,ETH,Amhara Region,9.7,39.5,(2) 25 km Precision ,Education,Local Education Provider,Air-Launched: Drone,Aerial Bomb,Other,Ethiopian National Defense Forces,Education Infrastructure
2024-01-12,,Myanmar,MMR,Sagaing Region,22.3,95.1,(2) 25 km Precision ,Education,Local Education Provider,NotAnswered,"NotAnswered, Unspecified Explosive",Multiple,"Myanmar Armed Forces, People's Defence Force (Myanmar)",Education Infrastructure
2024-01-12,,Bangladesh,BGD,Khulna Division,23.8,89.1,"(3) District, Communicipality or Commune ",Education,Local Education Provider,Directly-emplaced,Unspecified Explosive,Criminal,Criminal,Education Infrastructure
2024-01-11,,Lebanon,LBN,Nabatieh Governorate,33.2,35.3,censored by HDX,Health Care,Private Health Care,Air-Launched: Plane,Aerial Bomb,Foreign Forces: Military,Israeli Defence Forces,Private/Voluntary Aid
2024-01-11,,Myanmar,MMR,Rakhine,20.3,93.2,(2) 25 km Precision ,Health Care,Local Health Care Provider,"Air-Launched: Drone, Air-Launched: Plane",Unspecified Explosive,Multiple,"Arakan Army, Myanmar Armed Forces",Other
2024-01-11,,Lebanon,LBN,Nabatieh Governorate,33.2,35.3,censored by HDX,Health Care,Local Health Care Provider,Ground-Launched,Artillery,Foreign Forces: Military,Israeli Defence Forces,Health Infrastructure
2024-01-10,,Myanmar,MMR,Shan State,23.0,97.3,"(3) District, Communicipality or Commune ",Education,Local Education Provider,Air-Launched: Plane,Aerial Bomb,Other,Myanmar Armed Forces,Education Infrastructure
2024-01-10,,Ukraine,UKR,Kharkiv Oblast,50.1,37.5,(2) 25 km Precision ,Education,Local Education Provider,Air-Launched: Plane,Aerial Bomb,Foreign Forces: Military,Armed Forces of the Russian Federation,Education Infrastructure
2024-01-10,,Myanmar,MMR,Tanintharyi Region,12.4,98.5,"(3) District, Communicipality or Commune ",Education,Local Education Provider,Ground-Launched,Artillery,Other,Myanmar Armed Forces,Education Infrastructure
2024-01-10,,Sudan,SDN,South Darfur State,12.0,24.8,(2) 25 km Precision ,Health Care,Local Health Care Provider,Air-Launched: Plane,Aerial Bomb,Other,Sudanese Armed Forces,Health Infrastructure
2024-01-09,,Lebanon,LBN,Nabatieh Governorate,33.2,35.3,censored by HDX,Health Care,Local Health Care Provider,Air-Launched: Drone,Missile,Foreign Forces: Military,Israeli Defence Forces,Health Infrastructure
2024-01-09,,Ukraine,UKR,Kharkiv Oblast,49.9,36.2,(2) 25 km Precision ,Health Care,Local Health Care Provider,Unspecified Launch Method,Rocket,Foreign Forces: Military,Armed Forces of the Russian Federation,Health Infrastructure
2024-01-09,,Ukraine,UKR,Kherson Oblast,46.6,32.6,(2) 25 km Precision ,Health Care,Local Health Care Provider,Ground-Launched,Shelling,Foreign Forces: Military,Armed Forces of the Russian Federation,Health Infrastructure
2024-01-08,,Ukraine,UKR,Dnipropetrovsk Oblast,47.9,33.4,(2) 25 km Precision ,Health Care,Local Health Care Provider,Ground-Launched,Missile,Foreign Forces: Military,Armed Forces of the Russian Federation,Health Infrastructure
2024-01-08,,Ukraine,UKR,Dnipropetrovsk Oblast,47.9,33.4,(2) 25 km Precision ,Health Care,Local Health Care Provider,Ground-Launched,Missile,Foreign Forces: Military,Armed Forces of the Russian Federation,Health Infrastructure
2024-01-08,,Ukraine,UKR,Dnipropetrovsk Oblast,47.9,33.4,(2) 25 km Precision ,Education,Local Education Provider,Ground-Launched,Missile,Foreign Forces: Military,Armed Forces of the Russian Federation,Education Infrastructure
2024-01-08,,Syria,SYR,Idlib Governorate,35.7,36.6,(2) 25 km Precision ,Education,Local Education Provider,Ground-Launched,Shelling,Other,Syrian Armed Forces,Education Infrastructure
2024-01-08,,Pakistan,PAK,Khyber Pakhtunkhwa,34.7,71.5,(2) 25 km Precision ,Health Care,Local Health Care Provider,Directly-Emplaced,RoadIED,NSA,TTP Tehrik-i-Taliban Pakistan,Other
2024-01-08,,Ukraine,UKR,Dnipropetrovsk Oblast,47.9,33.4,(2) 25 km Precision ,Education,Local Education Provider,Ground-Launched,Missile,Foreign Forces: Military,Armed Forces of the Russian Federation,Education Infrastructure
2024-01-08,,Myanmar,MMR,Magway,21.6,94.8,(2) 25 km Precision ,Education,Local Education Provider,"Air-Launched: Drone, Unspecified Launch Method","Aerial Bomb, Unspecified Explosive",Multiple,"Myanmar Armed Forces, People's Defence Force (Myanmar)",Education Infrastructure
2024-01-08,,Ukraine,UKR,Dnipropetrovsk Oblast,47.9,33.4,(2) 25 km Precision ,Education,Local Education Provider,Ground-Launched,Missile,Foreign Forces: Military,Armed Forces of the Russian Federation,Education Infrastructure
2024-01-07,,Myanmar,MMR,Sagaing Region,23.7,94.1,(2) 25 km Precision ,Education,Local Education Provider,Air-Launched: Plane,Aerial Bomb,Other,Myanmar Armed Forces,Education Infrastructure
2024-01-07,,Myanmar,MMR,Shan State,22.9,97.1,"(3) District, Communicipality or Commune ",Education,Local Education Provider,Air-Launched: Plane,Aerial Bomb,Other,Myanmar Armed Forces,Education Infrastructure
2024-01-07,,Ukraine,UKR,Kharkiv Oblast,50.0,37.3,(2) 25 km Precision ,Health Care,Local Health Care Provider,Ground-Launched,Rocket,Foreign Forces: Military,Armed Forces of the Russian Federation,Health Infrastructure
2024-01-07,,Ukraine,UKR,Donetsk Oblast,48.2,37.4,(2) 25 km Precision ,Health Care,Local Health Care Provider,Ground-Launched,Missile,Foreign Forces: Military,Armed Forces of the Russian Federation,Health Infrastructure
2024-01-07,,Ukraine,UKR,Kharkiv Oblast,50.2,36.9,(2) 25 km Precision ,Health Care,Local Health Care Provider,Ground-Launched,Artillery,Foreign Forces: Military,Armed Forces of the Russian Federation,Health Infrastructure
2024-01-07,,Syria,SYR,Idlib Governorate,35.9,36.6,"(3) District, Communicipality or Commune ",Education,Local Education Provider,Ground-Launched,Missile,Other,Syrian Armed Forces,Education Infrastructure
2024-01-07,,Ukraine,UKR,Donetsk Oblast,48.2,37.4,(2) 25 km Precision ,Education,Local Education Provider,Ground-Launched,Missile,Foreign Forces: Military,Armed Forces of the Russian Federation,Education Infrastructure
2024-01-07,,Afghanistan,AFG,Nangarhar Province,34.2,69.7,(2) 25 km Precision ,Education,Local Education Provider,Directly-Emplaced,Hand Grenade,No Information,Unidentified Armed Actor,Teacher/Student
2024-01-06,,Ukraine,UKR,Donetsk Oblast,47.9,37.2,(2) 25 km Precision ,Health Care,Local Health Care Provider,Ground-Launched,Shelling,Foreign Forces: Military,Armed Forces of the Russian Federation,Health Infrastructure
2024-01-06,,Ukraine,UKR,Donetsk Oblast,47.9,37.8,(2) 25 km Precision ,Health Care,Local Health Care Provider,Ground-Launched,Rocket,No Information,Unidentified Armed Actor,Health Infrastructure
2024-01-06,,Syria,SYR,Idlib Governorate,35.9,36.6,(2) 25 km Precision ,Protection,IDP/Refugee Service,Ground-Launched,Rocket,Other,Syrian Armed Forces,Protection Infrastructure
2024-01-06,,Ukraine,UKR,Kherson Oblast,46.7,33.0,(2) 25 km Precision ,Health Care,Local Health Care Provider,Ground-Launched,Rocket,Foreign Forces: Military,Armed Forces of the Russian Federation,Health Infrastructure
2024-01-06,,Ukraine,UKR,Donetsk Oblast,48.2,37.1,(2) 25 km Precision ,Health Care,Local Health Care Provider,Ground-Launched,Missile,Foreign Forces: Military,Armed Forces of the Russian Federation,Health Infrastructure
2024-01-06,,Ukraine,UKR,Donetsk Oblast,48.2,37.2,(2) 25 km Precision ,Health Care,Local Health Care Provider,Ground-Launched,Missile,Foreign Forces: Military,Armed Forces of the Russian Federation,Health Infrastructure
2024-01-05,,Syria,SYR,Idlib Governorate,35.9,36.7,(2) 25 km Precision ,Education,Local Education Provider,Ground-Launched,Artillery,Other,Syrian Armed Forces,Education Infrastructure
2024-01-05,,Bangladesh,BGD,Rajshahi Division,24.5,88.8,(2) 25 km Precision ,Education,Local Education Provider,Directly-emplaced,Unspecified Explosive,No Information,Unidentified Armed Actor,Education Infrastructure
2024-01-05,,Ukraine,UKR,Kherson Oblast,46.5,33.4,(2) 25 km Precision ,Aid Operations,NGO,Ground-Launched,Shelling,Foreign Forces: Military,Armed Forces of the Russian Federation,Aid Infrastructure
2024-01-04,,Myanmar,MMR,Sagaing Region,22.3,95.7,(2) 25 km Precision ,Education,Local Education Provider,Unspecified Launch Method,Unspecified Explosive,Other,Myanmar Armed Forces,Education Infrastructure
2024-01-04,,Ukraine,UKR,Kherson Oblast,46.8,33.4,(2) 25 km Precision ,Aid Operations,NGO,Air-Launched: Drone,Artillery,Foreign Forces: Military,Armed Forces of the Russian Federation,Aid Infrastructure
2024-01-04,,Ukraine,UKR,Donetsk Oblast,47.9,37.2,(2) 25 km Precision ,Health Care,Local Health Care Provider,Ground-Launched,Missile,Foreign Forces: Military,Armed Forces of the Russian Federation,Health Infrastructure
2024-01-04,,Ukraine,UKR,Donetsk Oblast,47.9,37.2,(2) 25 km Precision ,Education,Local Education Provider,Ground-Launched,Missile,Foreign Forces: Military,Armed Forces of the Russian Federation,Education Infrastructure
2024-01-04,,Ukraine,UKR,Donetsk Oblast,47.9,37.2,(2) 25 km Precision ,Education,Local Education Provider,Ground-Launched,Missile,Foreign Forces: Military,Armed Forces of the Russian Federation,Education Infrastructure
2024-01-04,,Myanmar,MMR,Shan State,19.8,97.0,(2) 25 km Precision ,Education,Local Education Provider,Ground-Launched,Artillery,Other,Myanmar Armed Forces,Education Infrastructure
2024-01-04,,Israel,ISR,South District,31.3,34.3,(2) 25 km Precision ,Health Care,Local Health Care Provider,Ground-Launched,Rocket,NSA,Hamas,Health Infrastructure
2024-01-04,,Myanmar,MMR,Sagaing Region,23.0,95.1,"(3) District, Communicipality or Commune ",Education,Local Education Provider,Air-Launched: Plane,Aerial Bomb,Other,Myanmar Armed Forces,Education Infrastructure
2024-01-04,,Myanmar,MMR,Sagaing Region,22.0,94.8,(2) 25 km Precision ,Health Care,Local Health Care Provider,"Ground-Launched, Unspecified Launch Method","Artillery, Unspecified Explosive",Multiple,Unidentified Armed Actor,Health Infrastructure
2024-01-03,,Ukraine,UKR,Sumy Oblast,50.4,35.4,(2) 25 km Precision ,Health Care,Local Health Care Provider,Ground-Launched,Artillery,Foreign Forces: Military,Armed Forces of the Russian Federation,Health Infrastructure
2024-01-03,,Iran,IRN,Kerman Province,30.2,57.0,"(3) District, Communicipality or Commune ",Health Care,Local Health Care Provider,Directly-Emplaced,Unspecified IED,NSA,Islamic State,Health Worker
2024-01-03,,India,IND,Manipur,24.8,93.9,(2) 25 km Precision ,"Education, Health Care","Local Education Provider, Local Health Care Provider",Directly-emplaced,Unspecified Explosive,No Information,Unidentified Armed Actor,Multiple
2024-01-03,,Myanmar,MMR,Sagaing Region,21.9,95.7,(2) 25 km Precision ,Health Care,Local Health Care Provider,Air-Launched: Drone,Aerial Bomb,Other,Myanmar Armed Forces,Health Infrastructure
2024-01-03,,OPT,PSE,West Bank,,,censored,"Health Care, Protection","IDP/Refugee Service, Local Health Care Provider","Air-Launched: Drone, Unspecified Launch Method","Aerial Bomb, Unspecified Explosive",Multiple,Unidentified Armed Actor,Multiple
2024-01-02,,Ukraine,UKR,Donetsk Oblast,48.1,37.7,(2) 25 km Precision ,Health Care,Local Health Care Provider,Ground-Launched,Artillery,Foreign Forces: Military,Armed Forces of the Russian Federation,Health Infrastructure
2024-01-02,,Ukraine,UKR,Kherson Oblast,46.6,32.4,(2) 25 km Precision ,Health Care,Local Health Care Provider,Ground-Launched,Artillery,Foreign Forces: Military,Armed Forces of the Russian Federation,Health Infrastructure
2024-01-02,,OPT,PSE,Gaza Strip,,,censored,Protection,IDP/Refugee Service,Ground-Launched,Artillery,NSA,Qassam Brigades,Protection Infrastructure
2024-01-02,,Myanmar,MMR,Sagaing Region,21.9,95.0,(2) 25 km Precision ,Health Care,Local Health Care Provider,Ground-Launched,Artillery,Multiple,Unidentified Armed Actor,Health Infrastructure
2024-01-02,,Myanmar,MMR,Rakhine,20.3,93.2,(2) 25 km Precision ,Health Care,Local Health Care Provider,Ground-Launched,Artillery,Other,Myanmar Armed Forces,Health Infrastructure
2024-01-02,,Myanmar,MMR,Rakhine,20.3,93.2,(2) 25 km Precision ,Education,Local Education Provider,Ground-Launched,Artillery,Other,Myanmar Armed Forces,Education Infrastructure
2024-01-02,,Ukraine,UKR,Kharkiv Oblast,50.0,36.2,(2) 25 km Precision ,Health Care,Local Health Care Provider,Unspecified Launch Method,Missile,Foreign Forces: Military,Armed Forces of the Russian Federation,Health Infrastructure
2024-01-02,,Ukraine,UKR,Shevchenkivskyi district,50.4,30.5,(2) 25 km Precision ,Health Care,Local Health Care Provider,Air-Launched: Plane,Aerial Bomb,Foreign Forces: Military,Armed Forces of the Russian Federation,Health Infrastructure
2024-01-01,,Syria,SYR,Aleppo Governorate,36.2,36.8,(2) 25 km Precision ,Health Care,Local Health Care Provider,Ground-Launched,Shelling,Other,Syrian Armed Forces,Health Infrastructure
2024-01-01,,Syria,SYR,Aleppo Governorate,36.2,36.8,(2) 25 km Precision ,Education,Local Education Provider,Ground-Launched,Rocket,Other,Syrian Armed Forces,Education Infrastructure
2024-01-01,,Ukraine,UKR,Lviv Oblast,49.9,24.0,(2) 25 km Precision ,Health Care,Local Health Care Provider,Air-Launched: Drone,Artillery,Foreign Forces: Military,Armed Forces of the Russian Federation,Health Infrastructure
2024-01-01,,Ukraine,UKR,Kherson Oblast,46.6,32.5,(2) 25 km Precision ,Health Care,Local Health Care Provider,Ground-Launched,Artillery,Foreign Forces: Military,Armed Forces of the Russian Federation,Health Infrastructure
2024-01-01,,Lebanon,LBN,Nabatieh Governorate,33.2,35.3,censored by HDX,Health Care,Local Health Care Provider,Ground-Launched,Shelling,Foreign Forces: Military,Israeli Defence Forces,Health Infrastructure
2024-01-01,,Ukraine,UKR,Lviv Oblast,49.9,24.0,(2) 25 km Precision ,Education,Local Education Provider,Air-Launched: Drone,Aerial Bomb,Foreign Forces: Military,Armed Forces of the Russian Federation,Education Infrastructure
2024-01-01,,Ukraine,UKR,Donetsk Oblast,48.2,37.4,(2) 25 km Precision ,Health Care,Local Health Care Provider,Ground-Launched,Artillery,Foreign Forces: Military,Armed Forces of the Russian Federation,Health Infrastructure
2024-01-01,,Ukraine,UKR,Kherson Oblast,46.7,33.1,(2) 25 km Precision ,Health Care,Local Health Care Provider,Unspecified Launch Method,Unspecified Explosive,Foreign Forces: Military,Armed Forces of the Russian Federation,Health Worker
2023-12-31,,India,IND,Manipur,24.7,93.9,(2) 25 km Precision ,Education,Local Education Provider,Directly-Emplaced,Unspecified IED,No Information,Unidentified Armed Actor,Education Infrastructure
2023-12-31,,Syria,SYR,Idlib Governorate,35.9,36.6,(2) 25 km Precision ,Education,Local Education Provider,Ground-Launched,Rocket,Other,Syrian Armed Forces,Education Infrastructure
2023-12-31,,Syria,SYR,Idlib Governorate,35.9,36.6,(2) 25 km Precision ,Health Care,Local Health Care Provider,Ground-Launched,Rocket,Other,Syrian Armed Forces,Health Infrastructure
2023-12-31,,Ukraine,UKR,Dnipropetrovsk Oblast,47.5,34.3,(2) 25 km Precision ,Health Care,Local Health Care Provider,Ground-Launched,Shelling,Foreign Forces: Military,Armed Forces of the Russian Federation,Health Infrastructure
2023-12-31,,Ukraine,UKR,Dnipropetrovsk Oblast,47.5,34.3,(2) 25 km Precision ,Education,Local Education Provider,Ground-Launched,Shelling,Foreign Forces: Military,Armed Forces of the Russian Federation,Education Infrastructure
2023-12-31,,Ukraine,UKR,Kherson Oblast,46.6,32.6,(2) 25 km Precision ,Health Care,Local Health Care Provider,Ground-Launched,Shelling,Foreign Forces: Military,Armed Forces of the Russian Federation,Health Infrastructure
2023-12-31,,Ukraine,UKR,Kherson Oblast,47.3,33.9,(2) 25 km Precision ,Education,Local Education Provider,Ground-Launched,Shelling,Foreign Forces: Military,Armed Forces of the Russian Federation,Other
2023-12-30,,Myanmar,MMR,Shan State,22.6,97.0,(2) 25 km Precision ,Education,Local Education Provider,Air-Launched: Plane,Aerial Bomb,Other,Myanmar Armed Forces,Education Infrastructure
2023-12-30,,Somalia,SOM,Lower Juba,-0.4,42.1,(2) 25 km Precision ,Education,Local Education Provider,Ground-Launched,RPG,NSA,Al-Shabaab,Education Infrastructure
2023-12-30,,Ukraine,UKR,Donetsk Oblast,47.9,37.2,(2) 25 km Precision ,Health Care,Local Health Care Provider,Unspecified Launch Method,Missile,Foreign Forces: Military,Armed Forces of the Russian Federation,Multiple
2023-12-30,,Ukraine,UKR,Kharkiv Oblast,50.0,36.2,(2) 25 km Precision ,Health Care,Local Health Care Provider,Ground-Launched,Missile,Foreign Forces: Military,Armed Forces of the Russian Federation,Health Infrastructure
2023-12-30,,Ukraine,UKR,Sumy Oblast,50.7,35.2,(2) 25 km Precision ,Health Care,Local Health Care Provider,Ground-Launched,Shelling,Foreign Forces: Military,Armed Forces of the Russian Federation,Health Infrastructure
2023-12-30,,Ukraine,UKR,Donetsk Oblast,48.2,37.1,(2) 25 km Precision ,Health Care,Local Health Care Provider,Unspecified Launch Method,Rocket,Foreign Forces: Military,Armed Forces of the Russian Federation,Health Infrastructure
2023-12-30,,Ukraine,UKR,Donetsk Oblast,48.2,37.1,(2) 25 km Precision ,Health Care,Local Health Care Provider,Unspecified Launch Method,Rocket,Foreign Forces: Military,Armed Forces of the Russian Federation,Health Infrastructure
2023-12-30,,Ukraine,UKR,Kharkiv Oblast,49.9,36.2,(2) 25 km Precision ,Education,Local Education Provider,Air-Launched: Drone,Aerial Bomb,Foreign Forces: Military,Armed Forces of the Russian Federation,Education Infrastructure
2023-12-30,,Ukraine,UKR,Kharkiv Oblast,50.0,36.2,(2) 25 km Precision ,Health Care,Local Health Care Provider,Ground-Launched,Missile,Foreign Forces: Military,Armed Forces of the Russian Federation,Health Infrastructure
2023-12-30,,Ukraine,UKR,Kharkiv Oblast,49.9,36.2,(2) 25 km Precision ,Health Care,Local Health Care Provider,Ground-Launched,Missile,Foreign Forces: Military,Armed Forces of the Russian Federation,Health Infrastructure
2023-12-30,,Ukraine,UKR,Kharkiv Oblast,49.9,36.2,(2) 25 km Precision ,Health Care,Local Health Care Provider,Ground-Launched,Missile,Foreign Forces: Military,Armed Forces of the Russian Federation,Health Infrastructure
2023-12-30,,Ukraine,UKR,Kherson Oblast,46.8,33.4,(2) 25 km Precision ,Education,Local Education Provider,Ground-Launched,Shelling,Foreign Forces: Military,Armed Forces of the Russian Federation,Other
2023-12-30,,Chechnya,RUS,Central Federal District,50.5,36.5,"(3) District, Communicipality or Commune ",Education,Local Education Provider,Ground-Launched,Shelling,Foreign Forces: Military,Armed Forces of Ukraine,Other
2023-12-29,,Ukraine,UKR,Lviv Oblast,49.8,24.0,"(3) District, Communicipality or Commune ",Education,Local Education Provider,Air-Launched: Drone,Aerial Bomb,Foreign Forces: Military,Armed Forces of the Russian Federation,Education Infrastructure
2023-12-29,,Ukraine,UKR,Lviv Oblast,49.8,24.0,"(3) District, Communicipality or Commune ",Education,Local Education Provider,Air-Launched: Drone,Aerial Bomb,Foreign Forces: Military,Armed Forces of the Russian Federation,Education Infrastructure
2023-12-29,,Ukraine,UKR,Kharkiv Oblast,50.0,36.2,(2) 25 km Precision ,Health Care,Local Health Care Provider,Air-Launched: Plane,Missile,Foreign Forces: Military,Armed Forces of the Russian Federation,Health Infrastructure
2023-12-29,,Ukraine,UKR,Odesa Oblast,46.4,30.7,(2) 25 km Precision ,Education,Local Education Provider,Air-Launched: Plane,Missile,Foreign Forces: Military,Armed Forces of the Russian Federation,Education Infrastructure
2023-12-29,,Ukraine,UKR,Lviv Oblast,49.8,24.0,"(3) District, Communicipality or Commune ",Education,Local Education Provider,Air-Launched: Drone,Aerial Bomb,Foreign Forces: Military,Armed Forces of the Russian Federation,Education Infrastructure
2023-12-29,,Ukraine,UKR,Kharkiv Oblast,49.9,36.2,(2) 25 km Precision ,Education,Local Education Provider,Air-Launched: Plane,Missile,Foreign Forces: Military,Armed Forces of the Russian Federation,Education Infrastructure
2023-12-29,,Ukraine,UKR,Dnipropetrovsk Oblast,48.4,35.0,(2) 25 km Precision ,Health Care,Local Health Care Provider,Unspecified Launch Method,Missile,Foreign Forces: Military,Armed Forces of the Russian Federation,Health Infrastructure
2023-12-29,,Myanmar,MMR,Shan State,23.0,97.3,(2) 25 km Precision ,Education,Local Education Provider,Air-Launched: Plane,Aerial Bomb,Other,Myanmar Armed Forces,Teacher/Student
2023-12-29,,Ukraine,UKR,Lviv Oblast,49.8,24.0,"(3) District, Communicipality or Commune ",Education,Local Education Provider,Air-Launched: Drone,Aerial Bomb,Foreign Forces: Military,Armed Forces of the Russian Federation,Education Infrastructure
2023-12-29,,Ukraine,UKR,Kharkiv Oblast,50.0,36.2,(2) 25 km Precision ,Health Care,Local Health Care Provider,Air-Launched: Plane,Missile,Foreign Forces: Military,Armed Forces of the Russian Federation,Multiple
2023-12-29,,Ukraine,UKR,Kharkiv Oblast,50.0,36.2,(2) 25 km Precision ,Health Care,Local Health Care Provider,Unspecified Launch Method,Rocket,Foreign Forces: Military,Armed Forces of the Russian Federation,Health Infrastructure
2023-12-29,,Ukraine,UKR,Dnipropetrovsk Oblast,48.4,35.0,(2) 25 km Precision ,Health Care,Local Health Care Provider,Unspecified Launch Method,Missile,Foreign Forces: Military,Armed Forces of the Russian Federation,Health Infrastructure
2023-12-29,,Ukraine,UKR,Dnipropetrovsk Oblast,48.4,35.0,(2) 25 km Precision ,Health Care,Local Health Care Provider,Unspecified Launch Method,Missile,Foreign Forces: Military,Armed Forces of the Russian Federation,Health Worker
2023-12-28,,OPT,PSE,Gaza Strip,,,censored,Protection,IDP/Refugee Service,Unspecified Launch Method,Unspecified Explosive,NSA,Qassam Brigades,Protection Infrastructure
2023-12-27,,Ukraine,UKR,Kherson Oblast,46.8,33.4,(2) 25 km Precision ,Health Care,Local Health Care Provider,Air-Launched: Drone,Aerial Bomb,Foreign Forces: Military,Armed Forces of the Russian Federation,Health Infrastructure
2023-12-27,,Israel,ISR,Tel Aviv District,32.1,34.8,(2) 25 km Precision ,Education,Local Education Provider,Directly-emplaced,Unspecified Explosive,Civilian,Students,Education Infrastructure
2023-12-27,,Syria,SYR,Aleppo Governorate,36.3,37.5,(2) 25 km Precision ,Education,Local Education Provider,Ground-Launched,Artillery,NSA,Unidentified Armed Actor,Education Infrastructure
2023-12-27,,Ukraine,UKR,Donetsk Oblast,47.9,37.7,(2) 25 km Precision ,Education,Local Education Provider,Ground-Launched,Shelling,Foreign Forces: Military,Armed Forces of the Russian Federation,Education Infrastructure
2023-12-27,,Ukraine,UKR,Donetsk Oblast,47.9,37.2,(2) 25 km Precision ,Health Care,Local Health Care Provider,Unspecified Launch Method,Missile,Foreign Forces: Military,Armed Forces of the Russian Federation,Health Infrastructure
2023-12-27,,Myanmar,MMR,Mandalay,21.4,95.6,(2) 25 km Precision ,Education,Local Education Provider,Air-Launched: Drone,Aerial Bomb,NSA,Unidentified Armed Actor,Education Infrastructure
2023-12-27,,Myanmar,MMR,Shan State,23.0,97.3,(2) 25 km Precision ,Education,Local Education Provider,Ground-Launched,Artillery,No Information,Unidentified Armed Actor,Education Infrastructure
2023-12-27,,Syria,SYR,Aleppo Governorate,36.8,38.3,(2) 25 km Precision ,"Health Care, Aid Operations",INGO,Air-Launched: Drone,Aerial Bomb,Foreign Forces: Military,Armed Forces of Turkey,Health Infrastructure
2023-12-26,,Myanmar,MMR,Sagaing Region,24.1,96.3,"(3) District, Communicipality or Commune ",Education,Local Education Provider,Air-Launched: Plane,Aerial Bomb,Other,Myanmar Armed Forces,Education Infrastructure
2023-12-25,,Syria,SYR,Aleppo Governorate,36.8,38.4,(2) 25 km Precision ,"Health Care, Aid Operations",NGO,Air-Launched: Drone,Aerial Bomb,Foreign Forces: Military,Armed Forces of Turkey,Health Infrastructure
2023-12-25,,Syria,SYR,Al-Hasaka Governorate,37.0,41.2,(2) 25 km Precision ,Health Care,Local Health Care Provider,Air-Launched: Drone,Aerial Bomb,Foreign Forces: Military,Armed Forces of Turkey,Multiple
2023-12-25,,Myanmar,MMR,Rakhine,20.6,93.1,(2) 25 km Precision ,Health Care,Local Health Care Provider,Ground-Launched,Artillery,Multiple,"Arakan Army, Myanmar Armed Forces",Health Infrastructure
2023-12-25,,Myanmar,MMR,Rakhine,20.5,93.1,(2) 25 km Precision ,"Health Care, Aid Operations",LNGO,Ground-Launched,Artillery,Multiple,"Arakan Army, Myanmar Armed Forces",Multiple
2023-12-25,,Syria,SYR,Al-Hasaka Governorate,37.0,41.2,(2) 25 km Precision ,Health Care,Local Health Care Provider,Air-Launched: Drone,Aerial Bomb,Foreign Forces: Military,Armed Forces of Turkey,Health Infrastructure
2023-12-25,,Lebanon,LBN,South Governorate,33.3,35,censored by HDX,Education,Local Education Provider,Ground-Launched,Missile,Foreign Forces: Military,Israeli Defence Forces,Education Infrastructure
2023-12-25,,Myanmar,MMR,Sagaing Region,21.9,95.5,(2) 25 km Precision ,Education,Local Education Provider,Ground-Launched,Shelling,Multiple,"Myanmar Armed Forces, Myanmar Police Force",Education Infrastructure
2023-12-25,,Syria,SYR,Idlib Governorate,35.9,36.7,(2) 25 km Precision ,Education,Local Education Provider,Unspecified Launch Method,Missile,Other,Syrian Armed Forces,Education Infrastructure
2023-12-25,,Syria,SYR,Aleppo Governorate,36.8,38.3,(2) 25 km Precision ,Health Care,Local Health Care Provider,Air-Launched: Drone,Aerial Bomb,Foreign Forces: Military,Armed Forces of Turkey,Multiple
2023-12-24,,Somalia,SOM,Bay,3.1,43.6,(2) 25 km Precision ,Aid Operations,LNGO,Directly-Emplaced,Unspecified IED,No Information,Unidentified Armed Actor,Other
2023-12-24,,DRC,COD,North Kivu,-1.1,29.4,(2) 25 km Precision ,Protection,IDP/Refugee Service,Unspecified Launch Method,Unspecified Explosive,NSA,Unidentified Armed Actor,Protection Infrastructure
2023-12-24,,Syria,SYR,Idlib Governorate,35.6,36.4,(2) 25 km Precision ,Education,Local Education Provider,Unspecified Launch Method,Missile,Other,Syrian Armed Forces,Education Infrastructure
2023-12-24,,Lebanon,LBN,Baalbek-Hermel Governorate,34.1,35.9,censored by HDX,Education,Local Education Provider,Air-Launched: Drone,Aerial Bomb,Foreign Forces: Military,Israeli Defence Forces,Education Infrastructure
2023-12-24,,Sudan,SDN,White Nile,13.0,32.9,(2) 25 km Precision ,Health Care,Local Health Care Provider,Unspecified Launch Method,Unspecified Explosive,Other,Sudanese Armed Forces,Health Infrastructure
2023-12-23,,Myanmar,MMR,Shan State,23.3,97.9,(2) 25 km Precision ,Health Care,Local Health Care Provider,Air-Launched: Plane,Aerial Bomb,Other,Myanmar Armed Forces,Health Infrastructure
2023-12-23,,Ukraine,UKR,Kherson Oblast,46.6,32.6,(2) 25 km Precision ,Health Care,Local Health Care Provider,Ground-Launched,Shelling,Foreign Forces: Military,Armed Forces of the Russian Federation,Health Infrastructure
2023-12-22,,Ukraine,UKR,Kherson Oblast,46.6,32.6,(2) 25 km Precision ,Health Care,Local Health Care Provider,Ground-Launched,Shelling,Foreign Forces: Military,Armed Forces of the Russian Federation,Health Infrastructure
2023-12-22,,Ukraine,UKR,Odesa Oblast,46.4,30.7,(2) 25 km Precision ,Education,Local Education Provider,"Air-Launched: Drone, Unspecified Launch Method","Aerial Bomb, Unspecified Explosive",Foreign Forces: Military,"Armed Forces of the Russian Federation, Armed Forces of Ukraine",Education Infrastructure
2023-12-22,,Syria,SYR,Idlib Governorate,36.1,36.7,(2) 25 km Precision ,Protection,IDP/Refugee Service,UXO,UXO,No Information,Unidentified Armed Actor,Protection Infrastructure
2023-12-22,,Ukraine,UKR,Dnipropetrovsk Oblast,47.5,34.3,(2) 25 km Precision ,Health Care,Local Health Care Provider,Air-Launched: Drone,Aerial Bomb,Foreign Forces: Military,Armed Forces of the Russian Federation,Health Infrastructure
2023-12-21,,Myanmar,MMR,Sagaing Region,23.7,96.1,(2) 25 km Precision ,Education,Local Education Provider,Ground-Launched,Shelling,Other,Myanmar Armed Forces,Education Infrastructure
2023-12-21,,Syria,SYR,Idleb Governorate,35.9,36.7,(2) 25 km Precision ,"Education, Food Security",Local Education Provider,Ground-Launched,Rocket,Other,Syrian Armed Forces,Education Infrastructure
2023-12-21,,Israel,ISR,Tel-Aviv District,32.0,34.7,"(3) District, Communicipality or Commune ",Education,Local Education Provider,Ground-Launched,Rocket,NSA,Hamas,Education Infrastructure
2023-12-20,,Ukraine,UKR,Kherson Oblast,46.6,32.6,"(3) District, Communicipality or Commune ",Aid Operations,LNGO,Unspecified Launch Method,Unspecified Explosive,Foreign Forces: Military,Armed Forces of the Russian Federation,Other
2023-12-20,,Ukraine,UKR,Kherson Oblast,46.6,32.6,(2) 25 km Precision ,Health Care,Local Health Care Provider,Unspecified Launch Method,Unspecified Explosive,Foreign Forces: Military,Armed Forces of the Russian Federation,Health Infrastructure
2023-12-20,,Myanmar,MMR,Mon State,16.3,97.7,(2) 25 km Precision ,Education,Local Education Provider,Ground-Launched,Shelling,Other,Myanmar Armed Forces,Education Infrastructure
2023-12-20,,Ukraine,UKR,Kherson Oblast,46.6,32.6,"(3) District, Communicipality or Commune ",Aid Operations,INGO,Air-Launched: Plane,Aerial Bomb,Foreign Forces: Military,Armed Forces of the Russian Federation,Aid Infrastructure
2023-12-20,,Ukraine,UKR,Kherson Oblast,46.6,32.6,"(3) District, Communicipality or Commune ","Health Care, Aid Operations",National Red Cross Society,Air-Launched: Plane,Aerial Bomb,Foreign Forces: Military,Armed Forces of the Russian Federation,Aid Infrastructure
2023-12-19,,Myanmar,MMR,Chin,21.3,92.8,(2) 25 km Precision ,Health Care,Local Health Care Provider,Ground-Launched,Artillery,Multiple,"Arakan Army, Myanmar Armed Forces",Health Worker
2023-12-19,,Ukraine,UKR,Kharkiv Oblast,49.6,37.6,(2) 25 km Precision ,Health Care,Local Health Care Provider,Ground-Launched,Missile,Foreign Forces: Military,Armed Forces of the Russian Federation,Health Infrastructure
2023-12-19,,Myanmar,MMR,Chin,21.3,92.8,(2) 25 km Precision ,Education,Local Education Provider,Ground-Launched,Artillery,Multiple,"Arakan Army, Myanmar Armed Forces",Teacher/Student
2023-12-18,,Myanmar,MMR,Chin,21.5,93.4,(2) 25 km Precision ,Education,Local Education Provider,Air-Launched: Plane,Aerial Bomb,Other,Myanmar Armed Forces,Education Infrastructure
2023-12-16,,Myanmar,MMR,Shan State,22.9,97.1,(2) 25 km Precision ,Health Care,Local Health Care Provider,Air-Launched: Plane,Aerial Bomb,Other,Myanmar Armed Forces,Health Infrastructure
2023-12-16,,Sudan,SDN,North Darfur State,13.6,25.3,(2) 25 km Precision ,Protection,IDP/Refugee Service,Ground-Launched,Artillery,Multiple,"Rapid Support Forces, Sudanese Armed Forces",Protection Infrastructure
2023-12-16,,Syria,SYR,Aleppo Governorate,36.1,37.3,(2) 25 km Precision ,Protection,IDP/Refugee Service,Ground-Launched,Artillery,No Information,Unidentified Armed Actor,Protection Infrastructure
2023-12-16,,Ukraine,UKR,Kherson Oblast,46.6,32.5,(2) 25 km Precision ,Health Care,Local Health Care Provider,Air-Launched: Drone,Aerial Bomb,Foreign Forces: Military,Armed Forces of the Russian Federation,Health Infrastructure
2023-12-15,,Ukraine,UKR,Donetsk Oblast,48.0,37.8,(2) 25 km Precision ,Education,Local Education Provider,Ground-Launched,Rocket,Other,Armed Forces of Ukraine,Education Infrastructure
2023-12-15,,Myanmar,MMR,Shan State,22.9,97.1,(2) 25 km Precision ,Education,Local Education Provider,Air-Launched: Plane,Aerial Bomb,Other,Myanmar Armed Forces,Education Infrastructure
2023-12-15,,Myanmar,MMR,Sagaing Region,24.2,94.3,"(3) District, Communicipality or Commune ",Education,Local Education Provider,Air-Launched: Plane,Aerial Bomb,Other,Myanmar Armed Forces,Education Infrastructure
2023-12-15,,Myanmar,MMR,Magway,20.9,94.7,(2) 25 km Precision ,Education,Local Education Provider,Air-Launched: Plane,Aerial Bomb,Other,Myanmar Armed Forces,Education Infrastructure
2023-12-15,,Myanmar,MMR,Sagaing Region,24.2,94.3,"(3) District, Communicipality or Commune ",Health Care,Local Health Care Provider,Air-Launched: Plane,Aerial Bomb,Other,Myanmar Armed Forces,Health Infrastructure
2023-12-15,,Kenya,KEN,Garissa,-0.1,39.8,(5) Linear Feature e.g. Along Road/River ,Health Care,Local Health Care Provider,Directly-Emplaced,RoadIED,NSA,Al-Shabaab,Health Worker
2023-12-15,,Myanmar,MMR,Magway,21.1,94.2,(2) 25 km Precision ,Health Care,Local Health Care Provider,Air-Launched: Plane,Aerial Bomb,Other,Myanmar Armed Forces,Health Infrastructure
2023-12-14,,Myanmar,MMR,Sagaing Region,22.8,94.8,(2) 25 km Precision ,Health Care,Other,Air-Launched: Plane,Aerial Bomb,Other,Myanmar Armed Forces,Health Infrastructure
2023-12-14,,Myanmar,MMR,Sagaing Region,22.8,94.8,(2) 25 km Precision ,Health Care,Local Health Care Provider,Air-Launched: Plane,Aerial Bomb,Other,Myanmar Armed Forces,Health Infrastructure
2023-12-13,,Pakistan,PAK,Khyber Pakhtunkhwa,31.7,70.3,(2) 25 km Precision ,Education,Local Education Provider,Ground-Launched,Unspecified Explosive,NSA,TTP Tehrik-i-Taliban Pakistan,Education Infrastructure
2023-12-13,,Ukraine,UKR,Dniprovskyi district,50.4,30.5,(2) 25 km Precision ,Education,Local Education Provider,Ground-Launched,Missile,Foreign Forces: Military,Armed Forces of the Russian Federation,Education Infrastructure
2023-12-13,,Ukraine,UKR,Dniprovskyi district,50.4,30.5,(2) 25 km Precision ,Health Care,Local Health Care Provider,Ground-Launched,Missile,Foreign Forces: Military,Armed Forces of the Russian Federation,Health Infrastructure
2023-12-13,,Ukraine,UKR,Dniprovskyi district,50.4,30.5,(2) 25 km Precision ,Education,Local Education Provider,Ground-Launched,Missile,Foreign Forces: Military,Armed Forces of the Russian Federation,Education Infrastructure
2023-12-12,,Ukraine,UKR,Kherson Oblast,46.7,32.2,(2) 25 km Precision ,Health Care,Local Health Care Provider,Ground-Launched,Missile,Foreign Forces: Military,Armed Forces of the Russian Federation,Health Infrastructure
2023-12-12,,Myanmar,MMR,Kayah State,19.6,97.2,(2) 25 km Precision ,"Health Care, Aid Operations",LNGO,Ground-Launched,Artillery,Other,Myanmar Armed Forces,Multiple
2023-12-12,,Ukraine,UKR,Kherson Oblast,46.7,32.2,(2) 25 km Precision ,Health Care,Local Health Care Provider,Ground-Launched,Missile,Foreign Forces: Military,Armed Forces of the Russian Federation,Health Infrastructure
2023-12-12,,Myanmar,MMR,Sagaing Region,21.9,94.8,(2) 25 km Precision ,Education,Other,Air-Launched: Plane,Aerial Bomb,Other,Myanmar Armed Forces,Teacher/Student
2023-12-12,,Ukraine,UKR,Kherson Oblast,46.6,32.6,(2) 25 km Precision ,Education,Local Education Provider,Ground-Launched,Shelling,Foreign Forces: Military,Armed Forces of the Russian Federation,Other
2023-12-12,,Ukraine,UKR,Kherson Oblast,46.7,32.2,(2) 25 km Precision ,Education,Local Education Provider,Ground-Launched,Missile,Foreign Forces: Military,Armed Forces of the Russian Federation,Education Infrastructure
2023-12-12,,Lebanon,LBN,Nabatieh Governorate,33.2,35.3,censored by HDX,Education,Local Education Provider,Ground-Launched,Missile,Foreign Forces: Military,Israeli Defence Forces,Education Infrastructure
2023-12-11,,Myanmar,MMR,Shan State,20.7,96.9,(2) 25 km Precision ,Education,Local Education Provider,Unspecified Launch Method,Unspecified Explosive,No Information,Unidentified Armed Actor,Education Infrastructure
2023-12-11,,Lebanon,LBN,South Governorate,33.3,35,censored by HDX,Health Care,Private Health Care,Unspecified Launch Method,Unspecified Explosive,Foreign Forces: Military,Israeli Defence Forces,Health Infrastructure
2023-12-10,,Yemen,YEM,Marib Governorate,15.5,45.1,(2) 25 km Precision ,Protection,IDP/Refugee Service,UXO,UXO,No Information,Unidentified Armed Actor,Protection Infrastructure
2023-12-10,,Myanmar,MMR,Sagaing Region,24.2,94.3,(2) 25 km Precision ,Education,Local Education Provider,Air-Launched: Plane,Aerial Bomb,Other,Myanmar Armed Forces,Education Infrastructure
2023-12-10,,Lebanon,LBN,South Governorate,33.3,35,censored by HDX,Health Care,Other,Unspecified Launch Method,Unspecified Explosive,Foreign Forces: Military,Israeli Defence Forces,Health Infrastructure
2023-12-10,,Myanmar,MMR,Shan State,23.9,97.9,"(3) District, Communicipality or Commune ",Health Care,Local Health Care Provider,Unspecified Launch Method,Unspecified Explosive,No Information,Unidentified Armed Actor,Health Worker
2023-12-10,,Lebanon,LBN,Nabatieh Governorate,33.2,35.3,censored by HDX,Health Care,Other,Unspecified Launch Method,Unspecified Explosive,Foreign Forces: Military,Israeli Defence Forces,Health Worker
2023-12-09,,Syria,SYR,Idlib Governorate,35.9,36.6,(2) 25 km Precision ,Protection,IDP/Refugee Service,Unspecified Launch Method,Missile,NSA,Unidentified Armed Actor,Protection Infrastructure
2023-12-08,,Ukraine,UKR,Zaporizhia Oblast,47.5,35.3,(2) 25 km Precision ,Aid Operations,INGO,Ground-Launched,Shelling,Foreign Forces: Military,Armed Forces of the Russian Federation,Other
2023-12-08,,Lebanon,LBN,Nabatieh Governorate,33.2,35.3,censored by HDX,Health Care,Local Health Care Provider,Ground-Launched,Artillery,Foreign Forces: Military,Israeli Defence Forces,Health Infrastructure
2023-12-08,,Myanmar,MMR,Chin,21.3,92.8,(2) 25 km Precision ,Health Care,Local Health Care Provider,Ground-Launched,Artillery,Multiple,Unidentified Armed Actor,Health Worker
2023-12-07,,Sudan,SDN,Khartoum State,15.6,32.4,(2) 25 km Precision ,Education,Local Education Provider,Ground-Launched,Shelling,Vigilante,Rapid Support Forces,Education Infrastructure
2023-12-07,,Lebanon,LBN,South Governorate,33.3,35,censored by HDX,Health Care,Local Health Care Provider,Air-Launched: Drone,Aerial Bomb,Foreign Forces: Military,Israeli Defence Forces,Health Worker
2023-12-06,,Ukraine,UKR,Sumy Oblast,52.1,34.0,(2) 25 km Precision ,Health Care,Local Health Care Provider,Ground-Launched,Shelling,Foreign Forces: Military,Armed Forces of the Russian Federation,Health Infrastructure
2023-12-06,,Ukraine,UKR,Kherson Oblast,46.6,32.6,"(3) District, Communicipality or Commune ",Health Care,Local Health Care Provider,Ground-Launched,Mortar,Foreign Forces: Military,Armed Forces of the Russian Federation,Health Infrastructure
2023-12-06,,Ukraine,UKR,Sumy Oblast,52.1,34.0,(2) 25 km Precision ,Education,Local Education Provider,Ground-Launched,Shelling,Foreign Forces: Military,Armed Forces of the Russian Federation,Education Infrastructure
2023-12-06,,Sudan,SDN,Al Khartum,15.6,32.4,(2) 25 km Precision ,Health Care,Local Health Care Provider,Unspecified Launch Method,Unspecified Explosive,Vigilante,Rapid Support Forces,Health Infrastructure
2023-12-05,,Pakistan,PAK,Khyber Pakhtunkhwa,34.0,71.5,(2) 25 km Precision ,Education,Local Education Provider,Directly-Emplaced,Remote-Controlled IED,NSA,TTP Tehrik-i-Taliban Pakistan,Education Infrastructure
2023-12-05,,Ukraine,UKR,Kherson Oblast,46.6,32.6,"(3) District, Communicipality or Commune ",Aid Operations,Multiple Agencies,Air-Launched: Plane,Missile,No Information,Unidentified Armed Actor,Health Infrastructure
2023-12-05,,Ukraine,UKR,Kharkiv Oblast,49.8,36.3,(2) 25 km Precision ,Health Care,Local Health Care Provider,Air-Launched: Drone,Aerial Bomb,Foreign Forces: Military,Armed Forces of the Russian Federation,Other
2023-12-05,,Ukraine,UKR,Kharkiv Oblast,50.3,36.1,(2) 25 km Precision ,Health Care,Local Health Care Provider,Ground-Launched,Shelling,Foreign Forces: Military,Armed Forces of the Russian Federation,Health Infrastructure
2023-12-05,,Ukraine,UKR,Kherson Oblast,46.6,32.6,(2) 25 km Precision ,Health Care,Local Health Care Provider,Ground-Launched,Shelling,Foreign Forces: Military,Armed Forces of the Russian Federation,Health Infrastructure
2023-12-05,,Ukraine,UKR,Dnipropetrovsk Oblast,47.5,34.3,(2) 25 km Precision ,Health Care,Local Health Care Provider,Air-Launched: Drone,Aerial Bomb,Foreign Forces: Military,Armed Forces of the Russian Federation,Health Infrastructure
2023-12-04,,Nigeria,NGA,Borno State,11.8,13.1,(2) 25 km Precision ,Education,Local Education Provider,Directly-Emplaced,Unspecified IED,NSA,Unidentified Armed Actor,Education Infrastructure
2023-12-04,,Ukraine,UKR,Kherson Oblast,46.6,32.6,(2) 25 km Precision ,Education,Local Education Provider,Ground-Launched,Shelling,Foreign Forces: Military,Armed Forces of the Russian Federation,Education Infrastructure
2023-12-04,,Israel,ISR,Center District,32.0,34.8,"(3) District, Communicipality or Commune ",Education,Local Education Provider,Ground-Launched,Rocket,NSA,Hamas,Education Infrastructure
2023-12-03,,Ukraine,UKR,Kherson Oblast,46.6,32.6,(2) 25 km Precision ,Health Care,Local Health Care Provider,Ground-Launched,Mortar,Foreign Forces: Military,Armed Forces of the Russian Federation,Health Infrastructure
2023-12-03,,Ukraine,UKR,Kherson Oblast,46.6,32.6,(2) 25 km Precision ,Health Care,Local Health Care Provider,Ground-Launched,Mortar,Foreign Forces: Military,Armed Forces of the Russian Federation,Health Infrastructure
2023-12-03,,Sudan,SDN,Khartoum State,15.6,32.4,"(3) District, Communicipality or Commune ",Education,Local Education Provider,Ground-Launched,Artillery,No Information,Unidentified Armed Actor,Teacher/Student
2023-12-03,,Sudan,SDN,Khartoum State,15.6,32.4,"(3) District, Communicipality or Commune ",Education,Local Education Provider,Ground-Launched,Shelling,Vigilante,Rapid Support Forces,Teacher/Student
2023-12-03,,Myanmar,MMR,Sagaing Region,21.9,95.5,(2) 25 km Precision ,Health Care,Local Health Care Provider,Air-Launched: Drone,Aerial Bomb,Other,Local Defense Forces,Health Infrastructure
2023-12-03,,Myanmar,MMR,Mon State,17.5,96.8,(2) 25 km Precision ,Health Care,Local Health Care Provider,Air-Launched: Drone,Aerial Bomb,NSA,Karen National Liberation Army,Health Infrastructure
2023-12-03,,Myanmar,MMR,Bago Region,17.5,96.7,(2) 25 km Precision ,Health Care,Local Health Care Provider,Ground-Launched,Artillery,Other,Myanmar Armed Forces,Health Infrastructure
2023-12-03,,Philippines,PHL,Bangsamoro,8.0,124.2,"(3) District, Communicipality or Commune ",Education,Local Education Provider,Directly-Emplaced,Unspecified IED,NSA,Islamic State,Education Infrastructure
2023-12-03,,Sudan,SDN,Al Khartum,15.6,32.4,"(3) District, Communicipality or Commune ",Health Care,Local Health Care Provider,Ground-Launched,Artillery,No Information,Unidentified Armed Actor,Health Worker
2023-12-02,,Ukraine,UKR,Donetsk Oblast,48.3,37.3,(2) 25 km Precision ,Education,Local Education Provider,Ground-Launched,Shelling,Foreign Forces: Military,Armed Forces of the Russian Federation,Other
2023-12-02,,Ukraine,UKR,Donetsk Oblast,48.0,37.4,(2) 25 km Precision ,Education,Local Education Provider,Ground-Launched,Shelling,Foreign Forces: Military,Armed Forces of the Russian Federation,Other
2023-12-02,,Syria,SYR,Idlib Governorate,35.9,36.8,(2) 25 km Precision ,Education,Local Education Provider,Ground-Launched,Artillery,Other,Syrian or Russian Forces,Education Infrastructure
2023-12-01,,Myanmar,MMR,Yangon,16.8,96.1,(2) 25 km Precision ,Health Care,Local Health Care Provider,Directly-Emplaced,Remote-Controlled IED,Other,Local Defense Forces,Health Infrastructure
2023-12-01,,Myanmar,MMR,Shan State,23.8,97.6,(2) 25 km Precision ,Education,Local Education Provider,Air-Launched: Plane,Aerial Bomb,Other,Myanmar Armed Forces,Education Infrastructure
2023-11-30,,Myanmar,MMR,Sagaing Region,23.0,95.1,"(3) District, Communicipality or Commune ",Education,Local Education Provider,Air-Launched: Plane,Aerial Bomb,Other,Myanmar Armed Forces,Education Infrastructure
2023-11-30,,Ethiopia,ETH,Amhara Region,11.5,39.2,(2) 25 km Precision ,Health Care,Local Health Care Provider,Air-Launched: Drone,Aerial Bomb,Other,Ethiopian National Defense Forces,Health Infrastructure
2023-11-30,,Myanmar,MMR,Sagaing Region,23.0,95.1,"(3) District, Communicipality or Commune ",Health Care,Other,Air-Launched: Plane,Aerial Bomb,Other,Myanmar Armed Forces,Health Infrastructure
2023-11-29,,Niger,NER,Diffa Region,13.1,12.4,(2) 25 km Precision ,Education,Local Education Provider,Directly-Emplaced,Unspecified IED,No Information,Unidentified Armed Actor,Education Infrastructure
2023-11-29,,Ukraine,UKR,Kherson Oblast,46.7,32.8,(2) 25 km Precision ,Health Care,Local Health Care Provider,Ground-Launched,Shelling,Foreign Forces: Military,Armed Forces of the Russian Federation,Health Infrastructure
2023-11-29,,Ukraine,UKR,Kherson Oblast,46.6,32.6,(2) 25 km Precision ,Health Care,Local Health Care Provider,Ground-Launched,Shelling,Foreign Forces: Military,Armed Forces of the Russian Federation,Health Worker
2023-11-29,,Ukraine,UKR,Kherson Oblast,46.7,32.7,(2) 25 km Precision ,Education,Local Education Provider,Ground-Launched,Shelling,Foreign Forces: Military,Armed Forces of the Russian Federation,Education Infrastructure
2023-11-28,,Myanmar,MMR,Shan State,23.5,98.3,(2) 25 km Precision ,Education,Local Education Provider,Air-Launched: Drone,Aerial Bomb,Other,Myanmar Armed Forces,Education Infrastructure
2023-11-28,,Ethiopia,ETH,Amhara Region,11.5,37.3,(2) 25 km Precision ,Education,Private Education,Directly-Emplaced,Hand Grenade,NSA,Unidentified Armed Actor,Education Infrastructure
2023-11-28,,Sudan,SDN,Al Khartum,15.6,32.4,"(3) District, Communicipality or Commune ",Health Care,Local Health Care Provider,Ground-Launched,Artillery,Vigilante,Rapid Support Forces,Health Infrastructure
2023-11-28,,Myanmar,MMR,Shan State,23.5,98.3,(2) 25 km Precision ,Health Care,Local Health Care Provider,Air-Launched: Drone,Aerial Bomb,Other,Myanmar Armed Forces,Health Infrastructure
2023-11-28,,Myanmar,MMR,Chin,22.0,93.4,(2) 25 km Precision ,Health Care,Local Health Care Provider,Air-Launched: Plane,Aerial Bomb,Other,Myanmar Armed Forces,Health Infrastructure
2023-11-28,,Ethiopia,ETH,Amhara Region,11.5,37.3,(2) 25 km Precision ,Education,Private Education,Directly-Emplaced,Hand Grenade,NSA,Unidentified Armed Actor,Education Infrastructure
2023-11-28,,Myanmar,MMR,Chin,22.0,93.4,(2) 25 km Precision ,Education,Local Education Provider,Air-Launched: Plane,Aerial Bomb,Other,Myanmar Armed Forces,Education Infrastructure
2023-11-27,,Myanmar,MMR,Bago Region,17.6,96.8,(2) 25 km Precision ,Health Care,Local Health Care Provider,Ground-Launched,Artillery,Multiple,"Karen National Liberation Army, People's Defence Force (Myanmar)",Health Infrastructure
2023-11-26,,Ukraine,UKR,Kherson Oblast,46.6,32.6,(2) 25 km Precision ,Health Care,Local Health Care Provider,Ground-Launched,Artillery,Foreign Forces: Military,Armed Forces of the Russian Federation,Health Infrastructure
2023-11-26,,Ukraine,UKR,Donetsk Oblast,48.3,37.8,(2) 25 km Precision ,Health Care,Local Health Care Provider,Ground-Launched,Shelling,Foreign Forces: Military,Armed Forces of the Russian Federation,Health Infrastructure
2023-11-26,,Myanmar,MMR,Shan State,23.8,97.7,(2) 25 km Precision ,Health Care,Local Health Care Provider,Air-Launched: Plane,Aerial Bomb,Other,Myanmar Armed Forces,Health Infrastructure
2023-11-24,,Ukraine,UKR,Donetsk Oblast,48.7,38.0,(2) 25 km Precision ,Aid Operations,NGO,Air-Launched: Drone,Aerial Bomb,Foreign Forces: Military,Armed Forces of the Russian Federation,Aid Infrastructure
2023-11-24,,Ukraine,UKR,Sumy Oblast,52.2,33.5,(2) 25 km Precision ,Health Care,Local Health Care Provider,Ground-Launched,Shelling,Foreign Forces: Military,Armed Forces of the Russian Federation,Health Infrastructure
2023-11-24,,Lebanon,LBN,Nabatieh Governorate,33.2,35.3,censored by HDX,"Health Care, Aid Operations",Government Aid Agency,Unspecified Launch Method,Unspecified Explosive,Foreign Forces: Military,Israeli Defence Forces,Health Worker
2023-11-24,,Ukraine,UKR,Sumy Oblast,52.2,33.5,(2) 25 km Precision ,Education,Local Education Provider,Ground-Launched,Shelling,Foreign Forces: Military,Armed Forces of the Russian Federation,Education Infrastructure
2023-11-24,,Syria,SYR,Al-Hasaka Governorate,37.1,40.9,(2) 25 km Precision ,Aid Operations,INGO,Air-Launched: Drone,Aerial Bomb,No Information,Unidentified Armed Actor,Aid Infrastructure
2023-11-23,,Sudan,SDN,Khartoum State,15.5,32.5,"(3) District, Communicipality or Commune ",Education,Local Education Provider,Ground-Launched,Artillery,Vigilante,Rapid Support Forces,Teacher/Student
2023-11-23,,OPT,PSE,West Bank,,,censored,"Education, Protection, Aid Operations","IDP/Refugee Service, UN Agency","Directly-Emplaced, NotAnswered","Hand Grenade, NotAnswered",Multiple,Unidentified Armed Actor,Aid Infrastructure
2023-11-23,,Ukraine,UKR,Zaporizhia Oblast,47.4,35.8,(2) 25 km Precision ,Health Care,Local Health Care Provider,Air-Launched: Drone,Aerial Bomb,Foreign Forces: Military,Armed Forces of the Russian Federation,Health Worker
2023-11-23,,Yemen,YEM,Ibb Governorate,13.5,44.0,"(3) District, Communicipality or Commune ",Protection,IDP/Refugee Service,Ground-Launched,Mortar,NSA,Shia al-Houthi rebels,Protection Infrastructure
2023-11-22,,Ukraine,UKR,Kherson Oblast,46.6,32.6,(2) 25 km Precision ,Health Care,Local Health Care Provider,Ground-Launched,Shelling,Foreign Forces: Military,Armed Forces of the Russian Federation,Health Infrastructure
2023-11-22,,Myanmar,MMR,Sagaing Region,22.9,95.3,(2) 25 km Precision ,Health Care,Local Health Care Provider,Ground-Launched,Artillery,Other,Local Defense Forces,Health Infrastructure
2023-11-22,,Cameroon,CMR,Far-North,12.8,14.2,(2) 25 km Precision ,Education,Local Education Provider,Directly-Emplaced,Unspecified IED,NSA,Unidentified Armed Actor,Education Infrastructure
2023-11-22,,OPT,PSE,West Bank,,,censored,Protection,IDP/Refugee Service,"Air-Launched: Plane, NotAnswered","Aerial Bomb, NotAnswered",Multiple,Unidentified Armed Actor,Protection Infrastructure
2023-11-20,,Ukraine,UKR,Dnipropetrovsk Oblast,47.5,34.3,(2) 25 km Precision ,"Health Care, Food Security",Local Health Care Provider,Air-Launched: Drone,Aerial Bomb,Foreign Forces: Military,Armed Forces of the Russian Federation,Health Infrastructure
2023-11-20,,Sudan,SDN,Al Khartum,15.5,32.4,(2) 25 km Precision ,Health Care,Local Health Care Provider,Ground-Launched,Artillery,Vigilante,Rapid Support Forces,Health Infrastructure
2023-11-20,,Myanmar,MMR,Kayah State,19.5,97.1,"(3) District, Communicipality or Commune ","Health Care, Protection","IDP/Refugee Service, Local Health Care Provider",Air-Launched: Plane,Aerial Bomb,Other,Myanmar Armed Forces,Protection Infrastructure
2023-11-20,,Ukraine,UKR,Donetsk Oblast,48.1,37.3,(2) 25 km Precision ,Health Care,Local Health Care Provider,Ground-Launched,Rocket,Foreign Forces: Military,Armed Forces of the Russian Federation,Multiple
2023-11-18,,Myanmar,MMR,Sagaing Region,22.3,95.1,(2) 25 km Precision ,Health Care,Local Health Care Provider,Ground-Launched,Artillery,Multiple,Unidentified Armed Actor,Health Infrastructure
2023-11-17,,Myanmar,MMR,Rakhine,20.3,93.2,(2) 25 km Precision ,"Health Care, Aid Operations",INGO,Ground-Launched,Artillery,Other,Myanmar Armed Forces,Other
2023-11-17,,Myanmar,MMR,Rakhine,20.3,93.2,(2) 25 km Precision ,Health Care,Local Health Care Provider,Ground-Launched,Artillery,Other,Myanmar Armed Forces,Health Infrastructure
2023-11-17,,Myanmar,MMR,Shan State,24.0,98.0,(2) 25 km Precision ,Health Care,Local Health Care Provider,Air-Launched: Drone,Aerial Bomb,No Information,Unidentified Armed Actor,Health Infrastructure
2023-11-17,,Myanmar,MMR,Shan State,24.0,98.0,(2) 25 km Precision ,Health Care,Local Health Care Provider,Air-Launched: Drone,Aerial Bomb,No Information,Unidentified Armed Actor,Other
2023-11-16,,Syria,SYR,Idlib Governorate,35.9,36.7,(2) 25 km Precision ,Aid Operations,LNGO,Unspecified Launch Method,Rocket,Other,Syrian Armed Forces,Other
2023-11-16,,Mexico,MEX,Guerrero,17.9,-99.9,(2) 25 km Precision ,Education,Local Education Provider,Air-Launched: Drone,Unspecified Explosive,NSA,Unidentified Armed Actor,Education Infrastructure
2023-11-16,,Ukraine,UKR,Kherson Oblast,46.6,32.6,(2) 25 km Precision ,Health Care,Local Health Care Provider,Ground-Launched,Shelling,Foreign Forces: Military,Armed Forces of the Russian Federation,Health Infrastructure
2023-11-15,,Lebanon,LBN,Nabatieh Governorate,33.2,35.3,censored by HDX,Health Care,Other,Unspecified Launch Method,Unspecified Explosive,Foreign Forces: Military,Israeli Defence Forces,Health Worker
2023-11-15,,Ukraine,UKR,Chernihiv Oblast,51.9,33.2,(2) 25 km Precision ,Aid Operations,INGO,Ground-Launched,Shelling,Foreign Forces: Military,Armed Forces of the Russian Federation,Other
2023-11-14,,Myanmar,MMR,Sagaing Region,23.8,96.1,(2) 25 km Precision ,Health Care,Local Health Care Provider,Air-Launched: Plane,Aerial Bomb,Other,Myanmar Armed Forces,Health Infrastructure
2023-11-14,,Myanmar,MMR,Sagaing Region,23.8,96.1,(2) 25 km Precision ,Education,Local Education Provider,Air-Launched: Plane,Aerial Bomb,Other,Myanmar Armed Forces,Education Infrastructure
2023-11-14,,Lebanon,LBN,Nabatieh Governorate,33.2,35.3,censored by HDX,Education,Local Education Provider,Ground-Launched,Artillery,Foreign Forces: Military,Israeli Defence Forces,Education Infrastructure
2023-11-13,,Ukraine,UKR,Kherson Oblast,46.7,33.1,(2) 25 km Precision ,Health Care,Local Health Care Provider,Unspecified Launch Method,Unspecified Explosive,No Information,Unidentified Armed Actor,Health Worker
2023-11-13,,Ukraine,UKR,Kherson Oblast,46.6,32.6,(2) 25 km Precision ,Health Care,Local Health Care Provider,Ground-Launched,Shelling,Foreign Forces: Military,Armed Forces of the Russian Federation,Multiple
2023-11-12,,Sudan,SDN,Al Khartum,15.6,32.4,(2) 25 km Precision ,Health Care,Local Health Care Provider,Ground-Launched,Shelling,Vigilante,Rapid Support Forces,Health Infrastructure
2023-11-10,,Lebanon,LBN,Nabatieh Governorate,33.2,35.3,censored by HDX,Health Care,Local Health Care Provider,Ground-Launched,Shelling,Foreign Forces: Military,Israeli Defence Forces,Health Infrastructure
2023-11-09,,Myanmar,MMR,Shan State,22.2,96.6,(2) 25 km Precision ,Health Care,Local Health Care Provider,Ground-Launched,Artillery,Other,Myanmar Armed Forces,Health Infrastructure
2023-11-09,,Sudan,SDN,Al Khartum,15.6,32.4,(2) 25 km Precision ,Health Care,Local Health Care Provider,Unspecified Launch Method,Missile,No Information,Unidentified Armed Actor,Health Infrastructure
2023-11-08,,Ukraine,UKR,Donetsk Oblast,48.0,37.8,(2) 25 km Precision ,Health Care,Local Health Care Provider,Ground-Launched,Shelling,No Information,Unidentified Armed Actor,Health Infrastructure
2023-11-07,,DRC,COD,North Kivu,-1.0,29.2,(2) 25 km Precision ,Health Care,Local Health Care Provider,"Ground-Launched, NotAnswered","Mortar, NotAnswered",Multiple,"Forces armées de la République démocratique du Congo, March 23 Movement",Health Infrastructure
2023-11-07,,OPT,PSE,West Bank,,,censored,"Education, Health Care, Protection, Aid Operations","IDP/Refugee Service, UN Agency","Directly-Emplaced, NotAnswered","NotAnswered, Unspecified IED",Multiple,Unidentified Armed Actor,Multiple
2023-11-07,,Mali,MLI,Kidal,19.8,0.7,"(4) Province, State, Governorate ",Education,Local Education Provider,Air-Launched: Plane,Aerial Bomb,Other,Mali Armed Forces,Education Infrastructure
2023-11-07,,Yemen,YEM,Sa'dah Governorate,16.7,43.8,"(3) District, Communicipality or Commune ",Health Care,Local Health Care Provider,Directly-Emplaced,Mine,NSA,Shia al-Houthi rebels,Health Worker
2023-11-06,,Myanmar,MMR,Sagaing Region,24.2,96.1,(2) 25 km Precision ,Health Care,Local Health Care Provider,Ground-Launched,Mortar,Other,Myanmar Armed Forces,Health Infrastructure
2023-11-06,,Ukraine,UKR,Kherson Oblast,46.6,32.6,(2) 25 km Precision ,Health Care,Local Health Care Provider,Ground-Launched,Shelling,Foreign Forces: Military,Armed Forces of the Russian Federation,Health Infrastructure
2023-11-06,,Ethiopia,ETH,Amhara Region,9.9,39.6,"(3) District, Communicipality or Commune ",Education,Local Education Provider,Air-Launched: Drone,Aerial Bomb,Other,Ethiopian National Defense Forces,Education Infrastructure
2023-11-06,,Yemen,YEM,Ibb Governorate,13.5,44.0,"(3) District, Communicipality or Commune ",Protection,IDP/Refugee Service,Ground-Launched,Mortar,NSA,Shia al-Houthi rebels,Protection Infrastructure
2023-11-06,,Myanmar,MMR,Sagaing Region,22.7,95.4,(2) 25 km Precision ,Health Care,Local Health Care Provider,Air-Launched: Drone,Aerial Bomb,Other,Local Defense Forces,Health Infrastructure
2023-11-05,,Lebanon,LBN,South Governorate,33.3,35,censored by HDX,Health Care,Other,Unspecified Launch Method,Unspecified Explosive,Foreign Forces: Military,Israeli Defence Forces,Health Worker
2023-11-05,,Lebanon,LBN,South Governorate,33.3,35,censored by HDX,Health Care,Other,Unspecified Launch Method,Unspecified Explosive,Foreign Forces: Military,Israeli Defence Forces,Health Worker
2023-11-05,,Lebanon,LBN,South Governorate,33.3,35,censored by HDX,Health Care,Local Health Care Provider,Air-Launched: Drone,Aerial Bomb,Foreign Forces: Military,Israeli Defence Forces,Health Infrastructure
2023-11-05,,Lebanon,LBN,South Governorate,33.3,35,censored by HDX,Health Care,Other,Unspecified Launch Method,Unspecified Explosive,Foreign Forces: Military,Israeli Defence Forces,Health Worker
2023-11-04,,Ukraine,UKR,Dnipropetrovsk Oblast,47.5,34.3,(2) 25 km Precision ,"Health Care, Food Security",Local Health Care Provider,Air-Launched: Drone,Aerial Bomb,Foreign Forces: Military,Armed Forces of the Russian Federation,Health Infrastructure
2023-11-04,,Ukraine,UKR,Sumy Oblast,52.0,33.9,(2) 25 km Precision ,Health Care,Local Health Care Provider,Ground-Launched,Artillery,Foreign Forces: Military,Armed Forces of the Russian Federation,Health Infrastructure
2023-11-04,,Ukraine,UKR,Dnipropetrovsk Oblast,47.5,34.3,(2) 25 km Precision ,"Health Care, Food Security",Local Health Care Provider,Air-Launched: Drone,Aerial Bomb,Foreign Forces: Military,Armed Forces of the Russian Federation,Health Infrastructure
2023-11-04,,Afghanistan,AFG,Baghlan Province,35.3,68.2,(2) 25 km Precision ,"Health Care, Aid Operations",NGO,Directly-Emplaced,Hand Grenade,NSA,Unidentified Armed Actor,Health Infrastructure
2023-11-03,,Myanmar,MMR,Sagaing Region,23.1,94.0,(2) 25 km Precision ,Health Care,Local Health Care Provider,Unspecified Launch Method,Unspecified Explosive,No Information,Unidentified Armed Actor,Health Infrastructure
2023-11-03,,Myanmar,MMR,Sagaing Region,23.1,94.0,(2) 25 km Precision ,Health Care,Local Health Care Provider,Unspecified Launch Method,Unspecified Explosive,No Information,Unidentified Armed Actor,Health Infrastructure
2023-11-03,,Myanmar,MMR,Sagaing Region,23.1,94.0,(2) 25 km Precision ,Education,Local Education Provider,Unspecified Launch Method,Unspecified Explosive,No Information,Unidentified Armed Actor,Education Infrastructure
2023-11-01,,Sudan,SDN,West Darfur,13.4,22.4,(2) 25 km Precision ,"Education, Protection","IDP/Refugee Service, Local Education Provider",Ground-Launched,Shelling,NSA,Unidentified Armed Actor,Education Infrastructure
2023-11-01,,Yemen,YEM,Ad Dali' Governorate,13.9,44.6,(2) 25 km Precision ,Education,Local Education Provider,Air-Launched: Drone,Aerial Bomb,No Information,Unidentified Armed Actor,Education Infrastructure
2023-11-01,,Ukraine,UKR,Donetsk Oblast,48.5,37.9,(2) 25 km Precision ,Health Care,Local Health Care Provider,Ground-Launched,Mortar,No Information,Unidentified Armed Actor,Health Worker
2023-10-31,,Sudan,SDN,Khartoum State,15.6,32.4,(2) 25 km Precision ,Education,Local Education Provider,Unspecified Launch Method,Unspecified Explosive,No Information,Unidentified Armed Actor,Education Infrastructure
2023-10-30,,Syria,SYR,Idlib Governorate,35.9,36.7,"(3) District, Communicipality or Commune ",Health Care,Local Health Care Provider,Unspecified Launch Method,Missile,Other,Syrian Armed Forces,Health Worker
2023-10-30,,Ukraine,UKR,Sumy Oblast,52.1,34.0,(2) 25 km Precision ,Health Care,Local Health Care Provider,Ground-Launched,Shelling,Foreign Forces: Military,Armed Forces of the Russian Federation,Health Infrastructure
2023-10-30,,Sudan,SDN,Central Darfur State,12.9,23.4,(2) 25 km Precision ,Protection,IDP/Refugee Service,Ground-Launched,Artillery,Multiple,"Rapid Support Forces, Sudanese Armed Forces",Protection Infrastructure
2023-10-30,,Ukraine,UKR,Zaporizhia Oblast,47.1,35.6,"(4) Province, State, Governorate ",Health Care,Local Health Care Provider,Ground-Launched,Artillery,No Information,Unidentified Armed Actor,Health Worker
2023-10-30,,Philippines,PHL,Bangsamoro,7.2,124.3,(2) 25 km Precision ,Education,Local Education Provider,Directly-Emplaced,Hand Grenade,No Information,Unidentified Armed Actor,Education Infrastructure
2023-10-30,,Syria,SYR,Idlib Governorate,35.9,36.7,(2) 25 km Precision ,Health Care,Local Health Care Provider,Unspecified Launch Method,Missile,Other,Syrian or Russian Forces,Health Worker
2023-10-28,,Myanmar,MMR,Sagaing Region,21.7,95.3,(2) 25 km Precision ,Health Care,Local Health Care Provider,Air-Launched: Drone,Aerial Bomb,Other,Local Defense Forces,Health Infrastructure
2023-10-27,,Syria,SYR,Idlib Governorate,35.8,36.3,"(3) District, Communicipality or Commune ",Protection,IDP/Refugee Service,Air-Launched: Plane,Aerial Bomb,Foreign Forces: Military,Armed Forces of the Russian Federation,Protection Infrastructure
2023-10-27,,Myanmar,MMR,Sagaing Region,23.6,96.0,(2) 25 km Precision ,Health Care,Local Health Care Provider,Air-Launched: Plane,Aerial Bomb,Other,Myanmar Armed Forces,Health Infrastructure
2023-10-26,,DRC,COD,North Kivu,-1.1,29.4,(2) 25 km Precision ,Health Care,Local Health Care Provider,Ground-Launched,"Artillery, Mortar",Multiple,"Forces armées de la République démocratique du Congo, March 23 Movement",Health Infrastructure
2023-10-26,,OPT,PSE,West Bank,,,censored,Protection,IDP/Refugee Service,"Ground-Launched, NotAnswered","NotAnswered, Unspecified Explosive",Multiple,Unidentified Armed Actor,Protection Infrastructure
2023-10-26,,DRC,COD,Ituri,1.8,30.2,(2) 25 km Precision ,Health Care,Local Health Care Provider,Unspecified Launch Method,Unspecified Explosive,NSA,March 23 Movement,Health Infrastructure
2023-10-26,,Afghanistan,AFG,Paktika Province,32.7,69.2,"(3) District, Communicipality or Commune ","Health Care, Aid Operations",NGO,"Directly-Emplaced, NotAnswered","NotAnswered, Remote-Controlled IED",Multiple,Unidentified Armed Actor,Health Infrastructure
2023-10-25,,Syria,SYR,Ar-Raqqah Governorate,36.3,38.8,(2) 25 km Precision ,Protection,IDP/Refugee Service,Ground-Launched,Artillery,Foreign Forces: Military,Armed Forces of Turkey,Protection Infrastructure
2023-10-25,,Sudan,SDN,Khartoum State,15.2,32.4,(2) 25 km Precision ,Education,Local Education Provider,Ground-Launched,Shelling,Vigilante,Rapid Support Forces,Education Infrastructure
2023-10-24,,Syria,SYR,Idlib Governorate,35.8,36.3,"(3) District, Communicipality or Commune ",Protection,IDP/Refugee Service,Air-Launched: Plane,Aerial Bomb,Foreign Forces: Military,Armed Forces of the Russian Federation,Protection Infrastructure
2023-10-24,,Ukraine,UKR,Dnipropetrovsk Oblast,48.2,36.0,"(3) District, Communicipality or Commune ",Health Care,Local Health Care Provider,Unspecified Launch Method,Missile,Foreign Forces: Military,Armed Forces of the Russian Federation,Health Infrastructure
2023-10-24,,Sudan,SDN,Central Darfur State,12.9,23.4,(2) 25 km Precision ,Protection,IDP/Refugee Service,Ground-Launched,Artillery,Vigilante,Rapid Support Forces,Protection Infrastructure
2023-10-24,,Lebanon,LBN,Nabatieh Governorate,33.2,35.3,censored by HDX,Health Care,Local Health Care Provider,Ground-Launched,Artillery,Foreign Forces: Military,Israeli Defence Forces,Health Infrastructure
2023-10-24,,Sudan,SDN,Khartoum State,15.6,32.4,(2) 25 km Precision ,Education,Local Education Provider,Ground-Launched,Shelling,Vigilante,Rapid Support Forces,Education Infrastructure
2023-10-23,,Myanmar,MMR,Sagaing Region,22.5,95.7,(2) 25 km Precision ,Health Care,Local Health Care Provider,Directly-Emplaced,Unspecified IED,No Information,Unidentified Armed Actor,Health Infrastructure
2023-10-22,,Syria,SYR,Idlib Governorate,35.8,36.6,(2) 25 km Precision ,"Health Care, Aid Operations",NGO,Unspecified Launch Method,Rocket,Other,Syrian Armed Forces,Health Infrastructure
2023-10-21,,Myanmar,MMR,Mandalay,22.8,96.5,(2) 25 km Precision ,Health Care,Local Health Care Provider,Air-Launched: Plane,Aerial Bomb,Other,Myanmar Armed Forces,Health Infrastructure
2023-10-21,,Myanmar,MMR,Mandalay,22.8,96.5,(2) 25 km Precision ,Education,Local Education Provider,Air-Launched: Plane,Aerial Bomb,Other,Myanmar Armed Forces,Education Infrastructure
2023-10-20,,Sudan,SDN,Central Darfur State,12.9,23.4,(2) 25 km Precision ,Protection,IDP/Refugee Service,Ground-Launched,Artillery,Multiple,"Rapid Support Forces, Sudanese Armed Forces",Protection Infrastructure
2023-10-19,,Sudan,SDN,Khartoum State,15.5,32.5,"(3) District, Communicipality or Commune ",Education,Local Education Provider,Unspecified Launch Method,Unspecified Explosive,Vigilante,Rapid Support Forces,Education Infrastructure
2023-10-18,,Ukraine,UKR,Zaporizhia Oblast,47.5,35.8,(2) 25 km Precision ,Health Care,Local Health Care Provider,Air-Launched: Drone,Aerial Bomb,Foreign Forces: Military,Armed Forces of the Russian Federation,Health Worker
2023-10-18,,Lebanon,LBN,Nabatieh Governorate,33.2,35.3,censored by HDX,Health Care,Local Health Care Provider,Ground-Launched,Artillery,Foreign Forces: Military,Israeli Defence Forces,Health Infrastructure
2023-10-18,,Ukraine,UKR,Zaporizhia Oblast,47.8,35.1,(2) 25 km Precision ,Health Care,Local Health Care Provider,Unspecified Launch Method,Missile,Foreign Forces: Military,Armed Forces of the Russian Federation,Health Infrastructure
2023-10-18,,Ukraine,UKR,Zaporizhia Oblast,47.8,35.1,(2) 25 km Precision ,Health Care,Local Health Care Provider,Unspecified Launch Method,Missile,Foreign Forces: Military,Armed Forces of the Russian Federation,Health Infrastructure
2023-10-18,,Ukraine,UKR,Zaporizhia Oblast,47.8,35.1,(2) 25 km Precision ,Education,Local Education Provider,Unspecified Launch Method,Missile,Foreign Forces: Military,Armed Forces of the Russian Federation,Education Infrastructure
2023-10-18,,Ukraine,UKR,Zaporizhia Oblast,47.8,35.1,(2) 25 km Precision ,Education,Local Education Provider,Unspecified Launch Method,Missile,Foreign Forces: Military,Armed Forces of the Russian Federation,Education Infrastructure
2023-10-17,,Sudan,SDN,Al Khartum,15.7,32.5,"(3) District, Communicipality or Commune ",Health Care,Local Health Care Provider,Ground-Launched,Shelling,Vigilante,Rapid Support Forces,Health Worker
2023-10-17,,OPT,PSE,Gaza Strip,,,censored,"Health Care, Aid Operations",NGO,Unspecified Launch Method,Unspecified Explosive,No Information,Unidentified Armed Actor,Health Infrastructure
2023-10-16,,Ukraine,UKR,Kherson Oblast,46.8,33.4,(2) 25 km Precision ,Health Care,Local Health Care Provider,Air-Launched: Plane,Aerial Bomb,Foreign Forces: Military,Armed Forces of the Russian Federation,Multiple
2023-10-16,,Ukraine,UKR,Donetsk Oblast,48.5,37.6,(2) 25 km Precision ,Health Care,Local Health Care Provider,Ground-Launched,Shelling,Foreign Forces: Military,Armed Forces of the Russian Federation,Other
2023-10-16,,Burkina Faso,BFA,Sahel,14.1,-1.6,(2) 25 km Precision ,Education,Local Education Provider,Ground-Launched,Shelling,NSA,Jama'at Nasr al-Islam wal Muslimin,Education Infrastructure
2023-10-15,,Myanmar,MMR,Magway,20.3,94.6,(2) 25 km Precision ,Health Care,Local Health Care Provider,Directly-Emplaced,Unspecified IED,No Information,Unidentified Armed Actor,Health Infrastructure
2023-10-14,,Israel,ISR,South District,31.6,34.5,(2) 25 km Precision ,Health Care,Local Health Care Provider,Ground-Launched,Rocket,NSA,Hamas,Health Infrastructure
2023-10-13,,Myanmar,MMR,Kayin State,16.5,98.2,(2) 25 km Precision ,Education,Local Education Provider,Air-Launched: Drone,Aerial Bomb,Multiple,Unidentified Armed Actor,Education Infrastructure
2023-10-13,,Iraq,IRQ,Nineveh Governorate,35.7,43.6,(2) 25 km Precision ,Protection,IDP/Refugee Service,Air-Launched: Drone,Aerial Bomb,Foreign Forces: Military,Armed Forces of Turkey,Protection Infrastructure
2023-10-12,,Syria,SYR,No Information,35.9,36.8,(6) Country,Health Care,Local Health Care Provider,Unspecified Launch Method,Unspecified Explosive,Other,Syrian Armed Forces,Other
2023-10-12,,Ukraine,UKR,Kherson Oblast,46.6,32.6,(2) 25 km Precision ,Health Care,Local Health Care Provider,Ground-Launched,Shelling,Foreign Forces: Military,Armed Forces of the Russian Federation,Health Infrastructure
2023-10-12,,Israel,ISR,South District,31.6,34.5,(2) 25 km Precision ,Health Care,Local Health Care Provider,Ground-Launched,Rocket,NSA,Hamas,Health Infrastructure
2023-10-12,,Sudan,SDN,Al Khartum,15.6,32.5,(2) 25 km Precision ,Health Care,Local Health Care Provider,Ground-Launched,Shelling,Vigilante,Rapid Support Forces,Health Infrastructure
2023-10-12,,Sudan,SDN,Khartoum State,15.5,32.5,(2) 25 km Precision ,Education,Local Education Provider,Air-Launched: Plane,Aerial Bomb,Other,Sudanese Armed Forces,Education Infrastructure
2023-10-12,,Sudan,SDN,Khartoum State,15.5,32.5,(2) 25 km Precision ,Education,Local Education Provider,Air-Launched: Plane,Aerial Bomb,Other,Sudanese Armed Forces,Education Infrastructure
2023-10-12,,Myanmar,MMR,Sagaing Region,22.7,95.4,(2) 25 km Precision ,Health Care,Local Health Care Provider,Air-Launched: Drone,Aerial Bomb,Other,Local Defense Forces,Health Infrastructure
2023-10-12,,Ukraine,UKR,Kherson Oblast,46.6,32.6,"(3) District, Communicipality or Commune ",Education,Local Education Provider,Ground-Launched,Shelling,Foreign Forces: Military,Armed Forces of the Russian Federation,Education Infrastructure
2023-10-10,,Myanmar,MMR,Kachin State,24.7,97.5,(2) 25 km Precision ,"Education, Protection","IDP/Refugee Service, Local Education Provider",Air-Launched: Plane,Aerial Bomb,No Information,Unidentified Armed Actor,Multiple
2023-10-10,,Sudan,SDN,Central Darfur State,12.9,23.4,(2) 25 km Precision ,Protection,IDP/Refugee Service,Ground-Launched,Artillery,Vigilante,Rapid Support Forces,Protection Infrastructure
2023-10-10,,Myanmar,MMR,Chin,22.7,93.4,(2) 25 km Precision ,Health Care,Local Health Care Provider,Air-Launched: Plane,Aerial Bomb,Other,Myanmar Armed Forces,Health Infrastructure
2023-10-10,,Myanmar,MMR,Chin,22.6,93.4,(2) 25 km Precision ,Education,Local Education Provider,Air-Launched: Plane,Aerial Bomb,Other,Myanmar Armed Forces,Education Infrastructure
2023-10-10,,Syria,SYR,Al-Hasaka Governorate,37.1,42.1,(2) 25 km Precision ,Health Care,Local Health Care Provider,Air-Launched: Drone,Aerial Bomb,Foreign Forces: Military,Armed Forces of Turkey,Health Infrastructure
2023-10-10,,OPT,PSE,Gaza Strip,,,censored,Education,Local Education Provider,Unspecified Launch Method,Unspecified Explosive,No Information,Unidentified Armed Actor,Education Infrastructure
2023-10-10,,Yemen,YEM,Marib Governorate,15.4,45.3,(2) 25 km Precision ,Protection,IDP/Refugee Service,Ground-Launched,Missile,No Information,Unidentified Armed Actor,Protection Infrastructure
2023-10-09,,Israel,ISR,South District,31.6,34.5,(2) 25 km Precision ,Health Care,Local Health Care Provider,Ground-Launched,Missile,NSA,Hamas,Health Worker
2023-10-09,,Myanmar,MMR,Kachin State,24.7,97.5,(2) 25 km Precision ,Protection,IDP/Refugee Service,Air-Launched: Drone,Artillery,Other,Myanmar Armed Forces,Multiple
2023-10-09,,Ukraine,UKR,Dnipropetrovsk Oblast,47.6,34.6,(2) 25 km Precision ,"Health Care, Food Security",Local Health Care Provider,Unspecified Launch Method,Rocket,Foreign Forces: Military,Armed Forces of the Russian Federation,Health Infrastructure
2023-10-09,,Sudan,SDN,Al Khartum,15.2,32.4,(2) 25 km Precision ,Health Care,Local Health Care Provider,Ground-Launched,Shelling,Vigilante,Rapid Support Forces,Health Infrastructure
2023-10-09,,Sudan,SDN,Al Khartum,15.6,32.4,(2) 25 km Precision ,"Health Care, Aid Operations",INGO,Ground-Launched,Shelling,Vigilante,Rapid Support Forces,Health Infrastructure
2023-10-09,,Syria,SYR,Aleppo Governorate,36.1,37.1,"(3) District, Communicipality or Commune ",Health Care,Local Health Care Provider,Unspecified Launch Method,Unspecified Explosive,Other,Syrian Armed Forces,Health Infrastructure
2023-10-09,,Syria,SYR,Idlib Governorate,35.8,36.6,(2) 25 km Precision ,Health Care,Local Health Care Provider,Unspecified Launch Method,Unspecified Explosive,Other,Syrian Armed Forces,Health Infrastructure
2023-10-09,,Syria,SYR,Idlib Governorate,36.2,36.8,(2) 25 km Precision ,Health Care,Local Health Care Provider,Unspecified Launch Method,Unspecified Explosive,Other,Syrian Armed Forces,Health Infrastructure
2023-10-09,,Syria,SYR,Idlib Governorate,36.2,36.8,(2) 25 km Precision ,Health Care,Local Health Care Provider,Unspecified Launch Method,Unspecified Explosive,Other,Syrian Armed Forces,Health Infrastructure
2023-10-09,,Syria,SYR,Idlib Governorate,35.9,36.7,(2) 25 km Precision ,Health Care,Local Health Care Provider,Ground-Launched,Shelling,Other,Syrian Armed Forces,Health Infrastructure
2023-10-09,,Syria,SYR,Idlib Governorate,35.9,36.7,(2) 25 km Precision ,Health Care,Local Health Care Provider,Ground-Launched,Shelling,Other,Syrian Armed Forces,Health Infrastructure
2023-10-09,,Syria,SYR,No Information,34.6,39.0,(6) Country,Health Care,Local Health Care Provider,Ground-Launched,Artillery,Other,Syrian Armed Forces,Health Worker
2023-10-09,,Sudan,SDN,Central Darfur State,12.9,23.4,(2) 25 km Precision ,Protection,IDP/Refugee Service,Ground-Launched,Artillery,Vigilante,Rapid Support Forces,Protection Infrastructure
2023-10-08,,Israel,ISR,South District,31.6,34.5,(2) 25 km Precision ,Health Care,Local Health Care Provider,Ground-Launched,Rocket,NSA,Hamas,Other
2023-10-08,,Sudan,SDN,North Kordofan State,13.1,30.2,"(4) Province, State, Governorate ",Health Care,Local Health Care Provider,Ground-Launched,Shelling,Multiple,"Rapid Support Forces, Sudanese Armed Forces",Health Infrastructure
2023-10-08,,Syria,SYR,Aleppo Governorate,36.8,38.3,(2) 25 km Precision ,Health Care,Local Health Care Provider,Air-Launched: Plane,Aerial Bomb,Foreign Forces: Military,Armed Forces of Turkey,Health Infrastructure
2023-10-08,,Syria,SYR,Idlib Governorate,35.9,36.6,"(3) District, Communicipality or Commune ",Health Care,Local Health Care Provider,Ground-Launched,Artillery,Other,Syrian Armed Forces,Health Infrastructure
2023-10-08,,Syria,SYR,Idlib Governorate,35.9,36.6,(2) 25 km Precision ,Health Care,Local Health Care Provider,Ground-Launched,Artillery,Other,Syrian Armed Forces,Health Infrastructure
2023-10-08,,Syria,SYR,Idlib Governorate,35.9,36.6,(2) 25 km Precision ,Health Care,Local Health Care Provider,Ground-Launched,Artillery,Other,Syrian Armed Forces,Health Infrastructure
2023-10-08,,Israel,ISR,South District,31.6,34.5,(2) 25 km Precision ,Health Care,Local Health Care Provider,Ground-Launched,Rocket,NSA,Unidentified Armed Actor,Health Infrastructure
2023-10-07,,Sudan,SDN,Central Darfur State,12.9,23.4,(2) 25 km Precision ,Protection,IDP/Refugee Service,Ground-Launched,Artillery,Vigilante,Rapid Support Forces,Protection Infrastructure
2023-10-07,,Israel,ISR,South District,31.2,34.7,(2) 25 km Precision ,Health Care,Local Health Care Provider,Ground-Launched,Rocket,No Information,Unidentified Armed Actor,Health Infrastructure
2023-10-07,,Israel,ISR,South District,31.4,34.4,(2) 25 km Precision ,"Health Care, Aid Operations",LNGO,Ground-Launched,RPG,NSA,Hamas,Health Worker
2023-10-07,,Israel,ISR,South District,31.4,34.4,(2) 25 km Precision ,"Health Care, Aid Operations",LNGO,Ground-Launched,Shelling,Other,Israeli Defence Forces,Health Worker
2023-10-07,,Syria,SYR,No Information,34.6,39.0,(6) Country,Protection,IDP/Refugee Service,Ground-Launched,Artillery,Other,Syrian or Russian Forces,Protection Infrastructure
2023-10-07,,Syria,SYR,Aleppo Governorate,36.2,36.8,(2) 25 km Precision ,Protection,IDP/Refugee Service,Air-Launched: Plane,Artillery,Other,Syrian Armed Forces,Protection Infrastructure